check_family,score_family,label,method,n_rows,label_positive_count,label_positive_rate,average_precision,roc_auc,claim_boundary,top_share,top_n,precision_at_k,recall_at_k,lift_at_k,captured_weak_labels,total_weak_labels
main_weak_label,benchmark_existing_score,weak_label_3d,anomaly_ensemble_score,11487,140,0.01218769043266301,0.10859537979228043,0.7312659733850357,"Ablation, placebo, and sensitivity checks evaluate robustness against weak labels, not verified fraud ground truth.",0.01,115,0.21739130434782608,0.17857142857142858,17.83695652173913,25,140
main_weak_label,benchmark_existing_score,weak_label_3d,anomaly_ensemble_score,11487,140,0.01218769043266301,0.10859537979228043,0.7312659733850357,"Ablation, placebo, and sensitivity checks evaluate robustness against weak labels, not verified fraud ground truth.",0.05,574,0.08188153310104529,0.3357142857142857,6.718379790940766,47,140
main_weak_label,benchmark_existing_score,weak_label_3d,anomaly_ensemble_score,11487,140,0.01218769043266301,0.10859537979228043,0.7312659733850357,"Ablation, placebo, and sensitivity checks evaluate robustness against weak labels, not verified fraud ground truth.",0.1,1149,0.0557006092254134,0.45714285714285713,4.570234986945169,64,140
main_weak_label,benchmark_existing_score,weak_label_3d,anomaly_ensemble_score,11487,140,0.01218769043266301,0.10859537979228043,0.7312659733850357,"Ablation, placebo, and sensitivity checks evaluate robustness against weak labels, not verified fraud ground truth.",0.2,2297,0.033521985198084456,0.55,2.7504788855028295,77,140
main_weak_label,ablation,weak_label_3d,score_baseline_all_lfs,11487,140,0.01218769043266301,0.13133631323567646,0.7154908786463381,"Ablation, placebo, and sensitivity checks evaluate robustness against weak labels, not verified fraud ground truth.",0.01,115,0.2608695652173913,0.21428571428571427,21.404347826086955,30,140
main_weak_label,ablation,weak_label_3d,score_baseline_all_lfs,11487,140,0.01218769043266301,0.13133631323567646,0.7154908786463381,"Ablation, placebo, and sensitivity checks evaluate robustness against weak labels, not verified fraud ground truth.",0.05,574,0.10278745644599303,0.42142857142857143,8.433710801393728,59,140
main_weak_label,ablation,weak_label_3d,score_baseline_all_lfs,11487,140,0.01218769043266301,0.13133631323567646,0.7154908786463381,"Ablation, placebo, and sensitivity checks evaluate robustness against weak labels, not verified fraud ground truth.",0.1,1149,0.060922541340295906,0.5,4.998694516971279,70,140
main_weak_label,ablation,weak_label_3d,score_baseline_all_lfs,11487,140,0.01218769043266301,0.13133631323567646,0.7154908786463381,"Ablation, placebo, and sensitivity checks evaluate robustness against weak labels, not verified fraud ground truth.",0.2,2297,0.03221593382673052,0.5285714285714286,2.643317370483239,74,140
main_weak_label,ablation,weak_label_3d,score_component_chain_tvl_context,11487,140,0.01218769043266301,0.04202160554867446,0.5824607511110551,"Ablation, placebo, and sensitivity checks evaluate robustness against weak labels, not verified fraud ground truth.",0.01,115,0.10434782608695652,0.08571428571428572,8.561739130434782,12,140
main_weak_label,ablation,weak_label_3d,score_component_chain_tvl_context,11487,140,0.01218769043266301,0.04202160554867446,0.5824607511110551,"Ablation, placebo, and sensitivity checks evaluate robustness against weak labels, not verified fraud ground truth.",0.05,574,0.04878048780487805,0.2,4.002439024390244,28,140
main_weak_label,ablation,weak_label_3d,score_component_chain_tvl_context,11487,140,0.01218769043266301,0.04202160554867446,0.5824607511110551,"Ablation, placebo, and sensitivity checks evaluate robustness against weak labels, not verified fraud ground truth.",0.1,1149,0.0391644908616188,0.32142857142857145,3.2134464751958225,45,140
main_weak_label,ablation,weak_label_3d,score_component_chain_tvl_context,11487,140,0.01218769043266301,0.04202160554867446,0.5824607511110551,"Ablation, placebo, and sensitivity checks evaluate robustness against weak labels, not verified fraud ground truth.",0.2,2297,0.029603831084022637,0.4857142857142857,2.4289943404440573,68,140
main_weak_label,ablation,weak_label_3d,score_component_defi_volume_context,11487,140,0.01218769043266301,0.07253584073061466,0.762686172556623,"Ablation, placebo, and sensitivity checks evaluate robustness against weak labels, not verified fraud ground truth.",0.01,115,0.12173913043478261,0.1,9.988695652173913,14,140
main_weak_label,ablation,weak_label_3d,score_component_defi_volume_context,11487,140,0.01218769043266301,0.07253584073061466,0.762686172556623,"Ablation, placebo, and sensitivity checks evaluate robustness against weak labels, not verified fraud ground truth.",0.05,574,0.09059233449477352,0.37142857142857144,7.433101045296167,52,140
main_weak_label,ablation,weak_label_3d,score_component_defi_volume_context,11487,140,0.01218769043266301,0.07253584073061466,0.762686172556623,"Ablation, placebo, and sensitivity checks evaluate robustness against weak labels, not verified fraud ground truth.",0.1,1149,0.050478677110530897,0.4142857142857143,4.14177545691906,58,140
main_weak_label,ablation,weak_label_3d,score_component_defi_volume_context,11487,140,0.01218769043266301,0.07253584073061466,0.762686172556623,"Ablation, placebo, and sensitivity checks evaluate robustness against weak labels, not verified fraud ground truth.",0.2,2297,0.03744013931214628,0.6142857142857143,3.071963430561602,86,140
main_weak_label,ablation,weak_label_3d,score_component_drawdown_stress,11487,140,0.01218769043266301,0.016748997625231896,0.5766445504790442,"Ablation, placebo, and sensitivity checks evaluate robustness against weak labels, not verified fraud ground truth.",0.01,115,0.02608695652173913,0.02142857142857143,2.1404347826086956,3,140
main_weak_label,ablation,weak_label_3d,score_component_drawdown_stress,11487,140,0.01218769043266301,0.016748997625231896,0.5766445504790442,"Ablation, placebo, and sensitivity checks evaluate robustness against weak labels, not verified fraud ground truth.",0.05,574,0.01916376306620209,0.07857142857142857,1.5723867595818815,11,140
main_weak_label,ablation,weak_label_3d,score_component_drawdown_stress,11487,140,0.01218769043266301,0.016748997625231896,0.5766445504790442,"Ablation, placebo, and sensitivity checks evaluate robustness against weak labels, not verified fraud ground truth.",0.1,1149,0.015665796344647518,0.12857142857142856,1.2853785900783288,18,140
main_weak_label,ablation,weak_label_3d,score_component_drawdown_stress,11487,140,0.01218769043266301,0.016748997625231896,0.5766445504790442,"Ablation, placebo, and sensitivity checks evaluate robustness against weak labels, not verified fraud ground truth.",0.2,2297,0.01697866782760122,0.2785714285714286,1.3930996952546801,39,140
main_weak_label,ablation,weak_label_3d,score_component_intraday_instability,11487,140,0.01218769043266301,0.07851642376448921,0.7207247982474916,"Ablation, placebo, and sensitivity checks evaluate robustness against weak labels, not verified fraud ground truth.",0.01,115,0.16521739130434782,0.1357142857142857,13.556086956521739,19,140
main_weak_label,ablation,weak_label_3d,score_component_intraday_instability,11487,140,0.01218769043266301,0.07851642376448921,0.7207247982474916,"Ablation, placebo, and sensitivity checks evaluate robustness against weak labels, not verified fraud ground truth.",0.05,574,0.06794425087108014,0.2785714285714286,5.574825783972125,39,140
main_weak_label,ablation,weak_label_3d,score_component_intraday_instability,11487,140,0.01218769043266301,0.07851642376448921,0.7207247982474916,"Ablation, placebo, and sensitivity checks evaluate robustness against weak labels, not verified fraud ground truth.",0.1,1149,0.04873803307223673,0.4,3.9989556135770234,56,140
main_weak_label,ablation,weak_label_3d,score_component_intraday_instability,11487,140,0.01218769043266301,0.07851642376448921,0.7207247982474916,"Ablation, placebo, and sensitivity checks evaluate robustness against weak labels, not verified fraud ground truth.",0.2,2297,0.03134523291249456,0.5142857142857142,2.5718763604701786,72,140
main_weak_label,ablation,weak_label_3d,score_component_return_shock,11487,140,0.01218769043266301,0.09458276052889387,0.6680560626471439,"Ablation, placebo, and sensitivity checks evaluate robustness against weak labels, not verified fraud ground truth.",0.01,115,0.14782608695652175,0.12142857142857143,12.12913043478261,17,140
main_weak_label,ablation,weak_label_3d,score_component_return_shock,11487,140,0.01218769043266301,0.09458276052889387,0.6680560626471439,"Ablation, placebo, and sensitivity checks evaluate robustness against weak labels, not verified fraud ground truth.",0.05,574,0.06794425087108014,0.2785714285714286,5.574825783972125,39,140
main_weak_label,ablation,weak_label_3d,score_component_return_shock,11487,140,0.01218769043266301,0.09458276052889387,0.6680560626471439,"Ablation, placebo, and sensitivity checks evaluate robustness against weak labels, not verified fraud ground truth.",0.1,1149,0.04264577893820714,0.35,3.499086161879896,49,140
main_weak_label,ablation,weak_label_3d,score_component_return_shock,11487,140,0.01218769043266301,0.09458276052889387,0.6680560626471439,"Ablation, placebo, and sensitivity checks evaluate robustness against weak labels, not verified fraud ground truth.",0.2,2297,0.027427078798432737,0.45,2.250391815411406,63,140
main_weak_label,ablation,weak_label_3d,score_component_stablecoin_peg_stress,11487,140,0.01218769043266301,0.08293540351650648,0.4498435709879264,"Ablation, placebo, and sensitivity checks evaluate robustness against weak labels, not verified fraud ground truth.",0.01,115,0.1391304347826087,0.11428571428571428,11.415652173913044,16,140
main_weak_label,ablation,weak_label_3d,score_component_stablecoin_peg_stress,11487,140,0.01218769043266301,0.08293540351650648,0.4498435709879264,"Ablation, placebo, and sensitivity checks evaluate robustness against weak labels, not verified fraud ground truth.",0.05,574,0.0313588850174216,0.12857142857142856,2.5729965156794425,18,140
main_weak_label,ablation,weak_label_3d,score_component_stablecoin_peg_stress,11487,140,0.01218769043266301,0.08293540351650648,0.4498435709879264,"Ablation, placebo, and sensitivity checks evaluate robustness against weak labels, not verified fraud ground truth.",0.1,1149,0.018276762402088774,0.15,1.499608355091384,21,140
main_weak_label,ablation,weak_label_3d,score_component_stablecoin_peg_stress,11487,140,0.01218769043266301,0.08293540351650648,0.4498435709879264,"Ablation, placebo, and sensitivity checks evaluate robustness against weak labels, not verified fraud ground truth.",0.2,2297,0.00957771005659556,0.15714285714285714,0.7858511101436656,22,140
main_weak_label,ablation,weak_label_3d,score_component_volume_shock,11487,140,0.01218769043266301,0.05660108083938221,0.7820339548527615,"Ablation, placebo, and sensitivity checks evaluate robustness against weak labels, not verified fraud ground truth.",0.01,115,0.0782608695652174,0.06428571428571428,6.421304347826087,9,140
main_weak_label,ablation,weak_label_3d,score_component_volume_shock,11487,140,0.01218769043266301,0.05660108083938221,0.7820339548527615,"Ablation, placebo, and sensitivity checks evaluate robustness against weak labels, not verified fraud ground truth.",0.05,574,0.08362369337979095,0.34285714285714286,6.861324041811847,48,140
main_weak_label,ablation,weak_label_3d,score_component_volume_shock,11487,140,0.01218769043266301,0.05660108083938221,0.7820339548527615,"Ablation, placebo, and sensitivity checks evaluate robustness against weak labels, not verified fraud ground truth.",0.1,1149,0.058311575282854654,0.4785714285714286,4.784464751958224,67,140
main_weak_label,ablation,weak_label_3d,score_component_volume_shock,11487,140,0.01218769043266301,0.05660108083938221,0.7820339548527615,"Ablation, placebo, and sensitivity checks evaluate robustness against weak labels, not verified fraud ground truth.",0.2,2297,0.040487592511972134,0.6642857142857143,3.3220069656073137,93,140
main_weak_label,ablation,weak_label_3d,score_context_only_lfs,11487,140,0.01218769043266301,0.07142318082257695,0.6648900275717935,"Ablation, placebo, and sensitivity checks evaluate robustness against weak labels, not verified fraud ground truth.",0.01,115,0.14782608695652175,0.12142857142857143,12.12913043478261,17,140
main_weak_label,ablation,weak_label_3d,score_context_only_lfs,11487,140,0.01218769043266301,0.07142318082257695,0.6648900275717935,"Ablation, placebo, and sensitivity checks evaluate robustness against weak labels, not verified fraud ground truth.",0.05,574,0.078397212543554,0.32142857142857145,6.432491289198605,45,140
main_weak_label,ablation,weak_label_3d,score_context_only_lfs,11487,140,0.01218769043266301,0.07142318082257695,0.6648900275717935,"Ablation, placebo, and sensitivity checks evaluate robustness against weak labels, not verified fraud ground truth.",0.1,1149,0.04960835509138381,0.40714285714285714,4.070365535248041,57,140
main_weak_label,ablation,weak_label_3d,score_context_only_lfs,11487,140,0.01218769043266301,0.07142318082257695,0.6648900275717935,"Ablation, placebo, and sensitivity checks evaluate robustness against weak labels, not verified fraud ground truth.",0.2,2297,0.027427078798432737,0.45,2.250391815411406,63,140
main_weak_label,ablation,weak_label_3d,score_drop_anomaly_lf,11487,140,0.01218769043266301,0.123776995130292,0.7118908081431214,"Ablation, placebo, and sensitivity checks evaluate robustness against weak labels, not verified fraud ground truth.",0.01,115,0.25217391304347825,0.20714285714285716,20.69086956521739,29,140
main_weak_label,ablation,weak_label_3d,score_drop_anomaly_lf,11487,140,0.01218769043266301,0.123776995130292,0.7118908081431214,"Ablation, placebo, and sensitivity checks evaluate robustness against weak labels, not verified fraud ground truth.",0.05,574,0.09407665505226481,0.38571428571428573,7.718989547038328,54,140
main_weak_label,ablation,weak_label_3d,score_drop_anomaly_lf,11487,140,0.01218769043266301,0.123776995130292,0.7118908081431214,"Ablation, placebo, and sensitivity checks evaluate robustness against weak labels, not verified fraud ground truth.",0.1,1149,0.057441253263707574,0.4714285714285714,4.713054830287207,66,140
main_weak_label,ablation,weak_label_3d,score_drop_anomaly_lf,11487,140,0.01218769043266301,0.123776995130292,0.7118908081431214,"Ablation, placebo, and sensitivity checks evaluate robustness against weak labels, not verified fraud ground truth.",0.2,2297,0.03134523291249456,0.5142857142857142,2.5718763604701786,72,140
main_weak_label,ablation,weak_label_3d,score_drop_defi_context_lf,11487,140,0.01218769043266301,0.11655753440855053,0.7142602198189579,"Ablation, placebo, and sensitivity checks evaluate robustness against weak labels, not verified fraud ground truth.",0.01,115,0.25217391304347825,0.20714285714285716,20.69086956521739,29,140
main_weak_label,ablation,weak_label_3d,score_drop_defi_context_lf,11487,140,0.01218769043266301,0.11655753440855053,0.7142602198189579,"Ablation, placebo, and sensitivity checks evaluate robustness against weak labels, not verified fraud ground truth.",0.05,574,0.10452961672473868,0.42857142857142855,8.576655052264808,60,140
main_weak_label,ablation,weak_label_3d,score_drop_defi_context_lf,11487,140,0.01218769043266301,0.11655753440855053,0.7142602198189579,"Ablation, placebo, and sensitivity checks evaluate robustness against weak labels, not verified fraud ground truth.",0.1,1149,0.05918189730200174,0.4857142857142857,4.855874673629243,68,140
main_weak_label,ablation,weak_label_3d,score_drop_defi_context_lf,11487,140,0.01218769043266301,0.11655753440855053,0.7142602198189579,"Ablation, placebo, and sensitivity checks evaluate robustness against weak labels, not verified fraud ground truth.",0.2,2297,0.030474531998258596,0.5,2.500435350457118,70,140
main_weak_label,ablation,weak_label_3d,score_drop_multimethod_consensus_lf,11487,140,0.01218769043266301,0.12718833772853202,0.7147735713656221,"Ablation, placebo, and sensitivity checks evaluate robustness against weak labels, not verified fraud ground truth.",0.01,115,0.2608695652173913,0.21428571428571427,21.404347826086955,30,140
main_weak_label,ablation,weak_label_3d,score_drop_multimethod_consensus_lf,11487,140,0.01218769043266301,0.12718833772853202,0.7147735713656221,"Ablation, placebo, and sensitivity checks evaluate robustness against weak labels, not verified fraud ground truth.",0.05,574,0.09930313588850175,0.40714285714285714,8.147822299651567,57,140
main_weak_label,ablation,weak_label_3d,score_drop_multimethod_consensus_lf,11487,140,0.01218769043266301,0.12718833772853202,0.7147735713656221,"Ablation, placebo, and sensitivity checks evaluate robustness against weak labels, not verified fraud ground truth.",0.1,1149,0.05918189730200174,0.4857142857142857,4.855874673629243,68,140
main_weak_label,ablation,weak_label_3d,score_drop_multimethod_consensus_lf,11487,140,0.01218769043266301,0.12718833772853202,0.7147735713656221,"Ablation, placebo, and sensitivity checks evaluate robustness against weak labels, not verified fraud ground truth.",0.2,2297,0.03221593382673052,0.5285714285714286,2.643317370483239,74,140
main_weak_label,ablation,weak_label_3d,score_drop_range_drawdown_lf,11487,140,0.01218769043266301,0.13121361317571795,0.7163265306122448,"Ablation, placebo, and sensitivity checks evaluate robustness against weak labels, not verified fraud ground truth.",0.01,115,0.2608695652173913,0.21428571428571427,21.404347826086955,30,140
main_weak_label,ablation,weak_label_3d,score_drop_range_drawdown_lf,11487,140,0.01218769043266301,0.13121361317571795,0.7163265306122448,"Ablation, placebo, and sensitivity checks evaluate robustness against weak labels, not verified fraud ground truth.",0.05,574,0.10627177700348432,0.4357142857142857,8.719599303135888,61,140
main_weak_label,ablation,weak_label_3d,score_drop_range_drawdown_lf,11487,140,0.01218769043266301,0.13121361317571795,0.7163265306122448,"Ablation, placebo, and sensitivity checks evaluate robustness against weak labels, not verified fraud ground truth.",0.1,1149,0.060922541340295906,0.5,4.998694516971279,70,140
main_weak_label,ablation,weak_label_3d,score_drop_range_drawdown_lf,11487,140,0.01218769043266301,0.13121361317571795,0.7163265306122448,"Ablation, placebo, and sensitivity checks evaluate robustness against weak labels, not verified fraud ground truth.",0.2,2297,0.03221593382673052,0.5285714285714286,2.643317370483239,74,140
main_weak_label,ablation,weak_label_3d,score_drop_return_volume_lf,11487,140,0.01218769043266301,0.11846398691759007,0.7098260710823502,"Ablation, placebo, and sensitivity checks evaluate robustness against weak labels, not verified fraud ground truth.",0.01,115,0.23478260869565218,0.19285714285714287,19.26391304347826,27,140
main_weak_label,ablation,weak_label_3d,score_drop_return_volume_lf,11487,140,0.01218769043266301,0.11846398691759007,0.7098260710823502,"Ablation, placebo, and sensitivity checks evaluate robustness against weak labels, not verified fraud ground truth.",0.05,574,0.09930313588850175,0.40714285714285714,8.147822299651567,57,140
main_weak_label,ablation,weak_label_3d,score_drop_return_volume_lf,11487,140,0.01218769043266301,0.11846398691759007,0.7098260710823502,"Ablation, placebo, and sensitivity checks evaluate robustness against weak labels, not verified fraud ground truth.",0.1,1149,0.060922541340295906,0.5,4.998694516971279,70,140
main_weak_label,ablation,weak_label_3d,score_drop_return_volume_lf,11487,140,0.01218769043266301,0.11846398691759007,0.7098260710823502,"Ablation, placebo, and sensitivity checks evaluate robustness against weak labels, not verified fraud ground truth.",0.2,2297,0.03134523291249456,0.5142857142857142,2.5718763604701786,72,140
main_weak_label,ablation,weak_label_3d,score_drop_stablecoin_lf,11487,140,0.01218769043266301,0.11604636153596934,0.7153533344244545,"Ablation, placebo, and sensitivity checks evaluate robustness against weak labels, not verified fraud ground truth.",0.01,115,0.24347826086956523,0.2,19.977391304347826,28,140
main_weak_label,ablation,weak_label_3d,score_drop_stablecoin_lf,11487,140,0.01218769043266301,0.11604636153596934,0.7153533344244545,"Ablation, placebo, and sensitivity checks evaluate robustness against weak labels, not verified fraud ground truth.",0.05,574,0.10278745644599303,0.42142857142857143,8.433710801393728,59,140
main_weak_label,ablation,weak_label_3d,score_drop_stablecoin_lf,11487,140,0.01218769043266301,0.11604636153596934,0.7153533344244545,"Ablation, placebo, and sensitivity checks evaluate robustness against weak labels, not verified fraud ground truth.",0.1,1149,0.060922541340295906,0.5,4.998694516971279,70,140
main_weak_label,ablation,weak_label_3d,score_drop_stablecoin_lf,11487,140,0.01218769043266301,0.11604636153596934,0.7153533344244545,"Ablation, placebo, and sensitivity checks evaluate robustness against weak labels, not verified fraud ground truth.",0.2,2297,0.03221593382673052,0.5285714285714286,2.643317370483239,74,140
main_weak_label,ablation,weak_label_3d,score_drop_transparent_lf,11487,140,0.01218769043266301,0.1268800266595674,0.7115288496644802,"Ablation, placebo, and sensitivity checks evaluate robustness against weak labels, not verified fraud ground truth.",0.01,115,0.2608695652173913,0.21428571428571427,21.404347826086955,30,140
main_weak_label,ablation,weak_label_3d,score_drop_transparent_lf,11487,140,0.01218769043266301,0.1268800266595674,0.7115288496644802,"Ablation, placebo, and sensitivity checks evaluate robustness against weak labels, not verified fraud ground truth.",0.05,574,0.09407665505226481,0.38571428571428573,7.718989547038328,54,140
main_weak_label,ablation,weak_label_3d,score_drop_transparent_lf,11487,140,0.01218769043266301,0.1268800266595674,0.7115288496644802,"Ablation, placebo, and sensitivity checks evaluate robustness against weak labels, not verified fraud ground truth.",0.1,1149,0.060922541340295906,0.5,4.998694516971279,70,140
main_weak_label,ablation,weak_label_3d,score_drop_transparent_lf,11487,140,0.01218769043266301,0.1268800266595674,0.7115288496644802,"Ablation, placebo, and sensitivity checks evaluate robustness against weak labels, not verified fraud ground truth.",0.2,2297,0.032651284283848496,0.5357142857142857,2.6790378754897692,75,140
main_weak_label,ablation,weak_label_3d,score_market_only_lfs,11487,140,0.01218769043266301,0.10370558537183308,0.7141163806670109,"Ablation, placebo, and sensitivity checks evaluate robustness against weak labels, not verified fraud ground truth.",0.01,115,0.22608695652173913,0.18571428571428572,18.550434782608693,26,140
main_weak_label,ablation,weak_label_3d,score_market_only_lfs,11487,140,0.01218769043266301,0.10370558537183308,0.7141163806670109,"Ablation, placebo, and sensitivity checks evaluate robustness against weak labels, not verified fraud ground truth.",0.05,574,0.10452961672473868,0.42857142857142855,8.576655052264808,60,140
main_weak_label,ablation,weak_label_3d,score_market_only_lfs,11487,140,0.01218769043266301,0.10370558537183308,0.7141163806670109,"Ablation, placebo, and sensitivity checks evaluate robustness against weak labels, not verified fraud ground truth.",0.1,1149,0.05918189730200174,0.4857142857142857,4.855874673629243,68,140
main_weak_label,ablation,weak_label_3d,score_market_only_lfs,11487,140,0.01218769043266301,0.10370558537183308,0.7141163806670109,"Ablation, placebo, and sensitivity checks evaluate robustness against weak labels, not verified fraud ground truth.",0.2,2297,0.030474531998258596,0.5,2.500435350457118,70,140
main_weak_label,benchmark_existing_score,weak_label_3d,transparent_risk_score,11487,140,0.01218769043266301,0.12937731208158482,0.7511928892470006,"Ablation, placebo, and sensitivity checks evaluate robustness against weak labels, not verified fraud ground truth.",0.01,115,0.20869565217391303,0.17142857142857143,17.123478260869565,24,140
main_weak_label,benchmark_existing_score,weak_label_3d,transparent_risk_score,11487,140,0.01218769043266301,0.12937731208158482,0.7511928892470006,"Ablation, placebo, and sensitivity checks evaluate robustness against weak labels, not verified fraud ground truth.",0.05,574,0.08885017421602788,0.36428571428571427,7.290156794425087,51,140
main_weak_label,benchmark_existing_score,weak_label_3d,transparent_risk_score,11487,140,0.01218769043266301,0.12937731208158482,0.7511928892470006,"Ablation, placebo, and sensitivity checks evaluate robustness against weak labels, not verified fraud ground truth.",0.1,1149,0.05918189730200174,0.4857142857142857,4.855874673629243,68,140
main_weak_label,benchmark_existing_score,weak_label_3d,transparent_risk_score,11487,140,0.01218769043266301,0.12937731208158482,0.7511928892470006,"Ablation, placebo, and sensitivity checks evaluate robustness against weak labels, not verified fraud ground truth.",0.2,2297,0.036134087940792335,0.5928571428571429,2.964801915542011,83,140
main_weak_label,benchmark_existing_score,weak_label_3d,weak_supervision_score,11487,140,0.01218769043266301,0.13133631323567646,0.7154908786463381,"Ablation, placebo, and sensitivity checks evaluate robustness against weak labels, not verified fraud ground truth.",0.01,115,0.2608695652173913,0.21428571428571427,21.404347826086955,30,140
main_weak_label,benchmark_existing_score,weak_label_3d,weak_supervision_score,11487,140,0.01218769043266301,0.13133631323567646,0.7154908786463381,"Ablation, placebo, and sensitivity checks evaluate robustness against weak labels, not verified fraud ground truth.",0.05,574,0.10278745644599303,0.42142857142857143,8.433710801393728,59,140
main_weak_label,benchmark_existing_score,weak_label_3d,weak_supervision_score,11487,140,0.01218769043266301,0.13133631323567646,0.7154908786463381,"Ablation, placebo, and sensitivity checks evaluate robustness against weak labels, not verified fraud ground truth.",0.1,1149,0.060922541340295906,0.5,4.998694516971279,70,140
main_weak_label,benchmark_existing_score,weak_label_3d,weak_supervision_score,11487,140,0.01218769043266301,0.13133631323567646,0.7154908786463381,"Ablation, placebo, and sensitivity checks evaluate robustness against weak labels, not verified fraud ground truth.",0.2,2297,0.03221593382673052,0.5285714285714286,2.643317370483239,74,140
main_weak_label,benchmark_existing_score,weak_label_7d,anomaly_ensemble_score,11487,300,0.026116479498563595,0.09541133897945003,0.6652045529036679,"Ablation, placebo, and sensitivity checks evaluate robustness against weak labels, not verified fraud ground truth.",0.01,115,0.23478260869565218,0.09,8.989826086956521,27,300
main_weak_label,benchmark_existing_score,weak_label_7d,anomaly_ensemble_score,11487,300,0.026116479498563595,0.09541133897945003,0.6652045529036679,"Ablation, placebo, and sensitivity checks evaluate robustness against weak labels, not verified fraud ground truth.",0.05,574,0.12369337979094076,0.23666666666666666,4.736219512195122,71,300
main_weak_label,benchmark_existing_score,weak_label_7d,anomaly_ensemble_score,11487,300,0.026116479498563595,0.09541133897945003,0.6652045529036679,"Ablation, placebo, and sensitivity checks evaluate robustness against weak labels, not verified fraud ground truth.",0.1,1149,0.08703220191470844,0.3333333333333333,3.3324630113141858,100,300
main_weak_label,benchmark_existing_score,weak_label_7d,anomaly_ensemble_score,11487,300,0.026116479498563595,0.09541133897945003,0.6652045529036679,"Ablation, placebo, and sensitivity checks evaluate robustness against weak labels, not verified fraud ground truth.",0.2,2297,0.053983456682629515,0.41333333333333333,2.067026556377884,124,300
main_weak_label,ablation,weak_label_7d,score_baseline_all_lfs,11487,300,0.026116479498563595,0.0971534705466354,0.6287537618068593,"Ablation, placebo, and sensitivity checks evaluate robustness against weak labels, not verified fraud ground truth.",0.01,115,0.28695652173913044,0.11,10.987565217391305,33,300
main_weak_label,ablation,weak_label_7d,score_baseline_all_lfs,11487,300,0.026116479498563595,0.0971534705466354,0.6287537618068593,"Ablation, placebo, and sensitivity checks evaluate robustness against weak labels, not verified fraud ground truth.",0.05,574,0.13066202090592335,0.25,5.003048780487805,75,300
main_weak_label,ablation,weak_label_7d,score_baseline_all_lfs,11487,300,0.026116479498563595,0.0971534705466354,0.6287537618068593,"Ablation, placebo, and sensitivity checks evaluate robustness against weak labels, not verified fraud ground truth.",0.1,1149,0.08877284595300261,0.34,3.39911227154047,102,300
main_weak_label,ablation,weak_label_7d,score_baseline_all_lfs,11487,300,0.026116479498563595,0.0971534705466354,0.6287537618068593,"Ablation, placebo, and sensitivity checks evaluate robustness against weak labels, not verified fraud ground truth.",0.2,2297,0.04919460165433174,0.37666666666666665,1.8836612973443623,113,300
main_weak_label,ablation,weak_label_7d,score_component_chain_tvl_context,11487,300,0.026116479498563595,0.051686531872801214,0.5346597240845028,"Ablation, placebo, and sensitivity checks evaluate robustness against weak labels, not verified fraud ground truth.",0.01,115,0.13043478260869565,0.05,4.9943478260869565,15,300
main_weak_label,ablation,weak_label_7d,score_component_chain_tvl_context,11487,300,0.026116479498563595,0.051686531872801214,0.5346597240845028,"Ablation, placebo, and sensitivity checks evaluate robustness against weak labels, not verified fraud ground truth.",0.05,574,0.07317073170731707,0.14,2.8017073170731703,42,300
main_weak_label,ablation,weak_label_7d,score_component_chain_tvl_context,11487,300,0.026116479498563595,0.051686531872801214,0.5346597240845028,"Ablation, placebo, and sensitivity checks evaluate robustness against weak labels, not verified fraud ground truth.",0.1,1149,0.06353350739773717,0.24333333333333335,2.432697998259356,73,300
main_weak_label,ablation,weak_label_7d,score_component_chain_tvl_context,11487,300,0.026116479498563595,0.051686531872801214,0.5346597240845028,"Ablation, placebo, and sensitivity checks evaluate robustness against weak labels, not verified fraud ground truth.",0.2,2297,0.048759251197213756,0.37333333333333335,1.8669917283413147,112,300
main_weak_label,ablation,weak_label_7d,score_component_defi_volume_context,11487,300,0.026116479498563595,0.05681563932271545,0.616193200440988,"Ablation, placebo, and sensitivity checks evaluate robustness against weak labels, not verified fraud ground truth.",0.01,115,0.12173913043478261,0.04666666666666667,4.661391304347826,14,300
main_weak_label,ablation,weak_label_7d,score_component_defi_volume_context,11487,300,0.026116479498563595,0.05681563932271545,0.616193200440988,"Ablation, placebo, and sensitivity checks evaluate robustness against weak labels, not verified fraud ground truth.",0.05,574,0.09581881533101046,0.18333333333333332,3.6689024390243903,55,300
main_weak_label,ablation,weak_label_7d,score_component_defi_volume_context,11487,300,0.026116479498563595,0.05681563932271545,0.616193200440988,"Ablation, placebo, and sensitivity checks evaluate robustness against weak labels, not verified fraud ground truth.",0.1,1149,0.06005221932114883,0.23,2.2993994778067885,69,300
main_weak_label,ablation,weak_label_7d,score_component_defi_volume_context,11487,300,0.026116479498563595,0.05681563932271545,0.616193200440988,"Ablation, placebo, and sensitivity checks evaluate robustness against weak labels, not verified fraud ground truth.",0.2,2297,0.046147148454505876,0.35333333333333333,1.7669743143230299,106,300
main_weak_label,ablation,weak_label_7d,score_component_drawdown_stress,11487,300,0.026116479498563595,0.03625420109530242,0.5690846518280146,"Ablation, placebo, and sensitivity checks evaluate robustness against weak labels, not verified fraud ground truth.",0.01,115,0.06086956521739131,0.023333333333333334,2.330695652173913,7,300
main_weak_label,ablation,weak_label_7d,score_component_drawdown_stress,11487,300,0.026116479498563595,0.03625420109530242,0.5690846518280146,"Ablation, placebo, and sensitivity checks evaluate robustness against weak labels, not verified fraud ground truth.",0.05,574,0.03832752613240418,0.07333333333333333,1.4675609756097558,22,300
main_weak_label,ablation,weak_label_7d,score_component_drawdown_stress,11487,300,0.026116479498563595,0.03625420109530242,0.5690846518280146,"Ablation, placebo, and sensitivity checks evaluate robustness against weak labels, not verified fraud ground truth.",0.1,1149,0.0391644908616188,0.15,1.499608355091384,45,300
main_weak_label,ablation,weak_label_7d,score_component_drawdown_stress,11487,300,0.026116479498563595,0.03625420109530242,0.5690846518280146,"Ablation, placebo, and sensitivity checks evaluate robustness against weak labels, not verified fraud ground truth.",0.2,2297,0.035263387026556375,0.27,1.3502350892468435,81,300
main_weak_label,ablation,weak_label_7d,score_component_intraday_instability,11487,300,0.026116479498563595,0.06228198046185973,0.613192097970859,"Ablation, placebo, and sensitivity checks evaluate robustness against weak labels, not verified fraud ground truth.",0.01,115,0.16521739130434782,0.06333333333333334,6.326173913043478,19,300
main_weak_label,ablation,weak_label_7d,score_component_intraday_instability,11487,300,0.026116479498563595,0.06228198046185973,0.613192097970859,"Ablation, placebo, and sensitivity checks evaluate robustness against weak labels, not verified fraud ground truth.",0.05,574,0.078397212543554,0.15,3.0018292682926826,45,300
main_weak_label,ablation,weak_label_7d,score_component_intraday_instability,11487,300,0.026116479498563595,0.06228198046185973,0.613192097970859,"Ablation, placebo, and sensitivity checks evaluate robustness against weak labels, not verified fraud ground truth.",0.1,1149,0.06527415143603134,0.25,2.4993472584856398,75,300
main_weak_label,ablation,weak_label_7d,score_component_intraday_instability,11487,300,0.026116479498563595,0.06228198046185973,0.613192097970859,"Ablation, placebo, and sensitivity checks evaluate robustness against weak labels, not verified fraud ground truth.",0.2,2297,0.04440574662603396,0.34,1.70029603831084,102,300
main_weak_label,ablation,weak_label_7d,score_component_return_shock,11487,300,0.026116479498563595,0.07192306413314158,0.5823567533744526,"Ablation, placebo, and sensitivity checks evaluate robustness against weak labels, not verified fraud ground truth.",0.01,115,0.16521739130434782,0.06333333333333334,6.326173913043478,19,300
main_weak_label,ablation,weak_label_7d,score_component_return_shock,11487,300,0.026116479498563595,0.07192306413314158,0.5823567533744526,"Ablation, placebo, and sensitivity checks evaluate robustness against weak labels, not verified fraud ground truth.",0.05,574,0.09233449477351917,0.17666666666666667,3.535487804878049,53,300
main_weak_label,ablation,weak_label_7d,score_component_return_shock,11487,300,0.026116479498563595,0.07192306413314158,0.5823567533744526,"Ablation, placebo, and sensitivity checks evaluate robustness against weak labels, not verified fraud ground truth.",0.1,1149,0.06005221932114883,0.23,2.2993994778067885,69,300
main_weak_label,ablation,weak_label_7d,score_component_return_shock,11487,300,0.026116479498563595,0.07192306413314158,0.5823567533744526,"Ablation, placebo, and sensitivity checks evaluate robustness against weak labels, not verified fraud ground truth.",0.2,2297,0.040487592511972134,0.31,1.550269917283413,93,300
main_weak_label,ablation,weak_label_7d,score_component_stablecoin_peg_stress,11487,300,0.026116479498563595,0.07727456496914081,0.44059414201007124,"Ablation, placebo, and sensitivity checks evaluate robustness against weak labels, not verified fraud ground truth.",0.01,115,0.22608695652173913,0.08666666666666667,8.656869565217391,26,300
main_weak_label,ablation,weak_label_7d,score_component_stablecoin_peg_stress,11487,300,0.026116479498563595,0.07727456496914081,0.44059414201007124,"Ablation, placebo, and sensitivity checks evaluate robustness against weak labels, not verified fraud ground truth.",0.05,574,0.059233449477351915,0.11333333333333333,2.268048780487805,34,300
main_weak_label,ablation,weak_label_7d,score_component_stablecoin_peg_stress,11487,300,0.026116479498563595,0.07727456496914081,0.44059414201007124,"Ablation, placebo, and sensitivity checks evaluate robustness against weak labels, not verified fraud ground truth.",0.1,1149,0.033942558746736295,0.13,1.2996605744125327,39,300
main_weak_label,ablation,weak_label_7d,score_component_stablecoin_peg_stress,11487,300,0.026116479498563595,0.07727456496914081,0.44059414201007124,"Ablation, placebo, and sensitivity checks evaluate robustness against weak labels, not verified fraud ground truth.",0.2,2297,0.01828471919895516,0.14,0.700121898127993,42,300
main_weak_label,ablation,weak_label_7d,score_component_volume_shock,11487,300,0.026116479498563595,0.055880196726787054,0.6652237716397008,"Ablation, placebo, and sensitivity checks evaluate robustness against weak labels, not verified fraud ground truth.",0.01,115,0.0782608695652174,0.03,2.9966086956521742,9,300
main_weak_label,ablation,weak_label_7d,score_component_volume_shock,11487,300,0.026116479498563595,0.055880196726787054,0.6652237716397008,"Ablation, placebo, and sensitivity checks evaluate robustness against weak labels, not verified fraud ground truth.",0.05,574,0.09059233449477352,0.17333333333333334,3.468780487804878,52,300
main_weak_label,ablation,weak_label_7d,score_component_volume_shock,11487,300,0.026116479498563595,0.055880196726787054,0.6652237716397008,"Ablation, placebo, and sensitivity checks evaluate robustness against weak labels, not verified fraud ground truth.",0.1,1149,0.0731070496083551,0.28,2.7992689295039166,84,300
main_weak_label,ablation,weak_label_7d,score_component_volume_shock,11487,300,0.026116479498563595,0.055880196726787054,0.6652237716397008,"Ablation, placebo, and sensitivity checks evaluate robustness against weak labels, not verified fraud ground truth.",0.2,2297,0.0587723117109273,0.45,2.250391815411406,135,300
main_weak_label,ablation,weak_label_7d,score_context_only_lfs,11487,300,0.026116479498563595,0.0569131949598326,0.5839259855189058,"Ablation, placebo, and sensitivity checks evaluate robustness against weak labels, not verified fraud ground truth.",0.01,115,0.1565217391304348,0.06,5.9932173913043485,18,300
main_weak_label,ablation,weak_label_7d,score_context_only_lfs,11487,300,0.026116479498563595,0.0569131949598326,0.5839259855189058,"Ablation, placebo, and sensitivity checks evaluate robustness against weak labels, not verified fraud ground truth.",0.05,574,0.0975609756097561,0.18666666666666668,3.7356097560975607,56,300
main_weak_label,ablation,weak_label_7d,score_context_only_lfs,11487,300,0.026116479498563595,0.0569131949598326,0.5839259855189058,"Ablation, placebo, and sensitivity checks evaluate robustness against weak labels, not verified fraud ground truth.",0.1,1149,0.06440382941688425,0.24666666666666667,2.4660226283724977,74,300
main_weak_label,ablation,weak_label_7d,score_context_only_lfs,11487,300,0.026116479498563595,0.0569131949598326,0.5839259855189058,"Ablation, placebo, and sensitivity checks evaluate robustness against weak labels, not verified fraud ground truth.",0.2,2297,0.03656943839791032,0.28,1.400243796255986,84,300
main_weak_label,ablation,weak_label_7d,score_drop_anomaly_lf,11487,300,0.026116479498563595,0.08846685162165113,0.6166796281398051,"Ablation, placebo, and sensitivity checks evaluate robustness against weak labels, not verified fraud ground truth.",0.01,115,0.26956521739130435,0.10333333333333333,10.321652173913042,31,300
main_weak_label,ablation,weak_label_7d,score_drop_anomaly_lf,11487,300,0.026116479498563595,0.08846685162165113,0.6166796281398051,"Ablation, placebo, and sensitivity checks evaluate robustness against weak labels, not verified fraud ground truth.",0.05,574,0.10975609756097561,0.21,4.202560975609756,63,300
main_weak_label,ablation,weak_label_7d,score_drop_anomaly_lf,11487,300,0.026116479498563595,0.08846685162165113,0.6166796281398051,"Ablation, placebo, and sensitivity checks evaluate robustness against weak labels, not verified fraud ground truth.",0.1,1149,0.07571801566579635,0.29,2.899242819843342,87,300
main_weak_label,ablation,weak_label_7d,score_drop_anomaly_lf,11487,300,0.026116479498563595,0.08846685162165113,0.6166796281398051,"Ablation, placebo, and sensitivity checks evaluate robustness against weak labels, not verified fraud ground truth.",0.2,2297,0.04484109708315194,0.3433333333333333,1.7169656073138877,103,300
main_weak_label,ablation,weak_label_7d,score_drop_defi_context_lf,11487,300,0.026116479498563595,0.08885463538027845,0.62822472512738,"Ablation, placebo, and sensitivity checks evaluate robustness against weak labels, not verified fraud ground truth.",0.01,115,0.2782608695652174,0.10666666666666667,10.654608695652174,32,300
main_weak_label,ablation,weak_label_7d,score_drop_defi_context_lf,11487,300,0.026116479498563595,0.08885463538027845,0.62822472512738,"Ablation, placebo, and sensitivity checks evaluate robustness against weak labels, not verified fraud ground truth.",0.05,574,0.13240418118466898,0.25333333333333335,5.069756097560975,76,300
main_weak_label,ablation,weak_label_7d,score_drop_defi_context_lf,11487,300,0.026116479498563595,0.08885463538027845,0.62822472512738,"Ablation, placebo, and sensitivity checks evaluate robustness against weak labels, not verified fraud ground truth.",0.1,1149,0.08703220191470844,0.3333333333333333,3.3324630113141858,100,300
main_weak_label,ablation,weak_label_7d,score_drop_defi_context_lf,11487,300,0.026116479498563595,0.08885463538027845,0.62822472512738,"Ablation, placebo, and sensitivity checks evaluate robustness against weak labels, not verified fraud ground truth.",0.2,2297,0.04440574662603396,0.34,1.70029603831084,102,300
main_weak_label,ablation,weak_label_7d,score_drop_multimethod_consensus_lf,11487,300,0.026116479498563595,0.09437780841674347,0.6289738088853134,"Ablation, placebo, and sensitivity checks evaluate robustness against weak labels, not verified fraud ground truth.",0.01,115,0.2782608695652174,0.10666666666666667,10.654608695652174,32,300
main_weak_label,ablation,weak_label_7d,score_drop_multimethod_consensus_lf,11487,300,0.026116479498563595,0.09437780841674347,0.6289738088853134,"Ablation, placebo, and sensitivity checks evaluate robustness against weak labels, not verified fraud ground truth.",0.05,574,0.12195121951219512,0.23333333333333334,4.669512195121951,70,300
main_weak_label,ablation,weak_label_7d,score_drop_multimethod_consensus_lf,11487,300,0.026116479498563595,0.09437780841674347,0.6289738088853134,"Ablation, placebo, and sensitivity checks evaluate robustness against weak labels, not verified fraud ground truth.",0.1,1149,0.08877284595300261,0.34,3.39911227154047,102,300
main_weak_label,ablation,weak_label_7d,score_drop_multimethod_consensus_lf,11487,300,0.026116479498563595,0.09437780841674347,0.6289738088853134,"Ablation, placebo, and sensitivity checks evaluate robustness against weak labels, not verified fraud ground truth.",0.2,2297,0.04919460165433174,0.37666666666666665,1.8836612973443623,113,300
main_weak_label,ablation,weak_label_7d,score_drop_range_drawdown_lf,11487,300,0.026116479498563595,0.09812497745293758,0.630003426596347,"Ablation, placebo, and sensitivity checks evaluate robustness against weak labels, not verified fraud ground truth.",0.01,115,0.30434782608695654,0.11666666666666667,11.653478260869566,35,300
main_weak_label,ablation,weak_label_7d,score_drop_range_drawdown_lf,11487,300,0.026116479498563595,0.09812497745293758,0.630003426596347,"Ablation, placebo, and sensitivity checks evaluate robustness against weak labels, not verified fraud ground truth.",0.05,574,0.13763066202090593,0.2633333333333333,5.2698780487804875,79,300
main_weak_label,ablation,weak_label_7d,score_drop_range_drawdown_lf,11487,300,0.026116479498563595,0.09812497745293758,0.630003426596347,"Ablation, placebo, and sensitivity checks evaluate robustness against weak labels, not verified fraud ground truth.",0.1,1149,0.08877284595300261,0.34,3.39911227154047,102,300
main_weak_label,ablation,weak_label_7d,score_drop_range_drawdown_lf,11487,300,0.026116479498563595,0.09812497745293758,0.630003426596347,"Ablation, placebo, and sensitivity checks evaluate robustness against weak labels, not verified fraud ground truth.",0.2,2297,0.04919460165433174,0.37666666666666665,1.8836612973443623,113,300
main_weak_label,ablation,weak_label_7d,score_drop_return_volume_lf,11487,300,0.026116479498563595,0.08982548460859854,0.6215352641458837,"Ablation, placebo, and sensitivity checks evaluate robustness against weak labels, not verified fraud ground truth.",0.01,115,0.24347826086956523,0.09333333333333334,9.322782608695652,28,300
main_weak_label,ablation,weak_label_7d,score_drop_return_volume_lf,11487,300,0.026116479498563595,0.08982548460859854,0.6215352641458837,"Ablation, placebo, and sensitivity checks evaluate robustness against weak labels, not verified fraud ground truth.",0.05,574,0.13066202090592335,0.25,5.003048780487805,75,300
main_weak_label,ablation,weak_label_7d,score_drop_return_volume_lf,11487,300,0.026116479498563595,0.08982548460859854,0.6215352641458837,"Ablation, placebo, and sensitivity checks evaluate robustness against weak labels, not verified fraud ground truth.",0.1,1149,0.08703220191470844,0.3333333333333333,3.3324630113141858,100,300
main_weak_label,ablation,weak_label_7d,score_drop_return_volume_lf,11487,300,0.026116479498563595,0.08982548460859854,0.6215352641458837,"Ablation, placebo, and sensitivity checks evaluate robustness against weak labels, not verified fraud ground truth.",0.2,2297,0.04658249891162386,0.3566666666666667,1.7836438833260775,107,300
main_weak_label,ablation,weak_label_7d,score_drop_stablecoin_lf,11487,300,0.026116479498563595,0.09009478007929023,0.6286938708620126,"Ablation, placebo, and sensitivity checks evaluate robustness against weak labels, not verified fraud ground truth.",0.01,115,0.2608695652173913,0.1,9.988695652173913,30,300
main_weak_label,ablation,weak_label_7d,score_drop_stablecoin_lf,11487,300,0.026116479498563595,0.09009478007929023,0.6286938708620126,"Ablation, placebo, and sensitivity checks evaluate robustness against weak labels, not verified fraud ground truth.",0.05,574,0.13066202090592335,0.25,5.003048780487805,75,300
main_weak_label,ablation,weak_label_7d,score_drop_stablecoin_lf,11487,300,0.026116479498563595,0.09009478007929023,0.6286938708620126,"Ablation, placebo, and sensitivity checks evaluate robustness against weak labels, not verified fraud ground truth.",0.1,1149,0.08877284595300261,0.34,3.39911227154047,102,300
main_weak_label,ablation,weak_label_7d,score_drop_stablecoin_lf,11487,300,0.026116479498563595,0.09009478007929023,0.6286938708620126,"Ablation, placebo, and sensitivity checks evaluate robustness against weak labels, not verified fraud ground truth.",0.2,2297,0.04919460165433174,0.37666666666666665,1.8836612973443623,113,300
main_weak_label,ablation,weak_label_7d,score_drop_transparent_lf,11487,300,0.026116479498563595,0.09694875141514198,0.6278696999493459,"Ablation, placebo, and sensitivity checks evaluate robustness against weak labels, not verified fraud ground truth.",0.01,115,0.2782608695652174,0.10666666666666667,10.654608695652174,32,300
main_weak_label,ablation,weak_label_7d,score_drop_transparent_lf,11487,300,0.026116479498563595,0.09694875141514198,0.6278696999493459,"Ablation, placebo, and sensitivity checks evaluate robustness against weak labels, not verified fraud ground truth.",0.05,574,0.13414634146341464,0.25666666666666665,5.136463414634147,77,300
main_weak_label,ablation,weak_label_7d,score_drop_transparent_lf,11487,300,0.026116479498563595,0.09694875141514198,0.6278696999493459,"Ablation, placebo, and sensitivity checks evaluate robustness against weak labels, not verified fraud ground truth.",0.1,1149,0.09138381201044386,0.35,3.4990861618798954,105,300
main_weak_label,ablation,weak_label_7d,score_drop_transparent_lf,11487,300,0.026116479498563595,0.09694875141514198,0.6278696999493459,"Ablation, placebo, and sensitivity checks evaluate robustness against weak labels, not verified fraud ground truth.",0.2,2297,0.052242054854157595,0.4,2.000348280365694,120,300
main_weak_label,ablation,weak_label_7d,score_market_only_lfs,11487,300,0.026116479498563595,0.08303352313982543,0.6281618545335359,"Ablation, placebo, and sensitivity checks evaluate robustness against weak labels, not verified fraud ground truth.",0.01,115,0.25217391304347825,0.09666666666666666,9.655739130434782,29,300
main_weak_label,ablation,weak_label_7d,score_market_only_lfs,11487,300,0.026116479498563595,0.08303352313982543,0.6281618545335359,"Ablation, placebo, and sensitivity checks evaluate robustness against weak labels, not verified fraud ground truth.",0.05,574,0.13588850174216027,0.26,5.203170731707317,78,300
main_weak_label,ablation,weak_label_7d,score_market_only_lfs,11487,300,0.026116479498563595,0.08303352313982543,0.6281618545335359,"Ablation, placebo, and sensitivity checks evaluate robustness against weak labels, not verified fraud ground truth.",0.1,1149,0.08703220191470844,0.3333333333333333,3.3324630113141858,100,300
main_weak_label,ablation,weak_label_7d,score_market_only_lfs,11487,300,0.026116479498563595,0.08303352313982543,0.6281618545335359,"Ablation, placebo, and sensitivity checks evaluate robustness against weak labels, not verified fraud ground truth.",0.2,2297,0.04440574662603396,0.34,1.70029603831084,102,300
main_weak_label,benchmark_existing_score,weak_label_7d,transparent_risk_score,11487,300,0.026116479498563595,0.09533800637658042,0.6356368999731832,"Ablation, placebo, and sensitivity checks evaluate robustness against weak labels, not verified fraud ground truth.",0.01,115,0.22608695652173913,0.08666666666666667,8.656869565217391,26,300
main_weak_label,benchmark_existing_score,weak_label_7d,transparent_risk_score,11487,300,0.026116479498563595,0.09533800637658042,0.6356368999731832,"Ablation, placebo, and sensitivity checks evaluate robustness against weak labels, not verified fraud ground truth.",0.05,574,0.10627177700348432,0.20333333333333334,4.069146341463415,61,300
main_weak_label,benchmark_existing_score,weak_label_7d,transparent_risk_score,11487,300,0.026116479498563595,0.09533800637658042,0.6356368999731832,"Ablation, placebo, and sensitivity checks evaluate robustness against weak labels, not verified fraud ground truth.",0.1,1149,0.07919930374238468,0.30333333333333334,3.0325413402959094,91,300
main_weak_label,benchmark_existing_score,weak_label_7d,transparent_risk_score,11487,300,0.026116479498563595,0.09533800637658042,0.6356368999731832,"Ablation, placebo, and sensitivity checks evaluate robustness against weak labels, not verified fraud ground truth.",0.2,2297,0.0544188071397475,0.4166666666666667,2.0836961253809316,125,300
main_weak_label,benchmark_existing_score,weak_label_7d,weak_supervision_score,11487,300,0.026116479498563595,0.0971534705466354,0.6287537618068593,"Ablation, placebo, and sensitivity checks evaluate robustness against weak labels, not verified fraud ground truth.",0.01,115,0.28695652173913044,0.11,10.987565217391305,33,300
main_weak_label,benchmark_existing_score,weak_label_7d,weak_supervision_score,11487,300,0.026116479498563595,0.0971534705466354,0.6287537618068593,"Ablation, placebo, and sensitivity checks evaluate robustness against weak labels, not verified fraud ground truth.",0.05,574,0.13066202090592335,0.25,5.003048780487805,75,300
main_weak_label,benchmark_existing_score,weak_label_7d,weak_supervision_score,11487,300,0.026116479498563595,0.0971534705466354,0.6287537618068593,"Ablation, placebo, and sensitivity checks evaluate robustness against weak labels, not verified fraud ground truth.",0.1,1149,0.08877284595300261,0.34,3.39911227154047,102,300
main_weak_label,benchmark_existing_score,weak_label_7d,weak_supervision_score,11487,300,0.026116479498563595,0.0971534705466354,0.6287537618068593,"Ablation, placebo, and sensitivity checks evaluate robustness against weak labels, not verified fraud ground truth.",0.2,2297,0.04919460165433174,0.37666666666666665,1.8836612973443623,113,300
placebo,benchmark_existing_score,placebo_7d_shift_plus_90,anomaly_ensemble_score,11487,270,0.023504831548707233,0.022386957210477582,0.4755656922858492,"Ablation, placebo, and sensitivity checks evaluate robustness against weak labels, not verified fraud ground truth.",0.01,115,0.0,0.0,0.0,0,270
placebo,benchmark_existing_score,placebo_7d_shift_plus_90,anomaly_ensemble_score,11487,270,0.023504831548707233,0.022386957210477582,0.4755656922858492,"Ablation, placebo, and sensitivity checks evaluate robustness against weak labels, not verified fraud ground truth.",0.05,574,0.0156794425087108,0.03333333333333333,0.6670731707317074,9,270
placebo,benchmark_existing_score,placebo_7d_shift_plus_90,anomaly_ensemble_score,11487,270,0.023504831548707233,0.022386957210477582,0.4755656922858492,"Ablation, placebo, and sensitivity checks evaluate robustness against weak labels, not verified fraud ground truth.",0.1,1149,0.02349869451697128,0.1,0.9997389033942559,27,270
placebo,benchmark_existing_score,placebo_7d_shift_plus_90,anomaly_ensemble_score,11487,270,0.023504831548707233,0.022386957210477582,0.4755656922858492,"Ablation, placebo, and sensitivity checks evaluate robustness against weak labels, not verified fraud ground truth.",0.2,2297,0.025250326512842838,0.21481481481481482,1.0742611135297249,58,270
placebo,ablation,placebo_7d_shift_plus_90,score_baseline_all_lfs,11487,270,0.023504831548707233,0.023507886312328724,0.4791870144192512,"Ablation, placebo, and sensitivity checks evaluate robustness against weak labels, not verified fraud ground truth.",0.01,115,0.017391304347826087,0.007407407407407408,0.7399033816425121,2,270
placebo,ablation,placebo_7d_shift_plus_90,score_baseline_all_lfs,11487,270,0.023504831548707233,0.023507886312328724,0.4791870144192512,"Ablation, placebo, and sensitivity checks evaluate robustness against weak labels, not verified fraud ground truth.",0.05,574,0.024390243902439025,0.05185185185185185,1.037669376693767,14,270
placebo,ablation,placebo_7d_shift_plus_90,score_baseline_all_lfs,11487,270,0.023504831548707233,0.023507886312328724,0.4791870144192512,"Ablation, placebo, and sensitivity checks evaluate robustness against weak labels, not verified fraud ground truth.",0.1,1149,0.018276762402088774,0.07777777777777778,0.7775747026399769,21,270
placebo,ablation,placebo_7d_shift_plus_90,score_baseline_all_lfs,11487,270,0.023504831548707233,0.023507886312328724,0.4791870144192512,"Ablation, placebo, and sensitivity checks evaluate robustness against weak labels, not verified fraud ground truth.",0.2,2297,0.012625163256421419,0.10740740740740741,0.5371305567648624,29,270
placebo,ablation,placebo_7d_shift_plus_90,score_component_chain_tvl_context,11487,270,0.023504831548707233,0.020255755194284922,0.41944914960427127,"Ablation, placebo, and sensitivity checks evaluate robustness against weak labels, not verified fraud ground truth.",0.01,115,0.017391304347826087,0.007407407407407408,0.7399033816425121,2,270
placebo,ablation,placebo_7d_shift_plus_90,score_component_chain_tvl_context,11487,270,0.023504831548707233,0.020255755194284922,0.41944914960427127,"Ablation, placebo, and sensitivity checks evaluate robustness against weak labels, not verified fraud ground truth.",0.05,574,0.020905923344947737,0.044444444444444446,0.8894308943089432,12,270
placebo,ablation,placebo_7d_shift_plus_90,score_component_chain_tvl_context,11487,270,0.023504831548707233,0.020255755194284922,0.41944914960427127,"Ablation, placebo, and sensitivity checks evaluate robustness against weak labels, not verified fraud ground truth.",0.1,1149,0.020887728459530026,0.08888888888888889,0.8886568030171164,24,270
placebo,ablation,placebo_7d_shift_plus_90,score_component_chain_tvl_context,11487,270,0.023504831548707233,0.020255755194284922,0.41944914960427127,"Ablation, placebo, and sensitivity checks evaluate robustness against weak labels, not verified fraud ground truth.",0.2,2297,0.014801915542011318,0.1259259259259259,0.6297392734484594,34,270
placebo,ablation,placebo_7d_shift_plus_90,score_component_defi_volume_context,11487,270,0.023504831548707233,0.021971224054409103,0.4823531742494032,"Ablation, placebo, and sensitivity checks evaluate robustness against weak labels, not verified fraud ground truth.",0.01,115,0.0,0.0,0.0,0,270
placebo,ablation,placebo_7d_shift_plus_90,score_component_defi_volume_context,11487,270,0.023504831548707233,0.021971224054409103,0.4823531742494032,"Ablation, placebo, and sensitivity checks evaluate robustness against weak labels, not verified fraud ground truth.",0.05,574,0.013937282229965157,0.02962962962962963,0.5929539295392954,8,270
placebo,ablation,placebo_7d_shift_plus_90,score_component_defi_volume_context,11487,270,0.023504831548707233,0.021971224054409103,0.4823531742494032,"Ablation, placebo, and sensitivity checks evaluate robustness against weak labels, not verified fraud ground truth.",0.1,1149,0.016536118363794605,0.07037037037037037,0.7035199690552172,19,270
placebo,ablation,placebo_7d_shift_plus_90,score_component_defi_volume_context,11487,270,0.023504831548707233,0.021971224054409103,0.4823531742494032,"Ablation, placebo, and sensitivity checks evaluate robustness against weak labels, not verified fraud ground truth.",0.2,2297,0.02002612102742708,0.17037037037037037,0.8520001934890921,46,270
placebo,ablation,placebo_7d_shift_plus_90,score_component_drawdown_stress,11487,270,0.023504831548707233,0.024722494315200197,0.5469837449109982,"Ablation, placebo, and sensitivity checks evaluate robustness against weak labels, not verified fraud ground truth.",0.01,115,0.0,0.0,0.0,0,270
placebo,ablation,placebo_7d_shift_plus_90,score_component_drawdown_stress,11487,270,0.023504831548707233,0.024722494315200197,0.5469837449109982,"Ablation, placebo, and sensitivity checks evaluate robustness against weak labels, not verified fraud ground truth.",0.05,574,0.0,0.0,0.0,0,270
placebo,ablation,placebo_7d_shift_plus_90,score_component_drawdown_stress,11487,270,0.023504831548707233,0.024722494315200197,0.5469837449109982,"Ablation, placebo, and sensitivity checks evaluate robustness against weak labels, not verified fraud ground truth.",0.1,1149,0.007832898172323759,0.03333333333333333,0.3332463011314186,9,270
placebo,ablation,placebo_7d_shift_plus_90,score_component_drawdown_stress,11487,270,0.023504831548707233,0.024722494315200197,0.5469837449109982,"Ablation, placebo, and sensitivity checks evaluate robustness against weak labels, not verified fraud ground truth.",0.2,2297,0.0108837614279495,0.09259259259259259,0.46304358341798485,25,270
placebo,ablation,placebo_7d_shift_plus_90,score_component_intraday_instability,11487,270,0.023504831548707233,0.023921222261228267,0.4931615041983233,"Ablation, placebo, and sensitivity checks evaluate robustness against weak labels, not verified fraud ground truth.",0.01,115,0.017391304347826087,0.007407407407407408,0.7399033816425121,2,270
placebo,ablation,placebo_7d_shift_plus_90,score_component_intraday_instability,11487,270,0.023504831548707233,0.023921222261228267,0.4931615041983233,"Ablation, placebo, and sensitivity checks evaluate robustness against weak labels, not verified fraud ground truth.",0.05,574,0.0313588850174216,0.06666666666666667,1.3341463414634147,18,270
placebo,ablation,placebo_7d_shift_plus_90,score_component_intraday_instability,11487,270,0.023504831548707233,0.023921222261228267,0.4931615041983233,"Ablation, placebo, and sensitivity checks evaluate robustness against weak labels, not verified fraud ground truth.",0.1,1149,0.02175805047867711,0.09259259259259259,0.9256841698094962,25,270
placebo,ablation,placebo_7d_shift_plus_90,score_component_intraday_instability,11487,270,0.023504831548707233,0.023921222261228267,0.4931615041983233,"Ablation, placebo, and sensitivity checks evaluate robustness against weak labels, not verified fraud ground truth.",0.2,2297,0.023944275141488898,0.2037037037037037,1.0186958835195665,55,270
placebo,ablation,placebo_7d_shift_plus_90,score_component_return_shock,11487,270,0.023504831548707233,0.02291462417762046,0.4878486358338369,"Ablation, placebo, and sensitivity checks evaluate robustness against weak labels, not verified fraud ground truth.",0.01,115,0.008695652173913044,0.003703703703703704,0.36995169082125606,1,270
placebo,ablation,placebo_7d_shift_plus_90,score_component_return_shock,11487,270,0.023504831548707233,0.02291462417762046,0.4878486358338369,"Ablation, placebo, and sensitivity checks evaluate robustness against weak labels, not verified fraud ground truth.",0.05,574,0.02613240418118467,0.05555555555555555,1.1117886178861789,15,270
placebo,ablation,placebo_7d_shift_plus_90,score_component_return_shock,11487,270,0.023504831548707233,0.02291462417762046,0.4878486358338369,"Ablation, placebo, and sensitivity checks evaluate robustness against weak labels, not verified fraud ground truth.",0.1,1149,0.020887728459530026,0.08888888888888889,0.8886568030171164,24,270
placebo,ablation,placebo_7d_shift_plus_90,score_component_return_shock,11487,270,0.023504831548707233,0.02291462417762046,0.4878486358338369,"Ablation, placebo, and sensitivity checks evaluate robustness against weak labels, not verified fraud ground truth.",0.2,2297,0.02089682194166304,0.17777777777777778,0.8890436801625309,48,270
placebo,ablation,placebo_7d_shift_plus_90,score_component_stablecoin_peg_stress,11487,270,0.023504831548707233,0.020354267228242972,0.3852233217437818,"Ablation, placebo, and sensitivity checks evaluate robustness against weak labels, not verified fraud ground truth.",0.01,115,0.0,0.0,0.0,0,270
placebo,ablation,placebo_7d_shift_plus_90,score_component_stablecoin_peg_stress,11487,270,0.023504831548707233,0.020354267228242972,0.3852233217437818,"Ablation, placebo, and sensitivity checks evaluate robustness against weak labels, not verified fraud ground truth.",0.05,574,0.0017421602787456446,0.003703703703703704,0.07411924119241192,1,270
placebo,ablation,placebo_7d_shift_plus_90,score_component_stablecoin_peg_stress,11487,270,0.023504831548707233,0.020354267228242972,0.3852233217437818,"Ablation, placebo, and sensitivity checks evaluate robustness against weak labels, not verified fraud ground truth.",0.1,1149,0.0017406440382941688,0.007407407407407408,0.0740547335847597,2,270
placebo,ablation,placebo_7d_shift_plus_90,score_component_stablecoin_peg_stress,11487,270,0.023504831548707233,0.020354267228242972,0.3852233217437818,"Ablation, placebo, and sensitivity checks evaluate robustness against weak labels, not verified fraud ground truth.",0.2,2297,0.0060949063996517195,0.05185185185185185,0.2593044067140715,14,270
placebo,ablation,placebo_7d_shift_plus_90,score_component_volume_shock,11487,270,0.023504831548707233,0.021006452107677355,0.4655973571860172,"Ablation, placebo, and sensitivity checks evaluate robustness against weak labels, not verified fraud ground truth.",0.01,115,0.008695652173913044,0.003703703703703704,0.36995169082125606,1,270
placebo,ablation,placebo_7d_shift_plus_90,score_component_volume_shock,11487,270,0.023504831548707233,0.021006452107677355,0.4655973571860172,"Ablation, placebo, and sensitivity checks evaluate robustness against weak labels, not verified fraud ground truth.",0.05,574,0.013937282229965157,0.02962962962962963,0.5929539295392954,8,270
placebo,ablation,placebo_7d_shift_plus_90,score_component_volume_shock,11487,270,0.023504831548707233,0.021006452107677355,0.4655973571860172,"Ablation, placebo, and sensitivity checks evaluate robustness against weak labels, not verified fraud ground truth.",0.1,1149,0.014795474325500435,0.06296296296296296,0.6294652354704574,17,270
placebo,ablation,placebo_7d_shift_plus_90,score_component_volume_shock,11487,270,0.023504831548707233,0.021006452107677355,0.4655973571860172,"Ablation, placebo, and sensitivity checks evaluate robustness against weak labels, not verified fraud ground truth.",0.2,2297,0.01828471919895516,0.15555555555555556,0.7779132201422145,42,270
placebo,ablation,placebo_7d_shift_plus_90,score_context_only_lfs,11487,270,0.023504831548707233,0.0231249700335492,0.4888423325706021,"Ablation, placebo, and sensitivity checks evaluate robustness against weak labels, not verified fraud ground truth.",0.01,115,0.008695652173913044,0.003703703703703704,0.36995169082125606,1,270
placebo,ablation,placebo_7d_shift_plus_90,score_context_only_lfs,11487,270,0.023504831548707233,0.0231249700335492,0.4888423325706021,"Ablation, placebo, and sensitivity checks evaluate robustness against weak labels, not verified fraud ground truth.",0.05,574,0.024390243902439025,0.05185185185185185,1.037669376693767,14,270
placebo,ablation,placebo_7d_shift_plus_90,score_context_only_lfs,11487,270,0.023504831548707233,0.0231249700335492,0.4888423325706021,"Ablation, placebo, and sensitivity checks evaluate robustness against weak labels, not verified fraud ground truth.",0.1,1149,0.014795474325500435,0.06296296296296296,0.6294652354704574,17,270
placebo,ablation,placebo_7d_shift_plus_90,score_context_only_lfs,11487,270,0.023504831548707233,0.0231249700335492,0.4888423325706021,"Ablation, placebo, and sensitivity checks evaluate robustness against weak labels, not verified fraud ground truth.",0.2,2297,0.011754462342185459,0.1,0.5000870700914236,27,270
placebo,ablation,placebo_7d_shift_plus_90,score_drop_anomaly_lf,11487,270,0.023504831548707233,0.023701146615354055,0.48434981294926027,"Ablation, placebo, and sensitivity checks evaluate robustness against weak labels, not verified fraud ground truth.",0.01,115,0.008695652173913044,0.003703703703703704,0.36995169082125606,1,270
placebo,ablation,placebo_7d_shift_plus_90,score_drop_anomaly_lf,11487,270,0.023504831548707233,0.023701146615354055,0.48434981294926027,"Ablation, placebo, and sensitivity checks evaluate robustness against weak labels, not verified fraud ground truth.",0.05,574,0.02613240418118467,0.05555555555555555,1.1117886178861789,15,270
placebo,ablation,placebo_7d_shift_plus_90,score_drop_anomaly_lf,11487,270,0.023504831548707233,0.023701146615354055,0.48434981294926027,"Ablation, placebo, and sensitivity checks evaluate robustness against weak labels, not verified fraud ground truth.",0.1,1149,0.019147084421235857,0.08148148148148149,0.8146020694323567,22,270
placebo,ablation,placebo_7d_shift_plus_90,score_drop_anomaly_lf,11487,270,0.023504831548707233,0.023701146615354055,0.48434981294926027,"Ablation, placebo, and sensitivity checks evaluate robustness against weak labels, not verified fraud ground truth.",0.2,2297,0.0174140182847192,0.14814814814814814,0.7408697334687757,40,270
placebo,ablation,placebo_7d_shift_plus_90,score_drop_defi_context_lf,11487,270,0.023504831548707233,0.023601885571513867,0.4889598790196098,"Ablation, placebo, and sensitivity checks evaluate robustness against weak labels, not verified fraud ground truth.",0.01,115,0.017391304347826087,0.007407407407407408,0.7399033816425121,2,270
placebo,ablation,placebo_7d_shift_plus_90,score_drop_defi_context_lf,11487,270,0.023504831548707233,0.023601885571513867,0.4889598790196098,"Ablation, placebo, and sensitivity checks evaluate robustness against weak labels, not verified fraud ground truth.",0.05,574,0.024390243902439025,0.05185185185185185,1.037669376693767,14,270
placebo,ablation,placebo_7d_shift_plus_90,score_drop_defi_context_lf,11487,270,0.023504831548707233,0.023601885571513867,0.4889598790196098,"Ablation, placebo, and sensitivity checks evaluate robustness against weak labels, not verified fraud ground truth.",0.1,1149,0.018276762402088774,0.07777777777777778,0.7775747026399769,21,270
placebo,ablation,placebo_7d_shift_plus_90,score_drop_defi_context_lf,11487,270,0.023504831548707233,0.023601885571513867,0.4889598790196098,"Ablation, placebo, and sensitivity checks evaluate robustness against weak labels, not verified fraud ground truth.",0.2,2297,0.00914235959947758,0.07777777777777778,0.38895661007110727,21,270
placebo,ablation,placebo_7d_shift_plus_90,score_drop_multimethod_consensus_lf,11487,270,0.023504831548707233,0.02345263701440822,0.4807790093739991,"Ablation, placebo, and sensitivity checks evaluate robustness against weak labels, not verified fraud ground truth.",0.01,115,0.017391304347826087,0.007407407407407408,0.7399033816425121,2,270
placebo,ablation,placebo_7d_shift_plus_90,score_drop_multimethod_consensus_lf,11487,270,0.023504831548707233,0.02345263701440822,0.4807790093739991,"Ablation, placebo, and sensitivity checks evaluate robustness against weak labels, not verified fraud ground truth.",0.05,574,0.027874564459930314,0.05925925925925926,1.1859078590785908,16,270
placebo,ablation,placebo_7d_shift_plus_90,score_drop_multimethod_consensus_lf,11487,270,0.023504831548707233,0.02345263701440822,0.4807790093739991,"Ablation, placebo, and sensitivity checks evaluate robustness against weak labels, not verified fraud ground truth.",0.1,1149,0.018276762402088774,0.07777777777777778,0.7775747026399769,21,270
placebo,ablation,placebo_7d_shift_plus_90,score_drop_multimethod_consensus_lf,11487,270,0.023504831548707233,0.02345263701440822,0.4807790093739991,"Ablation, placebo, and sensitivity checks evaluate robustness against weak labels, not verified fraud ground truth.",0.2,2297,0.012625163256421419,0.10740740740740741,0.5371305567648624,29,270
placebo,ablation,placebo_7d_shift_plus_90,score_drop_range_drawdown_lf,11487,270,0.023504831548707233,0.02366922151945855,0.4806390102324844,"Ablation, placebo, and sensitivity checks evaluate robustness against weak labels, not verified fraud ground truth.",0.01,115,0.017391304347826087,0.007407407407407408,0.7399033816425121,2,270
placebo,ablation,placebo_7d_shift_plus_90,score_drop_range_drawdown_lf,11487,270,0.023504831548707233,0.02366922151945855,0.4806390102324844,"Ablation, placebo, and sensitivity checks evaluate robustness against weak labels, not verified fraud ground truth.",0.05,574,0.027874564459930314,0.05925925925925926,1.1859078590785908,16,270
placebo,ablation,placebo_7d_shift_plus_90,score_drop_range_drawdown_lf,11487,270,0.023504831548707233,0.02366922151945855,0.4806390102324844,"Ablation, placebo, and sensitivity checks evaluate robustness against weak labels, not verified fraud ground truth.",0.1,1149,0.018276762402088774,0.07777777777777778,0.7775747026399769,21,270
placebo,ablation,placebo_7d_shift_plus_90,score_drop_range_drawdown_lf,11487,270,0.023504831548707233,0.02366922151945855,0.4806390102324844,"Ablation, placebo, and sensitivity checks evaluate robustness against weak labels, not verified fraud ground truth.",0.2,2297,0.012625163256421419,0.10740740740740741,0.5371305567648624,29,270
placebo,ablation,placebo_7d_shift_plus_90,score_drop_return_volume_lf,11487,270,0.023504831548707233,0.023488759216773715,0.48234029696987707,"Ablation, placebo, and sensitivity checks evaluate robustness against weak labels, not verified fraud ground truth.",0.01,115,0.034782608695652174,0.014814814814814815,1.4798067632850243,4,270
placebo,ablation,placebo_7d_shift_plus_90,score_drop_return_volume_lf,11487,270,0.023504831548707233,0.023488759216773715,0.48234029696987707,"Ablation, placebo, and sensitivity checks evaluate robustness against weak labels, not verified fraud ground truth.",0.05,574,0.024390243902439025,0.05185185185185185,1.037669376693767,14,270
placebo,ablation,placebo_7d_shift_plus_90,score_drop_return_volume_lf,11487,270,0.023504831548707233,0.023488759216773715,0.48234029696987707,"Ablation, placebo, and sensitivity checks evaluate robustness against weak labels, not verified fraud ground truth.",0.1,1149,0.018276762402088774,0.07777777777777778,0.7775747026399769,21,270
placebo,ablation,placebo_7d_shift_plus_90,score_drop_return_volume_lf,11487,270,0.023504831548707233,0.023488759216773715,0.48234029696987707,"Ablation, placebo, and sensitivity checks evaluate robustness against weak labels, not verified fraud ground truth.",0.2,2297,0.01697866782760122,0.14444444444444443,0.7223479901320564,39,270
placebo,ablation,placebo_7d_shift_plus_90,score_drop_stablecoin_lf,11487,270,0.023504831548707233,0.0235138475286553,0.4791913068457599,"Ablation, placebo, and sensitivity checks evaluate robustness against weak labels, not verified fraud ground truth.",0.01,115,0.017391304347826087,0.007407407407407408,0.7399033816425121,2,270
placebo,ablation,placebo_7d_shift_plus_90,score_drop_stablecoin_lf,11487,270,0.023504831548707233,0.0235138475286553,0.4791913068457599,"Ablation, placebo, and sensitivity checks evaluate robustness against weak labels, not verified fraud ground truth.",0.05,574,0.024390243902439025,0.05185185185185185,1.037669376693767,14,270
placebo,ablation,placebo_7d_shift_plus_90,score_drop_stablecoin_lf,11487,270,0.023504831548707233,0.0235138475286553,0.4791913068457599,"Ablation, placebo, and sensitivity checks evaluate robustness against weak labels, not verified fraud ground truth.",0.1,1149,0.018276762402088774,0.07777777777777778,0.7775747026399769,21,270
placebo,ablation,placebo_7d_shift_plus_90,score_drop_stablecoin_lf,11487,270,0.023504831548707233,0.0235138475286553,0.4791913068457599,"Ablation, placebo, and sensitivity checks evaluate robustness against weak labels, not verified fraud ground truth.",0.2,2297,0.012625163256421419,0.10740740740740741,0.5371305567648624,29,270
placebo,ablation,placebo_7d_shift_plus_90,score_drop_transparent_lf,11487,270,0.023504831548707233,0.02309550633781226,0.47950845112742235,"Ablation, placebo, and sensitivity checks evaluate robustness against weak labels, not verified fraud ground truth.",0.01,115,0.017391304347826087,0.007407407407407408,0.7399033816425121,2,270
placebo,ablation,placebo_7d_shift_plus_90,score_drop_transparent_lf,11487,270,0.023504831548707233,0.02309550633781226,0.47950845112742235,"Ablation, placebo, and sensitivity checks evaluate robustness against weak labels, not verified fraud ground truth.",0.05,574,0.020905923344947737,0.044444444444444446,0.8894308943089432,12,270
placebo,ablation,placebo_7d_shift_plus_90,score_drop_transparent_lf,11487,270,0.023504831548707233,0.02309550633781226,0.47950845112742235,"Ablation, placebo, and sensitivity checks evaluate robustness against weak labels, not verified fraud ground truth.",0.1,1149,0.018276762402088774,0.07777777777777778,0.7775747026399769,21,270
placebo,ablation,placebo_7d_shift_plus_90,score_drop_transparent_lf,11487,270,0.023504831548707233,0.02309550633781226,0.47950845112742235,"Ablation, placebo, and sensitivity checks evaluate robustness against weak labels, not verified fraud ground truth.",0.2,2297,0.01567261645624728,0.13333333333333333,0.6667827601218982,36,270
placebo,ablation,placebo_7d_shift_plus_90,score_market_only_lfs,11487,270,0.023504831548707233,0.023603334594872124,0.4889631808861549,"Ablation, placebo, and sensitivity checks evaluate robustness against weak labels, not verified fraud ground truth.",0.01,115,0.017391304347826087,0.007407407407407408,0.7399033816425121,2,270
placebo,ablation,placebo_7d_shift_plus_90,score_market_only_lfs,11487,270,0.023504831548707233,0.023603334594872124,0.4889631808861549,"Ablation, placebo, and sensitivity checks evaluate robustness against weak labels, not verified fraud ground truth.",0.05,574,0.024390243902439025,0.05185185185185185,1.037669376693767,14,270
placebo,ablation,placebo_7d_shift_plus_90,score_market_only_lfs,11487,270,0.023504831548707233,0.023603334594872124,0.4889631808861549,"Ablation, placebo, and sensitivity checks evaluate robustness against weak labels, not verified fraud ground truth.",0.1,1149,0.018276762402088774,0.07777777777777778,0.7775747026399769,21,270
placebo,ablation,placebo_7d_shift_plus_90,score_market_only_lfs,11487,270,0.023504831548707233,0.023603334594872124,0.4889631808861549,"Ablation, placebo, and sensitivity checks evaluate robustness against weak labels, not verified fraud ground truth.",0.2,2297,0.00914235959947758,0.07777777777777778,0.38895661007110727,21,270
placebo,benchmark_existing_score,placebo_7d_shift_plus_90,transparent_risk_score,11487,270,0.023504831548707233,0.021252579726543114,0.4354187922432551,"Ablation, placebo, and sensitivity checks evaluate robustness against weak labels, not verified fraud ground truth.",0.01,115,0.008695652173913044,0.003703703703703704,0.36995169082125606,1,270
placebo,benchmark_existing_score,placebo_7d_shift_plus_90,transparent_risk_score,11487,270,0.023504831548707233,0.021252579726543114,0.4354187922432551,"Ablation, placebo, and sensitivity checks evaluate robustness against weak labels, not verified fraud ground truth.",0.05,574,0.027874564459930314,0.05925925925925926,1.1859078590785908,16,270
placebo,benchmark_existing_score,placebo_7d_shift_plus_90,transparent_risk_score,11487,270,0.023504831548707233,0.021252579726543114,0.4354187922432551,"Ablation, placebo, and sensitivity checks evaluate robustness against weak labels, not verified fraud ground truth.",0.1,1149,0.022628372497824196,0.0962962962962963,0.9627115366018761,26,270
placebo,benchmark_existing_score,placebo_7d_shift_plus_90,transparent_risk_score,11487,270,0.023504831548707233,0.021252579726543114,0.4354187922432551,"Ablation, placebo, and sensitivity checks evaluate robustness against weak labels, not verified fraud ground truth.",0.2,2297,0.02220287331301698,0.18888888888888888,0.9446089101726891,51,270
placebo,benchmark_existing_score,placebo_7d_shift_plus_90,weak_supervision_score,11487,270,0.023504831548707233,0.023507886312328724,0.4791870144192512,"Ablation, placebo, and sensitivity checks evaluate robustness against weak labels, not verified fraud ground truth.",0.01,115,0.017391304347826087,0.007407407407407408,0.7399033816425121,2,270
placebo,benchmark_existing_score,placebo_7d_shift_plus_90,weak_supervision_score,11487,270,0.023504831548707233,0.023507886312328724,0.4791870144192512,"Ablation, placebo, and sensitivity checks evaluate robustness against weak labels, not verified fraud ground truth.",0.05,574,0.024390243902439025,0.05185185185185185,1.037669376693767,14,270
placebo,benchmark_existing_score,placebo_7d_shift_plus_90,weak_supervision_score,11487,270,0.023504831548707233,0.023507886312328724,0.4791870144192512,"Ablation, placebo, and sensitivity checks evaluate robustness against weak labels, not verified fraud ground truth.",0.1,1149,0.018276762402088774,0.07777777777777778,0.7775747026399769,21,270
placebo,benchmark_existing_score,placebo_7d_shift_plus_90,weak_supervision_score,11487,270,0.023504831548707233,0.023507886312328724,0.4791870144192512,"Ablation, placebo, and sensitivity checks evaluate robustness against weak labels, not verified fraud ground truth.",0.2,2297,0.012625163256421419,0.10740740740740741,0.5371305567648624,29,270
placebo,benchmark_existing_score,placebo_7d_shift_minus_90,anomaly_ensemble_score,11487,270,0.023504831548707233,0.02212710915747348,0.48438580329460246,"Ablation, placebo, and sensitivity checks evaluate robustness against weak labels, not verified fraud ground truth.",0.01,115,0.017391304347826087,0.007407407407407408,0.7399033816425121,2,270
placebo,benchmark_existing_score,placebo_7d_shift_minus_90,anomaly_ensemble_score,11487,270,0.023504831548707233,0.02212710915747348,0.48438580329460246,"Ablation, placebo, and sensitivity checks evaluate robustness against weak labels, not verified fraud ground truth.",0.05,574,0.017421602787456445,0.037037037037037035,0.7411924119241192,10,270
placebo,benchmark_existing_score,placebo_7d_shift_minus_90,anomaly_ensemble_score,11487,270,0.023504831548707233,0.02212710915747348,0.48438580329460246,"Ablation, placebo, and sensitivity checks evaluate robustness against weak labels, not verified fraud ground truth.",0.1,1149,0.020887728459530026,0.08888888888888889,0.8886568030171164,24,270
placebo,benchmark_existing_score,placebo_7d_shift_minus_90,anomaly_ensemble_score,11487,270,0.023504831548707233,0.02212710915747348,0.48438580329460246,"Ablation, placebo, and sensitivity checks evaluate robustness against weak labels, not verified fraud ground truth.",0.2,2297,0.02133217239878102,0.1814814814814815,0.9075654234992503,49,270
placebo,ablation,placebo_7d_shift_minus_90,score_baseline_all_lfs,11487,270,0.023504831548707233,0.02278371271497258,0.4796144410435219,"Ablation, placebo, and sensitivity checks evaluate robustness against weak labels, not verified fraud ground truth.",0.01,115,0.008695652173913044,0.003703703703703704,0.36995169082125606,1,270
placebo,ablation,placebo_7d_shift_minus_90,score_baseline_all_lfs,11487,270,0.023504831548707233,0.02278371271497258,0.4796144410435219,"Ablation, placebo, and sensitivity checks evaluate robustness against weak labels, not verified fraud ground truth.",0.05,574,0.0156794425087108,0.03333333333333333,0.6670731707317074,9,270
placebo,ablation,placebo_7d_shift_minus_90,score_baseline_all_lfs,11487,270,0.023504831548707233,0.02278371271497258,0.4796144410435219,"Ablation, placebo, and sensitivity checks evaluate robustness against weak labels, not verified fraud ground truth.",0.1,1149,0.019147084421235857,0.08148148148148149,0.8146020694323567,22,270
placebo,ablation,placebo_7d_shift_minus_90,score_baseline_all_lfs,11487,270,0.023504831548707233,0.02278371271497258,0.4796144410435219,"Ablation, placebo, and sensitivity checks evaluate robustness against weak labels, not verified fraud ground truth.",0.2,2297,0.013060513713539399,0.1111111111111111,0.5556523001015818,30,270
placebo,ablation,placebo_7d_shift_minus_90,score_component_chain_tvl_context,11487,270,0.023504831548707233,0.01849476040306437,0.38925275458216524,"Ablation, placebo, and sensitivity checks evaluate robustness against weak labels, not verified fraud ground truth.",0.01,115,0.008695652173913044,0.003703703703703704,0.36995169082125606,1,270
placebo,ablation,placebo_7d_shift_minus_90,score_component_chain_tvl_context,11487,270,0.023504831548707233,0.01849476040306437,0.38925275458216524,"Ablation, placebo, and sensitivity checks evaluate robustness against weak labels, not verified fraud ground truth.",0.05,574,0.012195121951219513,0.025925925925925925,0.5188346883468835,7,270
placebo,ablation,placebo_7d_shift_minus_90,score_component_chain_tvl_context,11487,270,0.023504831548707233,0.01849476040306437,0.38925275458216524,"Ablation, placebo, and sensitivity checks evaluate robustness against weak labels, not verified fraud ground truth.",0.1,1149,0.011314186248912098,0.04814814814814815,0.48135576830093807,13,270
placebo,ablation,placebo_7d_shift_minus_90,score_component_chain_tvl_context,11487,270,0.023504831548707233,0.01849476040306437,0.38925275458216524,"Ablation, placebo, and sensitivity checks evaluate robustness against weak labels, not verified fraud ground truth.",0.2,2297,0.01697866782760122,0.14444444444444443,0.7223479901320564,39,270
placebo,ablation,placebo_7d_shift_minus_90,score_component_defi_volume_context,11487,270,0.023504831548707233,0.022022346491586277,0.45844155200935083,"Ablation, placebo, and sensitivity checks evaluate robustness against weak labels, not verified fraud ground truth.",0.01,115,0.0,0.0,0.0,0,270
placebo,ablation,placebo_7d_shift_minus_90,score_component_defi_volume_context,11487,270,0.023504831548707233,0.022022346491586277,0.45844155200935083,"Ablation, placebo, and sensitivity checks evaluate robustness against weak labels, not verified fraud ground truth.",0.05,574,0.02613240418118467,0.05555555555555555,1.1117886178861789,15,270
placebo,ablation,placebo_7d_shift_minus_90,score_component_defi_volume_context,11487,270,0.023504831548707233,0.022022346491586277,0.45844155200935083,"Ablation, placebo, and sensitivity checks evaluate robustness against weak labels, not verified fraud ground truth.",0.1,1149,0.015665796344647518,0.06666666666666667,0.6664926022628372,18,270
placebo,ablation,placebo_7d_shift_minus_90,score_component_defi_volume_context,11487,270,0.023504831548707233,0.022022346491586277,0.45844155200935083,"Ablation, placebo, and sensitivity checks evaluate robustness against weak labels, not verified fraud ground truth.",0.2,2297,0.015237265999129298,0.12962962962962962,0.6482610167851788,35,270
placebo,ablation,placebo_7d_shift_minus_90,score_component_drawdown_stress,11487,270,0.023504831548707233,0.02144529373752628,0.4864220643930014,"Ablation, placebo, and sensitivity checks evaluate robustness against weak labels, not verified fraud ground truth.",0.01,115,0.0,0.0,0.0,0,270
placebo,ablation,placebo_7d_shift_minus_90,score_component_drawdown_stress,11487,270,0.023504831548707233,0.02144529373752628,0.4864220643930014,"Ablation, placebo, and sensitivity checks evaluate robustness against weak labels, not verified fraud ground truth.",0.05,574,0.0017421602787456446,0.003703703703703704,0.07411924119241192,1,270
placebo,ablation,placebo_7d_shift_minus_90,score_component_drawdown_stress,11487,270,0.023504831548707233,0.02144529373752628,0.4864220643930014,"Ablation, placebo, and sensitivity checks evaluate robustness against weak labels, not verified fraud ground truth.",0.1,1149,0.0034812880765883376,0.014814814814814815,0.1481094671695194,4,270
placebo,ablation,placebo_7d_shift_minus_90,score_component_drawdown_stress,11487,270,0.023504831548707233,0.02144529373752628,0.4864220643930014,"Ablation, placebo, and sensitivity checks evaluate robustness against weak labels, not verified fraud ground truth.",0.2,2297,0.011754462342185459,0.1,0.5000870700914236,27,270
placebo,ablation,placebo_7d_shift_minus_90,score_component_intraday_instability,11487,270,0.023504831548707233,0.022841658433370104,0.4756845594814748,"Ablation, placebo, and sensitivity checks evaluate robustness against weak labels, not verified fraud ground truth.",0.01,115,0.008695652173913044,0.003703703703703704,0.36995169082125606,1,270
placebo,ablation,placebo_7d_shift_minus_90,score_component_intraday_instability,11487,270,0.023504831548707233,0.022841658433370104,0.4756845594814748,"Ablation, placebo, and sensitivity checks evaluate robustness against weak labels, not verified fraud ground truth.",0.05,574,0.029616724738675958,0.06296296296296296,1.2600271002710028,17,270
placebo,ablation,placebo_7d_shift_minus_90,score_component_intraday_instability,11487,270,0.023504831548707233,0.022841658433370104,0.4756845594814748,"Ablation, placebo, and sensitivity checks evaluate robustness against weak labels, not verified fraud ground truth.",0.1,1149,0.02349869451697128,0.1,0.9997389033942559,27,270
placebo,ablation,placebo_7d_shift_minus_90,score_component_intraday_instability,11487,270,0.023504831548707233,0.022841658433370104,0.4756845594814748,"Ablation, placebo, and sensitivity checks evaluate robustness against weak labels, not verified fraud ground truth.",0.2,2297,0.02002612102742708,0.17037037037037037,0.8520001934890921,46,270
placebo,ablation,placebo_7d_shift_minus_90,score_component_return_shock,11487,270,0.023504831548707233,0.022439887750382952,0.47937356987905266,"Ablation, placebo, and sensitivity checks evaluate robustness against weak labels, not verified fraud ground truth.",0.01,115,0.0,0.0,0.0,0,270
placebo,ablation,placebo_7d_shift_minus_90,score_component_return_shock,11487,270,0.023504831548707233,0.022439887750382952,0.47937356987905266,"Ablation, placebo, and sensitivity checks evaluate robustness against weak labels, not verified fraud ground truth.",0.05,574,0.024390243902439025,0.05185185185185185,1.037669376693767,14,270
placebo,ablation,placebo_7d_shift_minus_90,score_component_return_shock,11487,270,0.023504831548707233,0.022439887750382952,0.47937356987905266,"Ablation, placebo, and sensitivity checks evaluate robustness against weak labels, not verified fraud ground truth.",0.1,1149,0.019147084421235857,0.08148148148148149,0.8146020694323567,22,270
placebo,ablation,placebo_7d_shift_minus_90,score_component_return_shock,11487,270,0.023504831548707233,0.022439887750382952,0.47937356987905266,"Ablation, placebo, and sensitivity checks evaluate robustness against weak labels, not verified fraud ground truth.",0.2,2297,0.02089682194166304,0.17777777777777778,0.8890436801625309,48,270
placebo,ablation,placebo_7d_shift_minus_90,score_component_stablecoin_peg_stress,11487,270,0.023504831548707233,0.020767467887097896,0.39045430381794827,"Ablation, placebo, and sensitivity checks evaluate robustness against weak labels, not verified fraud ground truth.",0.01,115,0.0,0.0,0.0,0,270
placebo,ablation,placebo_7d_shift_minus_90,score_component_stablecoin_peg_stress,11487,270,0.023504831548707233,0.020767467887097896,0.39045430381794827,"Ablation, placebo, and sensitivity checks evaluate robustness against weak labels, not verified fraud ground truth.",0.05,574,0.003484320557491289,0.007407407407407408,0.14823848238482384,2,270
placebo,ablation,placebo_7d_shift_minus_90,score_component_stablecoin_peg_stress,11487,270,0.023504831548707233,0.020767467887097896,0.39045430381794827,"Ablation, placebo, and sensitivity checks evaluate robustness against weak labels, not verified fraud ground truth.",0.1,1149,0.013054830287206266,0.05555555555555555,0.5554105018856977,15,270
placebo,ablation,placebo_7d_shift_minus_90,score_component_stablecoin_peg_stress,11487,270,0.023504831548707233,0.020767467887097896,0.39045430381794827,"Ablation, placebo, and sensitivity checks evaluate robustness against weak labels, not verified fraud ground truth.",0.2,2297,0.011319111885067479,0.0962962962962963,0.4815653267547042,26,270
placebo,ablation,placebo_7d_shift_minus_90,score_component_volume_shock,11487,270,0.023504831548707233,0.02073859959368179,0.4265932331547023,"Ablation, placebo, and sensitivity checks evaluate robustness against weak labels, not verified fraud ground truth.",0.01,115,0.0,0.0,0.0,0,270
placebo,ablation,placebo_7d_shift_minus_90,score_component_volume_shock,11487,270,0.023504831548707233,0.02073859959368179,0.4265932331547023,"Ablation, placebo, and sensitivity checks evaluate robustness against weak labels, not verified fraud ground truth.",0.05,574,0.0156794425087108,0.03333333333333333,0.6670731707317074,9,270
placebo,ablation,placebo_7d_shift_minus_90,score_component_volume_shock,11487,270,0.023504831548707233,0.02073859959368179,0.4265932331547023,"Ablation, placebo, and sensitivity checks evaluate robustness against weak labels, not verified fraud ground truth.",0.1,1149,0.014795474325500435,0.06296296296296296,0.6294652354704574,17,270
placebo,ablation,placebo_7d_shift_minus_90,score_component_volume_shock,11487,270,0.023504831548707233,0.02073859959368179,0.4265932331547023,"Ablation, placebo, and sensitivity checks evaluate robustness against weak labels, not verified fraud ground truth.",0.2,2297,0.014366565084893338,0.12222222222222222,0.61121753011174,33,270
placebo,ablation,placebo_7d_shift_minus_90,score_context_only_lfs,11487,270,0.023504831548707233,0.0231249700335492,0.4888423325706021,"Ablation, placebo, and sensitivity checks evaluate robustness against weak labels, not verified fraud ground truth.",0.01,115,0.034782608695652174,0.014814814814814815,1.4798067632850243,4,270
placebo,ablation,placebo_7d_shift_minus_90,score_context_only_lfs,11487,270,0.023504831548707233,0.0231249700335492,0.4888423325706021,"Ablation, placebo, and sensitivity checks evaluate robustness against weak labels, not verified fraud ground truth.",0.05,574,0.017421602787456445,0.037037037037037035,0.7411924119241192,10,270
placebo,ablation,placebo_7d_shift_minus_90,score_context_only_lfs,11487,270,0.023504831548707233,0.0231249700335492,0.4888423325706021,"Ablation, placebo, and sensitivity checks evaluate robustness against weak labels, not verified fraud ground truth.",0.1,1149,0.014795474325500435,0.06296296296296296,0.6294652354704574,17,270
placebo,ablation,placebo_7d_shift_minus_90,score_context_only_lfs,11487,270,0.023504831548707233,0.0231249700335492,0.4888423325706021,"Ablation, placebo, and sensitivity checks evaluate robustness against weak labels, not verified fraud ground truth.",0.2,2297,0.007400957771005659,0.06296296296296296,0.3148696367242297,17,270
placebo,ablation,placebo_7d_shift_minus_90,score_drop_anomaly_lf,11487,270,0.023504831548707233,0.022877590826545634,0.4795356915264199,"Ablation, placebo, and sensitivity checks evaluate robustness against weak labels, not verified fraud ground truth.",0.01,115,0.008695652173913044,0.003703703703703704,0.36995169082125606,1,270
placebo,ablation,placebo_7d_shift_minus_90,score_drop_anomaly_lf,11487,270,0.023504831548707233,0.022877590826545634,0.4795356915264199,"Ablation, placebo, and sensitivity checks evaluate robustness against weak labels, not verified fraud ground truth.",0.05,574,0.017421602787456445,0.037037037037037035,0.7411924119241192,10,270
placebo,ablation,placebo_7d_shift_minus_90,score_drop_anomaly_lf,11487,270,0.023504831548707233,0.022877590826545634,0.4795356915264199,"Ablation, placebo, and sensitivity checks evaluate robustness against weak labels, not verified fraud ground truth.",0.1,1149,0.014795474325500435,0.06296296296296296,0.6294652354704574,17,270
placebo,ablation,placebo_7d_shift_minus_90,score_drop_anomaly_lf,11487,270,0.023504831548707233,0.022877590826545634,0.4795356915264199,"Ablation, placebo, and sensitivity checks evaluate robustness against weak labels, not verified fraud ground truth.",0.2,2297,0.0108837614279495,0.09259259259259259,0.46304358341798485,25,270
placebo,ablation,placebo_7d_shift_minus_90,score_drop_defi_context_lf,11487,270,0.023504831548707233,0.02293943200326979,0.48937657457760875,"Ablation, placebo, and sensitivity checks evaluate robustness against weak labels, not verified fraud ground truth.",0.01,115,0.008695652173913044,0.003703703703703704,0.36995169082125606,1,270
placebo,ablation,placebo_7d_shift_minus_90,score_drop_defi_context_lf,11487,270,0.023504831548707233,0.02293943200326979,0.48937657457760875,"Ablation, placebo, and sensitivity checks evaluate robustness against weak labels, not verified fraud ground truth.",0.05,574,0.017421602787456445,0.037037037037037035,0.7411924119241192,10,270
placebo,ablation,placebo_7d_shift_minus_90,score_drop_defi_context_lf,11487,270,0.023504831548707233,0.02293943200326979,0.48937657457760875,"Ablation, placebo, and sensitivity checks evaluate robustness against weak labels, not verified fraud ground truth.",0.1,1149,0.018276762402088774,0.07777777777777778,0.7775747026399769,21,270
placebo,ablation,placebo_7d_shift_minus_90,score_drop_defi_context_lf,11487,270,0.023504831548707233,0.02293943200326979,0.48937657457760875,"Ablation, placebo, and sensitivity checks evaluate robustness against weak labels, not verified fraud ground truth.",0.2,2297,0.01001306051371354,0.08518518518518518,0.42600009674454603,23,270
placebo,ablation,placebo_7d_shift_minus_90,score_drop_multimethod_consensus_lf,11487,270,0.023504831548707233,0.022824596236928483,0.4776980377007122,"Ablation, placebo, and sensitivity checks evaluate robustness against weak labels, not verified fraud ground truth.",0.01,115,0.008695652173913044,0.003703703703703704,0.36995169082125606,1,270
placebo,ablation,placebo_7d_shift_minus_90,score_drop_multimethod_consensus_lf,11487,270,0.023504831548707233,0.022824596236928483,0.4776980377007122,"Ablation, placebo, and sensitivity checks evaluate robustness against weak labels, not verified fraud ground truth.",0.05,574,0.017421602787456445,0.037037037037037035,0.7411924119241192,10,270
placebo,ablation,placebo_7d_shift_minus_90,score_drop_multimethod_consensus_lf,11487,270,0.023504831548707233,0.022824596236928483,0.4776980377007122,"Ablation, placebo, and sensitivity checks evaluate robustness against weak labels, not verified fraud ground truth.",0.1,1149,0.017406440382941687,0.07407407407407407,0.7405473358475969,20,270
placebo,ablation,placebo_7d_shift_minus_90,score_drop_multimethod_consensus_lf,11487,270,0.023504831548707233,0.022824596236928483,0.4776980377007122,"Ablation, placebo, and sensitivity checks evaluate robustness against weak labels, not verified fraud ground truth.",0.2,2297,0.012189812799303439,0.1037037037037037,0.518608813428143,28,270
placebo,ablation,placebo_7d_shift_minus_90,score_drop_range_drawdown_lf,11487,270,0.023504831548707233,0.02284859741704198,0.4792363773241013,"Ablation, placebo, and sensitivity checks evaluate robustness against weak labels, not verified fraud ground truth.",0.01,115,0.008695652173913044,0.003703703703703704,0.36995169082125606,1,270
placebo,ablation,placebo_7d_shift_minus_90,score_drop_range_drawdown_lf,11487,270,0.023504831548707233,0.02284859741704198,0.4792363773241013,"Ablation, placebo, and sensitivity checks evaluate robustness against weak labels, not verified fraud ground truth.",0.05,574,0.017421602787456445,0.037037037037037035,0.7411924119241192,10,270
placebo,ablation,placebo_7d_shift_minus_90,score_drop_range_drawdown_lf,11487,270,0.023504831548707233,0.02284859741704198,0.4792363773241013,"Ablation, placebo, and sensitivity checks evaluate robustness against weak labels, not verified fraud ground truth.",0.1,1149,0.018276762402088774,0.07777777777777778,0.7775747026399769,21,270
placebo,ablation,placebo_7d_shift_minus_90,score_drop_range_drawdown_lf,11487,270,0.023504831548707233,0.02284859741704198,0.4792363773241013,"Ablation, placebo, and sensitivity checks evaluate robustness against weak labels, not verified fraud ground truth.",0.2,2297,0.012625163256421419,0.10740740740740741,0.5371305567648624,29,270
placebo,ablation,placebo_7d_shift_minus_90,score_drop_return_volume_lf,11487,270,0.023504831548707233,0.022769678172494826,0.47923340564421063,"Ablation, placebo, and sensitivity checks evaluate robustness against weak labels, not verified fraud ground truth.",0.01,115,0.0,0.0,0.0,0,270
placebo,ablation,placebo_7d_shift_minus_90,score_drop_return_volume_lf,11487,270,0.023504831548707233,0.022769678172494826,0.47923340564421063,"Ablation, placebo, and sensitivity checks evaluate robustness against weak labels, not verified fraud ground truth.",0.05,574,0.0156794425087108,0.03333333333333333,0.6670731707317074,9,270
placebo,ablation,placebo_7d_shift_minus_90,score_drop_return_volume_lf,11487,270,0.023504831548707233,0.022769678172494826,0.47923340564421063,"Ablation, placebo, and sensitivity checks evaluate robustness against weak labels, not verified fraud ground truth.",0.1,1149,0.019147084421235857,0.08148148148148149,0.8146020694323567,22,270
placebo,ablation,placebo_7d_shift_minus_90,score_drop_return_volume_lf,11487,270,0.023504831548707233,0.022769678172494826,0.47923340564421063,"Ablation, placebo, and sensitivity checks evaluate robustness against weak labels, not verified fraud ground truth.",0.2,2297,0.012189812799303439,0.1037037037037037,0.518608813428143,28,270
placebo,ablation,placebo_7d_shift_minus_90,score_drop_stablecoin_lf,11487,270,0.023504831548707233,0.022785203019054224,0.479616422163449,"Ablation, placebo, and sensitivity checks evaluate robustness against weak labels, not verified fraud ground truth.",0.01,115,0.008695652173913044,0.003703703703703704,0.36995169082125606,1,270
placebo,ablation,placebo_7d_shift_minus_90,score_drop_stablecoin_lf,11487,270,0.023504831548707233,0.022785203019054224,0.479616422163449,"Ablation, placebo, and sensitivity checks evaluate robustness against weak labels, not verified fraud ground truth.",0.05,574,0.0156794425087108,0.03333333333333333,0.6670731707317074,9,270
placebo,ablation,placebo_7d_shift_minus_90,score_drop_stablecoin_lf,11487,270,0.023504831548707233,0.022785203019054224,0.479616422163449,"Ablation, placebo, and sensitivity checks evaluate robustness against weak labels, not verified fraud ground truth.",0.1,1149,0.019147084421235857,0.08148148148148149,0.8146020694323567,22,270
placebo,ablation,placebo_7d_shift_minus_90,score_drop_stablecoin_lf,11487,270,0.023504831548707233,0.022785203019054224,0.479616422163449,"Ablation, placebo, and sensitivity checks evaluate robustness against weak labels, not verified fraud ground truth.",0.2,2297,0.013060513713539399,0.1111111111111111,0.5556523001015818,30,270
placebo,ablation,placebo_7d_shift_minus_90,score_drop_transparent_lf,11487,270,0.023504831548707233,0.02292144476314648,0.48308883011566445,"Ablation, placebo, and sensitivity checks evaluate robustness against weak labels, not verified fraud ground truth.",0.01,115,0.008695652173913044,0.003703703703703704,0.36995169082125606,1,270
placebo,ablation,placebo_7d_shift_minus_90,score_drop_transparent_lf,11487,270,0.023504831548707233,0.02292144476314648,0.48308883011566445,"Ablation, placebo, and sensitivity checks evaluate robustness against weak labels, not verified fraud ground truth.",0.05,574,0.024390243902439025,0.05185185185185185,1.037669376693767,14,270
placebo,ablation,placebo_7d_shift_minus_90,score_drop_transparent_lf,11487,270,0.023504831548707233,0.02292144476314648,0.48308883011566445,"Ablation, placebo, and sensitivity checks evaluate robustness against weak labels, not verified fraud ground truth.",0.1,1149,0.019147084421235857,0.08148148148148149,0.8146020694323567,22,270
placebo,ablation,placebo_7d_shift_minus_90,score_drop_transparent_lf,11487,270,0.023504831548707233,0.02292144476314648,0.48308883011566445,"Ablation, placebo, and sensitivity checks evaluate robustness against weak labels, not verified fraud ground truth.",0.2,2297,0.01872006965607314,0.15925925925925927,0.7964349634789339,43,270
placebo,ablation,placebo_7d_shift_minus_90,score_market_only_lfs,11487,270,0.023504831548707233,0.022939794259109355,0.48937839060420857,"Ablation, placebo, and sensitivity checks evaluate robustness against weak labels, not verified fraud ground truth.",0.01,115,0.008695652173913044,0.003703703703703704,0.36995169082125606,1,270
placebo,ablation,placebo_7d_shift_minus_90,score_market_only_lfs,11487,270,0.023504831548707233,0.022939794259109355,0.48937839060420857,"Ablation, placebo, and sensitivity checks evaluate robustness against weak labels, not verified fraud ground truth.",0.05,574,0.017421602787456445,0.037037037037037035,0.7411924119241192,10,270
placebo,ablation,placebo_7d_shift_minus_90,score_market_only_lfs,11487,270,0.023504831548707233,0.022939794259109355,0.48937839060420857,"Ablation, placebo, and sensitivity checks evaluate robustness against weak labels, not verified fraud ground truth.",0.1,1149,0.018276762402088774,0.07777777777777778,0.7775747026399769,21,270
placebo,ablation,placebo_7d_shift_minus_90,score_market_only_lfs,11487,270,0.023504831548707233,0.022939794259109355,0.48937839060420857,"Ablation, placebo, and sensitivity checks evaluate robustness against weak labels, not verified fraud ground truth.",0.2,2297,0.01001306051371354,0.08518518518518518,0.42600009674454603,23,270
placebo,benchmark_existing_score,placebo_7d_shift_minus_90,transparent_risk_score,11487,270,0.023504831548707233,0.018096778975449635,0.37583231800937067,"Ablation, placebo, and sensitivity checks evaluate robustness against weak labels, not verified fraud ground truth.",0.01,115,0.0,0.0,0.0,0,270
placebo,benchmark_existing_score,placebo_7d_shift_minus_90,transparent_risk_score,11487,270,0.023504831548707233,0.018096778975449635,0.37583231800937067,"Ablation, placebo, and sensitivity checks evaluate robustness against weak labels, not verified fraud ground truth.",0.05,574,0.0156794425087108,0.03333333333333333,0.6670731707317074,9,270
placebo,benchmark_existing_score,placebo_7d_shift_minus_90,transparent_risk_score,11487,270,0.023504831548707233,0.018096778975449635,0.37583231800937067,"Ablation, placebo, and sensitivity checks evaluate robustness against weak labels, not verified fraud ground truth.",0.1,1149,0.01392515230635335,0.05925925925925926,0.5924378686780776,16,270
placebo,benchmark_existing_score,placebo_7d_shift_minus_90,transparent_risk_score,11487,270,0.023504831548707233,0.018096778975449635,0.37583231800937067,"Ablation, placebo, and sensitivity checks evaluate robustness against weak labels, not verified fraud ground truth.",0.2,2297,0.01567261645624728,0.13333333333333333,0.6667827601218982,36,270
placebo,benchmark_existing_score,placebo_7d_shift_minus_90,weak_supervision_score,11487,270,0.023504831548707233,0.02278371271497258,0.4796144410435219,"Ablation, placebo, and sensitivity checks evaluate robustness against weak labels, not verified fraud ground truth.",0.01,115,0.008695652173913044,0.003703703703703704,0.36995169082125606,1,270
placebo,benchmark_existing_score,placebo_7d_shift_minus_90,weak_supervision_score,11487,270,0.023504831548707233,0.02278371271497258,0.4796144410435219,"Ablation, placebo, and sensitivity checks evaluate robustness against weak labels, not verified fraud ground truth.",0.05,574,0.0156794425087108,0.03333333333333333,0.6670731707317074,9,270
placebo,benchmark_existing_score,placebo_7d_shift_minus_90,weak_supervision_score,11487,270,0.023504831548707233,0.02278371271497258,0.4796144410435219,"Ablation, placebo, and sensitivity checks evaluate robustness against weak labels, not verified fraud ground truth.",0.1,1149,0.019147084421235857,0.08148148148148149,0.8146020694323567,22,270
placebo,benchmark_existing_score,placebo_7d_shift_minus_90,weak_supervision_score,11487,270,0.023504831548707233,0.02278371271497258,0.4796144410435219,"Ablation, placebo, and sensitivity checks evaluate robustness against weak labels, not verified fraud ground truth.",0.2,2297,0.013060513713539399,0.1111111111111111,0.5556523001015818,30,270
placebo,benchmark_existing_score,placebo_7d_random_by_asset,anomaly_ensemble_score,11487,300,0.026116479498563595,0.027104087731725953,0.5008493489466941,"Ablation, placebo, and sensitivity checks evaluate robustness against weak labels, not verified fraud ground truth.",0.01,115,0.05217391304347826,0.02,1.9977391304347825,6,300
placebo,benchmark_existing_score,placebo_7d_random_by_asset,anomaly_ensemble_score,11487,300,0.026116479498563595,0.027104087731725953,0.5008493489466941,"Ablation, placebo, and sensitivity checks evaluate robustness against weak labels, not verified fraud ground truth.",0.05,574,0.027874564459930314,0.05333333333333334,1.0673170731707318,16,300
placebo,benchmark_existing_score,placebo_7d_random_by_asset,anomaly_ensemble_score,11487,300,0.026116479498563595,0.027104087731725953,0.5008493489466941,"Ablation, placebo, and sensitivity checks evaluate robustness against weak labels, not verified fraud ground truth.",0.1,1149,0.022628372497824196,0.08666666666666667,0.8664403829416885,26,300
placebo,benchmark_existing_score,placebo_7d_random_by_asset,anomaly_ensemble_score,11487,300,0.026116479498563595,0.027104087731725953,0.5008493489466941,"Ablation, placebo, and sensitivity checks evaluate robustness against weak labels, not verified fraud ground truth.",0.2,2297,0.025250326512842838,0.19333333333333333,0.9668350021767522,58,300
placebo,ablation,placebo_7d_random_by_asset,score_baseline_all_lfs,11487,300,0.026116479498563595,0.028381370376259953,0.5133302047018862,"Ablation, placebo, and sensitivity checks evaluate robustness against weak labels, not verified fraud ground truth.",0.01,115,0.017391304347826087,0.006666666666666667,0.6659130434782609,2,300
placebo,ablation,placebo_7d_random_by_asset,score_baseline_all_lfs,11487,300,0.026116479498563595,0.028381370376259953,0.5133302047018862,"Ablation, placebo, and sensitivity checks evaluate robustness against weak labels, not verified fraud ground truth.",0.05,574,0.027874564459930314,0.05333333333333334,1.0673170731707318,16,300
placebo,ablation,placebo_7d_random_by_asset,score_baseline_all_lfs,11487,300,0.026116479498563595,0.028381370376259953,0.5133302047018862,"Ablation, placebo, and sensitivity checks evaluate robustness against weak labels, not verified fraud ground truth.",0.1,1149,0.033942558746736295,0.13,1.2996605744125327,39,300
placebo,ablation,placebo_7d_random_by_asset,score_baseline_all_lfs,11487,300,0.026116479498563595,0.028381370376259953,0.5133302047018862,"Ablation, placebo, and sensitivity checks evaluate robustness against weak labels, not verified fraud ground truth.",0.2,2297,0.027427078798432737,0.21,1.0501828471919894,63,300
placebo,ablation,placebo_7d_random_by_asset,score_component_chain_tvl_context,11487,300,0.026116479498563595,0.02348040992191162,0.4323524328834063,"Ablation, placebo, and sensitivity checks evaluate robustness against weak labels, not verified fraud ground truth.",0.01,115,0.017391304347826087,0.006666666666666667,0.6659130434782609,2,300
placebo,ablation,placebo_7d_random_by_asset,score_component_chain_tvl_context,11487,300,0.026116479498563595,0.02348040992191162,0.4323524328834063,"Ablation, placebo, and sensitivity checks evaluate robustness against weak labels, not verified fraud ground truth.",0.05,574,0.01916376306620209,0.03666666666666667,0.7337804878048779,11,300
placebo,ablation,placebo_7d_random_by_asset,score_component_chain_tvl_context,11487,300,0.026116479498563595,0.02348040992191162,0.4323524328834063,"Ablation, placebo, and sensitivity checks evaluate robustness against weak labels, not verified fraud ground truth.",0.1,1149,0.02175805047867711,0.08333333333333333,0.8331157528285464,25,300
placebo,ablation,placebo_7d_random_by_asset,score_component_chain_tvl_context,11487,300,0.026116479498563595,0.02348040992191162,0.4323524328834063,"Ablation, placebo, and sensitivity checks evaluate robustness against weak labels, not verified fraud ground truth.",0.2,2297,0.022638223770134958,0.17333333333333334,0.8668175881584675,52,300
placebo,ablation,placebo_7d_random_by_asset,score_component_defi_volume_context,11487,300,0.026116479498563595,0.026810458130816606,0.5117427966985489,"Ablation, placebo, and sensitivity checks evaluate robustness against weak labels, not verified fraud ground truth.",0.01,115,0.02608695652173913,0.01,0.9988695652173912,3,300
placebo,ablation,placebo_7d_random_by_asset,score_component_defi_volume_context,11487,300,0.026116479498563595,0.026810458130816606,0.5117427966985489,"Ablation, placebo, and sensitivity checks evaluate robustness against weak labels, not verified fraud ground truth.",0.05,574,0.0313588850174216,0.06,1.2007317073170731,18,300
placebo,ablation,placebo_7d_random_by_asset,score_component_defi_volume_context,11487,300,0.026116479498563595,0.026810458130816606,0.5117427966985489,"Ablation, placebo, and sensitivity checks evaluate robustness against weak labels, not verified fraud ground truth.",0.1,1149,0.024369016536118365,0.09333333333333334,0.9330896431679722,28,300
placebo,ablation,placebo_7d_random_by_asset,score_component_defi_volume_context,11487,300,0.026116479498563595,0.026810458130816606,0.5117427966985489,"Ablation, placebo, and sensitivity checks evaluate robustness against weak labels, not verified fraud ground truth.",0.2,2297,0.027427078798432737,0.21,1.0501828471919894,63,300
placebo,ablation,placebo_7d_random_by_asset,score_component_drawdown_stress,11487,300,0.026116479498563595,0.02970585156710398,0.5365233455498942,"Ablation, placebo, and sensitivity checks evaluate robustness against weak labels, not verified fraud ground truth.",0.01,115,0.034782608695652174,0.013333333333333334,1.3318260869565217,4,300
placebo,ablation,placebo_7d_random_by_asset,score_component_drawdown_stress,11487,300,0.026116479498563595,0.02970585156710398,0.5365233455498942,"Ablation, placebo, and sensitivity checks evaluate robustness against weak labels, not verified fraud ground truth.",0.05,574,0.0313588850174216,0.06,1.2007317073170731,18,300
placebo,ablation,placebo_7d_random_by_asset,score_component_drawdown_stress,11487,300,0.026116479498563595,0.02970585156710398,0.5365233455498942,"Ablation, placebo, and sensitivity checks evaluate robustness against weak labels, not verified fraud ground truth.",0.1,1149,0.02959094865100087,0.11333333333333333,1.1330374238468233,34,300
placebo,ablation,placebo_7d_random_by_asset,score_component_drawdown_stress,11487,300,0.026116479498563595,0.02970585156710398,0.5365233455498942,"Ablation, placebo, and sensitivity checks evaluate robustness against weak labels, not verified fraud ground truth.",0.2,2297,0.030039181541140617,0.23,1.1502002612102742,69,300
placebo,ablation,placebo_7d_random_by_asset,score_component_intraday_instability,11487,300,0.026116479498563595,0.03075007785598157,0.5004968564703078,"Ablation, placebo, and sensitivity checks evaluate robustness against weak labels, not verified fraud ground truth.",0.01,115,0.02608695652173913,0.01,0.9988695652173912,3,300
placebo,ablation,placebo_7d_random_by_asset,score_component_intraday_instability,11487,300,0.026116479498563595,0.03075007785598157,0.5004968564703078,"Ablation, placebo, and sensitivity checks evaluate robustness against weak labels, not verified fraud ground truth.",0.05,574,0.0313588850174216,0.06,1.2007317073170731,18,300
placebo,ablation,placebo_7d_random_by_asset,score_component_intraday_instability,11487,300,0.026116479498563595,0.03075007785598157,0.5004968564703078,"Ablation, placebo, and sensitivity checks evaluate robustness against weak labels, not verified fraud ground truth.",0.1,1149,0.034812880765883375,0.13333333333333333,1.3329852045256745,40,300
placebo,ablation,placebo_7d_random_by_asset,score_component_intraday_instability,11487,300,0.026116479498563595,0.03075007785598157,0.5004968564703078,"Ablation, placebo, and sensitivity checks evaluate robustness against weak labels, not verified fraud ground truth.",0.2,2297,0.025685676969960818,0.19666666666666666,0.9835045711797996,59,300
placebo,ablation,placebo_7d_random_by_asset,score_component_return_shock,11487,300,0.026116479498563595,0.02668300553097209,0.4939803641131074,"Ablation, placebo, and sensitivity checks evaluate robustness against weak labels, not verified fraud ground truth.",0.01,115,0.02608695652173913,0.01,0.9988695652173912,3,300
placebo,ablation,placebo_7d_random_by_asset,score_component_return_shock,11487,300,0.026116479498563595,0.02668300553097209,0.4939803641131074,"Ablation, placebo, and sensitivity checks evaluate robustness against weak labels, not verified fraud ground truth.",0.05,574,0.036585365853658534,0.07,1.4008536585365852,21,300
placebo,ablation,placebo_7d_random_by_asset,score_component_return_shock,11487,300,0.026116479498563595,0.02668300553097209,0.4939803641131074,"Ablation, placebo, and sensitivity checks evaluate robustness against weak labels, not verified fraud ground truth.",0.1,1149,0.031331592689295036,0.12,1.1996866840731069,36,300
placebo,ablation,placebo_7d_random_by_asset,score_component_return_shock,11487,300,0.026116479498563595,0.02668300553097209,0.4939803641131074,"Ablation, placebo, and sensitivity checks evaluate robustness against weak labels, not verified fraud ground truth.",0.2,2297,0.025685676969960818,0.19666666666666666,0.9835045711797996,59,300
placebo,ablation,placebo_7d_random_by_asset,score_component_stablecoin_peg_stress,11487,300,0.026116479498563595,0.024220763810748065,0.43365617830219605,"Ablation, placebo, and sensitivity checks evaluate robustness against weak labels, not verified fraud ground truth.",0.01,115,0.008695652173913044,0.0033333333333333335,0.33295652173913043,1,300
placebo,ablation,placebo_7d_random_by_asset,score_component_stablecoin_peg_stress,11487,300,0.026116479498563595,0.024220763810748065,0.43365617830219605,"Ablation, placebo, and sensitivity checks evaluate robustness against weak labels, not verified fraud ground truth.",0.05,574,0.013937282229965157,0.02666666666666667,0.5336585365853659,8,300
placebo,ablation,placebo_7d_random_by_asset,score_component_stablecoin_peg_stress,11487,300,0.026116479498563595,0.024220763810748065,0.43365617830219605,"Ablation, placebo, and sensitivity checks evaluate robustness against weak labels, not verified fraud ground truth.",0.1,1149,0.014795474325500435,0.056666666666666664,0.5665187119234116,17,300
placebo,ablation,placebo_7d_random_by_asset,score_component_stablecoin_peg_stress,11487,300,0.026116479498563595,0.024220763810748065,0.43365617830219605,"Ablation, placebo, and sensitivity checks evaluate robustness against weak labels, not verified fraud ground truth.",0.2,2297,0.02046147148454506,0.15666666666666668,0.7834697431432303,47,300
placebo,ablation,placebo_7d_random_by_asset,score_component_volume_shock,11487,300,0.026116479498563595,0.027401880529020796,0.5094802002324126,"Ablation, placebo, and sensitivity checks evaluate robustness against weak labels, not verified fraud ground truth.",0.01,115,0.017391304347826087,0.006666666666666667,0.6659130434782609,2,300
placebo,ablation,placebo_7d_random_by_asset,score_component_volume_shock,11487,300,0.026116479498563595,0.027401880529020796,0.5094802002324126,"Ablation, placebo, and sensitivity checks evaluate robustness against weak labels, not verified fraud ground truth.",0.05,574,0.029616724738675958,0.056666666666666664,1.1340243902439024,17,300
placebo,ablation,placebo_7d_random_by_asset,score_component_volume_shock,11487,300,0.026116479498563595,0.027401880529020796,0.5094802002324126,"Ablation, placebo, and sensitivity checks evaluate robustness against weak labels, not verified fraud ground truth.",0.1,1149,0.02959094865100087,0.11333333333333333,1.1330374238468233,34,300
placebo,ablation,placebo_7d_random_by_asset,score_component_volume_shock,11487,300,0.026116479498563595,0.027401880529020796,0.5094802002324126,"Ablation, placebo, and sensitivity checks evaluate robustness against weak labels, not verified fraud ground truth.",0.2,2297,0.027862429255550717,0.21333333333333335,1.066852416195037,64,300
placebo,ablation,placebo_7d_random_by_asset,score_context_only_lfs,11487,300,0.026116479498563595,0.026403241992459834,0.4959879026250708,"Ablation, placebo, and sensitivity checks evaluate robustness against weak labels, not verified fraud ground truth.",0.01,115,0.02608695652173913,0.01,0.9988695652173912,3,300
placebo,ablation,placebo_7d_random_by_asset,score_context_only_lfs,11487,300,0.026116479498563595,0.026403241992459834,0.4959879026250708,"Ablation, placebo, and sensitivity checks evaluate robustness against weak labels, not verified fraud ground truth.",0.05,574,0.027874564459930314,0.05333333333333334,1.0673170731707318,16,300
placebo,ablation,placebo_7d_random_by_asset,score_context_only_lfs,11487,300,0.026116479498563595,0.026403241992459834,0.4959879026250708,"Ablation, placebo, and sensitivity checks evaluate robustness against weak labels, not verified fraud ground truth.",0.1,1149,0.024369016536118365,0.09333333333333334,0.9330896431679722,28,300
placebo,ablation,placebo_7d_random_by_asset,score_context_only_lfs,11487,300,0.026116479498563595,0.026403241992459834,0.4959879026250708,"Ablation, placebo, and sensitivity checks evaluate robustness against weak labels, not verified fraud ground truth.",0.2,2297,0.02002612102742708,0.15333333333333332,0.7668001741401829,46,300
placebo,ablation,placebo_7d_random_by_asset,score_drop_anomaly_lf,11487,300,0.026116479498563595,0.02853633450063975,0.5142144155418491,"Ablation, placebo, and sensitivity checks evaluate robustness against weak labels, not verified fraud ground truth.",0.01,115,0.017391304347826087,0.006666666666666667,0.6659130434782609,2,300
placebo,ablation,placebo_7d_random_by_asset,score_drop_anomaly_lf,11487,300,0.026116479498563595,0.02853633450063975,0.5142144155418491,"Ablation, placebo, and sensitivity checks evaluate robustness against weak labels, not verified fraud ground truth.",0.05,574,0.033101045296167246,0.06333333333333334,1.2674390243902438,19,300
placebo,ablation,placebo_7d_random_by_asset,score_drop_anomaly_lf,11487,300,0.026116479498563595,0.02853633450063975,0.5142144155418491,"Ablation, placebo, and sensitivity checks evaluate robustness against weak labels, not verified fraud ground truth.",0.1,1149,0.034812880765883375,0.13333333333333333,1.3329852045256745,40,300
placebo,ablation,placebo_7d_random_by_asset,score_drop_anomaly_lf,11487,300,0.026116479498563595,0.02853633450063975,0.5142144155418491,"Ablation, placebo, and sensitivity checks evaluate robustness against weak labels, not verified fraud ground truth.",0.2,2297,0.026556377884196777,0.20333333333333334,1.0168437091858946,61,300
placebo,ablation,placebo_7d_random_by_asset,score_drop_defi_context_lf,11487,300,0.026116479498563595,0.02827679445013786,0.514136944667918,"Ablation, placebo, and sensitivity checks evaluate robustness against weak labels, not verified fraud ground truth.",0.01,115,0.02608695652173913,0.01,0.9988695652173912,3,300
placebo,ablation,placebo_7d_random_by_asset,score_drop_defi_context_lf,11487,300,0.026116479498563595,0.02827679445013786,0.514136944667918,"Ablation, placebo, and sensitivity checks evaluate robustness against weak labels, not verified fraud ground truth.",0.05,574,0.027874564459930314,0.05333333333333334,1.0673170731707318,16,300
placebo,ablation,placebo_7d_random_by_asset,score_drop_defi_context_lf,11487,300,0.026116479498563595,0.02827679445013786,0.514136944667918,"Ablation, placebo, and sensitivity checks evaluate robustness against weak labels, not verified fraud ground truth.",0.1,1149,0.033942558746736295,0.13,1.2996605744125327,39,300
placebo,ablation,placebo_7d_random_by_asset,score_drop_defi_context_lf,11487,300,0.026116479498563595,0.02827679445013786,0.514136944667918,"Ablation, placebo, and sensitivity checks evaluate robustness against weak labels, not verified fraud ground truth.",0.2,2297,0.024379625598606878,0.18666666666666668,0.9334958641706573,56,300
placebo,ablation,placebo_7d_random_by_asset,score_drop_multimethod_consensus_lf,11487,300,0.026116479498563595,0.028346331785677137,0.5131354846399094,"Ablation, placebo, and sensitivity checks evaluate robustness against weak labels, not verified fraud ground truth.",0.01,115,0.017391304347826087,0.006666666666666667,0.6659130434782609,2,300
placebo,ablation,placebo_7d_random_by_asset,score_drop_multimethod_consensus_lf,11487,300,0.026116479498563595,0.028346331785677137,0.5131354846399094,"Ablation, placebo, and sensitivity checks evaluate robustness against weak labels, not verified fraud ground truth.",0.05,574,0.027874564459930314,0.05333333333333334,1.0673170731707318,16,300
placebo,ablation,placebo_7d_random_by_asset,score_drop_multimethod_consensus_lf,11487,300,0.026116479498563595,0.028346331785677137,0.5131354846399094,"Ablation, placebo, and sensitivity checks evaluate robustness against weak labels, not verified fraud ground truth.",0.1,1149,0.03307223672758921,0.12666666666666668,1.2663359442993907,38,300
placebo,ablation,placebo_7d_random_by_asset,score_drop_multimethod_consensus_lf,11487,300,0.026116479498563595,0.028346331785677137,0.5131354846399094,"Ablation, placebo, and sensitivity checks evaluate robustness against weak labels, not verified fraud ground truth.",0.2,2297,0.027427078798432737,0.21,1.0501828471919894,63,300
placebo,ablation,placebo_7d_random_by_asset,score_drop_range_drawdown_lf,11487,300,0.026116479498563595,0.027508791678223017,0.5113319031018145,"Ablation, placebo, and sensitivity checks evaluate robustness against weak labels, not verified fraud ground truth.",0.01,115,0.02608695652173913,0.01,0.9988695652173912,3,300
placebo,ablation,placebo_7d_random_by_asset,score_drop_range_drawdown_lf,11487,300,0.026116479498563595,0.027508791678223017,0.5113319031018145,"Ablation, placebo, and sensitivity checks evaluate robustness against weak labels, not verified fraud ground truth.",0.05,574,0.029616724738675958,0.056666666666666664,1.1340243902439024,17,300
placebo,ablation,placebo_7d_random_by_asset,score_drop_range_drawdown_lf,11487,300,0.026116479498563595,0.027508791678223017,0.5113319031018145,"Ablation, placebo, and sensitivity checks evaluate robustness against weak labels, not verified fraud ground truth.",0.1,1149,0.03220191470844212,0.12333333333333334,1.2330113141862489,37,300
placebo,ablation,placebo_7d_random_by_asset,score_drop_range_drawdown_lf,11487,300,0.026116479498563595,0.027508791678223017,0.5113319031018145,"Ablation, placebo, and sensitivity checks evaluate robustness against weak labels, not verified fraud ground truth.",0.2,2297,0.026121027427078797,0.2,1.000174140182847,60,300
placebo,ablation,placebo_7d_random_by_asset,score_drop_return_volume_lf,11487,300,0.026116479498563595,0.028128887786267785,0.5083090491940049,"Ablation, placebo, and sensitivity checks evaluate robustness against weak labels, not verified fraud ground truth.",0.01,115,0.017391304347826087,0.006666666666666667,0.6659130434782609,2,300
placebo,ablation,placebo_7d_random_by_asset,score_drop_return_volume_lf,11487,300,0.026116479498563595,0.028128887786267785,0.5083090491940049,"Ablation, placebo, and sensitivity checks evaluate robustness against weak labels, not verified fraud ground truth.",0.05,574,0.027874564459930314,0.05333333333333334,1.0673170731707318,16,300
placebo,ablation,placebo_7d_random_by_asset,score_drop_return_volume_lf,11487,300,0.026116479498563595,0.028128887786267785,0.5083090491940049,"Ablation, placebo, and sensitivity checks evaluate robustness against weak labels, not verified fraud ground truth.",0.1,1149,0.03220191470844212,0.12333333333333334,1.2330113141862489,37,300
placebo,ablation,placebo_7d_random_by_asset,score_drop_return_volume_lf,11487,300,0.026116479498563595,0.028128887786267785,0.5083090491940049,"Ablation, placebo, and sensitivity checks evaluate robustness against weak labels, not verified fraud ground truth.",0.2,2297,0.026121027427078797,0.2,1.000174140182847,60,300
placebo,ablation,placebo_7d_random_by_asset,score_drop_stablecoin_lf,11487,300,0.026116479498563595,0.02680125921045155,0.5133279699651381,"Ablation, placebo, and sensitivity checks evaluate robustness against weak labels, not verified fraud ground truth.",0.01,115,0.02608695652173913,0.01,0.9988695652173912,3,300
placebo,ablation,placebo_7d_random_by_asset,score_drop_stablecoin_lf,11487,300,0.026116479498563595,0.02680125921045155,0.5133279699651381,"Ablation, placebo, and sensitivity checks evaluate robustness against weak labels, not verified fraud ground truth.",0.05,574,0.027874564459930314,0.05333333333333334,1.0673170731707318,16,300
placebo,ablation,placebo_7d_random_by_asset,score_drop_stablecoin_lf,11487,300,0.026116479498563595,0.02680125921045155,0.5133279699651381,"Ablation, placebo, and sensitivity checks evaluate robustness against weak labels, not verified fraud ground truth.",0.1,1149,0.033942558746736295,0.13,1.2996605744125327,39,300
placebo,ablation,placebo_7d_random_by_asset,score_drop_stablecoin_lf,11487,300,0.026116479498563595,0.02680125921045155,0.5133279699651381,"Ablation, placebo, and sensitivity checks evaluate robustness against weak labels, not verified fraud ground truth.",0.2,2297,0.027427078798432737,0.21,1.0501828471919894,63,300
placebo,ablation,placebo_7d_random_by_asset,score_drop_transparent_lf,11487,300,0.026116479498563595,0.028303247441863695,0.5087250081940348,"Ablation, placebo, and sensitivity checks evaluate robustness against weak labels, not verified fraud ground truth.",0.01,115,0.02608695652173913,0.01,0.9988695652173912,3,300
placebo,ablation,placebo_7d_random_by_asset,score_drop_transparent_lf,11487,300,0.026116479498563595,0.028303247441863695,0.5087250081940348,"Ablation, placebo, and sensitivity checks evaluate robustness against weak labels, not verified fraud ground truth.",0.05,574,0.0313588850174216,0.06,1.2007317073170731,18,300
placebo,ablation,placebo_7d_random_by_asset,score_drop_transparent_lf,11487,300,0.026116479498563595,0.028303247441863695,0.5087250081940348,"Ablation, placebo, and sensitivity checks evaluate robustness against weak labels, not verified fraud ground truth.",0.1,1149,0.031331592689295036,0.12,1.1996866840731069,36,300
placebo,ablation,placebo_7d_random_by_asset,score_drop_transparent_lf,11487,300,0.026116479498563595,0.028303247441863695,0.5087250081940348,"Ablation, placebo, and sensitivity checks evaluate robustness against weak labels, not verified fraud ground truth.",0.2,2297,0.024814976055724858,0.19,0.9501654331737047,57,300
placebo,ablation,placebo_7d_random_by_asset,score_market_only_lfs,11487,300,0.026116479498563595,0.02668811422061256,0.5141339650189206,"Ablation, placebo, and sensitivity checks evaluate robustness against weak labels, not verified fraud ground truth.",0.01,115,0.02608695652173913,0.01,0.9988695652173912,3,300
placebo,ablation,placebo_7d_random_by_asset,score_market_only_lfs,11487,300,0.026116479498563595,0.02668811422061256,0.5141339650189206,"Ablation, placebo, and sensitivity checks evaluate robustness against weak labels, not verified fraud ground truth.",0.05,574,0.0313588850174216,0.06,1.2007317073170731,18,300
placebo,ablation,placebo_7d_random_by_asset,score_market_only_lfs,11487,300,0.026116479498563595,0.02668811422061256,0.5141339650189206,"Ablation, placebo, and sensitivity checks evaluate robustness against weak labels, not verified fraud ground truth.",0.1,1149,0.033942558746736295,0.13,1.2996605744125327,39,300
placebo,ablation,placebo_7d_random_by_asset,score_market_only_lfs,11487,300,0.026116479498563595,0.02668811422061256,0.5141339650189206,"Ablation, placebo, and sensitivity checks evaluate robustness against weak labels, not verified fraud ground truth.",0.2,2297,0.024379625598606878,0.18666666666666668,0.9334958641706573,56,300
placebo,benchmark_existing_score,placebo_7d_random_by_asset,transparent_risk_score,11487,300,0.026116479498563595,0.026436290642334534,0.480321355144364,"Ablation, placebo, and sensitivity checks evaluate robustness against weak labels, not verified fraud ground truth.",0.01,115,0.043478260869565216,0.016666666666666666,1.664782608695652,5,300
placebo,benchmark_existing_score,placebo_7d_random_by_asset,transparent_risk_score,11487,300,0.026116479498563595,0.026436290642334534,0.480321355144364,"Ablation, placebo, and sensitivity checks evaluate robustness against weak labels, not verified fraud ground truth.",0.05,574,0.029616724738675958,0.056666666666666664,1.1340243902439024,17,300
placebo,benchmark_existing_score,placebo_7d_random_by_asset,transparent_risk_score,11487,300,0.026116479498563595,0.026436290642334534,0.480321355144364,"Ablation, placebo, and sensitivity checks evaluate robustness against weak labels, not verified fraud ground truth.",0.1,1149,0.028720626631853787,0.11,1.0997127937336815,33,300
placebo,benchmark_existing_score,placebo_7d_random_by_asset,transparent_risk_score,11487,300,0.026116479498563595,0.026436290642334534,0.480321355144364,"Ablation, placebo, and sensitivity checks evaluate robustness against weak labels, not verified fraud ground truth.",0.2,2297,0.029603831084022637,0.22666666666666666,1.1335306922072268,68,300
placebo,benchmark_existing_score,placebo_7d_random_by_asset,weak_supervision_score,11487,300,0.026116479498563595,0.028381370376259953,0.5133302047018862,"Ablation, placebo, and sensitivity checks evaluate robustness against weak labels, not verified fraud ground truth.",0.01,115,0.017391304347826087,0.006666666666666667,0.6659130434782609,2,300
placebo,benchmark_existing_score,placebo_7d_random_by_asset,weak_supervision_score,11487,300,0.026116479498563595,0.028381370376259953,0.5133302047018862,"Ablation, placebo, and sensitivity checks evaluate robustness against weak labels, not verified fraud ground truth.",0.05,574,0.027874564459930314,0.05333333333333334,1.0673170731707318,16,300
placebo,benchmark_existing_score,placebo_7d_random_by_asset,weak_supervision_score,11487,300,0.026116479498563595,0.028381370376259953,0.5133302047018862,"Ablation, placebo, and sensitivity checks evaluate robustness against weak labels, not verified fraud ground truth.",0.1,1149,0.033942558746736295,0.13,1.2996605744125327,39,300
placebo,benchmark_existing_score,placebo_7d_random_by_asset,weak_supervision_score,11487,300,0.026116479498563595,0.028381370376259953,0.5133302047018862,"Ablation, placebo, and sensitivity checks evaluate robustness against weak labels, not verified fraud ground truth.",0.2,2297,0.027427078798432737,0.21,1.0501828471919894,63,300
