date,open,high,low,close,adj_close,volume,asset,ticker,log_close,log_return,abs_log_return,negative_return,rolling_vol_7d,rolling_vol_30d,volume_log,volume_z_30d,return_z_30d,abs_return_z_30d,drawdown_30d,intraday_range,intraday_range_z_30d,stablecoin_peg_deviation,stablecoin_depeg_1pct,event_count_3d,event_ids_3d,weak_label_3d,event_count_7d,event_ids_7d,event_type_list_7d,severity_list_7d,weak_label_7d,AdrActCnt,TxCnt,CapMrktCurUSD,SplyCur,AdrActCnt_log,AdrActCnt_z_30d,TxCnt_log,TxCnt_z_30d,CapMrktCurUSD_log,CapMrktCurUSD_z_30d,SplyCur_log,SplyCur_z_30d,total_dex_volume,total_dex_volume_log,dex_volume_z_30d,defillama_chain,chain_tvl,chain_tvl_log,chain_tvl_z_30d,score_component_return_shock,score_component_volume_shock,score_component_intraday_instability,score_component_drawdown_stress,score_component_stablecoin_peg_stress,score_component_defi_volume_context,score_component_chain_tvl_context,transparent_risk_score_raw,transparent_risk_score,isolation_forest_score,lof_score,robust_z_score,anomaly_ensemble_score,p_transparent,p_anomaly,p_abs_return,p_volume,p_range,p_drawdown_stress,p_dex_volume,p_chain_tvl_abs,lf_transparent_top5,lf_anomaly_top5,lf_return_volume_joint,lf_range_drawdown_joint,lf_stablecoin_depeg,lf_defi_context_shock,lf_multimethod_consensus,lf_vote_count,weak_supervision_score_raw,weak_supervision_score,weak_supervision_alert_top5,asset_score_pct,taxonomy_category,review_note,manual_review_priority,claim_boundary
2021-02-01,44.30907440185547,52.1386833190918,43.524192810058594,51.607696533203125,51.607696533203125,1256933735,BNB,BNB-USD,3.943670818984841,0.153228199719674,0.153228199719674,0,0.0586190811928366,0.0498048386473211,20.951941049174533,3.2810386709967383,2.8759581191154533,3.3530032060619175,0.0,0.1669225927084509,2.3876944181447777,0.0,0,0,,0,0,,,,0,,,,,,,,,,,,,1715442404.85,21.262936846892437,0.8833190923110861,BSC,388359333.0,19.77744158756105,2.065417873398468,0.989205188473927,0.9975624619134674,0.9650039174719248,0.0438756855575868,0.286193087838426,0.7474536432488901,0.8985810046139113,0.7011534778445198,90.85052668233656,0.979890310786106,0.8220597196831201,0.9774527726995734,0.9585618525289458,0.8957952468007313,0.9585618525289458,0.987812309567337,0.9987812309567335,0.9634369287020108,0.0514929920780012,0.7477148080438757,0.8927483241925656,0,1,1,0,0,0,0,2,0.35,96.79637851484286,1,0.9625228519195612,multi_method_market_stress_non_event,"Multiple methods agree and market stress variables are elevated, but no event-window label is present.",medium_high,"False-alert taxonomy is an error-review framework. Non-event-window alerts are not proof of model failure, and event-window hits are not verified fraud ground truth."
2021-02-09,79.80702209472656,115.13184356689452,78.44632720947266,107.89927673339844,107.89927673339844,4425849540,BNB,BNB-USD,4.681198169122053,0.3012794674693717,0.3012794674693717,0,0.1187408323324351,0.0832067754679836,22.21072808364589,3.2298649148083745,3.247122122020316,3.643513138733277,0.0,0.3399977967235666,3.728426754047101,0.0,0,0,,0,0,,,,0,,,,,,,,,,,,,2288759247.0,21.551275694578365,1.4574350193704413,BSC,679656924.0,20.337098706761527,2.23505102125365,0.9924262209454164,0.9967789675285104,0.9903369025855314,0.0438756855575868,0.286193087838426,0.888830852267781,0.9277444067206408,0.7148080438756855,92.43492643858276,0.9896404631322364,0.8817794028031688,0.9853747714808044,0.9762340036563072,0.9128580134064594,0.9762340036563072,0.991468616697136,0.9975624619134674,0.991468616697136,0.0514929920780012,0.8890920170627666,0.9238269347958562,0,1,1,0,0,0,1,3,0.4499999999999999,97.83668494820232,1,0.9722730042656916,multi_method_market_stress_non_event,"Multiple methods agree and market stress variables are elevated, but no event-window label is present.",medium_high,"False-alert taxonomy is an error-review framework. Non-event-window alerts are not proof of model failure, and event-window hits are not verified fraud ground truth."
2021-02-19,195.98785400390625,342.8796081542969,195.3857421875,332.61602783203125,332.61602783203125,17982945189,BNB,BNB-USD,5.806988755110773,0.5292178669714955,0.5292178669714955,0,0.2070857522745568,0.1285426478687335,23.612689656246275,2.610027474803917,3.584170617782138,3.851146530698177,0.0,0.4434358347917023,3.137276319895843,0.0,0,0,,0,0,,,,0,,,,,,,,,,,,,3951720999.0,22.097417017173942,2.7201581741359955,BSC,1525907580.0,21.145855205065104,1.8641740920639704,0.994341429441978,0.9865064855924088,0.9829372333942716,0.0438756855575868,0.286193087838426,0.9851136066858188,0.8559240880995909,0.7132715243318534,92.2434055889266,0.9902498476538696,0.8244972577696527,0.9890310786106032,0.9634369287020108,0.9116392443631932,0.9634369287020108,0.9945155393053016,0.9804996953077392,0.984156002437538,0.0514929920780012,0.9853747714808044,0.8360755636806825,0,1,1,0,0,1,1,4,0.5,98.24584312701316,1,0.9780621572212066,multi_method_market_stress_non_event,"Multiple methods agree and market stress variables are elevated, but no event-window label is present.",medium_high,"False-alert taxonomy is an error-review framework. Non-event-window alerts are not proof of model failure, and event-window hits are not verified fraud ground truth."
2021-02-20,332.91845703125,334.4550476074219,227.91375732421875,255.9537353515625,255.9537353515625,9680520706,BNB,BNB-USD,5.544996706864545,-0.2619920482462277,0.2619920482462277,1,0.2507262414928752,0.1389511427946932,22.993381528833613,1.7931810377164867,-2.3390281479510264,1.4079350896053324,-0.2304828573059103,0.4162521407896801,2.450081392146877,0.0,0,0,,0,0,,,,0,,,,,,,,,,,,,4066163829.0,22.12596584401177,2.4301377928963457,BSC,1891195844.0,21.36047518815587,2.0371619758391177,0.9012797074954296,0.944023678941412,0.9676155654217812,0.9209541220510142,0.286193087838426,0.9723165317315224,0.8932706537825368,0.8414947331766344,99.4950813963611,0.9719683120048752,0.9670932358318098,0.9280926264472884,0.9811090798293725,0.992078001218769,0.9811090798293725,0.9049360146252284,0.9274832419256552,0.9664838513101768,0.9061547836684948,0.9725776965265084,0.8860450944546009,1,1,1,1,0,1,1,6,0.8500000000000001,99.80847915034389,1,0.9981718464351006,multi_method_market_stress_non_event,"Multiple methods agree and market stress variables are elevated, but no event-window label is present.",medium_high,"False-alert taxonomy is an error-review framework. Non-event-window alerts are not proof of model failure, and event-window hits are not verified fraud ground truth."
2021-02-23,267.3644104003906,268.5368347167969,190.41246032714844,230.99424743652344,230.99424743652344,8280752930,BNB,BNB-USD,5.442392807339519,-0.1467633794197569,0.1467633794197569,1,0.2698805463390052,0.1471149391526186,22.837199734905013,1.3215199158881368,-1.384506442603178,0.3565449405828002,-0.3055228007437636,0.3382091773134601,1.5201513629595766,0.0,0,0,,0,0,,,,0,,,,,,,,,,,,,5372439705.0,22.404547963709728,2.6383578306169055,BSC,1854970032.0,21.34113437815834,1.545733343925637,0.7312614259597806,0.891007225559328,0.916775485331244,0.964046313223644,0.286193087838426,0.9808479150343868,0.7612953773831288,0.786980934969966,97.86715417428398,0.9609993906154785,0.9774527726995734,0.8805606337599025,0.9683120048750762,0.9719683120048752,0.9683120048750762,0.7385740402193784,0.8695917123705058,0.9079829372333944,0.9591712370505788,0.9811090798293725,0.7117611212675198,1,1,0,1,0,1,1,5,0.7000000000000001,99.29050230695567,1,0.992078001218769,multi_method_market_stress_non_event,"Multiple methods agree and market stress variables are elevated, but no event-window label is present.",medium_high,"False-alert taxonomy is an error-review framework. Non-event-window alerts are not proof of model failure, and event-window hits are not verified fraud ground truth."
2021-04-18,520.5902709960938,526.0587768554688,429.0528869628906,481.03424072265625,481.03424072265625,6711806048,BNB,BNB-USD,6.175938454105709,-0.0786914750410563,0.0786914750410563,1,0.0750942469248802,0.0651186776772896,22.627133909537676,1.037744296793429,-1.5154464525947835,0.6097878119474426,-0.1965658294350603,0.2016610912080738,2.5271922144233008,0.0,0,0,,0,0,,,,0,,,,,,,,,,,,,5734574197.0,22.46977933856386,2.0262742144307273,BSC,12037209877.0,23.211268512264112,1.4833727987655445,0.7902846696265343,0.8362496735440063,0.9690954992600332,0.8900496213110473,0.286193087838426,0.9491599199094628,0.7375293810394359,0.7834351876033778,97.65822233829546,0.9378427787934186,0.9335770871419866,0.9329677026203534,0.9643510054844608,0.9689213893967094,0.9643510054844608,0.7873248019500305,0.8318098720292505,0.9689213893967094,0.8641072516758075,0.9494210847044484,0.6825106642291285,1,1,0,0,0,0,1,3,0.5,98.24584312701316,1,0.9780621572212066,multi_method_market_stress_non_event,"Multiple methods agree and market stress variables are elevated, but no event-window label is present.",medium_high,"False-alert taxonomy is an error-review framework. Non-event-window alerts are not proof of model failure, and event-window hits are not verified fraud ground truth."
2021-05-19,508.86273193359375,515.716552734375,283.4537048339844,339.0254821777344,339.0254821777344,8779943654,BNB,BNB-USD,5.826075273221311,-0.4044500874670103,0.4044500874670103,1,0.1515060673168919,0.097469999529485,22.895735827146876,1.795887468724866,-4.0131443964297535,4.600084075923252,-0.498248528870842,0.6850896469741665,4.893610078136581,0.0,0,0,,0,0,,,,0,,,,,,,,,,,,,24638569992.0,23.9275789379292,3.3847732494386524,BSC,12331484326.0,23.235421530251053,-1.6248832114051963,0.9982589013667624,0.9446330634630452,0.9974754069818056,0.9945155393053016,0.286193087838426,0.9979106816401148,0.7898493949682249,0.8776643161835117,99.84330112300862,1.0,1.0,0.9981718464351006,1.0,0.9987812309567335,1.0,0.9987812309567335,0.9293113954905544,0.9993906154783668,0.9963436928702012,0.9981718464351006,0.748933577087142,1,1,1,1,0,1,1,6,0.8500000000000001,99.80847915034389,1,0.9981718464351006,multi_method_market_stress_non_event,"Multiple methods agree and market stress variables are elevated, but no event-window label is present.",medium_high,"False-alert taxonomy is an error-review framework. Non-event-window alerts are not proof of model failure, and event-window hits are not verified fraud ground truth."
2021-05-20,335.5567321777344,424.2942504882813,286.0894470214844,393.6127624511719,393.6127624511719,7093839295,BNB,BNB-USD,5.97536758957918,0.1492923163578687,0.1492923163578687,0,0.1744954209884398,0.0974099837428537,22.68249253953124,1.2188821433932882,1.6693964108773212,1.1567665483245668,-0.4174603591845938,0.3511187051104355,1.8386779764809955,0.0,0,0,,0,0,,,,0,,,,,,,,,,,,,17315928386.0,23.574892630862703,2.1231192343151655,BSC,11121544167.0,23.132149980156907,-2.0759993131191297,0.8750761730652041,0.874466788543571,0.9388874379733612,0.9888569687472796,0.286193087838426,0.9546443806041612,0.9001479933838252,0.8297214242186819,99.24262209454166,0.9737964655697744,0.9213893967093236,0.964046313223644,0.9768433881779404,0.9896404631322364,0.9768433881779404,0.878732480195003,0.8580134064594759,0.9329677026203534,0.987812309567337,0.9549055453991468,0.894576477757465,1,1,0,1,0,1,1,5,0.7000000000000001,99.29050230695567,1,0.992078001218769,multi_method_market_stress_non_event,"Multiple methods agree and market stress variables are elevated, but no event-window label is present.",medium_high,"False-alert taxonomy is an error-review framework. Non-event-window alerts are not proof of model failure, and event-window hits are not verified fraud ground truth."
2021-05-21,391.54156494140625,415.7067260742187,275.3926696777344,326.29632568359375,326.29632568359375,6291181865,BNB,BNB-USD,5.787805942989119,-0.1875616465900602,0.1875616465900602,1,0.1736358206521432,0.1019800346065936,22.56241478603395,0.8997074441387823,-1.6709130815658146,1.5510567625873342,-0.5170874460995476,0.4300203384225216,2.1904240883007255,0.0,0,0,,0,0,,,,0,,,,,,,,,,,,,12983925756.0,23.28697794910477,1.2918752090504853,BSC,10144124046.0,23.040160463174555,-2.384730383821613,0.9144250021763732,0.8043875685557587,0.9581265778706364,0.99582136328023,0.286193087838426,0.8620179333159224,0.947679986071211,0.8282258204927309,99.23391660137548,0.984156002437538,0.9792809262644728,0.9896404631322364,0.9929920780012188,0.9890310786106032,0.9929920780012188,0.914686166971359,0.8049969530773918,0.9549055453991468,0.9975624619134674,0.862279098110908,0.9463741620962828,1,1,0,1,0,0,1,4,0.65,98.87699138156177,1,0.9859841560024375,multi_method_market_stress_non_event,"Multiple methods agree and market stress variables are elevated, but no event-window label is present.",medium_high,"False-alert taxonomy is an error-review framework. Non-event-window alerts are not proof of model failure, and event-window hits are not verified fraud ground truth."
2021-05-23,300.0354309082031,313.525146484375,213.51646423339844,262.9456787109375,262.9456787109375,5336233746,BNB,BNB-USD,5.571947466019112,-0.130180605384643,0.130180605384643,1,0.1691296933275818,0.103602507764581,22.39778595025997,0.5639250687909338,-1.0331121796867502,0.7600783738232945,-0.6108452371403114,0.3803397064414909,1.6826756277252666,0.0,0,0,,0,0,,,,0,,,,,,,,,,,,,11659759600.0,23.179409400246268,0.9427509257986382,BSC,8957548086.0,22.915762375479517,-2.55153780112298,0.8184034125533212,0.7056672760511883,0.9287020109689214,0.9981718464351006,0.286193087838426,0.7578131801166537,0.9624793244537304,0.7799878123095674,97.44929050230697,0.9823278488726388,0.9963436928702012,0.9987812309567335,0.9972577696526508,0.967702620353443,0.9972577696526508,0.8214503351614869,0.7276051188299817,0.9219987812309568,1.0,0.7580743449116393,0.9670932358318098,1,1,0,1,0,1,1,5,0.7000000000000001,99.29050230695567,1,0.992078001218769,multi_method_market_stress_non_event,"Multiple methods agree and market stress variables are elevated, but no event-window label is present.",medium_high,"False-alert taxonomy is an error-review framework. Non-event-window alerts are not proof of model failure, and event-window hits are not verified fraud ground truth."
2021-05-24,261.1195373535156,350.2731018066406,258.6227111816406,345.30963134765625,345.30963134765625,6066277282,BNB,BNB-USD,5.844441496702164,0.2724940306830516,0.2724940306830516,0,0.2226702657959368,0.1165199442250043,22.526010956180283,1.009139012652781,2.4424407601580818,2.2548777127118504,-0.4889481038097241,0.2654151008395325,0.8173042202778874,0.0,0,0,,0,0,,,,0,,,,,,,,,,,,,8830722146.0,22.901502631570413,0.1893576143178579,BSC,9159086056.0,22.93801223521787,-2.2093431408508866,0.9583006877339602,0.830678157917646,0.8365978932706538,0.9939932097153305,0.286193087838426,0.5384347523287194,0.923217550274223,0.8030042656916514,98.563593627579,0.9762340036563072,0.9908592321755028,0.9835466179159048,0.9908592321755028,0.9823278488726388,0.9908592321755028,0.9579524680073126,0.8269347958561852,0.8226691042047533,0.9951249238269348,0.538695917123705,0.9201706276660572,1,1,0,0,0,0,1,3,0.5,98.24584312701316,1,0.9780621572212066,multi_method_market_stress_non_event,"Multiple methods agree and market stress variables are elevated, but no event-window label is present.",medium_high,"False-alert taxonomy is an error-review framework. Non-event-window alerts are not proof of model failure, and event-window hits are not verified fraud ground truth."
2021-06-21,339.3266296386719,341.7993469238281,269.4336853027344,270.98443603515625,270.98443603515625,2911962314,BNB,BNB-USD,5.602061387625854,-0.2270818566520676,0.2270818566520676,1,0.0877211615337966,0.0900882828543573,21.792093025919637,-0.0676502870609679,-2.48363375831972,2.579068825196992,-0.3665745259269776,0.267047298656316,1.843161062415121,0.0,0,0,,0,0,,,,0,,,,,,,,,,,,,5808298425.0,22.482553495035955,0.4815882538386802,BSC,10206277831.0,23.046268841635857,-0.2796925155603114,0.9714459824149038,0.2590319491599199,0.9391486027683468,0.9821537390093148,0.286193087838426,0.621920431792461,0.2535039609993906,0.6900165404370158,89.50988073474362,0.9616087751371116,0.9609993906154785,0.9482023156611822,0.9817184643510056,0.8805606337599025,0.9817184643510056,0.9744058500914076,0.5185862279098111,0.9335770871419866,0.9835466179159048,0.6221815965874467,0.1163924436319317,0,1,0,1,0,0,0,2,0.35,96.79637851484286,1,0.9625228519195612,market_stress_non_event,Market stress variables are elevated outside known public incident windows.,medium,"False-alert taxonomy is an error-review framework. Non-event-window alerts are not proof of model failure, and event-window hits are not verified fraud ground truth."
2021-06-22,270.79339599609375,291.0225830078125,226.29783630371097,261.8180847167969,261.8180847167969,4089344405,BNB,BNB-USD,5.567649929458207,-0.0344114581676473,0.0344114581676473,1,0.0843675368273692,0.0870852502197768,22.131650502221454,0.7305066527516938,-0.3935018486192314,-0.4002959035742182,-0.3880008503104133,0.2472126659016428,1.9606576499058836,0.0,0,0,,0,0,,,,0,,,,,,,,,,,,,6315184343.0,22.566222783771735,0.8248604674924744,BSC,9571068343.0,22.98201067087233,-1.1575206684673325,0.312744841995299,0.7565944110733873,0.944720118394707,0.98563593627579,0.286193087838426,0.731000261164795,0.5955427874989118,0.65884913380343,85.68816923478715,0.9445460085313832,0.9622181596587448,0.9536867763558804,0.9774527726995734,0.8360755636806825,0.9774527726995734,0.4631322364411944,0.765386959171237,0.939670932358318,0.9847653869591712,0.7312614259597806,0.514320536258379,0,1,0,1,0,0,0,2,0.35,96.79637851484286,1,0.9625228519195612,market_stress_non_event,Market stress variables are elevated outside known public incident windows.,medium,"False-alert taxonomy is an error-review framework. Non-event-window alerts are not proof of model failure, and event-window hits are not verified fraud ground truth."
2021-09-07,496.0363464355469,504.6031494140625,372.3029479980469,417.5087890625,417.5087890625,4471687569,BNB,BNB-USD,6.034305595716034,-0.1721191468201457,0.1721191468201457,1,0.0730166081391504,0.0521052391225831,22.22103170676293,2.7275217106548024,-3.4308001906226515,3.724142580019906,-0.1726271370534848,0.3168800391318483,4.729146571709952,0.0,0,0,,0,0,,,,0,,,,,,,,,,,,,9966820536.0,23.02252746705075,3.3328027558903752,BSC,14128478187.0,23.371458327064214,-0.4314874872596658,0.9934708801253592,0.9907721772438408,0.9966919125968486,0.8632367023591887,0.286193087838426,0.9973012971184818,0.303386436841647,0.8367911552189431,99.37320449203447,0.9981718464351006,0.9530773918342474,0.9969530773918344,0.9896404631322364,0.9908592321755028,0.9896404631322364,0.9932967702620352,0.9835466179159048,0.9981718464351006,0.829981718464351,0.9975624619134674,0.1815965874466788,1,1,1,0,0,1,1,5,0.7000000000000001,99.29050230695567,1,0.992078001218769,multi_method_market_stress_non_event,"Multiple methods agree and market stress variables are elevated, but no event-window label is present.",medium_high,"False-alert taxonomy is an error-review framework. Non-event-window alerts are not proof of model failure, and event-window hits are not verified fraud ground truth."
2021-09-20,408.5135498046875,409.643310546875,357.2733154296875,361.9659118652344,361.9659118652344,2344102082,BNB,BNB-USD,5.891550041273726,-0.1208724683410684,0.1208724683410684,1,0.055621025056543,0.0532016099709333,21.575168258480787,0.2714583029123685,-2.137077444003595,2.1938306070698075,-0.2826958841717858,0.1446821189523661,1.342561398033996,0.0,0,0,,0,0,,,,0,,,,,,,,,,,,,7492299148.0,22.737141549855508,1.7416904536828188,BSC,12534703513.0,23.25176691562437,-2.186134247848883,0.9554278749891182,0.6092974667014887,0.9001479933838252,0.9549926003308088,0.286193087838426,0.9260033080874032,0.9191259684861148,0.7861164794985636,97.82797945503611,0.9463741620962828,0.8074344911639244,0.9134673979280926,0.9207800121876905,0.971358927483242,0.9207800121876905,0.9524680073126144,0.6398537477148081,0.8836075563680682,0.9482023156611822,0.9262644728823888,0.915295551492992,1,0,0,0,0,0,1,2,0.3,95.96500391747192,1,0.9542961608775137,multi_method_consensus_non_event,"Multiple methods agree, but the alert is outside known public incident windows.",medium,"False-alert taxonomy is an error-review framework. Non-event-window alerts are not proof of model failure, and event-window hits are not verified fraud ground truth."
2021-11-10,635.0383911132812,662.3065185546875,578.0742797851562,615.278076171875,615.278076171875,3653998344,BNB,BNB-USD,6.422074321991659,-0.0318508094834646,0.0318508094834646,1,0.0423239846130551,0.0384722698262296,22.019087841973825,1.3953250370953632,-1.1723136440761213,0.0451757400828827,-0.0596607538018769,0.1369010891686662,2.7674380357085626,0.0,0,0,,0,0,,,,0,,,,,,,,,,,,,12230004021.0,23.22715811550889,2.2479524257953605,BSC,15604306844.0,23.470812792906575,1.2938752921884933,0.6402890223731175,0.9021502568120484,0.9766692783146164,0.6496909549926003,0.286193087838426,0.961347610342126,0.6541307565073562,0.7168364237834074,92.6699747540698,0.9116392443631932,0.9098110907982936,0.951249238269348,0.9573430834856794,0.9140767824497258,0.9573430834856794,0.6453382084095064,0.8817794028031688,0.975624619134674,0.4247410115783059,0.9616087751371116,0.5825716026812919,0,1,0,0,0,1,1,3,0.35,96.79637851484286,1,0.9625228519195612,multi_method_market_stress_non_event,"Multiple methods agree and market stress variables are elevated, but no event-window label is present.",medium_high,"False-alert taxonomy is an error-review framework. Non-event-window alerts are not proof of model failure, and event-window hits are not verified fraud ground truth."
2021-11-16,634.9476318359375,635.2603759765625,574.1801147460938,589.8228759765625,589.8228759765625,3772957260,BNB,BNB-USD,6.379822281618443,-0.0707249859451355,0.0707249859451355,1,0.0363714957723046,0.0395128084753652,22.05112495027365,1.7609600362996014,-1.98037816494909,1.5765829497377486,-0.0985643401484119,0.1035569553475505,1.6877449616810167,0.0,0,0,,0,0,,,,0,,,,,,,,,,,,,12243475744.0,23.22825903981462,1.934815999198031,BSC,15240068876.0,23.447193906682887,0.3144651584310851,0.9174719247845392,0.940454426743275,0.9289631757639072,0.7383128754243928,0.286193087838426,0.9406285366065988,0.2629929485505354,0.7714834160355184,97.02272133716376,0.8616697135892748,0.4570383912248629,0.837903717245582,0.7641681901279708,0.9634369287020108,0.7641681901279708,0.9189518586227908,0.9238269347958562,0.923217550274223,0.6276660572821451,0.9408897014015845,0.1279707495429616,1,0,1,0,0,0,0,2,0.35,96.79637851484286,1,0.9625228519195612,isolated_anomaly_review,High score is driven by limited or isolated signals. Treat as likely false-alert candidate for manual review.,low,"False-alert taxonomy is an error-review framework. Non-event-window alerts are not proof of model failure, and event-window hits are not verified fraud ground truth."
2021-12-04,596.148681640625,596.148681640625,495.13226318359375,569.0772705078125,569.0772705078125,4458419873,BNB,BNB-USD,6.344016225447243,-0.0439332051961161,0.0439332051961161,1,0.0265538118409997,0.0414379452668392,22.218060251862635,2.414721228006011,-1.0735287812827226,0.4420919423119961,-0.1302701781489822,0.1775091427687665,2.783286227713413,0.0,0,0,,0,0,,,,0,,,,,,,,,,,,,15873642921.0,23.48792589284275,2.5173805223796655,BSC,13524872921.0,23.327796265849233,-2.1203206506437886,0.7530251588752502,0.979977365717768,0.977104552972926,0.8003830416993123,0.286193087838426,0.977800992426221,0.9091146513449988,0.7964220423086967,98.28501784626098,0.9768433881779404,0.9085923217550276,0.9518586227909812,0.9722730042656916,0.9780621572212066,0.9722730042656916,0.7556368068251066,0.9707495429616088,0.9762340036563072,0.7251675807434491,0.9780621572212066,0.906764168190128,1,1,0,0,0,1,1,4,0.55,98.61582658657612,1,0.9829372333942717,multi_method_market_stress_non_event,"Multiple methods agree and market stress variables are elevated, but no event-window label is present.",medium_high,"False-alert taxonomy is an error-review framework. Non-event-window alerts are not proof of model failure, and event-window hits are not verified fraud ground truth."
2022-01-05,507.5978088378906,515.2391967773438,462.05755615234375,475.0569458007813,475.0569458007813,2870757788,BNB,BNB-USD,6.163434682745283,-0.0660740547301133,0.0660740547301133,1,0.0320814286798648,0.0335611810604188,21.777841869845144,2.0552498185977206,-1.754800502021031,1.8350666786842775,-0.2181326596214891,0.1119479277065493,2.5566789940418606,0.0,0,0,,0,0,,,,0,,,,,,,,,,,,,9401250828.0,22.964108584284645,1.4598630205902032,BSC,12511462912.0,23.24991109407675,-1.7888807506852638,0.9351440759119004,0.964133368155306,0.9701401584399756,0.9100722555932792,0.286193087838426,0.8912683903543136,0.8386872116305388,0.8442787498911812,99.54731435535822,0.959780621572212,0.7428397318708104,0.9335770871419866,0.914686166971359,0.9932967702620352,0.914686166971359,0.9317489335770872,0.9542961608775136,0.9695307739183424,0.8933577087141986,0.8915295551492992,0.8147471054235222,1,0,1,0,0,0,1,3,0.4499999999999999,97.83668494820232,1,0.9722730042656916,multi_method_market_stress_non_event,"Multiple methods agree and market stress variables are elevated, but no event-window label is present.",medium_high,"False-alert taxonomy is an error-review framework. Non-event-window alerts are not proof of model failure, and event-window hits are not verified fraud ground truth."
2022-01-07,473.00006103515625,474.2962036132813,439.260009765625,447.7884826660156,447.7884826660156,4613172287,BNB,BNB-USD,6.104320984017047,-0.0553569076158364,0.0553569076158364,1,0.0349081803491914,0.0330658260510158,22.252181589187984,2.771490401937934,-1.366489713950395,1.3107726044456491,-0.2166723059200843,0.0782427311195231,1.1486318649707228,0.0,0,0,,0,0,,,,0,,,,,,,,,,,,,8698291650.0,22.886392481371395,1.144348124785968,BSC,11849375671.0,23.195541017232426,-2.8869130160706797,0.8918777748759468,0.9919038913554452,0.8805606337599025,0.9085923217550276,0.286193087838426,0.8211891703665013,0.9839818925742144,0.8271289283537913,99.22521110820928,0.967702620353443,0.9482023156611822,0.8360755636806825,0.9518586227909812,0.9884216940889702,0.9518586227909812,0.8951858622790981,0.9859841560024376,0.8653260207190737,0.8915295551492992,0.8214503351614869,0.984156002437538,1,1,0,0,0,1,1,4,0.55,98.61582658657612,1,0.9829372333942717,multi_method_market_stress_non_event,"Multiple methods agree and market stress variables are elevated, but no event-window label is present.",medium_high,"False-alert taxonomy is an error-review framework. Non-event-window alerts are not proof of model failure, and event-window hits are not verified fraud ground truth."
2022-01-08,447.8568115234375,458.4837951660156,419.1954650878906,430.24615478515625,430.24615478515625,4068139021,BNB,BNB-USD,6.064357497887636,-0.0399634861294107,0.0399634861294107,1,0.0277741814673873,0.0321625903438516,22.126451489081727,2.1201833531728433,-0.948034065238056,0.6801582110918172,-0.2462717511478361,0.0913159354038705,1.6429035564710135,0.0,0,0,,0,0,,,,0,,,,,,,,,,,,,6999635750.0,22.669123949076397,0.1186959811611315,BSC,11549907912.0,23.169943300982,-2.9647568279650076,0.8029076347175067,0.9674414555584574,0.9266997475406982,0.9330547575520152,0.286193087838426,0.5152781405066597,0.9869417602507182,0.8007129798903108,98.45912770958476,0.9482023156611822,0.8957952468007313,0.8305911029859842,0.9213893967093236,0.9811090798293725,0.9213893967093236,0.8013406459475929,0.959780621572212,0.9207800121876905,0.92260816575259,0.5155393053016454,0.9859841560024376,1,0,0,1,0,1,1,4,0.5,98.24584312701316,1,0.9780621572212066,multi_method_market_stress_non_event,"Multiple methods agree and market stress variables are elevated, but no event-window label is present.",medium_high,"False-alert taxonomy is an error-review framework. Non-event-window alerts are not proof of model failure, and event-window hits are not verified fraud ground truth."
2022-01-10,438.78564453125,445.0361633300781,408.69879150390625,424.9337768554687,424.9337768554687,4156063326,BNB,BNB-USD,6.051933337619746,-0.0321173872663322,0.0321173872663322,1,0.0304574289558806,0.0321148889406591,22.147834147555272,1.8557146016754504,-0.7056218721191226,0.3196968423828441,-0.2555782592238554,0.0855130229822403,1.398173190352973,0.0,0,0,,0,0,,,,0,,,,,,,,,,,,,8083987256.0,22.81315106016294,1.0116314436671443,BSC,11469340454.0,23.16294326469072,-2.3669849209812965,0.7215983285453121,0.9504657438843912,0.9051101244885524,0.9401932619482892,0.286193087838426,0.7785322538521807,0.9451553930530164,0.78824149038043,97.94550361277966,0.9274832419256552,0.8671541742839732,0.8068251066422912,0.9061547836684948,0.9731870810481412,0.9061547836684948,0.7282145033516149,0.9360146252285192,0.8915295551492992,0.9317489335770872,0.7787934186471663,0.9414990859232176,1,0,0,0,0,0,1,2,0.3,95.96500391747192,1,0.9542961608775137,multi_method_consensus_non_event,"Multiple methods agree, but the alert is outside known public incident windows.",medium,"False-alert taxonomy is an error-review framework. Non-event-window alerts are not proof of model failure, and event-window hits are not verified fraud ground truth."
2022-01-11,424.8912048339844,467.2810668945313,422.00091552734375,463.518310546875,463.518310546875,4600615710,BNB,BNB-USD,6.138845889181111,0.0869125515613644,0.0869125515613644,0,0.0529783803566354,0.0364689352947757,22.24945598170171,1.9202814793472496,2.5735250393158093,2.4482584970729224,-0.1761746557235278,0.0976879453020193,1.70976199629531,0.0,0,0,,0,0,,,,0,,,,,,,,,,,,,6294707067.0,22.56297496928531,-0.3662699543277354,BSC,11577278399.0,23.17231025556161,-1.9487765994487765,0.9668320710368242,0.9547314355358232,0.9303560546704972,0.8677635588056063,0.286193087838426,0.2401410289892922,0.8764690519717943,0.804113780795682,98.60712109340994,0.95551492992078,0.8458257160268129,0.939670932358318,0.9466788543570992,0.9829372333942716,0.9466788543570992,0.9683120048750762,0.9451553930530164,0.9238269347958562,0.8385131017672152,0.3662400975015235,0.8671541742839732,1,0,1,0,0,0,1,3,0.4499999999999999,97.83668494820232,1,0.9722730042656916,multi_method_consensus_non_event,"Multiple methods agree, but the alert is outside known public incident windows.",medium,"False-alert taxonomy is an error-review framework. Non-event-window alerts are not proof of model failure, and event-window hits are not verified fraud ground truth."
2022-01-21,440.067138671875,444.18023681640625,376.7701721191406,383.0739135742187,383.0739135742187,3647221590,BNB,BNB-USD,5.948227956394745,-0.1385591161888681,0.1385591161888681,1,0.0514707570899949,0.042167074260064,22.01723150672973,1.0173734741210096,-3.0239001741530633,3.689050959851913,-0.3191509557383463,0.1759714308612279,3.634322571463884,0.0,0,0,,0,0,,,,0,,,,,,,,,,,,,13215400045.0,23.304648656659495,3.25450661432458,BSC,10435540681.0,23.06848319041213,-2.051173927793082,0.9930356054670496,0.8324192565508836,0.9894663532689126,0.9690954992600332,0.286193087838426,0.9960825280752156,0.8954470270740837,0.8554879428919647,99.67789675285104,0.9945155393053016,0.9744058500914076,0.9859841560024376,0.9939061547836684,0.9951249238269348,0.9939061547836684,0.9926873857404022,0.8281535648994516,0.9902498476538696,0.9664838513101768,0.9963436928702012,0.8897014015843998,1,1,0,1,0,1,1,5,0.7000000000000001,99.29050230695567,1,0.992078001218769,multi_method_market_stress_non_event,"Multiple methods agree and market stress variables are elevated, but no event-window label is present.",medium_high,"False-alert taxonomy is an error-review framework. Non-event-window alerts are not proof of model failure, and event-window hits are not verified fraud ground truth."
2022-01-22,383.47454833984375,388.9119873046875,340.0548095703125,358.0961608886719,358.0961608886719,4226932408,BNB,BNB-USD,5.880801556166891,-0.0674264002278537,0.0674264002278537,1,0.0483053336856553,0.0427199207446668,22.164742368102768,1.2958314347860262,-1.2453164840340611,1.1483072763336484,-0.3635446835312038,0.1364359160207924,2.1515016192352436,0.0,0,0,,0,0,,,,0,,,,,,,,,,,,,12093845462.0,23.21596252072671,2.468945022682591,BSC,9746002854.0,23.000123074308377,-2.5404033817312177,0.8742056237485853,0.8874379733611909,0.9559502045790894,0.9815443544876816,0.286193087838426,0.9735353007747888,0.9617828850004352,0.8376460346478628,99.39061547836684,0.9786715417428398,0.9012797074954296,0.9366240097501524,0.9673979280926264,0.991468616697136,0.9673979280926264,0.8775137111517367,0.8677635588056063,0.9518586227909812,0.9823278488726388,0.9737964655697744,0.9646556977452772,1,1,0,1,0,1,1,5,0.7000000000000001,99.29050230695567,1,0.992078001218769,multi_method_market_stress_non_event,"Multiple methods agree and market stress variables are elevated, but no event-window label is present.",medium_high,"False-alert taxonomy is an error-review framework. Non-event-window alerts are not proof of model failure, and event-window hits are not verified fraud ground truth."
2022-01-24,384.0406188964844,384.0406188964844,337.85394287109375,371.3689575195313,371.3689575195313,3210871602,BNB,BNB-USD,5.917196063087042,-0.0332744954421624,0.0332744954421624,1,0.0631797626980851,0.0453673012941575,21.88980826464577,0.5256544019772948,-0.4484771193042429,-0.0993243724097705,-0.3399545340050104,0.1243687041961808,1.63826089398665,0.0,0,0,,0,0,,,,0,,,,,,,,,,,,,9856202969.0,23.011366837072607,1.4888472646512727,BSC,9512258360.0,22.97584715755139,-2.1969710178121336,0.312744841995299,0.6926960912335683,0.9259162531557412,0.9751022895447028,0.286193087838426,0.8955340820057456,0.921041176982676,0.6665682945938887,86.57612953773831,0.9329677026203534,0.9457647775746496,0.9171237050578916,0.9622181596587448,0.8439975624619135,0.9622181596587448,0.5862279098110909,0.7160268129189519,0.919561243144424,0.9750152346130408,0.8957952468007313,0.918342474101158,0,1,0,1,0,0,0,2,0.35,96.79637851484286,1,0.9625228519195612,market_stress_non_event,Market stress variables are elevated outside known public incident windows.,medium,"False-alert taxonomy is an error-review framework. Non-event-window alerts are not proof of model failure, and event-window hits are not verified fraud ground truth."
2022-05-05,402.4652099609375,412.4003601074219,372.5527648925781,378.7736206054687,378.7736206054687,2389487319,BNB,BNB-USD,5.936938719513887,-0.0607629736690542,0.0607629736690542,1,0.0395310246528802,0.0320151478806128,21.59434466941892,1.4974559681848745,-1.7297705937768946,1.9017342148861007,-0.1328378894731536,0.1052016113243247,3.1727657478939917,0.0,0,0,,0,0,,,,0,,,,,,,,,,,,,5422875257.0,22.41389200214358,0.6019354487031595,BSC,10528644827.0,23.07736545851392,-1.5642118525077453,0.9395838774266562,0.9142508923130496,0.9838948376425524,0.8056933925306868,0.286193087838426,0.654217811439018,0.7669539479411509,0.8045251153477845,98.62453207974232,0.9451553930530164,0.7836684948202316,0.9664838513101768,0.9299207800121876,0.9835466179159048,0.9299207800121876,0.9384521633150518,0.8970140158439975,0.9847653869591712,0.7349177330895795,0.6544789762340036,0.7190737355271176,1,0,0,0,0,0,1,2,0.3,95.96500391747192,1,0.9542961608775137,multi_method_market_stress_non_event,"Multiple methods agree and market stress variables are elevated, but no event-window label is present.",medium_high,"False-alert taxonomy is an error-review framework. Non-event-window alerts are not proof of model failure, and event-window hits are not verified fraud ground truth."
2022-05-09,355.3774108886719,358.9507141113281,299.34893798828125,299.34893798828125,299.34893798828125,2943374129,BNB,BNB-USD,5.7016099096392665,-0.1716304683028857,0.1716304683028857,1,0.0682773640388222,0.042232901282721,21.802822423500263,2.2834324317660357,-3.783291733373181,4.453649388800903,-0.2925369825264517,0.1991046854002205,4.387996024974091,0.0,0,0,,0,0,,,,0,,,,,,,,,,,,,10667028629.0,23.09042338456478,3.1011496912250793,BSC,9520524483.0,22.97671577708927,-3.134223434703873,0.9977365717767912,0.9751893444763646,0.9946025942369636,0.9587359623922695,0.286193087838426,0.9930356054670496,0.9904239575171934,0.8858770784364934,99.91294506833812,0.9993906154783668,0.9926873857404022,0.9963436928702012,0.9993906154783668,0.9993906154783668,0.9993906154783668,0.9981718464351006,0.9670932358318098,0.9969530773918344,0.9518586227909812,0.9932967702620352,0.991468616697136,1,1,1,1,0,1,1,6,0.8500000000000001,99.80847915034389,1,0.9981718464351006,multi_method_market_stress_non_event,"Multiple methods agree and market stress variables are elevated, but no event-window label is present.",medium_high,"False-alert taxonomy is an error-review framework. Non-event-window alerts are not proof of model failure, and event-window hits are not verified fraud ground truth."
2022-05-10,298.8207092285156,332.4388427734375,290.5867919921875,319.32696533203125,319.32696533203125,3210603809,BNB,BNB-USD,5.766215547554953,0.0646056379156867,0.0646056379156867,0,0.0785640795158907,0.0444351594732373,21.88972485920296,2.301379952304524,1.6569814923193054,1.030087972699213,-0.2453221315142469,0.1310633154257201,2.1511373818684474,0.0,0,0,,0,0,,,,0,,,,,,,,,,,,,11178635052.0,23.137270208937338,2.7167419437225964,BSC,9177321871.0,22.940001263939603,-3.155945310877226,0.858709845912771,0.975711674066336,0.9558631496474276,0.9324453730303822,0.286193087838426,0.9845042221641856,0.9911203969704884,0.8432880647688691,99.52990336902585,0.9835466179159048,0.923217550274223,0.8976234003656307,0.9643510054844608,0.9926873857404022,0.9643510054844608,0.8598415600243754,0.967702620353443,0.951249238269348,0.9219987812309568,0.9847653869591712,0.992078001218769,1,1,0,1,0,1,1,5,0.7000000000000001,99.29050230695567,1,0.992078001218769,multi_method_market_stress_non_event,"Multiple methods agree and market stress variables are elevated, but no event-window label is present.",medium_high,"False-alert taxonomy is an error-review framework. Non-event-window alerts are not proof of model failure, and event-window hits are not verified fraud ground truth."
2022-05-11,319.1227722167969,322.7668151855469,262.6204528808594,269.9627685546875,269.9627685546875,3870618668,BNB,BNB-USD,5.598284055248191,-0.1679314923067618,0.1679314923067618,1,0.0864933245893027,0.0523563460062327,22.076680194002105,2.592455883061618,-2.9666301402426285,3.2738164383245665,-0.3619864625853823,0.2227950269835205,3.407524650143364,0.0,0,0,,0,0,,,,0,,,,,,,,,,,,,17216121822.0,23.56911209705084,3.274289373971136,BSC,8825404387.0,22.900900261718764,-3.0804902909611087,0.9883346391573082,0.9862453207974232,0.98702881518238,0.981283189692696,0.286193087838426,0.9966919125968486,0.9890310786106032,0.8886071210934098,99.9303560546705,0.9987812309567335,0.9768433881779404,0.975624619134674,0.9917733089579523,1.0,0.9917733089579523,0.9872029250457038,0.979890310786106,0.9884216940889702,0.9811090798293725,0.9969530773918344,0.9884216940889702,1,1,1,1,0,1,1,6,0.8500000000000001,99.80847915034389,1,0.9981718464351006,multi_method_market_stress_non_event,"Multiple methods agree and market stress variables are elevated, but no event-window label is present.",medium_high,"False-alert taxonomy is an error-review framework. Non-event-window alerts are not proof of model failure, and event-window hits are not verified fraud ground truth."
2022-05-12,269.88800048828125,283.4751281738281,216.3614959716797,269.4072570800781,269.4072570800781,4739990237,BNB,BNB-USD,5.596224201549888,-0.0020598536983031,0.0020598536983031,1,0.0888871399553336,0.0510997467447191,22.27930091315761,2.7386712332257916,0.2397543536654109,-0.7598406139085345,-0.363299324514038,0.2491159032965459,3.0928006703730255,0.0,0,0,,0,0,,,,0,,,,,,,,,,,,,15639251084.0,23.47304968632628,2.5973990779141833,BSC,8111751120.0,22.81657960297449,-3.3201815725851676,0.312744841995299,0.9912074519021502,0.9823278488726388,0.98145729955602,0.286193087838426,0.9802385305127536,0.9946896491686256,0.73951597457996,94.65482719596064,0.9951249238269348,0.992078001218769,0.962827544180378,0.9902498476538696,0.9366240097501524,0.9902498476538696,0.2047531992687385,0.984156002437538,0.9829372333942716,0.9817184643510056,0.9804996953077392,0.9963436928702012,0,1,0,1,0,1,1,4,0.5,98.24584312701316,1,0.9780621572212066,multi_method_market_stress_non_event,"Multiple methods agree and market stress variables are elevated, but no event-window label is present.",medium_high,"False-alert taxonomy is an error-review framework. Non-event-window alerts are not proof of model failure, and event-window hits are not verified fraud ground truth."
2022-05-13,269.1427307128906,312.68878173828125,265.7095947265625,290.5841979980469,290.5841979980469,2774121165,BNB,BNB-USD,5.671893372500247,0.0756691709503591,0.0756691709503591,0,0.0996421064900957,0.0533039768270831,21.743599837048805,1.142952819084407,1.654574227601615,0.9759695117921257,-0.3120428409412504,0.1616715132322319,1.52450533936997,0.0,0,0,,0,0,,,,0,,,,,,,,,,,,,7513961026.0,22.74002859736661,0.8415475658375229,BSC,7356505227.0,22.71885082376606,-3.376832399455307,0.8524418908331157,0.8581875163227997,0.9172978149212152,0.9666579611735004,0.286193087838426,0.7352659528162271,0.9959084182118916,0.8077487594672238,98.702881518238,0.9500304692260816,0.7794028031687995,0.8884826325411335,0.91102985984156,0.9847653869591712,0.91102985984156,0.8549664838513101,0.8494820231566118,0.9092017062766604,0.9616087751371116,0.7355271176112127,0.9975624619134674,1,0,0,1,0,1,1,4,0.5,98.24584312701316,1,0.9780621572212066,multi_method_consensus_non_event,"Multiple methods agree, but the alert is outside known public incident windows.",medium,"False-alert taxonomy is an error-review framework. Non-event-window alerts are not proof of model failure, and event-window hits are not verified fraud ground truth."
2022-06-13,255.667724609375,256.85430908203125,214.6053009033203,222.5057830810547,222.5057830810547,2471570710,BNB,BNB-USD,5.404953092644051,-0.140032466075084,0.140032466075084,1,0.0498081555051727,0.0431019784609445,21.628119700862403,1.5012371510555866,-3.024525295150227,3.6774588094190706,-0.3220200596832392,0.1898782476288286,3.926069627957887,0.0,0,0,,0,0,,,,0,,,,,,,,,,,,,8438033870.0,22.85601516474337,2.985161426687413,BSC,6660353308.0,22.61943836949104,-2.3704816405105205,0.992774440672064,0.9149473317663446,0.991381561765474,0.9707495429616088,0.286193087838426,0.9893792983372508,0.9459388874379734,0.873117437102812,99.80847915034389,0.9975624619134674,0.9780621572212066,0.9865935405240708,0.9945155393053016,0.9981718464351006,0.9945155393053016,0.992078001218769,0.8976234003656307,0.9932967702620352,0.9695307739183424,0.9896404631322364,0.9445460085313832,1,1,0,1,0,1,1,5,0.7000000000000001,99.29050230695567,1,0.992078001218769,multi_method_market_stress_non_event,"Multiple methods agree and market stress variables are elevated, but no event-window label is present.",medium_high,"False-alert taxonomy is an error-review framework. Non-event-window alerts are not proof of model failure, and event-window hits are not verified fraud ground truth."
2022-06-14,222.5522003173828,230.3656311035156,205.39317321777344,223.22125244140625,223.22125244140625,2027226914,BNB,BNB-USD,5.408163443005692,0.0032103503616403,0.0032103503616403,0,0.0519534544641258,0.0417917191214903,21.42993464437671,0.8484267827433132,0.3439078450918423,-0.945605753526898,-0.3198400090458455,0.1118731196631791,1.5018471512431373,0.0,0,0,,0,0,,,,0,,,,,,,,,,,,,6030318957.0,22.52006574147732,1.7778914239525574,BSC,5599733352.0,22.445984818018143,-3.876507681048235,0.312744841995299,0.7911552189431531,0.9156437712196396,0.9694437189866806,0.286193087838426,0.9308783842604684,0.9987812309567335,0.6870775659441107,89.17907199442848,0.975624619134674,0.9884216940889702,0.8970140158439975,0.9780621572212066,0.8762949421084705,0.9780621572212066,0.0914076782449725,0.7964655697745278,0.9055453991468616,0.9683120048750762,0.931139549055454,1.0,0,1,0,1,0,1,0,3,0.3999999999999999,97.4797597283886,1,0.9695307739183425,multi_method_consensus_non_event,"Multiple methods agree, but the alert is outside known public incident windows.",medium,"False-alert taxonomy is an error-review framework. Non-event-window alerts are not proof of model failure, and event-window hits are not verified fraud ground truth."
2022-06-15,223.18943786621097,234.01708984375,199.2922210693359,233.3967132568359,233.3967132568359,2244407305,BNB,BNB-USD,5.452739637734605,0.0445761947289131,0.0445761947289131,0,0.0599687256467656,0.04242637767774,21.531707317048767,1.1144169154805164,1.2418897003091565,0.4581907533999079,-0.2888351595501924,0.1487804532028775,2.265277132828675,0.0,0,0,,0,0,,,,0,,,,,,,,,,,,,6364889446.0,22.57406269991256,1.8353893250032012,BSC,5623913731.0,22.450293652076816,-3.0272331096339373,0.7574649603900061,0.8519195612431444,0.9616087751371116,0.9571689736223558,0.286193087838426,0.933315922347001,0.9878993644989988,0.8014956037259511,98.50265517541568,0.9658744667885436,0.8647166361974405,0.9073735527117612,0.9451553930530164,0.9817184643510056,0.9451553930530164,0.761121267519805,0.8439975624619135,0.9579524680073126,0.9500304692260816,0.9335770871419866,0.9865935405240708,1,0,0,1,0,1,1,4,0.5,98.24584312701316,1,0.9780621572212066,multi_method_market_stress_non_event,"Multiple methods agree and market stress variables are elevated, but no event-window label is present.",medium_high,"False-alert taxonomy is an error-review framework. Non-event-window alerts are not proof of model failure, and event-window hits are not verified fraud ground truth."
2022-06-16,233.4678649902344,236.3285369873047,208.0655975341797,209.5387420654297,209.5387420654297,1483212957,BNB,BNB-USD,5.34490864859206,-0.1078309891425446,0.1078309891425446,1,0.0639869388485049,0.0455908737522097,21.117476489253345,-0.1300600452519674,-2.0884097117727936,2.2698881953382037,-0.3615309145119242,0.134881689059199,1.7276910792090796,0.0,0,0,,0,0,,,,0,,,,,,,,,,,,,3803939088.0,22.05930296914594,0.3486175834528645,BSC,5568787800.0,22.440443237218716,-2.62937201005687,0.9589100722555932,0.2590319491599199,0.9320971533037348,0.9811090798293725,0.286193087838426,0.585357360494472,0.9689213893967094,0.719744058500914,92.93984504222163,0.9646556977452772,0.9445460085313832,0.9341864716636198,0.9737964655697744,0.9165143205362584,0.9737964655697744,0.9591712370505788,0.4954296160877514,0.9250457038391224,0.9804996953077392,0.5856185252894577,0.9737964655697744,0,1,0,1,0,1,1,4,0.5,98.24584312701316,1,0.9780621572212066,multi_method_market_stress_non_event,"Multiple methods agree and market stress variables are elevated, but no event-window label is present.",medium_high,"False-alert taxonomy is an error-review framework. Non-event-window alerts are not proof of model failure, and event-window hits are not verified fraud ground truth."
2022-06-18,215.81561279296875,218.5502014160156,184.54005432128903,197.04299926757812,197.04299926757812,1579731402,BNB,BNB-USD,5.283421975314269,-0.0913553805994098,0.0913553805994098,1,0.0720224087486329,0.0453384119294995,21.180520671432703,0.0947548272039524,-1.6894539825131918,1.7295515596310491,-0.3996057134631714,0.1726026665303742,2.32653117094307,0.0,0,0,,0,0,,,,0,,,,,,,,,,,,,4070134188.0,22.12694180612768,0.5708130334886881,BSC,5353748734.0,22.40106285061085,-2.2120522081326204,0.92817968137895,0.5518412118046487,0.9634369287020108,0.98702881518238,0.286193087838426,0.6450770436145208,0.9233916601375468,0.7731052494123792,97.11848176199182,0.9670932358318098,0.9402803168799512,0.9573430834856794,0.979890310786106,0.9646556977452772,0.979890310786106,0.9250457038391224,0.578915295551493,0.9609993906154785,0.9853747714808044,0.6453382084095064,0.9213893967093236,1,1,0,1,0,0,1,4,0.65,98.87699138156177,1,0.9859841560024375,multi_method_market_stress_non_event,"Multiple methods agree and market stress variables are elevated, but no event-window label is present.",medium_high,"False-alert taxonomy is an error-review framework. Non-event-window alerts are not proof of model failure, and event-window hits are not verified fraud ground truth."
2022-10-31,313.6713562011719,336.7953186035156,307.6253356933594,326.3607177734375,326.3607177734375,2168405759,BNB,BNB-USD,5.7880032658884835,0.0393915046116291,0.0393915046116291,0,0.0182378242800111,0.0185346539464412,21.4972580616834,2.7994424938352966,1.868097246579319,2.080179273515437,0.0,0.0893795770188442,3.2161214965252363,0.0,0,0,,0,0,,,,0,,,,,,,,,,,,,2884517508.0,21.782623481672264,1.2893069674875564,BSC,6302114891.0,22.564151111153077,3.166701220500609,0.9502045790894054,0.9923391660137548,0.9845912770958476,0.0438756855575868,0.286193087838426,0.860799164272656,0.991468616697136,0.7054705319056324,91.37285627230784,0.9780621572212066,0.8439975624619135,0.9689213893967094,0.9603900060938452,0.9006703229737965,0.9603900060938452,0.9463741620962828,0.9865935405240708,0.9865935405240708,0.0514929920780012,0.8610603290676416,0.9945155393053016,0,1,1,0,0,1,1,4,0.5,98.24584312701316,1,0.9780621572212066,multi_method_market_stress_non_event,"Multiple methods agree and market stress variables are elevated, but no event-window label is present.",medium_high,"False-alert taxonomy is an error-review framework. Non-event-window alerts are not proof of model failure, and event-window hits are not verified fraud ground truth."
2022-11-08,336.9876403808594,388.7155151367187,302.75189208984375,327.6902770996094,327.6902770996094,5390603525,BNB,BNB-USD,5.7920688851382955,-0.028057239784923,0.028057239784923,1,0.0368075060686174,0.0229819161363907,22.407923187027556,3.014276960487024,-1.4581159771077337,0.6797144282466199,-0.0753826597829984,0.262331930650308,4.743055015653745,0.0,0,1,E002,1,1,E002,exchange_failure,high,1,,,,,,,,,,,,,8920042222.0,22.911566517047305,3.146989869478346,BSC,6482048687.0,22.592302452899514,1.873098127015733,0.802733524854183,0.9951249238269348,0.9968660224601724,0.6859928614956037,0.286193087838426,0.994254374510316,0.8585357360494472,0.7913449986941761,98.08479150343868,0.9926873857404022,0.9975624619134674,0.9975624619134674,0.9987812309567335,0.9762340036563072,0.9987812309567335,0.8007312614259597,0.992078001218769,0.9987812309567335,0.5228519195612431,0.9945155393053016,0.8409506398537477,1,1,0,0,0,1,1,4,0.55,98.61582658657612,1,0.9829372333942717,event_window_hit_3d,"Alert falls within a tight public incident window. This supports weak-label alignment, not verified fraud detection.",high,"False-alert taxonomy is an error-review framework. Non-event-window alerts are not proof of model failure, and event-window hits are not verified fraud ground truth."
2022-11-09,327.8196716308594,332.0610046386719,261.7302551269531,266.8531188964844,266.8531188964844,3191459132,BNB,BNB-USD,5.586698390538087,-0.2053704946002081,0.2053704946002081,1,0.0869800736445557,0.0446548892707142,21.88374405762775,1.9045699603061612,-4.585331736106531,4.819656279248481,-0.2470419836482454,0.2635560333810485,3.476423651300757,0.0,0,1,E002,1,1,E002,exchange_failure,high,1,,,,,,,,,,,,,10991379280.0,23.12037710076277,2.927581869113105,BSC,6259712962.0,22.55740016845125,1.0048031539915605,0.999303560546705,0.95412205101419,0.9877252546356752,0.9337511970053104,0.286193087838426,0.9881605292939843,0.5282493253242796,0.8533420388264994,99.66919125968488,0.9939061547836684,0.9731870810481412,0.9993906154783668,0.9951249238269348,0.9945155393053016,0.9951249238269348,0.9993906154783668,0.942717854966484,0.9890310786106032,0.9238269347958562,0.9884216940889702,0.4351005484460695,1,1,1,1,0,1,1,6,0.8500000000000001,99.80847915034389,1,0.9981718464351006,event_window_hit_3d,"Alert falls within a tight public incident window. This supports weak-label alignment, not verified fraud detection.",high,"False-alert taxonomy is an error-review framework. Non-event-window alerts are not proof of model failure, and event-window hits are not verified fraud ground truth."
2022-11-10,266.8857727050781,311.0740051269531,264.4677429199219,304.0800476074219,304.0800476074219,2461275687,BNB,BNB-USD,5.717290981243142,0.1305925907050547,0.1305925907050547,0,0.1043883508840118,0.0506710658818693,21.623945624836228,1.3789097949033446,2.502397921496685,2.4340233258920665,-0.1420017483571264,0.1532697149113893,1.5375431539546525,0.0,0,1,E002,1,1,E002,exchange_failure,high,1,,,,,,,,,,,,,11684466429.0,23.18152614107908,2.582073474604977,BSC,5558175654.0,22.43853577176157,-1.5947158412244242,0.9664838513101768,0.9005832680421346,0.9186906938278052,0.8196221815965874,0.286193087838426,0.9796291459911204,0.7794028031687995,0.8156463828675895,98.9901627927222,0.9488117001828154,0.7964655697745278,0.9360146252285192,0.9244363193174894,0.9859841560024376,0.9244363193174894,0.9664838513101768,0.8805606337599025,0.9122486288848264,0.7568555758683729,0.979890310786106,0.7294332723948812,1,0,0,0,0,1,1,3,0.35,96.79637851484286,1,0.9625228519195612,event_window_hit_3d,"Alert falls within a tight public incident window. This supports weak-label alignment, not verified fraud detection.",high,"False-alert taxonomy is an error-review framework. Non-event-window alerts are not proof of model failure, and event-window hits are not verified fraud ground truth."
2022-12-16,258.2687683105469,264.2475891113281,227.34523010253903,231.23243713378903,231.23243713378903,1264053277,BNB,BNB-USD,5.443423425978814,-0.1105964964242671,0.1105964964242671,1,0.0380466712500826,0.036470569215462,20.95758928209923,1.0490892589653142,-2.8838013321970344,3.216430915587854,-0.257414875195238,0.1595898891444789,3.716068161983152,0.0,0,0,,0,0,,,,0,,,,,,,,,,,,,2447049824.0,21.618148982867,0.8313627644040478,BSC,5018066802.0,22.3363105974764,-1.7104414238579762,0.9862453207974232,0.8383389919038914,0.9901627927222078,0.9414120309915556,0.286193087838426,0.7328284147296944,0.8138765561069035,0.8329607382258204,99.33838251936972,0.9811090798293725,0.946983546617916,0.9817184643510056,0.9865935405240708,0.9902498476538696,0.9865935405240708,0.9853747714808044,0.8342474101157831,0.9908592321755028,0.9335770871419866,0.7330895795246801,0.7812309567336989,1,1,0,1,0,0,1,4,0.65,98.87699138156177,1,0.9859841560024375,multi_method_market_stress_non_event,"Multiple methods agree and market stress variables are elevated, but no event-window label is present.",medium_high,"False-alert taxonomy is an error-review framework. Non-event-window alerts are not proof of model failure, and event-window hits are not verified fraud ground truth."
2023-01-18,299.8314514160156,304.8897705078125,282.63104248046875,286.9910583496094,286.9910583496094,844268123,BNB,BNB-USD,5.659451059698002,-0.0437463235782198,0.0437463235782198,1,0.0261820629042954,0.0208331347695079,20.553980684574295,1.754128411702501,-2.3815662716991115,1.8745446876144147,-0.0597889991752765,0.0775589600433767,2.680568131841768,0.0,0,0,,0,0,,,,0,,,,,,,,,,,,,3505659278.0,21.97764443646397,1.919791766459168,BSC,5267842324.0,22.38488668966577,1.7672095325492223,0.93836510838339,0.9395838774266562,0.9737964655697744,0.6503003395142335,0.286193087838426,0.9394097675633324,0.8324192565508836,0.7965613301993557,98.29372333942716,0.9171237050578916,0.4936014625228519,0.9457647775746496,0.837903717245582,0.9786715417428398,0.837903717245582,0.9366240097501524,0.923217550274223,0.9731870810481412,0.4277879341864716,0.939670932358318,0.8043875685557587,1,0,1,0,0,0,0,2,0.35,96.79637851484286,1,0.9625228519195612,market_stress_non_event,Market stress variables are elevated outside known public incident windows.,medium,"False-alert taxonomy is an error-review framework. Non-event-window alerts are not proof of model failure, and event-window hits are not verified fraud ground truth."
2023-02-09,328.1722106933594,329.0126037597656,303.3585510253906,305.9604187011719,305.9604187011719,778492045,BNB,BNB-USD,5.723455742936099,-0.0698281141850438,0.0698281141850438,1,0.0323995100815627,0.0248736015504395,20.472869332101997,1.0054885868143852,-2.9391757146743025,3.467334187498778,-0.0818282566386894,0.0838476193857971,2.377256070315023,0.0,0,0,,0,0,,,,0,,,,,,,,,,,,,4001026303.0,22.10981674115631,2.151710543243388,BSC,5602801982.0,22.44653266365928,1.1386618808175268,0.9905980673805173,0.8295464438060416,0.9647427526769392,0.7000087054931662,0.286193087838426,0.957691303212327,0.5857926351527815,0.7841464263950553,97.7017498041264,0.9567336989640464,0.7757464960390006,0.979890310786106,0.9372333942717856,0.9701401584399756,0.9372333942717856,0.9890310786106032,0.8263254113345521,0.962827544180378,0.546617915904936,0.9579524680073126,0.5033516148689823,1,0,0,0,0,1,1,3,0.35,96.79637851484286,1,0.9625228519195612,multi_method_market_stress_non_event,"Multiple methods agree and market stress variables are elevated, but no event-window label is present.",medium_high,"False-alert taxonomy is an error-review framework. Non-event-window alerts are not proof of model failure, and event-window hits are not verified fraud ground truth."
2023-02-13,312.9018249511719,315.123046875,283.6963806152344,294.475341796875,294.475341796875,1322505522,BNB,BNB-USD,5.6851952705433,-0.0607831566641383,0.0607831566641383,1,0.0374658368609529,0.0259005152477732,21.002793897869484,2.836067994533303,-2.300582226162635,2.5174476751238144,-0.1162943916002722,0.1067208753982644,2.9817830505590637,0.0,0,0,,0,0,,,,0,,,,,,,,,,,,,3280777989.0,21.91134642329004,1.159434329797579,BSC,5400981558.0,22.409846544183623,-0.1956825979898564,0.969182554191695,0.9930356054670496,0.9804996953077392,0.7720031339775398,0.286193087838426,0.8236267084530339,0.2235570645077043,0.7998433011230085,98.4156002437538,0.9707495429616088,0.7708714198659354,0.9591712370505788,0.9335770871419866,0.979890310786106,0.9335770871419866,0.9719683120048752,0.987812309567337,0.9804996953077392,0.6715417428397319,0.8238878732480195,0.0786106032906764,1,0,1,0,0,0,1,3,0.4499999999999999,97.83668494820232,1,0.9722730042656916,multi_method_market_stress_non_event,"Multiple methods agree and market stress variables are elevated, but no event-window label is present.",medium_high,"False-alert taxonomy is an error-review framework. Non-event-window alerts are not proof of model failure, and event-window hits are not verified fraud ground truth."
2023-03-13,289.7408142089844,313.75372314453125,287.5561828613281,308.9122009277344,308.9122009277344,1122664621,BNB,BNB-USD,5.733057097130055,0.0642947952625618,0.0642947952625618,0,0.032631793015777,0.0270420779280671,20.838970823397815,2.1338671511751577,2.384363457673874,2.3593184048014,-0.0260334815709148,0.0848057804273378,2.1113032452874685,0.0,0,0,,0,0,,,,0,,,,,,,,,,,,,8525750904.0,22.866356938934885,2.3434089224043833,BSC,4749757951.0,22.2813594962209,-2.0251925056035143,0.9624793244537304,0.9681378950117524,0.9542091059458518,0.5594149908592322,0.286193087838426,0.9643945329502916,0.8911813354226517,0.7913084356228781,98.0673805171063,0.9701401584399756,0.870201096892139,0.9317489335770872,0.9564290067032296,0.975624619134674,0.9564290067032296,0.962827544180378,0.9603900060938452,0.9494210847044484,0.2218159658744667,0.9646556977452772,0.8842169408897014,1,1,1,0,0,1,1,5,0.7000000000000001,99.29050230695567,1,0.992078001218769,multi_method_market_stress_non_event,"Multiple methods agree and market stress variables are elevated, but no event-window label is present.",medium_high,"False-alert taxonomy is an error-review framework. Non-event-window alerts are not proof of model failure, and event-window hits are not verified fraud ground truth."
2023-03-16,307.21343994140625,333.0071716308594,304.4295349121094,329.8608703613281,329.8608703613281,1337194824,BNB,BNB-USD,5.7986709605944915,0.0714163284838358,0.0714163284838358,0,0.0333988523686831,0.0276646914310021,21.013839842475807,2.4793482833918112,2.451482119699513,2.584230491427967,0.0,0.0866354250731412,2.394815036134347,0.0,0,0,,0,0,,,,0,,,,,,,,,,,,,2707717626.0,21.71937191292589,-0.2587631298133635,BSC,4951945144.0,22.323046294924865,-0.8332732737220142,0.9717942021415512,0.9825890136676244,0.965613301993558,0.0438756855575868,0.286193087838426,0.2401410289892922,0.445460085313833,0.6467158527030555,83.9383651083834,0.9689213893967094,0.8921389396709324,0.9494210847044484,0.9658744667885436,0.8165752589884216,0.9658744667885436,0.975624619134674,0.9750152346130408,0.9646556977452772,0.0514929920780012,0.3954905545399146,0.3455210237659963,0,1,1,0,0,0,0,2,0.35,96.79637851484286,1,0.9625228519195612,market_stress_non_event,Market stress variables are elevated outside known public incident windows.,medium,"False-alert taxonomy is an error-review framework. Non-event-window alerts are not proof of model failure, and event-window hits are not verified fraud ground truth."
2023-06-05,305.1672668457031,305.1672668457031,272.8895568847656,276.8892517089844,276.8892517089844,928515688,BNB,BNB-USD,5.623617612915715,-0.0972081277089254,0.0972081277089254,1,0.0360849470093029,0.0206068794562269,20.649097835760212,3.1436924270723225,-4.469234021946691,4.876889154207094,-0.1390555494773427,0.116572636033059,4.950980856212945,0.0,0,1,E004,1,1,E004,regulatory_action,medium,1,,,,,,,,,,,,,2900476509.0,21.78814087423391,1.594708945631983,BSC,4167363919.0,22.150549519386647,-2.328248177702956,0.9993906154783668,0.9961695830068772,0.9977365717767912,0.8153564899451554,0.286193087838426,0.9089405414816748,0.941063811264908,0.8581004613911378,99.69530773918342,0.9963436928702012,0.9811090798293725,1.0,0.9972577696526508,0.9963436928702012,0.9972577696526508,1.0,0.9951249238269348,1.0,0.7513711151736746,0.9092017062766604,0.935405240706886,1,1,1,0,0,0,1,4,0.65,98.87699138156177,1,0.9859841560024375,event_window_hit_3d,"Alert falls within a tight public incident window. This supports weak-label alignment, not verified fraud detection.",high,"False-alert taxonomy is an error-review framework. Non-event-window alerts are not proof of model failure, and event-window hits are not verified fraud ground truth."
2023-06-07,281.4814453125,281.4814453125,256.095703125,259.3914489746094,259.3914489746094,958739195,BNB,BNB-USD,5.558338306707577,-0.0817784212145902,0.0817784212145902,1,0.0456605829418695,0.0250872424421581,20.68112964174261,2.6725332758958036,-3.00602934815373,3.1420983135194556,-0.1754289889653488,0.097866534490059,3.077397802765769,0.0,0,1,E004,1,1,E004,regulatory_action,medium,1,,,,,,,,,,,,,2418426761.0,21.60638306736234,1.0860447920184837,BSC,3963224560.0,22.100323813945003,-2.619459767521614,0.9851136066858188,0.989205188473927,0.9821537390093148,0.8667188996256638,0.286193087838426,0.8029076347175067,0.9680508400800906,0.8561939583877426,99.68660224601724,0.9884216940889702,0.9378427787934186,0.9731870810481412,0.9847653869591712,0.995734308348568,0.9847653869591712,0.984156002437538,0.9823278488726388,0.9823278488726388,0.8360755636806825,0.8031687995124924,0.9725776965265084,1,1,1,0,0,1,1,5,0.7000000000000001,99.29050230695567,1,0.992078001218769,event_window_hit_3d,"Alert falls within a tight public incident window. This supports weak-label alignment, not verified fraud detection.",high,"False-alert taxonomy is an error-review framework. Non-event-window alerts are not proof of model failure, and event-window hits are not verified fraud ground truth."
2023-06-10,260.69866943359375,260.7160949707031,233.169189453125,239.08908081054688,239.08908081054688,1068424942,BNB,BNB-USD,5.476836205544209,-0.0865958510066464,0.0865958510066464,1,0.0503516711763384,0.0290257284665855,20.78945138505261,2.5591368324763706,-2.693702134123005,2.7844688588702304,-0.239224097958429,0.1152160752142678,3.009060602514035,0.0,0,0,,0,1,E004,regulatory_action,medium,1,,,,,,,,,,,,,3833760696.0,22.067112063607297,2.5000864407569785,BSC,3733576396.0,22.04063243079931,-2.3616542413696355,0.9757987289979976,0.9852006616174808,0.9811090798293725,0.9276573517889788,0.286193087838426,0.9759728388613216,0.9443718986680596,0.8716740663358579,99.79106816401148,0.991468616697136,0.9250457038391224,0.959780621572212,0.9823278488726388,0.9975624619134674,0.9823278488726388,0.9786715417428398,0.9780621572212066,0.9811090798293725,0.9159049360146252,0.9762340036563072,0.9408897014015845,1,1,1,1,0,1,1,6,0.8500000000000001,99.80847915034389,1,0.9981718464351006,event_window_hit_7d,Alert falls within a wider public incident window. This is weak-label evidence only.,high,"False-alert taxonomy is an error-review framework. Non-event-window alerts are not proof of model failure, and event-window hits are not verified fraud ground truth."
2023-06-12,235.40391540527344,238.4732208251953,222.0713348388672,231.0514373779297,231.0514373779297,1014433334,BNB,BNB-USD,5.442640358365653,-0.0188106359520077,0.0188106359520077,1,0.041857208366328,0.0288411133632835,20.73759600289752,2.150706251643062,-0.3084568801596355,0.0607786324817962,-0.2647996926782198,0.0709880283475564,1.37940898071692,0.0,0,0,,0,1,E004,regulatory_action,medium,1,,,,,,,,,,,,,2164034698.0,21.495240232460137,0.8266164934698628,BSC,3433917640.0,21.956967615732808,-2.5562837798412223,0.6444676590928876,0.9692696091233568,0.9039784103769478,0.9462871071646208,0.286193087838426,0.7322190302080613,0.9631757639070252,0.7741359798032558,97.16200922782276,0.946983546617916,0.9366240097501524,0.8238878732480195,0.9360146252285192,0.9658744667885436,0.9360146252285192,0.6538695917123705,0.9616087751371116,0.8897014015843998,0.9360146252285192,0.732480195003047,0.9689213893967094,1,0,0,0,0,1,1,3,0.35,96.79637851484286,1,0.9625228519195612,event_window_hit_7d,Alert falls within a wider public incident window. This is weak-label evidence only.,high,"False-alert taxonomy is an error-review framework. Non-event-window alerts are not proof of model failure, and event-window hits are not verified fraud ground truth."
2023-06-13,231.07504272460935,245.64219665527344,229.3116912841797,243.8905334472656,243.8905334472656,864407068,BNB,BNB-USD,5.496719491214277,0.0540791328486243,0.0540791328486243,0,0.0498429460400588,0.0310480998754128,20.577554360490453,1.5900373761171611,2.0066640201309234,1.36490508546072,-0.2239459871872221,0.0669583404499984,1.1630680639070798,0.0,0,0,,0,0,,,,0,,,,,,,,,,,,,1948224510.0,21.390184287579135,0.4560781305865289,BSC,3384911771.0,21.942593678569196,-2.360273666675929,0.8966657961173501,0.9251327587707844,0.8819535126664926,0.9145120571080352,0.286193087838426,0.613389048489597,0.9442848437363976,0.8051049011926525,98.65935405240708,0.8957952468007313,0.7574649603900061,0.7940280316879951,0.8668494820231566,0.984156002437538,0.8668494820231566,0.9000609384521633,0.9079829372333944,0.8665447897623401,0.9012797074954296,0.6136502132845826,0.9402803168799512,1,0,1,0,0,0,0,2,0.35,96.79637851484286,1,0.9625228519195612,defi_context_shock_non_event,DeFi or chain-context variables are unusual outside known public incident windows.,low,"False-alert taxonomy is an error-review framework. Non-event-window alerts are not proof of model failure, and event-window hits are not verified fraud ground truth."
2023-08-17,231.87257385253903,232.1050567626953,214.5474395751953,218.5358428955078,218.5358428955078,786294218,BNB,BNB-USD,5.386950041794145,-0.0592214107032376,0.0592214107032376,1,0.0216643530957997,0.0148986155279324,20.48284160477905,1.917712319917867,-3.7628779118124527,4.203378257504146,-0.1170448067256172,0.0803420480360062,4.176482509434898,0.0,0,0,,0,0,,,,0,,,,,,,,,,,,,4193605502.0,22.15682670277025,3.161059591409465,BSC,2945188875.0,21.803438786458628,-2.506688538100399,0.9965178027335247,0.9545573256724994,0.9937320449203448,0.774005397405763,0.286193087838426,0.9948637590319492,0.9588230173239314,0.8469983459562984,99.5734308348568,0.9969530773918344,0.9603900060938452,0.9939061547836684,0.9917733089579523,0.9939061547836684,0.9917733089579523,0.9969530773918344,0.9439366240097502,0.995734308348568,0.6794637416209628,0.9951249238269348,0.9634369287020108,1,1,1,0,0,1,1,5,0.7000000000000001,99.29050230695567,1,0.992078001218769,multi_method_market_stress_non_event,"Multiple methods agree and market stress variables are elevated, but no event-window label is present.",medium_high,"False-alert taxonomy is an error-review framework. Non-event-window alerts are not proof of model failure, and event-window hits are not verified fraud ground truth."
2023-10-23,218.45591735839844,229.98146057128903,218.3049774169922,228.3527679443359,228.3527679443359,611625206,BNB,BNB-USD,5.430891661056715,0.0475560982634153,0.0475560982634153,0,0.0198404845143341,0.0143889663126415,20.231630246016177,1.8985929737466771,3.1171218113786585,3.828623905720995,0.0,0.0511335301928249,3.204881747526768,0.0,0,0,,0,0,,,,0,,,,,,,,,,,,,3754091811.0,22.04611223192407,2.6616968177586497,BSC,2696471677.0,21.71520996944145,-0.2307755117461014,0.9940802646469924,0.9538608862192044,0.9842430573692,0.0438756855575868,0.286193087838426,0.982066684077653,0.2353965352137198,0.6763941847305649,87.94289196482981,0.9890310786106032,0.8628884826325411,0.9872029250457038,0.9731870810481412,0.8610603290676416,0.9731870810481412,0.9939061547836684,0.9421084704448508,0.9853747714808044,0.0514929920780012,0.9823278488726388,0.0920170627666057,0,1,1,0,0,1,0,3,0.3999999999999999,97.4797597283886,1,0.9695307739183425,multi_method_market_stress_non_event,"Multiple methods agree and market stress variables are elevated, but no event-window label is present.",medium_high,"False-alert taxonomy is an error-review framework. Non-event-window alerts are not proof of model failure, and event-window hits are not verified fraud ground truth."
2023-10-24,228.3383026123047,236.7500762939453,223.1171417236328,225.14295959472656,225.14295959472656,658304834,BNB,BNB-USD,5.416735576415127,-0.0141560846415877,0.0141560846415877,1,0.0196909090052606,0.014507676094936,20.305178657086813,1.9202740128903435,-1.1546091656542723,0.327859403456985,-0.0140563584076711,0.0605523468060149,3.207942549850833,0.0,0,0,,0,0,,,,0,,,,,,,,,,,,,4435203573.0,22.212839353345597,2.772045616578211,BSC,2827522998.0,21.76266689996214,1.292266095204015,0.7238617567685209,0.9546443806041612,0.984330112300862,0.5292939845042222,0.286193087838426,0.986332375729085,0.6526508226691042,0.7255541046400279,93.5405240706886,0.9603900060938452,0.95551492992078,0.967702620353443,0.9829372333942716,0.9256550883607556,0.9829372333942716,0.7300426569165143,0.9445460085313832,0.9859841560024376,0.162096282754418,0.9865935405240708,0.5813528336380256,0,1,0,0,0,1,1,3,0.35,96.79637851484286,1,0.9625228519195612,multi_method_market_stress_non_event,"Multiple methods agree and market stress variables are elevated, but no event-window label is present.",medium_high,"False-alert taxonomy is an error-review framework. Non-event-window alerts are not proof of model failure, and event-window hits are not verified fraud ground truth."
2023-11-21,253.64385986328125,269.9175720214844,224.9817047119141,226.4864044189453,226.4864044189453,2480554399,BNB,BNB-USD,5.42268491848112,-0.1132116464821146,0.1132116464821146,1,0.0535178494116932,0.0303195797757586,21.631747920527182,2.6381501124407545,-3.777205769958376,4.083922485317604,-0.1105441681578806,0.1984042592969498,4.655726255564599,0.0,0,0,,0,0,,,,0,,,,,,,,,,,,,4508950203.0,22.22933019263398,1.1579209530166297,BSC,2978551155.0,21.81470282997366,1.200268292791728,0.9959954731435536,0.9874640898406896,0.9962566379385392,0.7615565421781144,0.286193087838426,0.8230173239314007,0.6121702794463306,0.8250953251501698,99.18168364237832,0.992078001218769,0.9463741620962828,0.995734308348568,0.9890310786106032,0.987812309567337,0.9890310786106032,0.9963436928702012,0.9811090798293725,0.9975624619134674,0.6611822059719683,0.8232784887263863,0.5362583790371724,1,1,1,0,0,0,1,4,0.65,98.87699138156177,1,0.9859841560024375,multi_method_market_stress_non_event,"Multiple methods agree and market stress variables are elevated, but no event-window label is present.",medium_high,"False-alert taxonomy is an error-review framework. Non-event-window alerts are not proof of model failure, and event-window hits are not verified fraud ground truth."
2023-12-26,267.0721740722656,302.70758056640625,265.0900573730469,297.6932373046875,297.6932373046875,1941843757,BNB,BNB-USD,5.69606355128634,0.1085401581279699,0.1085401581279699,0,0.0432817543624104,0.0268965353913647,21.386903749407978,2.3652832374882222,3.7267277840463713,4.245606601717832,0.0,0.126363378402372,4.110393452444873,0.0,0,0,,0,0,,,,0,,,,,,,,,,,,,5478396870.0,22.424078353319317,1.1975429587064683,BSC,3166117021.0,21.875771759819433,1.5862497443945978,0.9966048576651868,0.9780621572212066,0.992861495603726,0.0438756855575868,0.286193087838426,0.8333768607991643,0.7769652650822669,0.7025010881866457,90.98110907982937,0.9865935405240708,0.9274832419256552,0.9945155393053016,0.9859841560024376,0.8982327848872639,0.9859841560024376,0.9975624619134674,0.9695307739183424,0.9945155393053016,0.0514929920780012,0.8336380255941499,0.7263863497867155,0,1,1,0,0,0,0,2,0.35,96.79637851484286,1,0.9625228519195612,multi_method_market_stress_non_event,"Multiple methods agree and market stress variables are elevated, but no event-window label is present.",medium_high,"False-alert taxonomy is an error-review framework. Non-event-window alerts are not proof of model failure, and event-window hits are not verified fraud ground truth."
2024-02-15,334.21087646484375,365.1331176757813,333.8529968261719,354.7108154296875,354.7108154296875,1744161787,BNB,BNB-USD,5.871302853081522,0.0594256889905295,0.0594256889905295,0,0.0244723688580654,0.0207065065236494,21.279539926479107,3.0248705928484765,2.679928122980338,3.2220056199477916,0.0,0.0881848522484929,3.504011721333927,0.0,0,0,,0,0,,,,0,,,,,,,,,,,,,4308563758.0,22.183870450956324,1.2106353028362875,BSC,3724240796.0,22.03812885511936,1.9141770453763176,0.9865064855924088,0.9952990336902584,0.9879864194306608,0.0438756855575868,0.286193087838426,0.8382519369722294,0.868024723600592,0.7073012971184817,91.54696613563158,0.9817184643510056,0.8110907982937233,0.9768433881779404,0.95551492992078,0.903107861060329,0.95551492992078,0.9859841560024376,0.9926873857404022,0.9896404631322364,0.0514929920780012,0.8385131017672152,0.8543570993296771,0,1,1,0,0,0,1,3,0.4499999999999999,97.83668494820232,1,0.9722730042656916,multi_method_market_stress_non_event,"Multiple methods agree and market stress variables are elevated, but no event-window label is present.",medium_high,"False-alert taxonomy is an error-review framework. Non-event-window alerts are not proof of model failure, and event-window hits are not verified fraud ground truth."
2024-02-21,354.8638610839844,379.0655212402344,351.4012451171875,378.5373229980469,378.5373229980469,2264483250,BNB,BNB-USD,5.936314675672751,0.0645802776567006,0.0645802776567006,0,0.0328749157893423,0.0220914017385452,21.540612424598457,2.865640507244275,2.5995592475575826,3.089223549573398,0.0,0.0730820303370445,2.28196416225814,0.0,0,0,,0,0,,,,0,,,,,,,,,,,,,4531421257.0,22.234301470722016,1.379904959042434,BSC,4179168400.0,22.153378116561285,2.7225138858343305,0.9837207277792288,0.9932097153303736,0.9620440497954208,0.0438756855575868,0.286193087838426,0.8790806999216506,0.9744058500914076,0.7090032210324715,91.75589797162009,0.9744058500914076,0.7464960390006093,0.9701401584399756,0.9277879341864717,0.9055453991468616,0.9277879341864717,0.9823278488726388,0.9884216940889702,0.9591712370505788,0.0514929920780012,0.8793418647166362,0.9774527726995734,0,0,1,0,0,1,1,3,0.3,95.96500391747192,1,0.9542961608775137,multi_method_market_stress_non_event,"Multiple methods agree and market stress variables are elevated, but no event-window label is present.",medium_high,"False-alert taxonomy is an error-review framework. Non-event-window alerts are not proof of model failure, and event-window hits are not verified fraud ground truth."
2024-03-05,419.0164489746094,427.0828857421875,363.22064208984375,394.6617431640625,394.6617431640625,3319029162,BNB,BNB-USD,5.978029051606969,-0.0599264253802225,0.0599264253802225,1,0.0374292256887812,0.0267031933307094,21.92293815632838,2.1990171818660955,-2.566961427980266,2.200901486307163,-0.0581661738992187,0.1618151360209138,4.059567192797012,0.0,0,0,,0,0,,,,0,,,,,,,,,,,,,13802678591.0,23.348128511143997,2.68400608813542,BSC,4739404635.0,22.279177360545116,1.832490547945837,0.9561243144424132,0.9717942021415512,0.992078001218769,0.6462087577261252,0.286193087838426,0.982676068599286,0.8495690780882738,0.8118412118046487,98.88569687472796,0.9829372333942716,0.878732480195003,0.9884216940889702,0.9750152346130408,0.9853747714808044,0.9750152346130408,0.9542961608775136,0.964046313223644,0.9939061547836684,0.413162705667276,0.9829372333942716,0.8275441803778184,1,1,1,0,0,1,1,5,0.7000000000000001,99.29050230695567,1,0.992078001218769,multi_method_market_stress_non_event,"Multiple methods agree and market stress variables are elevated, but no event-window label is present.",medium_high,"False-alert taxonomy is an error-review framework. Non-event-window alerts are not proof of model failure, and event-window hits are not verified fraud ground truth."
2024-06-04,626.4329833984375,687.40380859375,625.2649536132812,686.201416015625,686.201416015625,3416994948,BNB,BNB-USD,6.531171193983318,0.0911293952037723,0.0911293952037723,0,0.0354738394607826,0.0248650026771841,21.952027331881222,2.4530788631895892,3.4673290706517865,3.956955347065795,0.0,0.0905548335083205,3.2326563457307973,0.0,0,0,,0,0,,,,0,,,,,,,,,,,,,22751414933.0,23.84789317531045,1.9836803626376525,BSC,5086150494.0,22.349787093559684,0.4577348384248597,0.9953860886219204,0.9816314094193436,0.9848524418908332,0.0438756855575868,0.286193087838426,0.9442848437363976,0.3137459737094106,0.68381822930269,88.80473578828241,0.9872029250457038,0.8196221815965874,0.991468616697136,0.962827544180378,0.8720292504570384,0.962827544180378,0.9951249238269348,0.9725776965265084,0.9872029250457038,0.0514929920780012,0.9445460085313832,0.1925655088360755,0,1,1,0,0,0,0,2,0.35,96.79637851484286,1,0.9625228519195612,market_stress_non_event,Market stress variables are elevated outside known public incident windows.,medium,"False-alert taxonomy is an error-review framework. Non-event-window alerts are not proof of model failure, and event-window hits are not verified fraud ground truth."
2024-06-10,673.33544921875,674.3134765625,615.77294921875,624.3868408203125,624.3868408203125,3184376694,BNB,BNB-USD,6.436770113499775,-0.0754436170034562,0.0754436170034562,1,0.0521285430588137,0.0294931951122672,21.881522406661777,1.5038667632307052,-2.61814616823217,2.545752332716149,-0.1211563195029519,0.0937568243219862,2.624434390848898,0.0,0,0,,0,0,,,,0,,,,,,,,,,,,,4813985305.0,22.294791123955314,-0.6116621697406084,BSC,5253144516.0,22.382092689866667,0.7675494434841076,0.9703142683032994,0.9151214416296684,0.9721424218681988,0.7813180116653609,0.286193087838426,0.2401410289892922,0.4240445721250109,0.7670901889092017,96.77896752851048,0.9549055453991468,0.8897014015843998,0.946983546617916,0.9609993906154785,0.9616087751371116,0.9609993906154785,0.9737964655697744,0.898842169408897,0.9707495429616088,0.6898232784887264,0.2864107251675807,0.3168799512492383,1,1,0,0,0,0,1,3,0.5,98.24584312701316,1,0.9780621572212066,multi_method_market_stress_non_event,"Multiple methods agree and market stress variables are elevated, but no event-window label is present.",medium_high,"False-alert taxonomy is an error-review framework. Non-event-window alerts are not proof of model failure, and event-window hits are not verified fraud ground truth."
2024-07-04,556.4862060546875,556.8927612304688,512.42236328125,513.9945068359375,513.9945068359375,2056945763,BNB,BNB-USD,6.242212578308442,-0.0795943109283028,0.0795943109283028,1,0.0341117661980255,0.026582826197699,21.444488080716393,0.3471710301890183,-2.6318630138179007,3.1262705170422245,-0.2765369245298401,0.086519208586432,2.3882294402839586,0.0,0,0,,0,0,,,,0,,,,,,,,,,,,,7278069187.0,22.70813144254901,0.6417142878257811,BSC,4556450354.0,22.23980972641698,-1.3302688526753006,0.984156002437538,0.6376773744232611,0.9650909724035868,0.9522068425176288,0.286193087838426,0.6682336554365805,0.6728475668146601,0.7835309480282059,97.67563332462784,0.964046313223644,0.8927483241925656,0.971358927483242,0.9695307739183424,0.9695307739183424,0.9695307739183424,0.9829372333942716,0.664229128580134,0.964046313223644,0.9439366240097502,0.6684948202315661,0.6081657525898843,1,1,0,1,0,0,1,4,0.65,98.87699138156177,1,0.9859841560024375,multi_method_market_stress_non_event,"Multiple methods agree and market stress variables are elevated, but no event-window label is present.",medium_high,"False-alert taxonomy is an error-review framework. Non-event-window alerts are not proof of model failure, and event-window hits are not verified fraud ground truth."
2024-07-05,513.614501953125,515.2207641601562,456.92340087890625,497.9958190917969,497.9958190917969,2865780557,BNB,BNB-USD,6.2105916815914135,-0.0316208967170288,0.0316208967170288,1,0.0344463132840551,0.0263345454990096,21.77610659607972,1.7647258842108542,-0.7717696302492429,0.5470978725505475,-0.2990555695443815,0.1170639612749517,3.04402362834242,0.0,0,0,,0,0,,,,0,,,,,,,,,,,,,9486519354.0,22.97313761253413,1.4593962278515051,BSC,4356440965.0,22.19492126875762,-1.9977129265707745,0.7777487594672238,0.9409767563332464,0.9817184643510056,0.9616087751371116,0.286193087838426,0.8906590058326804,0.8868285888395577,0.8192208583616261,99.0685122312179,0.9731870810481412,0.8829981718464351,0.9603900060938452,0.9673979280926264,0.9872029250457038,0.9673979280926264,0.7763558805606338,0.9244363193174894,0.9817184643510056,0.9585618525289458,0.890920170627666,0.8781230956733699,1,1,0,1,0,0,1,4,0.65,98.87699138156177,1,0.9859841560024375,multi_method_market_stress_non_event,"Multiple methods agree and market stress variables are elevated, but no event-window label is present.",medium_high,"False-alert taxonomy is an error-review framework. Non-event-window alerts are not proof of model failure, and event-window hits are not verified fraud ground truth."
2024-07-08,490.7127990722656,523.1556396484375,472.1614074707031,510.6142578125,510.6142578125,2305009896,BNB,BNB-USD,6.235614428061278,0.0399585361748258,0.0399585361748258,0,0.0532976330642822,0.031946385061763,21.55835080709513,1.1561750620985625,1.5537972412439127,0.6884937094949233,-0.2416416914394451,0.0998684063312225,2.005055875136114,0.0,0,0,,0,0,,,,0,,,,,,,,,,,,,7467666814.0,22.733848446606505,1.2997745365613138,BSC,4181721120.0,22.15398875017212,-2.259928370839776,0.804822843214068,0.860799164272656,0.947592931139549,0.92957256028554,0.286193087838426,0.8638460868808218,0.9321842082353964,0.7997632105858796,98.39818925742144,0.9085923217550276,0.7672151127361365,0.8799512492382694,0.8964046313223644,0.9792809262644728,0.8964046313223644,0.8049969530773918,0.8519195612431444,0.9445460085313832,0.9189518586227908,0.8641072516758075,0.926873857404022,1,0,0,1,0,0,0,2,0.35,96.79637851484286,1,0.9625228519195612,market_stress_non_event,Market stress variables are elevated outside known public incident windows.,medium,"False-alert taxonomy is an error-review framework. Non-event-window alerts are not proof of model failure, and event-window hits are not verified fraud ground truth."
2024-08-05,497.0390930175781,499.3894348144531,407.5245971679687,464.6269226074219,464.6269226074219,4703145244,BNB,BNB-USD,6.14123476658555,-0.0674339144007571,0.0674339144007571,1,0.0339873126367201,0.0320557068214618,22.271497322911067,4.405220782524666,-1.9713315792155983,1.993531471580917,-0.2280036569300649,0.1977174226817329,4.292596979732654,0.0,0,0,,0,0,,,,0,,,,,,,,,,,,,18224217405.0,23.626017173233283,4.169908207502609,BSC,4163599967.0,22.14964591391993,-1.9708725160910083,0.9451553930530164,0.9999129450683382,0.994167319578654,0.9192130234177768,0.286193087838426,0.9997388352050144,0.882388787324802,0.8665003917471924,99.74754069818054,0.995734308348568,0.9865935405240708,0.9926873857404022,0.9963436928702012,0.9969530773918344,0.9963436928702012,0.942717854966484,1.0,0.9963436928702012,0.9055453991468616,1.0,0.8726386349786716,1,1,1,1,0,1,1,6,0.8500000000000001,99.80847915034389,1,0.9981718464351006,multi_method_market_stress_non_event,"Multiple methods agree and market stress variables are elevated, but no event-window label is present.",medium_high,"False-alert taxonomy is an error-review framework. Non-event-window alerts are not proof of model failure, and event-window hits are not verified fraud ground truth."
2024-10-01,567.2600708007812,582.4347534179688,538.4796142578125,547.9971313476562,547.9971313476562,2124076272,BNB,BNB-USD,6.306270052167264,-0.0345478250605761,0.0345478250605761,1,0.0259500646302275,0.0233240670537359,21.47660284975668,1.619481568548092,-1.5766523088579585,1.214725270969956,-0.0984917302864771,0.0802105278399177,2.715313826433726,0.0,0,0,,0,0,,,,0,,,,,,,,,,,,,7509659579.0,22.73945597280026,2.4111431342486407,BSC,4605898160.0,22.250603528026655,1.004955491242232,0.8818664577348306,0.92817968137895,0.9747540698180552,0.7382258204927309,0.286193087838426,0.96987899364499,0.5283363802559415,0.7843971445982414,97.71045529729258,0.9287020109689214,0.765386959171237,0.947592931139549,0.915295551492992,0.9707495429616088,0.915295551492992,0.8860450944546009,0.9122486288848264,0.9737964655697744,0.6270566727605119,0.9701401584399756,0.4357099329677026,1,0,0,0,0,1,1,3,0.35,96.79637851484286,1,0.9625228519195612,multi_method_market_stress_non_event,"Multiple methods agree and market stress variables are elevated, but no event-window label is present.",medium_high,"False-alert taxonomy is an error-review framework. Non-event-window alerts are not proof of model failure, and event-window hits are not verified fraud ground truth."
2024-11-06,563.612060546875,594.8584594726562,563.284912109375,591.9952392578125,591.9952392578125,2342544855,BNB,BNB-USD,6.383498593057435,0.0491324141368227,0.0491324141368227,0,0.0274149382389756,0.0194081773833191,21.574503720666193,2.5886468810975685,2.4487848237016943,3.244776270096514,-0.0225751211621896,0.0533341237724566,2.168520089441095,0.0,0,0,,0,0,,,,0,,,,,,,,,,,,,12774459413.0,23.270713656211285,3.0580814709813473,BSC,4337809767.0,22.19063539592297,-1.2457138660127254,0.9874640898406896,0.9861582658657612,0.95690780882737,0.5514059371463393,0.286193087838426,0.9905980673805173,0.6325411334552102,0.7874710542352225,97.88456516061636,0.9853747714808044,0.902498476538696,0.9750152346130408,0.9789762340036564,0.9725776965265084,0.9789762340036564,0.9865935405240708,0.9792809262644728,0.9530773918342474,0.2078001218769043,0.9908592321755028,0.5618525289457648,1,1,1,0,0,1,1,5,0.7000000000000001,99.29050230695567,1,0.992078001218769,multi_method_market_stress_non_event,"Multiple methods agree and market stress variables are elevated, but no event-window label is present.",medium_high,"False-alert taxonomy is an error-review framework. Non-event-window alerts are not proof of model failure, and event-window hits are not verified fraud ground truth."
2024-11-11,628.302490234375,664.1434936523438,614.0211791992188,661.88720703125,661.88720703125,3375111971,BNB,BNB-USD,6.495095159292303,0.0520734364432611,0.0520734364432611,0,0.02190584359025,0.0215370110042625,21.939694337609453,2.9607242714116273,2.203951973735545,2.633229641052777,0.0,0.0757263683610651,2.9255309166175443,0.0,0,0,,0,0,,,,0,,,,,,,,,,,,,15961132954.0,23.49342241360399,2.659682814845403,BSC,4927440191.0,22.31808545932236,2.723108209319616,0.9730129711848176,0.9946025942369636,0.979890310786106,0.0438756855575868,0.286193087838426,0.98145729955602,0.9744929050230696,0.7152337424915122,92.50457038391224,0.9847653869591712,0.8007312614259597,0.9561243144424132,0.947592931139549,0.9134673979280926,0.947592931139549,0.9768433881779404,0.9902498476538696,0.9792809262644728,0.0514929920780012,0.9817184643510056,0.9780621572212066,0,0,1,0,0,1,1,3,0.3,95.96500391747192,1,0.9542961608775137,multi_method_market_stress_non_event,"Multiple methods agree and market stress variables are elevated, but no event-window label is present.",medium_high,"False-alert taxonomy is an error-review framework. Non-event-window alerts are not proof of model failure, and event-window hits are not verified fraud ground truth."
2024-11-12,661.8871459960938,666.9176025390625,613.6227416992188,627.0038452148438,627.0038452148438,3603680244,BNB,BNB-USD,6.440952673333165,-0.0541424859591384,0.0541424859591384,1,0.0375530787566404,0.023976766588016,22.0052214505034,2.7260289955846724,-2.386198861560117,2.4037392483031756,-0.0527028796535711,0.084999256777416,2.888911560542803,0.0,0,0,,0,0,,,,0,,,,,,,,,,,,,18605314462.0,23.646713100671494,2.68790893911897,BSC,5124614483.0,22.357321136507373,3.109103943717376,0.9650909724035868,0.990685122312179,0.9794550361277966,0.6300165404370157,0.286193087838426,0.9832854531209192,0.989988682858884,0.8190789588230173,99.05980673805172,0.9859841560024376,0.8001218769043267,0.9549055453991468,0.9466788543570992,0.9865935405240708,0.9466788543570992,0.9646556977452772,0.9829372333942716,0.9786715417428398,0.3802559414990859,0.9835466179159048,0.9902498476538696,1,0,1,0,0,1,1,4,0.5,98.24584312701316,1,0.9780621572212066,multi_method_market_stress_non_event,"Multiple methods agree and market stress variables are elevated, but no event-window label is present.",medium_high,"False-alert taxonomy is an error-review framework. Non-event-window alerts are not proof of model failure, and event-window hits are not verified fraud ground truth."
2024-12-03,647.6990966796875,744.779296875,625.9749755859375,737.6965942382812,737.6965942382812,4177512806,BNB,BNB-USD,6.603532621149602,0.1302679194227591,0.1302679194227591,0,0.0499792255186575,0.0337305320074662,22.15298188413828,2.143849483182444,3.5854967893257093,4.04024407125486,0.0,0.1610476749072368,3.8418836787150887,0.0,0,0,,0,0,,,,0,,,,,,,,,,,,,15647938464.0,23.473605017779708,0.6096086093527846,BSC,5262278389.0,22.383829923904315,0.7432171466546367,0.995647253416906,0.9685731696700618,0.9907721772438408,0.0438756855575868,0.286193087838426,0.6597022721337163,0.4137720901889092,0.6733629320100982,87.49020632018804,0.987812309567337,0.9079829372333944,0.992078001218769,0.984156002437538,0.8580134064594759,0.984156002437538,0.995734308348568,0.9609993906154785,0.992078001218769,0.0514929920780012,0.659963436928702,0.3046922608165752,0,1,1,0,0,0,0,2,0.35,96.79637851484286,1,0.9625228519195612,market_stress_non_event,Market stress variables are elevated outside known public incident windows.,medium,"False-alert taxonomy is an error-review framework. Non-event-window alerts are not proof of model failure, and event-window hits are not verified fraud ground truth."
2025-01-19,709.4248046875,713.4689331054688,676.8472900390625,682.2039794921875,682.2039794921875,2841079952,BNB,BNB-USD,6.525328703289413,-0.0391260622709932,0.0391260622709932,1,0.0222023329660478,0.023422442782064,21.767450081977906,1.9665183213096264,-1.6790670396680971,1.4054951858402638,-0.0647053748670243,0.0536813682817656,0.9906714982787757,0.0,0,0,,0,0,,,,0,,,,,,,,,,,,,44819611698.0,24.52591164171629,2.957942226423091,BSC,5668702438.0,22.45822608175945,0.8998830508710663,0.9006703229737965,0.956994863759032,0.8621920431792461,0.6614433707669539,0.286193087838426,0.9887699138156176,0.4768869156437712,0.758010794811526,96.01288412988596,0.915295551492992,0.716636197440585,0.8092626447288239,0.8634978671541743,0.9536867763558804,0.8634978671541743,0.9037172455819622,0.947592931139549,0.8476538695917124,0.4606946983546618,0.9890310786106032,0.3796465569774527,1,0,1,0,0,1,0,3,0.3999999999999999,97.4797597283886,1,0.9695307739183425,multi_method_consensus_non_event,"Multiple methods agree, but the alert is outside known public incident windows.",medium,"False-alert taxonomy is an error-review framework. Non-event-window alerts are not proof of model failure, and event-window hits are not verified fraud ground truth."
2025-02-02,653.4325561523438,662.6337280273438,602.7611694335938,617.6006469726562,617.6006469726562,2282982721,BNB,BNB-USD,6.425842046269371,-0.0563978378591727,0.0563978378591727,1,0.0290590897918486,0.0210841263403872,21.5487486363533,1.0479853012380145,-2.44638002780477,2.878259663948304,-0.1532758779534665,0.0969438080857464,3.2970560946371825,0.0,0,0,,0,0,,,,0,,,,,,,,,,,,,22002359549.0,23.814415536826345,0.6107379856838071,BSC,5408284866.0,22.411197849410737,-1.0353453825688526,0.9785844868111778,0.83781666231392,0.985548881344128,0.8376425524505964,0.286193087838426,0.6609210411769827,0.5400017410986332,0.7943832158091756,98.18925742143291,0.9518586227909812,0.8147471054235222,0.9707495429616088,0.9445460085313832,0.9768433881779404,0.9445460085313832,0.979890310786106,0.8336380255941499,0.987812309567337,0.7885435709932967,0.6611822059719683,0.4509445460085314,1,0,0,0,0,0,1,2,0.3,95.96500391747192,1,0.9542961608775137,multi_method_market_stress_non_event,"Multiple methods agree and market stress variables are elevated, but no event-window label is present.",medium_high,"False-alert taxonomy is an error-review framework. Non-event-window alerts are not proof of model failure, and event-window hits are not verified fraud ground truth."
2025-02-03,617.6006469726562,619.1079711914062,519.1922607421875,617.1207885742188,617.1207885742188,3960962742,BNB,BNB-USD,6.425064772288727,-0.0007772739806437,0.0007772739806437,1,0.0264393376875458,0.0210762192183025,22.099752949583863,2.9711002840348533,0.1933893942836065,-1.1154306208662512,-0.1539337588723341,0.1619062463931277,4.126305739942812,0.0,0,0,,0,0,,,,0,,,,,,,,,,,,,28777581691.0,24.08286250749501,1.1125852908492342,BSC,5103858346.0,22.353262629273047,-2.823935239568292,0.312744841995299,0.9949508139636112,0.9931226603987116,0.8388613214938626,0.286193087838426,0.8132671715852703,0.981283189692696,0.7074466788543571,91.56437712196396,0.9908592321755028,0.9987812309567335,0.9908592321755028,0.9981718464351006,0.9037172455819622,0.9981718464351006,0.0304692260816575,0.991468616697136,0.9951249238269348,0.7897623400365631,0.8135283363802559,0.9817184643510056,0,1,0,0,0,1,1,3,0.35,96.79637851484286,1,0.9625228519195612,multi_method_market_stress_non_event,"Multiple methods agree and market stress variables are elevated, but no event-window label is present.",medium_high,"False-alert taxonomy is an error-review framework. Non-event-window alerts are not proof of model failure, and event-window hits are not verified fraud ground truth."
2025-02-04,617.1207885742188,619.3443603515625,559.2634887695312,573.3278198242188,573.3278198242188,2336864401,BNB,BNB-USD,6.3514576645074845,-0.0736071077812425,0.0736071077812425,1,0.0348319992205204,0.0245344281902059,21.572075868569023,0.7893295400334323,-2.711089773182086,3.1878657177045726,-0.2139734677010342,0.1047932256286672,1.9723338945989055,0.0,0,0,,0,0,,,,0,,,,,,,,,,,,,17654949335.0,23.594281996653994,0.0146103583418462,BSC,5144822583.0,22.361256722450303,-2.2382834938556906,0.985722991207452,0.77618177069731,0.9452424479846784,0.9062418386001568,0.286193087838426,0.4848089144250022,0.9280055715156263,0.8005467049708366,98.44171672325236,0.962827544180378,0.8574040219378428,0.9744058500914076,0.9616087751371116,0.9804996953077392,0.9616087751371116,0.9847653869591712,0.7836684948202316,0.9402803168799512,0.8884826325411335,0.4850700792199878,0.9244363193174894,1,1,0,0,0,0,1,3,0.5,98.24584312701316,1,0.9780621572212066,multi_method_consensus_non_event,"Multiple methods agree, but the alert is outside known public incident windows.",medium,"False-alert taxonomy is an error-review framework. Non-event-window alerts are not proof of model failure, and event-window hits are not verified fraud ground truth."
2025-02-12,642.5872802734375,704.7020263671875,627.5713500976562,698.037353515625,698.037353515625,3007130370,BNB,BNB-USD,6.548272616395858,0.0827699640689898,0.0827699640689898,0,0.0318968966138486,0.0309065361518015,21.82425209584935,1.6924920143451112,2.6628713625318707,2.8077291426294533,-0.0328550311369993,0.1104964883054854,1.827180134546303,0.0,0,0,,0,0,,,,0,,,,,,,,,,,,,13220903889.0,23.30506504195245,-0.6748287296982519,BSC,5250393003.0,22.381568768652993,-0.5036015070631998,0.9764081135196307,0.9349699660485766,0.9381909985200662,0.5787411856881692,0.286193087838426,0.2401410289892922,0.3297640811351963,0.7247144598241488,93.41864716636198,0.9530773918342474,0.8507007921998782,0.9579524680073126,0.9542961608775136,0.9219987812309568,0.9542961608775136,0.9792809262644728,0.919561243144424,0.9317489335770872,0.2711761121267519,0.2644728823887873,0.2084095063985374,0,1,1,0,0,0,1,3,0.4499999999999999,97.83668494820232,1,0.9722730042656916,multi_method_consensus_non_event,"Multiple methods agree, but the alert is outside known public incident windows.",medium,"False-alert taxonomy is an error-review framework. Non-event-window alerts are not proof of model failure, and event-window hits are not verified fraud ground truth."
2025-02-13,698.037353515625,730.834716796875,660.646728515625,668.2775268554688,668.2775268554688,5139846836,BNB,BNB-USD,6.504703546621775,-0.0435690697740831,0.0435690697740831,1,0.0417110696783295,0.0317954117285316,22.36028911772048,3.07205699621922,-1.3237435365327948,0.9522816338703326,-0.0740878770350675,0.1050282037935862,1.535427743537024,0.0,0,0,,0,0,,,,0,,,,,,,,,,,,,14174543858.0,23.374713506783205,-0.5380857940496395,BSC,5539472152.0,22.435165053924372,0.6149174384766884,0.8488726386349786,0.995734308348568,0.918342474101158,0.6824236092974667,0.286193087838426,0.2401410289892922,0.3682423609297466,0.7246082528075214,93.4012361800296,0.9335770871419866,0.9737964655697744,0.8647166361974405,0.9564290067032296,0.9213893967093236,0.9564290067032296,0.8488726386349786,0.9932967702620352,0.9116392443631932,0.5155393053016454,0.3120048750761731,0.2577696526508227,0,1,0,0,0,0,1,2,0.3,95.96500391747192,1,0.9542961608775137,multi_method_market_stress_non_event,"Multiple methods agree and market stress variables are elevated, but no event-window label is present.",medium_high,"False-alert taxonomy is an error-review framework. Non-event-window alerts are not proof of model failure, and event-window hits are not verified fraud ground truth."
2025-05-09,628.6528930664062,667.8003540039062,623.8834838867188,666.8784790039062,666.8784790039062,2418287835,BNB,BNB-USD,6.502607838917996,0.0590117776373171,0.0590117776373171,0,0.0277344734276962,0.0176612381302917,21.60632562092955,3.2011502070564433,3.0855713540012357,3.469795885135248,0.0,0.0658543820199215,3.8467474563227295,0.0,0,0,,0,0,,,,0,,,,,,,,,,,,,16337968996.0,23.516757622263604,2.5503290681943036,BSC,6184532306.0,22.545317222631812,1.7188202347615713,0.990685122312179,0.9963436928702012,0.9908592321755028,0.0438756855575868,0.286193087838426,0.978410376947854,0.8165752589884216,0.713361190911465,92.27822756159136,0.9932967702620352,0.8726386349786716,0.9847653869591712,0.975624619134674,0.9122486288848264,0.975624619134674,0.9896404631322364,0.9963436928702012,0.9926873857404022,0.0514929920780012,0.9786715417428398,0.7830591102985984,0,1,1,0,0,1,1,4,0.5,98.24584312701316,1,0.9780621572212066,multi_method_market_stress_non_event,"Multiple methods agree and market stress variables are elevated, but no event-window label is present.",medium_high,"False-alert taxonomy is an error-review framework. Non-event-window alerts are not proof of model failure, and event-window hits are not verified fraud ground truth."
2025-05-12,650.6254272460938,690.3782348632812,648.9622802734375,660.4843139648438,660.4843139648438,2609669556,BNB,BNB-USD,6.492973374951902,0.0150392789126145,0.0150392789126145,0,0.0272696139278323,0.0179230772550638,21.68248944375232,2.6385247476101035,0.6515402615009976,0.2271359123249131,-0.0095882012096315,0.0627054325351445,2.762308469680874,0.0,0,0,,0,0,,,,0,,,,,,,,,,,,,20219849372.0,23.72993060110446,2.451541628090194,BSC,6157126496.0,22.5408760278975,1.3273948006783047,0.6947854095934535,0.9875511447723514,0.9762340036563072,0.5099677896752851,0.286193087838426,0.9729259162531556,0.6712805780447463,0.7204056759815444,92.98337250805258,0.9634369287020108,0.8994515539305301,0.9506398537477148,0.9664838513101768,0.9171237050578916,0.9664838513101768,0.6971358927483242,0.9817184643510056,0.9750152346130408,0.1425959780621572,0.9731870810481412,0.6069469835466179,0,1,0,0,0,1,1,3,0.35,96.79637851484286,1,0.9625228519195612,multi_method_market_stress_non_event,"Multiple methods agree and market stress variables are elevated, but no event-window label is present.",medium_high,"False-alert taxonomy is an error-review framework. Non-event-window alerts are not proof of model failure, and event-window hits are not verified fraud ground truth."
2021-01-11,38346.53125,38346.53125,30549.599609375,35566.65625,35566.65625,123320567399,BTC,BTC-USD,10.479163855744469,-0.0755139006037257,0.0755139006037257,1,0.0612240440151668,,25.538053040991727,1.8497145475616992,-1.6527560963711652,0.8859501205996025,-0.1282171481401904,0.2192202602859244,2.101037181092836,0.0,0,0,,0,0,,,,0,1211948.0,333441.0,655932811964.7596,18597727.69238421,14.00774036551812,0.1699857892594284,12.71722421616971,-0.1995440083716074,27.209324199861232,-0.0231476463699362,16.738550017914314,1.479980259552338,2394135397.0,21.596287999709293,2.082705290746215,,,,0.0,0.8385131017672152,0.949769304431096,0.9534256115608948,0.7952468007312614,0.286193087838426,0.9528162270392616,0.0789152955514929,0.7618459998258902,96.37851484286584,0.92260816575259,0.9670932358318098,0.971358927483242,0.9792809262644728,0.9585618525289458,0.9792809262644728,0.8543570993296771,0.9609993906154785,0.9585618525289458,0.7422303473491774,0.9530773918342474,0.0268129189518586,1,1,0,0,0,1,1,4,0.55,98.61582658657612,1,0.9868982327848873,multi_method_market_stress_non_event,"Multiple methods agree and market stress variables are elevated, but no event-window label is present.",medium_high,"False-alert taxonomy is an error-review framework. Non-event-window alerts are not proof of model failure, and event-window hits are not verified fraud ground truth."
2021-01-21,35549.3984375,35552.6796875,30250.75,30825.69921875,30825.69921875,75643067688,BTC,BTC-USD,10.336104011270818,-0.1425281308183592,0.1425281308183592,1,0.0538002681143582,0.0617179139707539,25.04929163635267,0.4040903278536832,-2.348423696209594,2.6616165666626173,-0.2444238843651608,0.1719970616035549,1.4743919247681088,0.0,0,0,,0,0,,,,0,1059467.0,288464.0,577236765327.8912,18606765.19154805,13.873277453308464,-1.1371597673275522,12.572329040413058,-1.183019791976771,27.081518357813625,-1.556911786062683,16.739035846272948,1.5578680514501586,1655814123.0,21.2275586426483,1.0587762908613538,,,,0.0,0.9737964655697744,0.65569774527727,0.9119874640898408,0.9316618786454252,0.286193087838426,0.7907199442848437,0.0789152955514929,0.7476664925568033,95.31644467659092,0.9542961608775136,0.902498476538696,0.9256550883607556,0.9622181596587448,0.9494210847044484,0.9622181596587448,0.971358927483242,0.6489945155393053,0.91102985984156,0.9414990859232176,0.7909811090798293,0.0268129189518586,0,1,0,1,0,0,1,3,0.4499999999999999,97.83668494820232,1,0.9747105423522242,multi_method_market_stress_non_event,"Multiple methods agree and market stress variables are elevated, but no event-window label is present.",medium_high,"False-alert taxonomy is an error-review framework. Non-event-window alerts are not proof of model failure, and event-window hits are not verified fraud ground truth."
2021-02-23,54204.9296875,54204.9296875,45290.58984375,48824.42578125,48824.42578125,106102492824,BTC,BTC-USD,10.795985994923033,-0.1045852445010098,0.1045852445010098,1,0.0642203770148494,0.052569250112427,25.387671377342183,1.8915020288757205,-2.2516646732042607,1.7453816793834431,-0.1514690270196804,0.182579512223846,2.4126517325347487,0.0,0,0,,0,0,,,,0,1054613.0,288011.0,905007959206.9448,18636714.27512617,13.868685381165816,-1.207991618925262,12.570757424916716,-1.2663175529780952,27.531209575312577,0.7033872127636318,16.74064413254771,1.6091613277992036,5372439705.0,22.404547963709728,2.6383578306169055,,,,0.0,0.9292243405588928,0.9530773918342474,0.966222686515191,0.8339862453207975,0.286193087838426,0.9808479150343868,0.0789152955514929,0.7930760860102726,98.1370244624358,0.9689213893967094,0.8019500304692261,0.8939670932358318,0.9207800121876905,0.9768433881779404,0.9207800121876905,0.9329677026203534,0.9634369287020108,0.9689213893967094,0.8086532602071907,0.9811090798293725,0.0268129189518586,1,0,1,0,0,1,1,4,0.5,98.24584312701316,1,0.9814137720901889,multi_method_market_stress_non_event,"Multiple methods agree and market stress variables are elevated, but no event-window label is present.",medium_high,"False-alert taxonomy is an error-review framework. Non-event-window alerts are not proof of model failure, and event-window hits are not verified fraud ground truth."
2021-04-16,63258.50390625,63594.72265625,60222.53125,61572.7890625,61572.7890625,84293007468,BTC,BTC-USD,11.027975315929147,-0.0278866218745683,0.0278866218745683,1,0.0276087127249772,0.0265782157598304,25.15756475034064,2.3460302293827873,-1.1055067092005328,0.4796370709268923,-0.0304025648209973,0.0547675597872792,0.4826883168941427,0.0,0,0,,0,0,,,,0,933121.0,218612.0,1150423144089.1687,18684463.25551931,13.746291232267074,-2.763006810947183,12.295058322306756,-2.7196781420243257,27.771150942008955,1.271548529803229,16.74320294805391,1.6139105687917537,3899570182.0,22.08413217452132,0.8711959271369936,Bitcoin,76436571.0,18.15197183070019,1.8047109105927917,0.763297640811352,0.9774527726995734,0.771132584660921,0.571776791155219,0.286193087838426,0.7444067206407243,0.8423435187603378,0.7049952119787586,91.35544528597543,0.9664838513101768,0.9945155393053016,0.8452163315051797,0.9695307739183424,0.9043266301035954,0.9695307739183424,0.773308957952468,0.9847653869591712,0.7739183424741012,0.307739183424741,0.7446678854357099,0.8226691042047533,0,1,0,0,0,0,1,2,0.3,95.96500391747192,1,0.9546008531383303,multi_method_market_stress_non_event,"Multiple methods agree and market stress variables are elevated, but no event-window label is present.",medium_high,"False-alert taxonomy is an error-review framework. Non-event-window alerts are not proof of model failure, and event-window hits are not verified fraud ground truth."
2021-04-18,60701.88671875,61057.45703125,52829.53515625,56216.18359375,56216.18359375,97468872758,BTC,BTC-USD,10.936959958729622,-0.0764724310981197,0.0764724310981197,1,0.040140094159622,0.0300545839912518,25.30279891022404,2.6945855362337707,-2.5031962159939396,2.6518520302174413,-0.1147539642434575,0.1463621567493735,3.964636007595068,0.0,0,0,,0,0,,,,0,1057891.0,276174.0,1053684397565.066,18685807.00551931,13.87178880679484,-0.6616842148340362,12.528790001740475,-0.3275368413903062,27.68331408815942,-0.5337797654876342,16.743274863505377,1.574393830554992,5734574197.0,22.46977933856386,2.0262742144307273,Bitcoin,72032678.0,18.092630449010223,0.8067293716220328,0.9734482458431272,0.9895534082005746,0.9918168364237834,0.7686950465743885,0.286193087838426,0.9491599199094628,0.4365804822843214,0.8185244189083312,99.03369025855314,0.9811090798293725,0.8671541742839732,0.9792809262644728,0.9719683120048752,0.9908592321755028,0.9719683120048752,0.9695307739183424,0.9926873857404022,0.9951249238269348,0.6971358927483242,0.9494210847044484,0.3497867154174284,1,1,1,0,0,0,1,4,0.65,98.87699138156177,1,0.9887263863497867,multi_method_market_stress_non_event,"Multiple methods agree and market stress variables are elevated, but no event-window label is present.",medium_high,"False-alert taxonomy is an error-review framework. Non-event-window alerts are not proof of model failure, and event-window hits are not verified fraud ground truth."
2021-04-26,49077.79296875,54288.00390625,48852.796875,54021.75390625,54021.75390625,58284039825,BTC,BTC-USD,10.89714209453983,0.0974797068019555,0.0974797068019555,0,0.0489807983543752,0.0330279864444054,24.7885941334071,-0.2599075590255489,2.9872473629738963,3.207915094515717,-0.1493100307961826,0.1006114507256155,1.8079825914826153,0.0,0,0,,0,0,,,,0,943203.0,241837.0,1008313501251.2382,18692081.63110839,13.75703786907841,-1.3320120735406442,12.396023359488613,-0.9542078742628924,27.639300250370223,-0.9299625579636612,16.743610603459725,1.5857953498910475,5206745486.0,22.37322083092353,0.8693826262525027,Bitcoin,59603797.0,17.903229854837452,-2.198230644263853,0.9860712109340994,0.2590319491599199,0.9366240097501524,0.8303299381909985,0.286193087838426,0.743187951597458,0.9212152868459998,0.704900322103247,91.32932880647688,0.9390615478366848,0.870810481413772,0.9616087751371116,0.9585618525289458,0.9037172455819622,0.9585618525289458,0.987812309567337,0.4113345521023766,0.9445460085313832,0.8025594149908593,0.7434491163924436,0.9201706276660572,0,1,0,0,0,0,1,2,0.3,95.96500391747192,1,0.9546008531383303,multi_method_consensus_non_event,"Multiple methods agree, but the alert is outside known public incident windows.",medium,"False-alert taxonomy is an error-review framework. Non-event-window alerts are not proof of model failure, and event-window hits are not verified fraud ground truth."
2021-05-10,58250.87109375,59519.35546875,54071.45703125,55859.796875,55859.796875,71776546298,BTC,BTC-USD,10.930600203169606,-0.0415955411597153,0.0415955411597153,1,0.0471469653621192,0.0395633138562739,24.996823606420534,0.7414069799412368,-0.9940342259588772,0.4764727835298331,-0.1203660479852074,0.0975280746131427,1.3989040221195732,0.0,0,0,,0,0,,,,0,1315147.0,305887.0,1045734857476.9222,18706262.79793575,14.08945976478952,1.4146806445583575,12.630974300863487,0.8693111573098683,27.67574096710452,-0.1705684702066221,16.744368988193873,1.8033249856497249,9653036452.0,22.99053836114472,2.0124355499740085,Bitcoin,73888688.0,18.118070316017093,0.9405928877559196,0.7623400365630713,0.7613824323147906,0.905284234351876,0.7797510228954471,0.286193087838426,0.9479411508661966,0.4955166710194132,0.7203099155567162,92.9659615217202,0.8531383302864107,0.995734308348568,0.9689213893967094,0.9707495429616088,0.9329677026203534,0.9707495429616088,0.7714808043875686,0.7714808043875686,0.902498476538696,0.712370505789153,0.9482023156611822,0.4296160877513711,0,1,0,0,0,0,1,2,0.3,95.96500391747192,1,0.9546008531383303,multi_method_consensus_non_event,"Multiple methods agree, but the alert is outside known public incident windows.",medium,"False-alert taxonomy is an error-review framework. Non-event-window alerts are not proof of model failure, and event-window hits are not verified fraud ground truth."
2021-05-12,56714.53125,57939.36328125,49150.53515625,49150.53515625,49150.53515625,75215403907,BTC,BTC-USD,10.80264301374086,-0.1429671467730369,0.1429671467730369,1,0.0581158723474513,0.0472831151332093,25.04362188612765,0.8704974787251998,-2.88428185834762,3.295563411380643,-0.2260179610054448,0.1788144950418186,3.3558634357981387,0.0,0,0,,0,0,,,,0,1245595.0,301570.0,953611860142.7772,18708412.79793575,14.03512468819298,0.8656617263163008,12.616760756646707,0.6984294716543447,27.583522570411464,-1.459105150831877,16.744483916352582,1.789650265312983,12025511465.0,23.210296185588803,2.3632888321171257,Bitcoin,73898215.0,18.11819924489632,0.9334485925971644,0.9887699138156176,0.7973361190911465,0.9862453207974232,0.916775485331244,0.286193087838426,0.9650039174719248,0.4916862540262905,0.8164951684512927,99.00757377905458,0.987812309567337,0.9939061547836684,0.9652650822669104,0.9975624619134674,0.9890310786106032,0.9975624619134674,0.9896404631322364,0.8123095673369897,0.9890310786106032,0.931139549055454,0.9652650822669104,0.4241316270566727,1,1,0,1,0,1,1,5,0.7000000000000001,99.29050230695567,1,0.9929920780012188,multi_method_market_stress_non_event,"Multiple methods agree and market stress variables are elevated, but no event-window label is present.",medium_high,"False-alert taxonomy is an error-review framework. Non-event-window alerts are not proof of model failure, and event-window hits are not verified fraud ground truth."
2021-05-19,42944.9765625,43546.1171875,30681.49609375,37002.44140625,37002.44140625,126358098747,BTC,BTC-USD,10.51873917340222,-0.1481070763518861,0.1481070763518861,1,0.0565681499343873,0.0528090484329739,25.562385766454973,2.8466154526301017,-2.546142251528928,2.842694491016959,-0.3707472023447685,0.347669521383988,4.478238457004,0.0,0,0,,0,0,,,,0,1031147.0,264932.0,704442601059.3656,18714012.79793575,13.846183302648292,-0.6221791472124398,12.48723224281274,-0.1803118636151373,27.28067269024676,-3.107100600469049,16.74478320212326,1.574449884419614,24638569992.0,23.9275789379292,3.3847732494386524,Bitcoin,49434203.0,17.716153131231675,-3.1468791081088012,0.977800992426221,0.9931226603987116,0.9950378688952728,0.9832854531209192,0.286193087838426,0.9979106816401148,0.9908592321755028,0.8894820231566118,99.93906154783669,1.0,0.9890310786106032,0.987812309567337,1.0,1.0,1.0,0.9792809262644728,0.9963436928702012,0.9975624619134674,0.9908592321755028,0.9981718464351006,0.9884216940889702,1,1,1,1,0,1,1,6,0.8500000000000001,99.80847915034389,1,0.9981718464351006,multi_method_market_stress_non_event,"Multiple methods agree and market stress variables are elevated, but no event-window label is present.",medium_high,"False-alert taxonomy is an error-review framework. Non-event-window alerts are not proof of model failure, and event-window hits are not verified fraud ground truth."
2021-05-20,36753.66796875,42462.984375,35050.6171875,40782.73828125,40782.73828125,88281943359,BTC,BTC-USD,10.61601418952618,0.0972750161239606,0.0972750161239606,0,0.0757639698341535,0.0563900794170479,25.203801431685765,1.3421641209982007,1.9174500242459147,1.4178636731670275,-0.3064605689725369,0.1817525624783233,1.5710794658518157,0.0,0,0,,0,0,,,,0,943686.0,226451.0,763549093519.3398,18714712.79793575,13.757549822350272,-1.306778232778252,12.330288280917095,-1.4868803861833213,27.361243260153937,-2.0847097832067893,16.744820606547346,1.549542912618044,17315928386.0,23.574892630862703,2.1231192343151655,Bitcoin,53938818.0,17.803360980738354,-1.9701571368704311,0.9025855314703578,0.8943153129624793,0.9219987812309568,0.9643945329502916,0.286193087838426,0.9546443806041612,0.8822146774614782,0.8310063550100114,99.29485505353878,0.9853747714808044,0.9018890920170628,0.8555758683729433,0.9482023156611822,0.9939061547836684,0.9482023156611822,0.9049360146252284,0.903107861060329,0.9238269347958562,0.9731870810481412,0.9549055453991468,0.870810481413772,1,0,1,1,0,1,1,5,0.65,98.87699138156177,1,0.9887263863497867,multi_method_consensus_non_event,"Multiple methods agree, but the alert is outside known public incident windows.",medium,"False-alert taxonomy is an error-review framework. Non-event-window alerts are not proof of model failure, and event-window hits are not verified fraud ground truth."
2021-05-21,40596.94921875,42172.171875,33616.453125,37304.69140625,37304.69140625,82051616861,BTC,BTC-USD,10.526874372689386,-0.0891398168367931,0.0891398168367931,1,0.0773778564336395,0.0578380003080572,25.130614360101884,0.9942948671785504,-1.3290398070943017,1.1512545920928317,-0.3656072264171486,0.2293469916914144,2.067679499074811,0.0,0,0,,0,0,,,,0,942736.0,225921.0,695732487370.7543,18715400.29793575,13.756542625579758,-1.3378330600776986,12.327945085939048,-1.5038844932446749,27.26823106617217,-2.4704738236645434,16.744857341673505,1.5280697370587806,12983925756.0,23.28697794910477,1.2918752090504853,Bitcoin,47484824.0,17.67592074427807,-2.7040618576178894,0.8747279533385566,0.827805345172804,0.9523809523809524,0.9819796291459912,0.286193087838426,0.8620179333159224,0.9737094106381128,0.8214834160355183,99.10333420388264,0.9872029250457038,0.9488117001828154,0.9043266301035954,0.975624619134674,0.992078001218769,0.975624619134674,0.8799512492382694,0.8433881779402803,0.9579524680073126,0.9890310786106032,0.862279098110908,0.9719683120048752,1,1,0,1,0,1,1,5,0.7000000000000001,99.29050230695567,1,0.9929920780012188,multi_method_market_stress_non_event,"Multiple methods agree and market stress variables are elevated, but no event-window label is present.",medium_high,"False-alert taxonomy is an error-review framework. Non-event-window alerts are not proof of model failure, and event-window hits are not verified fraud ground truth."
2021-05-23,37531.44921875,38289.21875,31227.33984375,34770.58203125,34770.58203125,78469274361,BTC,BTC-USD,10.456526964328296,-0.0765456457983333,0.0765456457983333,1,0.0792364066906507,0.0589192128909072,25.08597297571285,0.8876853526172828,-1.08141339997225,0.8069378937562942,-0.4087015562284177,0.2030992434898889,1.552783462932554,0.0,0,0,,0,0,,,,0,957018.0,195260.0,650864282818.4021,18716869.04793575,13.771578523947518,-1.0466605353909542,12.182092404143177,-2.276735554231416,27.20156698248927,-2.315577242070269,16.744935816740497,1.5039370975030086,11659759600.0,23.179409400246268,0.9427509257986382,Bitcoin,46073506.0,17.645748657305514,-2.3475137736296667,0.8260642465395664,0.8016888656742405,0.9202576825977192,0.9875511447723514,0.286193087838426,0.7578131801166537,0.9431531296247933,0.7945590667711325,98.19796291459912,0.9884216940889702,0.9683120048750762,0.947592931139549,0.9896404631322364,0.9780621572212066,0.9896404631322364,0.8348567946374162,0.8165752589884216,0.9207800121876905,0.9981718464351006,0.7580743449116393,0.9421084704448508,1,1,0,1,0,0,1,4,0.65,98.87699138156177,1,0.9887263863497867,multi_method_market_stress_non_event,"Multiple methods agree and market stress variables are elevated, but no event-window label is present.",medium_high,"False-alert taxonomy is an error-review framework. Non-event-window alerts are not proof of model failure, and event-window hits are not verified fraud ground truth."
2021-05-24,34700.36328125,39835.140625,34551.08203125,38705.98046875,38705.98046875,67359584098,BTC,BTC-USD,10.56374940115494,0.1072224368266425,0.1072224368266425,0,0.0957191000287547,0.0628297485584204,24.933311032559164,0.2574978981442689,1.842926795221981,1.4270809197326888,-0.3417773106226501,0.1365178850853858,0.5734774428485644,0.0,0,0,,0,0,,,,0,975836.0,236897.0,723070720338.2714,18717656.29293575,13.791050843251089,-0.8403919921445769,12.375384947730488,-0.7434397545529216,27.306772869451976,-1.5220102612487925,16.744977876574346,1.501050593265714,8830722146.0,22.901502631570413,0.1893576143178579,Bitcoin,52088419.0,17.768453217143858,-1.3672754290400058,0.9035431357186384,0.603987115870114,0.7895011752415775,0.9757987289979976,0.286193087838426,0.5384347523287194,0.6912161573953165,0.726800731261426,93.62757900235049,0.9457647775746496,0.8915295551492992,0.9518586227909812,0.964046313223644,0.9384521633150518,0.964046313223644,0.906764168190128,0.5886654478976234,0.7928092626447288,0.979890310786106,0.538695917123705,0.6514320536258379,0,1,0,0,0,0,1,2,0.3,95.96500391747192,1,0.9546008531383303,multi_method_market_stress_non_event,"Multiple methods agree and market stress variables are elevated, but no event-window label is present.",medium_high,"False-alert taxonomy is an error-review framework. Non-event-window alerts are not proof of model failure, and event-window hits are not verified fraud ground truth."
2021-06-21,35641.14453125,35721.640625,31295.935546875,31676.693359375,31676.693359375,52809038594,BTC,BTC-USD,10.363336464198424,-0.1195217958486782,0.1195217958486782,1,0.0461122217139634,0.054077615707631,24.689948198519424,0.9743875594215226,-2.105564803990985,2.2758788451281697,-0.2160450908521409,0.1397148694756415,1.540119177874858,0.0,0,0,,0,0,,,,0,835557.0,208474.0,594347052677.048,18740156.2929314,13.635855044117438,-0.5795413744023917,12.247574408955186,-0.4256542977676605,27.11072924946119,-2.5936629019331248,16.746179228172164,1.5723639228414972,5808298425.0,22.482553495035955,0.4815882538386802,Bitcoin,50553613.0,17.738544994445935,-0.7296576715388943,0.959084182118917,0.8231914337947245,0.9189518586227908,0.908069992165056,0.286193087838426,0.621920431792461,0.4107251675807434,0.7797362235570644,97.4231740228084,0.9213893967093236,0.7970749542961609,0.8933577087141986,0.903107861060329,0.9701401584399756,0.903107861060329,0.9573430834856794,0.8391224862888482,0.9189518586227908,0.9250457038391224,0.6221815965874467,0.3095673369896404,1,0,0,1,0,0,1,3,0.4499999999999999,97.83668494820232,1,0.9747105423522242,multi_method_consensus_non_event,"Multiple methods agree, but the alert is outside known public incident windows.",medium,"False-alert taxonomy is an error-review framework. Non-event-window alerts are not proof of model failure, and event-window hits are not verified fraud ground truth."
2021-07-21,29796.28515625,32752.326171875,29526.18359375,32110.693359375,32110.693359375,28203024559,BTC,BTC-USD,10.376944380104089,0.0744341723569324,0.0744341723569324,0,0.0383240275654039,0.0354379393622043,24.0626950630399,0.0055449827875399,2.0876093952285335,2.1889746306481856,-0.1047481684847047,0.1004694150331418,1.5530067531783518,0.0,0,0,,0,0,,,,0,815589.0,237007.0,602657114950.0178,18762875.04292917,13.61166705669506,0.2566748459754858,12.375849174821834,0.8614569678613895,27.124614240019124,-0.7123413928670268,16.74739079698439,1.775676550312649,3346472475.0,21.931172635758763,0.5064651529185922,Bitcoin,61208442.0,17.92979569548363,1.3310258913067263,0.9552537651257944,0.5207626012013581,0.9203447375293812,0.7500652911987464,0.286193087838426,0.629842430573692,0.6734569513362932,0.7097989031078611,91.85165839644816,0.8580134064594759,0.992078001218769,0.935405240706886,0.962827544180378,0.9140767824497258,0.962827544180378,0.9542961608775136,0.5076173065204144,0.9213893967093236,0.6508226691042047,0.6301035953686777,0.6307129798903108,0,1,0,0,0,0,1,2,0.3,95.96500391747192,1,0.9546008531383303,multi_method_consensus_non_event,"Multiple methods agree, but the alert is outside known public incident windows.",medium,"False-alert taxonomy is an error-review framework. Non-event-window alerts are not proof of model failure, and event-window hits are not verified fraud ground truth."
2021-07-26,35384.03125,40499.67578125,35287.3125,37337.53515625,37337.53515625,51022126212,BTC,BTC-USD,10.527754404104105,0.0546954286916125,0.0546954286916125,0,0.0347996972876967,0.0322492328843286,24.65552522289993,2.662788886828106,1.542573052042253,1.5168698842071786,0.0,0.1396011616577612,3.831372445366121,0.0,0,0,,0,0,,,,0,958347.0,269826.0,702746127516.1979,18767531.29289095,13.772966247776194,1.5429435683382635,12.505536291877696,1.6039238037008965,27.278261536247857,2.370498838925013,16.74763892910936,1.7192334095209418,5840198088.0,22.488030552560613,3.111376881159143,Bitcoin,75225407.0,18.135999604194488,3.3884115756763045,0.9118133542265168,0.9890310786106032,0.990685122312179,0.0438756855575868,0.286193087838426,0.9936449899886828,0.9960825280752156,0.7043988856968746,91.2509793679812,0.9945155393053016,0.9896404631322364,0.9768433881779404,0.9981718464351006,0.9012797074954296,0.9981718464351006,0.9159049360146252,0.992078001218769,0.9939061547836684,0.0575868372943327,0.9939061547836684,0.9945155393053016,0,1,1,0,0,1,1,4,0.5,98.24584312701316,1,0.9814137720901889,multi_method_market_stress_non_event,"Multiple methods agree and market stress variables are elevated, but no event-window label is present.",medium_high,"False-alert taxonomy is an error-review framework. Non-event-window alerts are not proof of model failure, and event-window hits are not verified fraud ground truth."
2021-09-07,52660.48046875,52853.765625,43285.20703125,46811.12890625,46811.12890625,65210059683,BTC,BTC-USD,10.753876250778571,-0.1172324952972996,0.1172324952972996,1,0.0529250978675118,0.0370816939714152,24.9008795836095,3.725785145372015,-3.2212704950013995,3.5131736240895894,-0.1106216071695616,0.2044077726241815,4.715728441185279,0.0,0,0,,0,0,,,,0,938525.0,277913.0,881313121254.8044,18809612.54258234,13.75206583840759,0.6695662255411029,12.535066992295429,0.9419896272251804,27.504678815464743,-0.5041289878555897,16.749878655748894,1.632048127561582,9966820536.0,23.02252746705075,3.3328027558903752,Bitcoin,113854677.0,18.55043343878228,0.3034100714969727,0.9910333420388264,0.9990423957517194,0.9966048576651868,0.7618177069731,0.286193087838426,0.9973012971184818,0.2580308174458083,0.8172046661443372,99.02498476538696,0.9902498476538696,0.8921389396709324,0.9890310786106032,0.9804996953077392,0.9902498476538696,0.9804996953077392,0.9932967702620352,0.9987812309567335,0.9987812309567335,0.6819012797074955,0.9975624619134674,0.1425959780621572,1,1,1,0,0,1,1,5,0.7000000000000001,99.29050230695567,1,0.9929920780012188,multi_method_market_stress_non_event,"Multiple methods agree and market stress variables are elevated, but no event-window label is present.",medium_high,"False-alert taxonomy is an error-review framework. Non-event-window alerts are not proof of model failure, and event-window hits are not verified fraud ground truth."
2021-11-16,63721.1953125,63721.1953125,59016.3359375,60161.24609375,60161.24609375,46844335592,BTC,BTC-USD,11.004783671403723,-0.0549224542515833,0.0549224542515833,1,0.0243512345528775,0.0291943450638382,24.5700959331558,1.5160151354069986,-1.8551462589013,1.8250868189040992,-0.1096038135392344,0.0782041543432853,1.98922615739512,0.0,0,0,,0,0,,,,0,1030573.0,301154.0,1138602607166.9688,18875256.29229487,13.84562648653552,0.4782272642259588,12.615380361355788,0.6859302044274874,27.760822843262257,-1.1098233284550132,16.753362484386315,1.6344624827404286,12243475744.0,23.22825903981462,1.934815999198031,Bitcoin,208478708.0,19.155347478881115,0.5696801638777369,0.934708801253591,0.9164272656045964,0.9465482719596066,0.7597283886132149,0.286193087838426,0.9406285366065988,0.3537041873422129,0.7825063114825453,97.61469487246453,0.7141986593540524,0.4862888482632541,0.8543570993296771,0.7074954296160878,0.9719683120048752,0.7074954296160878,0.9372333942717856,0.923217550274223,0.9506398537477148,0.6751980499695308,0.9408897014015845,0.2346130408287629,1,0,1,0,0,0,0,2,0.35,96.79637851484286,1,0.9634369287020109,isolated_anomaly_review,High score is driven by limited or isolated signals. Treat as likely false-alert candidate for manual review.,low,"False-alert taxonomy is an error-review framework. Non-event-window alerts are not proof of model failure, and event-window hits are not verified fraud ground truth."
2021-11-26,58960.28515625,59183.48046875,53569.765625,53569.765625,53569.765625,41810748221,BTC,BTC-USD,10.888740113748764,-0.0668738010212823,0.0668738010212823,1,0.0356688808121708,0.0302632240925302,24.45641927792132,0.9910335356000838,-2.113096335854703,2.3093807759586213,-0.2071587920940309,0.1047925966868554,2.8775119547228325,0.0,0,0,,0,0,,,,0,996141.0,291679.0,1015970869546.8468,18884000.04229487,13.811645096685684,0.2600871263979245,12.58341258991249,0.4896646168047774,27.64686579296892,-2.4351466224240035,16.753825615842914,1.6055077301619565,13916195600.0,23.356319149972336,2.4159900008715747,Bitcoin,196466712.0,19.096003575432785,-0.6264190175798696,0.9604770610255072,0.8272830155828328,0.9791068164011492,0.8997127187255158,0.286193087838426,0.9704883781666231,0.3726821624445025,0.805628971881257,98.68547053190562,0.95551492992078,0.6301035953686777,0.9323583180987204,0.8714198659354052,0.9847653869591712,0.8714198659354052,0.9585618525289458,0.8427787934186471,0.9811090798293725,0.9140767824497258,0.9707495429616088,0.2620353443022547,1,0,0,1,0,1,0,3,0.3999999999999999,97.4797597283886,1,0.9707495429616088,multi_method_market_stress_non_event,"Multiple methods agree and market stress variables are elevated, but no event-window label is present.",medium_high,"False-alert taxonomy is an error-review framework. Non-event-window alerts are not proof of model failure, and event-window hits are not verified fraud ground truth."
2021-12-03,56509.1640625,57482.16796875,52496.5859375,53598.24609375,53598.24609375,39789134215,BTC,BTC-USD,10.889271624391982,-0.0523315856653425,0.0523315856653425,1,0.0306392356070767,0.0311672680714046,24.406859702314645,0.810187262934349,-1.5067139723208542,1.4401097685821858,-0.2067372765435702,0.0930176338705113,2.057056741112646,0.0,0,0,,0,0,,,,0,1010596.0,289452.0,1013876621204.3636,18890368.79228941,13.826051803301995,0.4326449253935612,12.575748213937809,0.4266571933876947,27.644802338354616,-1.7130887470585838,16.754162815373398,1.6447107118069495,11655871447.0,23.17907587695214,1.0134166897988064,Bitcoin,190125150.0,19.063193102757747,-0.8824950641487711,0.9049360146252284,0.7814921215286846,0.9519456777226428,0.8994515539305301,0.286193087838426,0.7791416383738139,0.4689649168625402,0.7754783668494821,97.22294767998608,0.7239488117001828,0.4667885435709933,0.8634978671541743,0.7068860450944546,0.967702620353443,0.7068860450944546,0.9092017062766604,0.7928092626447288,0.9573430834856794,0.9134673979280926,0.7794028031687995,0.3997562461913467,1,0,0,1,0,0,0,2,0.35,96.79637851484286,1,0.9634369287020109,market_stress_non_event,Market stress variables are elevated outside known public incident windows.,medium,"False-alert taxonomy is an error-review framework. Non-event-window alerts are not proof of model failure, and event-window hits are not verified fraud ground truth."
2021-12-04,53727.87890625,53904.6796875,42874.6171875,49200.703125,49200.703125,61385677469,BTC,BTC-USD,10.80366319353682,-0.0856084308551636,0.0856084308551636,1,0.0423581186405862,0.0343017039557937,24.84044237892786,2.7354764005767347,-2.2796736381619267,2.657695651342977,-0.2718216247479058,0.2241850583309118,4.347013773049169,0.0,0,0,,0,0,,,,0,961294.0,244342.0,928693162456.6532,18891337.54228941,13.77603661275046,-0.0009364295329237,12.406328254855993,-0.9436519854144012,27.55704423321355,-2.597519134190859,16.754214096802585,1.6544057053233163,15873642921.0,23.48792589284275,2.5173805223796655,Bitcoin,179279711.0,19.004457781029952,-1.750654367070718,0.9735353007747888,0.9910333420388264,0.994254374510316,0.9499434142944198,0.286193087838426,0.977800992426221,0.8269347958561852,0.8728231914337947,99.79977365717768,0.9932967702620352,0.9122486288848264,0.9853747714808044,0.9865935405240708,0.9987812309567335,0.9865935405240708,0.9701401584399756,0.9939061547836684,0.9963436928702012,0.9591712370505788,0.9780621572212066,0.8062157221206582,1,1,1,1,0,1,1,6,0.8500000000000001,99.80847915034389,1,0.9981718464351006,multi_method_market_stress_non_event,"Multiple methods agree and market stress variables are elevated, but no event-window label is present.",medium_high,"False-alert taxonomy is an error-review framework. Non-event-window alerts are not proof of model failure, and event-window hits are not verified fraud ground truth."
2022-01-05,45899.359375,46929.046875,42798.22265625,43569.00390625,43569.00390625,36851084859,BTC,BTC-USD,10.682101256932546,-0.0520662884548137,0.0520662884548137,1,0.0262683741867786,0.0304356679892024,24.330150895039864,1.3479116910339273,-1.5472268635793271,1.4351833335106792,-0.1427170031056497,0.0948110777937117,2.5770684235763484,0.0,0,0,,0,0,,,,0,1023484.0,274757.0,823647361549.9047,18920962.541371,13.838724028382536,0.6961182812471666,12.523645989221402,0.6359545044369683,27.437008315972292,-2.5794407024583426,16.75578104742504,1.6598997963191742,9401250828.0,22.964108584284645,1.4598630205902032,Bitcoin,155295827.0,18.860842423624135,-1.3071324124707766,0.9041525202402716,0.8954470270740837,0.970575433098285,0.8205797858448681,0.286193087838426,0.8912683903543136,0.6601375467920257,0.8001392878906589,98.43301123008618,0.894576477757465,0.6520414381474711,0.9098110907982936,0.8446069469835467,0.9811090798293725,0.8446069469835467,0.9079829372333944,0.9043266301035954,0.9719683120048752,0.7830591102985984,0.8915295551492992,0.6185252894576477,1,0,1,0,0,0,0,2,0.35,96.79637851484286,1,0.9634369287020109,market_stress_non_event,Market stress variables are elevated outside known public incident windows.,medium,"False-alert taxonomy is an error-review framework. Non-event-window alerts are not proof of model failure, and event-window hits are not verified fraud ground truth."
2022-01-07,43153.5703125,43153.5703125,41077.4453125,41557.90234375,41557.90234375,84196607520,BTC,BTC-USD,10.634842970978582,-0.037847988650375,0.037847988650375,1,0.0257529200646576,0.0309837043874819,25.156420466658535,3.887358546465444,-1.0117781273582702,0.6851122695131446,-0.1822883272118588,0.0499574060025249,0.2294999843461077,0.0,0,0,,0,0,,,,0,961733.0,255659.0,785536046142.0577,18922750.0413164,13.77649318413615,0.2279592455928977,12.451603715722012,0.1309462744935082,27.389632183013845,-2.7995423345833257,16.75587551489296,1.6566619227849428,8698291650.0,22.886392481371395,1.144348124785968,Bitcoin,144444178.0,18.78840368638369,-2.505947322402013,0.8039522938974493,0.999216505615043,0.7012274745364325,0.8752502829285279,0.286193087838426,0.8211891703665013,0.9587359623922695,0.7695577609471576,96.93566640550188,0.9549055453991468,0.9786715417428398,0.8976234003656307,0.973491773308958,0.9658744667885436,0.973491773308958,0.8159658744667886,0.9993906154783668,0.7154174283973187,0.8781230956733699,0.8214503351614869,0.9561243144424132,1,1,0,0,0,1,1,4,0.55,98.61582658657612,1,0.9868982327848873,multi_method_market_stress_non_event,"Multiple methods agree and market stress variables are elevated, but no event-window label is present.",medium_high,"False-alert taxonomy is an error-review framework. Non-event-window alerts are not proof of model failure, and event-window hits are not verified fraud ground truth."
2022-01-21,40699.60546875,41060.52734375,35791.42578125,36457.31640625,36457.31640625,43011992031,BTC,BTC-USD,10.50389744174565,-0.1096046829154406,0.1096046829154406,1,0.0394256513017463,0.0297630482458758,24.48474479822405,1.2664196582618643,-3.359952253182025,3.870222055042427,-0.2826497127469989,0.1445279598691663,3.93837227692635,0.0,0,0,,0,0,,,,0,1017544.0,272514.0,691030724675.9996,18936350.04108254,13.83290342136517,0.8083950222097591,12.515448937442027,0.7347760934829157,27.261450123802284,-2.5164685196393157,16.756593968295345,1.6816813458091433,13215400045.0,23.304648656659495,3.25450661432458,Bitcoin,138539987.0,18.746669563941147,-1.371295509057522,0.9946025942369636,0.8820405675981544,0.991468616697136,0.9549055453991468,0.286193087838426,0.9960825280752156,0.6928702010968921,0.8524418908331156,99.6430747801863,0.995734308348568,0.9213893967093236,0.9823278488726388,0.9884216940889702,0.995734308348568,0.9884216940889702,0.9969530773918344,0.8939670932358318,0.9945155393053016,0.9664838513101768,0.9963436928702012,0.6538695917123705,1,1,0,1,0,1,1,5,0.7000000000000001,99.29050230695567,1,0.9929920780012188,multi_method_market_stress_non_event,"Multiple methods agree and market stress variables are elevated, but no event-window label is present.",medium_high,"False-alert taxonomy is an error-review framework. Non-event-window alerts are not proof of model failure, and event-window hits are not verified fraud ground truth."
2022-01-22,36471.58984375,36688.8125,34349.25,35030.25,35030.25,39714385405,BTC,BTC-USD,10.463967252906004,-0.0399301888396461,0.0399301888396461,1,0.038019824640904,0.0285091794462135,24.404979311801608,0.9731320187995092,-0.9663854427134712,0.8348675488113801,-0.3107293027268321,0.0667869198763925,0.9160075365908376,0.0,0,0,,0,0,,,,0,980566.0,246984.0,662733218969.3214,18937187.54107708,13.795886254767408,0.5066287263941969,12.41708288502111,-0.0262947620404286,27.219638361493693,-2.6232615462147155,16.756638194422816,1.664342991871527,12093845462.0,23.21596252072671,2.468945022682591,Bitcoin,124372513.0,18.63879176530357,-2.4949713939921483,0.8302428832593366,0.8226691042047533,0.8520066161748063,0.9659615217202054,0.286193087838426,0.9735353007747888,0.957691303212327,0.7945965003917471,98.22407939409769,0.967702620353443,0.8756855575868373,0.8580134064594759,0.9366240097501524,0.9786715417428398,0.9366240097501524,0.8403412553321146,0.8385131017672152,0.850091407678245,0.9744058500914076,0.9737964655697744,0.9536867763558804,1,0,0,0,0,1,1,3,0.35,96.79637851484286,1,0.9634369287020109,multi_method_consensus_non_event,"Multiple methods agree, but the alert is outside known public incident windows.",medium,"False-alert taxonomy is an error-review framework. Non-event-window alerts are not proof of model failure, and event-window hits are not verified fraud ground truth."
2022-02-24,37278.56640625,38968.83984375,34459.21875,38332.609375,38332.609375,46383802093,BTC,BTC-USD,10.554056232629373,0.0273995799515507,0.0273995799515507,0,0.0298041427143708,0.033565098046756,24.56021614242982,2.6398121748827963,0.779937586203364,0.1986041821684862,-0.1400463332156717,0.1176445112210679,2.820821280886373,0.0,0,0,,0,0,,,,0,958866.0,255800.0,726146059494.2439,18967454.68166434,13.773507658116378,0.4746211343889664,12.452155077423384,0.2867665848254697,27.31101701541419,-0.7195241569669747,16.75823520965094,1.634426378354759,10411173355.0,23.066145427534668,2.756289902708009,Bitcoin,131941513.0,18.697869306606,-0.825743894607762,0.6867763558805606,0.987812309567337,0.9779751022895448,0.8171846435100548,0.286193087838426,0.985722991207452,0.443283712022286,0.7635431357186385,96.50039174719248,0.9384521633150518,0.8135283363802559,0.9293113954905544,0.9277879341864717,0.9609993906154785,0.9277879341864717,0.6971358927483242,0.9908592321755028,0.979890310786106,0.7775746496039001,0.9859841560024376,0.3577087141986593,1,0,0,0,0,1,1,3,0.35,96.79637851484286,1,0.9634369287020109,multi_method_market_stress_non_event,"Multiple methods agree and market stress variables are elevated, but no event-window label is present.",medium_high,"False-alert taxonomy is an error-review framework. Non-event-window alerts are not proof of model failure, and event-window hits are not verified fraud ground truth."
2022-02-28,37706.0,43760.45703125,37518.21484375,43193.234375,43193.234375,35690014104,BTC,BTC-USD,10.673439150277495,0.1357642573033217,0.1357642573033217,0,0.0568820050138081,0.042355349765475,24.298136769657145,1.614792211420374,3.1074073220791676,3.398081349353093,-0.0310030836230765,0.1445189802945846,3.062485319247236,0.0,0,0,,0,0,,,,0,981066.0,274389.0,819148711995.1912,18970885.93155513,13.796396033870774,0.7072474647968237,12.522305731021111,1.0549978139550822,27.4315314818452,1.0251548204039946,16.758416095249192,1.614369881276483,6946144354.0,22.661452573517067,1.092485658459585,Bitcoin,133612934.0,18.710457633242452,-0.8784751728707143,0.9897275180638984,0.9274832419256552,0.9819796291459912,0.5735178897884565,0.286193087838426,0.8047357882824062,0.4665273787760076,0.7683067815791764,96.86602246017236,0.9536867763558804,0.6550883607556368,0.9683120048750762,0.8915295551492992,0.9652650822669104,0.8915295551492992,0.991468616697136,0.935405240706886,0.9847653869591712,0.3101767215112736,0.8049969530773918,0.3942717854966484,1,0,1,0,0,0,0,2,0.35,96.79637851484286,1,0.9634369287020109,market_stress_non_event,Market stress variables are elevated outside known public incident windows.,medium,"False-alert taxonomy is an error-review framework. Non-event-window alerts are not proof of model failure, and event-window hits are not verified fraud ground truth."
2022-04-06,45544.35546875,45544.35546875,43193.953125,43206.73828125,43206.73828125,39393395788,BTC,BTC-USD,10.673751740801425,-0.0529457051005746,0.0529457051005746,1,0.0254766028661758,0.0299486006325321,24.39686401963204,1.4404942484088223,-1.9089931229185664,1.5344700745768245,-0.0897277287306047,0.0543989765774562,0.9149687735120636,0.0,0,0,,0,0,,,,0,919776.0,272206.0,822997272031.0201,19004698.43078085,13.731886528339356,-0.1140290549753669,12.514318085253851,0.5535557578458371,27.436218722954585,0.1470438212118235,16.76019684500975,1.6319377235692305,7346517727.0,22.717492259399258,1.9798783903604464,Bitcoin,169651902.0,18.949259266343507,0.9946598659129062,0.9129450683381214,0.9073735527117612,0.8518325063114826,0.7190737355271176,0.286193087838426,0.9436754592147644,0.5221554801079481,0.7602968573169671,96.2740489248716,0.538695917123705,0.5088360755636807,0.7940280316879951,0.6270566727605119,0.9579524680073126,0.6270566727605119,0.9171237050578916,0.9159049360146252,0.8494820231566118,0.5959780621572212,0.9439366240097502,0.4606946983546618,1,0,1,0,0,0,0,2,0.35,96.79637851484286,1,0.9634369287020109,isolated_anomaly_review,High score is driven by limited or isolated signals. Treat as likely false-alert candidate for manual review.,low,"False-alert taxonomy is an error-review framework. Non-event-window alerts are not proof of model failure, and event-window hits are not verified fraud ground truth."
2022-04-26,40448.421875,40713.890625,37884.984375,38117.4609375,38117.4609375,34569088416,BTC,BTC-USD,10.548427748453774,-0.0595995569885481,0.0595995569885481,1,0.0257991402957103,0.0246410279529046,24.266225721339328,0.9014097061938396,-2.140519743210867,2.4739027995422527,-0.1969477650281736,0.0742154954822008,2.1556264521400372,0.0,0,0,,0,0,,,,0,965991.0,277059.0,724263590330.6515,19023123.42956245,13.780910831586864,0.5612684103799299,12.53198936821187,0.6391430123362913,27.30842123811661,-1.597196182382458,16.761165872335166,1.6819579574388883,4682786096.0,22.267159089615184,-0.2481810017921991,Bitcoin,149619199.0,18.82360395751548,-0.8880816244430431,0.967789675285105,0.80490989814573,0.9564725341690606,0.8903978410376948,0.286193087838426,0.2401410289892922,0.472011839470706,0.7659088534865498,96.66579611735004,0.8641072516758075,0.7404021937842779,0.9128580134064594,0.8705057891529555,0.9634369287020108,0.8705057891529555,0.9646556977452772,0.8202315661182206,0.9609993906154785,0.9000609384521633,0.3985374771480804,0.4052407068860451,1,0,0,1,0,0,0,2,0.35,96.79637851484286,1,0.9634369287020109,market_stress_non_event,Market stress variables are elevated outside known public incident windows.,medium,"False-alert taxonomy is an error-review framework. Non-event-window alerts are not proof of model failure, and event-window hits are not verified fraud ground truth."
2022-05-05,39695.74609375,39789.28125,35856.515625,36575.140625,36575.140625,43106256317,BTC,BTC-USD,10.507124070720304,-0.0819413647290758,0.0819413647290758,1,0.0418038968440034,0.030863835068387,24.48693398171194,1.6772470838855695,-2.417789366022529,2.9182499150237535,-0.1592665339856344,0.1075256460480116,3.1463019561650145,0.0,0,0,,0,1,E001,stablecoin_depeg,high,1,1189734.0,317562.0,694697804870.6023,19031760.92948013,13.989241151213188,2.540840091838161,12.668431502828058,1.9624604316014096,27.266742774818177,-2.228779506276294,16.761619821927052,1.668115098899129,5422875257.0,22.41389200214358,0.6019354487031595,Bitcoin,149991500.0,18.826089190455292,-0.1142875016962648,0.9804996953077392,0.9341864716636198,0.9831983981892576,0.8466962653434317,0.286193087838426,0.654217811439018,0.1938713328110037,0.7957160268129189,98.25890136676244,0.9817184643510056,0.8433881779402803,0.9494210847044484,0.9616087751371116,0.9792809262644728,0.9616087751371116,0.9804996953077392,0.942717854966484,0.9865935405240708,0.8342474101157831,0.6544789762340036,0.0859232175502742,1,1,1,0,0,0,1,4,0.65,98.87699138156177,1,0.9887263863497867,event_window_hit_7d,Alert falls within a wider public incident window. This is weak-label evidence only.,high,"False-alert taxonomy is an error-review framework. Non-event-window alerts are not proof of model failure, and event-window hits are not verified fraud ground truth."
2022-05-09,34060.015625,34222.07421875,30296.953125,30296.953125,30296.953125,63355494961,BTC,BTC-USD,10.31880242951058,-0.1170549632581519,0.1170549632581519,1,0.0536580530762322,0.0358828259692794,24.872027479683535,2.6325689120126095,-2.941588641784792,3.527237249291336,-0.2821932179835493,0.1295549779397165,3.2612181520249326,0.0,0,1,E001,1,1,E001,stablecoin_depeg,high,1,1067791.0,287708.0,579781151871.626,19035479.67945283,13.88110352298045,1.2953812843113546,12.569704831636376,0.9513634266291406,27.085916544924583,-3.6484889081477823,16.76181519988089,1.6496719396596249,10667028629.0,23.09042338456478,3.1011496912250793,Bitcoin,130108016.0,18.683875563413547,-2.5161096085032635,0.9912074519021502,0.987115870114042,0.9851136066858188,0.9547314355358232,0.286193087838426,0.9930356054670496,0.9595194567772264,0.8826133890484895,99.87812309567336,0.9981718464351006,0.903107861060329,0.9725776965265084,0.9817184643510056,0.9993906154783668,0.9817184643510056,0.9939061547836684,0.9896404631322364,0.987812309567337,0.9658744667885436,0.9932967702620352,0.9579524680073126,1,1,1,1,0,1,1,6,0.8500000000000001,99.80847915034389,1,0.9981718464351006,event_window_hit_3d,"Alert falls within a tight public incident window. This supports weak-label alignment, not verified fraud detection.",high,"False-alert taxonomy is an error-review framework. Non-event-window alerts are not proof of model failure, and event-window hits are not verified fraud ground truth."
2022-05-10,30273.654296875,32596.30859375,29944.802734375,31022.90625,31022.90625,59811038817,BTC,BTC-USD,10.342481121897062,0.0236786923864826,0.0236786923864826,0,0.0579793774334006,0.036448955859049,24.814456076486053,2.200591343294323,0.9311989943064986,-0.1622040673175983,-0.2525096228563167,0.0854692928511493,1.4827066778810554,0.0,0,1,E001,1,1,E001,stablecoin_depeg,high,1,978190.0,279809.0,589953144393.2335,19036435.92943099,13.793460226472588,0.4390194292666655,12.54186608038902,0.6419403659557017,27.103308954411578,-2.817487033299814,16.76186543375606,1.6484124485800784,11178635052.0,23.137270208937338,2.7167419437225964,Bitcoin,117084169.0,18.57840363582606,-3.587658512112826,0.312744841995299,0.9719683120048752,0.9129450683381214,0.9380168886567424,0.286193087838426,0.9845042221641856,0.9976495168451291,0.7161060329067641,92.6090363019065,0.9847653869591712,0.8775137111517367,0.8184034125533212,0.926873857404022,0.9256550883607556,0.926873857404022,0.5636806825106643,0.9804996953077392,0.9122486288848264,0.946983546617916,0.9847653869591712,0.9963436928702012,0,0,0,1,0,1,1,3,0.3,95.96500391747192,1,0.9546008531383303,event_window_hit_3d,"Alert falls within a tight public incident window. This supports weak-label alignment, not verified fraud detection.",high,"False-alert taxonomy is an error-review framework. Non-event-window alerts are not proof of model failure, and event-window hits are not verified fraud ground truth."
2022-05-11,31016.18359375,32013.40234375,28170.4140625,28936.35546875,28936.35546875,70388855818,BTC,BTC-USD,10.272854058210545,-0.0696270636865197,0.0696270636865197,1,0.0477933054854851,0.0366589055218547,24.977300789554384,2.3662781876531844,-1.615847187813552,1.6365394210435498,-0.3027846234586865,0.1328083035681621,2.7431096203378713,0.0,0,1,E001,1,1,E001,stablecoin_depeg,high,1,981424.0,253805.0,548209905804.9245,19037342.17943099,13.796760876126408,0.473275946354742,12.444325474644929,-0.2731421767294765,27.029924090345247,-3.0060856256429584,16.761913038695607,1.6423552189817032,17216121822.0,23.56911209705084,3.274289373971136,Bitcoin,120090279.0,18.603754351218793,-2.725060037280891,0.9221728910942804,0.9781492121528684,0.9754505092713502,0.9631757639070252,0.286193087838426,0.9966919125968486,0.9749281796813788,0.8665456603116565,99.75624619134676,0.9926873857404022,0.8427787934186471,0.9207800121876905,0.9539914686166971,0.9981718464351006,0.9539914686166971,0.9250457038391224,0.9853747714808044,0.9774527726995734,0.9725776965265084,0.9969530773918344,0.9737964655697744,1,1,1,1,0,1,1,6,0.8500000000000001,99.80847915034389,1,0.9981718464351006,event_window_hit_3d,"Alert falls within a tight public incident window. This supports weak-label alignment, not verified fraud detection.",high,"False-alert taxonomy is an error-review framework. Non-event-window alerts are not proof of model failure, and event-window hits are not verified fraud ground truth."
2022-05-12,28936.734375,30032.439453125,26350.490234375,29047.751953125,29047.751953125,66989173272,BTC,BTC-USD,10.276696373851054,0.0038423156405116,0.0038423156405116,0,0.0477921458553188,0.0364435349107476,24.927796850339533,1.9950782797398203,0.4009694953864603,-0.919214103197742,-0.300100548683521,0.1267550488826689,2.231301326418334,0.0,0,1,E001,1,1,E001,stablecoin_depeg,high,1,1058679.0,282227.0,552691998324.409,19038185.92943099,13.872533407060182,1.1616292376402586,12.550470533889888,0.7447679316263924,27.038066718252583,-2.487505230845471,16.761957358498783,1.6302085827321813,15639251084.0,23.47304968632628,2.5973990779141833,Bitcoin,115820216.0,18.56754969335712,-2.7122237274003456,0.312744841995299,0.9591712370505788,0.9603029511621832,0.9621311047270829,0.286193087838426,0.9802385305127536,0.9737964655697744,0.7252616000696439,93.50570209802386,0.9865935405240708,0.9439366240097502,0.8756855575868373,0.9695307739183424,0.9360146252285192,0.9695307739183424,0.1115173674588665,0.9689213893967094,0.9658744667885436,0.971358927483242,0.9804996953077392,0.9725776965265084,0,1,0,1,0,1,1,4,0.5,98.24584312701316,1,0.9814137720901889,event_window_hit_3d,"Alert falls within a tight public incident window. This supports weak-label alignment, not verified fraud detection.",high,"False-alert taxonomy is an error-review framework. Non-event-window alerts are not proof of model failure, and event-window hits are not verified fraud ground truth."
2022-06-13,26737.578125,26795.58984375,22141.2578125,22487.388671875,22487.388671875,68204556440,BTC,BTC-USD,10.020709927579496,-0.1740525517766702,0.1740525517766702,1,0.05868743935809,0.0465163103613004,24.945777209549476,2.8090472311422787,-3.5327851997091626,4.193422727229757,-0.2926783777253529,0.2069752117137183,4.381096070334634,0.0,0,0,,0,0,,,,0,1011323.0,273372.0,425496087752.90454,19066642.17881922,13.826770921438984,1.096709464648148,12.518592441994372,0.802663288100739,26.77652159044966,-4.4013739069075335,16.763450935801046,1.6651198823408315,8438033870.0,22.85601516474337,2.985161426687413,Bitcoin,159832994.0,18.889640046829097,-0.3523267772738092,0.996430747801863,0.9924262209454164,0.9945155393053016,0.9589100722555932,0.286193087838426,0.9893792983372508,0.2778793418647166,0.852898058675024,99.66048576651868,0.9993906154783668,0.9762340036563072,0.9865935405240708,0.9987812309567335,0.9963436928702012,0.9987812309567335,0.9981718464351006,0.995734308348568,0.9969530773918344,0.9701401584399756,0.9896404631322364,0.1663619744058501,1,1,1,1,0,1,1,6,0.8500000000000001,99.80847915034389,1,0.9981718464351006,multi_method_market_stress_non_event,"Multiple methods agree and market stress variables are elevated, but no event-window label is present.",medium_high,"False-alert taxonomy is an error-review framework. Non-event-window alerts are not proof of model failure, and event-window hits are not verified fraud ground truth."
2022-06-15,22196.73046875,22642.671875,20178.376953125,22572.83984375,22572.83984375,54912007015,BTC,BTC-USD,10.024502685722302,0.016349175083862,0.016349175083862,0,0.0629694367131877,0.045347584881465,24.728997868579967,1.754888074622886,0.56625239380467,-0.4379326504606005,-0.2899905840291693,0.1091707972471756,1.492086048659163,0.0,0,0,,0,0,,,,0,1063571.0,297032.0,429439638534.4194,19068585.92876462,13.877143612318129,1.528479857071684,12.601598522723563,1.4605075772458336,26.78574702957783,-2.6429999378787383,16.763552875657794,1.6740105261665044,6364889446.0,22.57406269991256,1.8353893250032012,Bitcoin,129292483.0,18.677587713668963,-2.495862210142842,0.312744841995299,0.939670932358318,0.9141638373813876,0.9578654130756508,0.286193087838426,0.933315922347001,0.9577783581439888,0.709531644467659,91.8081309306172,0.979890310786106,0.9341864716636198,0.8312004875076173,0.951249238269348,0.9122486288848264,0.951249238269348,0.4357099329677026,0.9530773918342474,0.9134673979280926,0.9695307739183424,0.9335770871419866,0.9542961608775136,0,1,0,1,0,1,1,4,0.5,98.24584312701316,1,0.9814137720901889,multi_method_consensus_non_event,"Multiple methods agree, but the alert is outside known public incident windows.",medium,"False-alert taxonomy is an error-review framework. Non-event-window alerts are not proof of model failure, and event-window hits are not verified fraud ground truth."
2022-06-16,22576.3046875,22868.921875,20265.2265625,20381.650390625,20381.650390625,31183975654,BTC,BTC-USD,9.9223902843922,-0.1021124013301033,0.1021124013301033,1,0.0640185878508412,0.0480566817297599,24.163170199022495,0.0487688578522426,-1.8469261224475808,1.8889228968475251,-0.3589125785439838,0.1277470304219146,1.7927703004638644,0.0,0,0,,0,0,,,,0,911369.0,258005.0,387301460756.62354,19069329.67873186,13.7227042408778,0.1865250889531033,12.460738119447296,0.1936432973702298,26.682469195103753,-2.9868138394229327,16.76359187883437,1.650233345070958,3803939088.0,22.05930296914594,0.3486175834528645,Bitcoin,130657660.0,18.688091185793105,-2.731547080637593,0.9388874379733612,0.5364324889004962,0.9358405153651954,0.9807608601027248,0.286193087838426,0.585357360494472,0.9751022895447028,0.7661913467397927,96.68320710368242,0.9719683120048752,0.8860450944546009,0.8994515539305301,0.9549055453991468,0.964046313223644,0.9549055453991468,0.9408897014015845,0.5277269957343084,0.9421084704448508,0.9859841560024376,0.5856185252894577,0.9750152346130408,1,1,0,1,0,1,1,5,0.7000000000000001,99.29050230695567,1,0.9929920780012188,multi_method_market_stress_non_event,"Multiple methods agree and market stress variables are elevated, but no event-window label is present.",medium_high,"False-alert taxonomy is an error-review framework. Non-event-window alerts are not proof of model failure, and event-window hits are not verified fraud ground truth."
2022-06-18,20473.42578125,20736.041015625,17708.623046875,19017.642578125,19017.642578125,42009436760,BTC,BTC-USD,9.853122384049872,-0.0736657112248888,0.0736657112248888,1,0.0672559077183729,0.0470796718407495,24.46116011477765,0.9215882808223124,-1.2345864674303877,1.11081983010462,-0.4018162803837382,0.1591899709079757,2.264085793537438,0.0,0,0,,0,0,,,,0,924686.0,246705.0,362613076008.20624,19070979.67871548,13.737210580853302,0.3194011825550151,12.415952623259392,-0.1872174800829941,26.6166021964184,-2.581673053826393,16.763678401462315,1.63041962888583,4070134188.0,22.12694180612768,0.5708130334886881,Bitcoin,118704721.0,18.59214963974906,-2.5558194024414624,0.8686341081222251,0.8106555236354139,0.9615217202054496,0.9872029250457038,0.286193087838426,0.6450770436145208,0.9630887089753636,0.8082632541133455,98.72899799773656,0.975624619134674,0.9238269347958562,0.9317489335770872,0.973491773308958,0.9853747714808044,0.973491773308958,0.8762949421084705,0.8251066422912858,0.967702620353443,0.9975624619134674,0.6453382084095064,0.9646556977452772,1,1,0,1,0,1,1,5,0.7000000000000001,99.29050230695567,1,0.9929920780012188,multi_method_market_stress_non_event,"Multiple methods agree and market stress variables are elevated, but no event-window label is present.",medium_high,"False-alert taxonomy is an error-review framework. Non-event-window alerts are not proof of model failure, and event-window hits are not verified fraud ground truth."
2022-06-19,19010.90234375,20683.822265625,18067.15234375,20553.271484375,20553.271484375,35329942625,BTC,BTC-USD,9.930775403573945,0.077653019524071,0.077653019524071,0,0.0843273038153265,0.0498422517120019,24.28799667437049,0.394811395111691,1.7928326727462125,1.154633265613052,-0.3535143834836732,0.1273116021390679,1.4469251869611224,0.0,0,0,,0,0,,,,0,733337.0,195875.0,390825178945.0636,19071810.92868548,13.50536199327655,-1.6541573573076902,12.185237084942036,-2.075395883630076,26.69152618427719,-1.865308690237497,16.763721987676817,1.6226765990628849,3473995074.0,21.96857108709017,0.1271268528769833,Bitcoin,108868331.0,18.50564974671492,-2.6880933449834807,0.8749020632018804,0.6520414381474711,0.9090275964133367,0.9797162009227822,0.286193087838426,0.5201532166797249,0.9724906415948464,0.7645190215025681,96.59615217202054,0.9744058500914076,0.9664838513101768,0.8951858622790981,0.9750152346130408,0.9616087751371116,0.9750152346130408,0.8805606337599025,0.64411943936624,0.9073735527117612,0.9835466179159048,0.5204143814747105,0.9707495429616088,1,1,0,1,0,1,1,5,0.7000000000000001,99.29050230695567,1,0.9929920780012188,multi_method_market_stress_non_event,"Multiple methods agree and market stress variables are elevated, but no event-window label is present.",medium_high,"False-alert taxonomy is an error-review framework. Non-event-window alerts are not proof of model failure, and event-window hits are not verified fraud ground truth."
2022-08-19,23213.3125,23213.3125,20868.84765625,20877.552734375,20877.552734375,40509610260,BTC,BTC-USD,9.946429828919296,-0.1060266419016873,0.1060266419016873,1,0.0376761788286969,0.0307461080945434,24.424805073305052,1.6482969319458407,-3.332621998436189,3.644990102573666,-0.1452057688676872,0.1122959608139236,3.5862624958796383,0.0,0,0,,0,0,,,,0,982140.0,276337.0,399867875573.1262,19126242.17273661,13.797490161550718,0.8328531190455128,12.52938003312337,0.7954913158349883,26.714400018424993,-2.6736000379035683,16.766571938060334,1.650764417822465,4504728559.0,22.22839347313926,2.395208149079698,Bitcoin,116921076.0,18.57700970959151,-0.381871785005478,0.9925132758770784,0.931052494123792,0.9889440236789414,0.8245843127013145,0.286193087838426,0.9686602246017236,0.2877165491425089,0.8152633411682771,98.95534082005746,0.9823278488726388,0.7343083485679464,0.9774527726995734,0.935405240706886,0.9872029250457038,0.935405240706886,0.9945155393053016,0.9402803168799512,0.991468616697136,0.7897623400365631,0.9689213893967094,0.1755027422303473,1,0,1,0,0,1,1,4,0.5,98.24584312701316,1,0.9814137720901889,multi_method_market_stress_non_event,"Multiple methods agree and market stress variables are elevated, but no event-window label is present.",medium_high,"False-alert taxonomy is an error-review framework. Non-event-window alerts are not proof of model failure, and event-window hits are not verified fraud ground truth."
2022-08-26,21596.0859375,21804.908203125,20199.482421875,20260.01953125,20260.01953125,42326789564,BTC,BTC-USD,9.916404741832318,-0.0640857165596635,0.0640857165596635,1,0.0278980954076366,0.0277962906853017,24.46868604558388,1.7389357611762033,-2.1570635071223254,2.1482347947736113,-0.1704895665560426,0.0792410776689388,2.106236858820623,0.0,0,0,,0,0,,,,0,937226.0,265467.0,387371372434.26,19133073.42226705,13.75068079441975,0.345238710198748,12.489249585093162,0.4659107180749347,26.682649688532283,-2.375501111767635,16.766929040592867,1.6881960944349113,3479313791.0,21.970100925082143,1.1134111808073937,Bitcoin,108561806.0,18.502830218525535,-1.2152290014015628,0.9527291721076,0.9385392182467136,0.9536867763558804,0.8602768346826848,0.286193087838426,0.8138765561069035,0.6183511795943241,0.8167293462174631,99.01627927222076,0.9165143205362584,0.7635588056063376,0.8811700182815356,0.8872638634978671,0.9896404631322364,0.8872638634978671,0.9500304692260816,0.9494210847044484,0.9591712370505788,0.8574040219378428,0.8141377209018891,0.5728214503351615,1,0,1,0,0,0,0,2,0.35,96.79637851484286,1,0.9634369287020109,market_stress_non_event,Market stress variables are elevated outside known public incident windows.,medium,"False-alert taxonomy is an error-review framework. Non-event-window alerts are not proof of model failure, and event-window hits are not verified fraud ground truth."
2022-09-06,19817.724609375,20155.26953125,18800.171875,18837.66796875,18837.66796875,43403978910,BTC,BTC-USD,9.84361375961696,-0.050448064672361,0.050448064672361,1,0.020877696193799,0.0285411480713489,24.493816953827377,2.077300197956211,-1.5255026139875514,1.4228929386396831,-0.2287252192561401,0.0719355314308536,1.6678301769162531,0.0,0,0,,0,0,,,,0,927513.0,267063.0,360778897291.7864,19143373.42131108,13.740263167689433,0.1985785042173819,12.495243609033372,0.6528095062813006,26.611531134767993,-1.6423701689696424,16.767467230503573,1.6458488998192269,3494105203.0,21.974343158107672,1.1354728497182995,Bitcoin,103323145.0,18.453371974818555,-0.8298501411318715,0.903194915991991,0.9653521371985724,0.9280055715156263,0.919648298076086,0.286193087838426,0.8187516322799686,0.4445895359972142,0.8082780534517281,98.73770349090276,0.8476538695917124,0.6587446678854357,0.8013406459475929,0.8001218769043267,0.9859841560024376,0.8001218769043267,0.9061547836684948,0.9725776965265084,0.9317489335770872,0.9360146252285192,0.8190127970749543,0.360146252285192,1,0,1,1,0,0,0,3,0.5,98.24584312701316,1,0.9814137720901889,multi_method_market_stress_non_event,"Multiple methods agree and market stress variables are elevated, but no event-window label is present.",medium_high,"False-alert taxonomy is an error-review framework. Non-event-window alerts are not proof of model failure, and event-window hits are not verified fraud ground truth."
2022-09-09,19328.140625,21439.41015625,19310.962890625,21381.15234375,21381.15234375,48469528171,BTC,BTC-USD,9.970265081337525,0.1008600976678906,0.1008600976678906,0,0.0461961520976922,0.0336203030930105,24.604201152322645,2.3128093421809517,3.1123683478136503,3.017006037309548,-0.1245867793543493,0.0995478275167509,2.581737024921921,0.0,0,0,,0,0,,,,0,1021884.0,286018.0,409021968745.9125,19145998.42104343,13.837159518952594,1.354810651136407,12.563813521161812,1.2489062804783,26.73703470486434,0.0746040895476201,16.7676043442494,1.6217308653568463,2815745970.0,21.758493062011183,0.1320430500958554,Bitcoin,100265173.0,18.423328974292954,-0.957963915237485,0.9821537390093148,0.9764081135196307,0.9707495429616088,0.7882824061983111,0.286193087838426,0.5213719857229913,0.504309219117263,0.7998041264037608,98.40689475058764,0.9670932358318098,0.664229128580134,0.9524680073126144,0.8942717854966484,0.9804996953077392,0.8942717854966484,0.9835466179159048,0.984156002437538,0.9725776965265084,0.7300426569165143,0.5216331505179769,0.437538086532602,1,0,1,0,0,0,0,2,0.35,96.79637851484286,1,0.9634369287020109,market_stress_non_event,Market stress variables are elevated outside known public incident windows.,medium,"False-alert taxonomy is an error-review framework. Non-event-window alerts are not proof of model failure, and event-window hits are not verified fraud ground truth."
2022-09-13,22371.48046875,22673.8203125,20062.669921875,20296.70703125,20296.70703125,51091116622,BTC,BTC-USD,9.918213936662209,-0.0972821989234233,0.0972821989234233,1,0.0582548209586826,0.0381356202447862,24.656876476049497,2.079340539159636,-2.3929097753387807,2.4656851914156355,-0.1591030358152891,0.128648966879441,3.0022472913465834,0.0,0,0,,0,0,,,,0,948189.0,259359.0,386159265218.1526,19149935.92080219,13.762310183096291,0.4344009248476541,12.465972336969504,0.3286105290558369,26.679515725508235,-0.5491938471367641,16.767809979632617,1.637527984045171,3869621013.0,22.076422409993757,1.5061479255639254,Bitcoin,116103090.0,18.56998906991406,1.1492125834726885,0.9674414555584574,0.9654391921302342,0.9808479150343868,0.8464351005484461,0.286193087838426,0.8985810046139113,0.5916253155741272,0.8301044659179941,99.25132758770783,0.9408897014015845,0.5076173065204144,0.9439366240097502,0.8232784887263863,0.9932967702620352,0.8232784887263863,0.964046313223644,0.9731870810481412,0.9835466179159048,0.8324192565508836,0.898842169408897,0.5441803778184034,1,0,1,0,0,0,0,2,0.35,96.79637851484286,1,0.9634369287020109,market_stress_non_event,Market stress variables are elevated outside known public incident windows.,medium,"False-alert taxonomy is an error-review framework. Non-event-window alerts are not proof of model failure, and event-window hits are not verified fraud ground truth."
2022-10-25,19344.96484375,20348.412109375,19261.447265625,20095.857421875,20095.857421875,47761524910,BTC,BTC-USD,9.908268974391792,0.038050125599863,0.038050125599863,0,0.0176617054253757,0.015456881727187,24.58948623414333,1.3471987388747029,2.3181875288752556,2.801679401853372,-0.011849740849044,0.0540890005801296,1.560551376001886,0.0,0,0,,0,0,,,,0,829386.0,251891.0,385607075318.5567,19189242.16801374,13.628442152690388,-1.010605182651039,12.436755703202008,-0.1926723537869211,26.678084748372235,2.047859429068278,16.769860428332453,1.583803440286568,3176223535.0,21.87895876072608,1.9674099117624535,Bitcoin,107288550.0,18.491032501069217,0.9374617586746548,0.9762340036563072,0.8953599721424219,0.9209541220510142,0.5239836336728476,0.286193087838426,0.9430660746931314,0.4929050230695569,0.7478906590058326,95.35126664925568,0.915295551492992,0.7739183424741012,0.9378427787934186,0.9073735527117612,0.9506398537477148,0.9073735527117612,0.9750152346130408,0.9037172455819622,0.92260816575259,0.2010968921389396,0.943327239488117,0.4265691651432053,1,0,1,0,0,0,1,3,0.4499999999999999,97.83668494820232,1,0.9747105423522242,multi_method_consensus_non_event,"Multiple methods agree, but the alert is outside known public incident windows.",medium,"False-alert taxonomy is an error-review framework. Non-event-window alerts are not proof of model failure, and event-window hits are not verified fraud ground truth."
2022-10-26,20092.236328125,20938.134765625,20076.1171875,20770.44140625,20770.44140625,58895950537,BTC,BTC-USD,9.94128616875074,0.0330171943589476,0.0330171943589476,0,0.0187837134087857,0.0160570130045925,24.799038173763385,1.814597095796828,1.895486103107881,2.075787443991754,0.0,0.0415021309015422,0.7725107417869203,0.0,0,0,,0,0,,,,0,1051950.0,305561.0,399099408014.4616,19190210.91793184,13.86615709324824,2.270097856663123,12.629907982993217,1.8651532097036945,26.71247636570123,3.1381055243003813,16.769910911066827,1.5916402700555243,3124054417.0,21.86239748810632,1.758746798256742,Bitcoin,111966884.0,18.533713715897623,2.7921293251719077,0.9495951945677724,0.9462871071646208,0.829285279011056,0.0438756855575868,0.286193087838426,0.9278314616523026,0.9788456516061634,0.6718124836772003,87.26386349786715,0.984156002437538,0.9725776965265084,0.8714198659354052,0.9725776965265084,0.8561852528945765,0.9725776965265084,0.9463741620962828,0.9579524680073126,0.825716026812919,0.0575868372943327,0.9280926264472884,0.9792809262644728,0,1,1,0,0,1,0,3,0.3999999999999999,97.4797597283886,1,0.9707495429616088,multi_method_consensus_non_event,"Multiple methods agree, but the alert is outside known public incident windows.",medium,"False-alert taxonomy is an error-review framework. Non-event-window alerts are not proof of model failure, and event-window hits are not verified fraud ground truth."
2022-11-08,20600.671875,20664.607421875,17603.544921875,18541.271484375,18541.271484375,118992465607,BTC,BTC-USD,9.827754417371056,-0.1054286468114611,0.1054286468114611,1,0.0457927200768418,0.0257012245395647,25.502326013835024,2.7799196058271396,-4.04026826195206,4.517091574412315,-0.1288098328141871,0.1650945299290613,4.7320200023851715,0.0,0,1,E002,1,1,E002,exchange_failure,high,1,1051006.0,296138.0,355641163800.59314,19202079.66732578,13.86525931016041,2.030618325963597,12.598584217675755,1.4139324176470691,26.59718809260878,-1.7357095277609116,16.770529199216497,1.65118903276524,8920042222.0,22.911566517047305,3.146989869478346,Bitcoin,115883873.0,18.568099161442273,1.1614428777954775,0.9979106816401148,0.9919909462871072,0.9967789675285104,0.7975102289544703,0.286193087838426,0.994254374510316,0.5974579959954731,0.8407234264821102,99.47767041002874,0.9969530773918344,0.943327239488117,0.9896404631322364,0.9939061547836684,0.9945155393053016,0.9939061547836684,0.9993906154783668,0.9951249238269348,0.9993906154783668,0.7477148080438757,0.9945155393053016,0.5514929920780012,1,1,1,0,0,1,1,5,0.7000000000000001,99.29050230695567,1,0.9929920780012188,event_window_hit_3d,"Alert falls within a tight public incident window. This supports weak-label alignment, not verified fraud detection.",high,"False-alert taxonomy is an error-review framework. Non-event-window alerts are not proof of model failure, and event-window hits are not verified fraud ground truth."
2022-11-09,18543.76171875,18590.458984375,15682.6923828125,15880.7802734375,15880.7802734375,102905151606,BTC,BTC-USD,9.672864869200907,-0.1548895481701482,0.1548895481701482,1,0.070243982136214,0.0379701467111562,25.35707354274121,2.1558592146957043,-3.915302314280461,4.174809394657117,-0.2538171056328967,0.18309973134167,3.702687413908257,0.0,0,1,E002,1,1,E002,exchange_failure,high,1,1076579.0,293667.0,302606639525.93427,19203010.9172821,13.889299907934769,2.0838529878864382,12.59020515653502,1.2337057234968785,26.435699579655903,-3.90331168703222,16.770577695386866,1.653868574703296,10991379280.0,23.12037710076277,2.927581869113105,Bitcoin,103112270.0,18.4513289622734,-1.2935624770599063,0.9963436928702012,0.9697048837816662,0.9900757377905458,0.9389744929050232,0.286193087838426,0.9881605292939843,0.653521371985723,0.8631226603987115,99.73012971184818,0.9987812309567335,0.9482023156611822,0.9859841560024376,0.9951249238269348,0.9969530773918344,0.9951249238269348,0.9975624619134674,0.9774527726995734,0.992078001218769,0.9482023156611822,0.9884216940889702,0.6093845216331505,1,1,1,1,0,1,1,6,0.8500000000000001,99.80847915034389,1,0.9981718464351006,event_window_hit_3d,"Alert falls within a tight public incident window. This supports weak-label alignment, not verified fraud detection.",high,"False-alert taxonomy is an error-review framework. Non-event-window alerts are not proof of model failure, and event-window hits are not verified fraud ground truth."
2022-11-10,15883.158203125,18054.3125,15834.0185546875,17586.771484375,17586.771484375,83202283721,BTC,BTC-USD,9.774902278212192,0.1020374090112845,0.1020374090112845,0,0.0869673284881673,0.0428102515729005,25.1445406329786,1.5682129184445288,2.445766834311714,2.2145953571282657,-0.1736584838508551,0.1262479555889564,2.030424248529399,0.0,0,1,E002,1,1,E002,exchange_failure,high,1,1056871.0,294575.0,336866889999.11127,19203929.66724934,13.870824160073886,1.7071068687034214,12.593292313296988,1.210963116167504,26.54295370410871,-1.8654248232068904,16.77062553829784,1.654331022347173,11684466429.0,23.18152614107908,2.582073474604977,Bitcoin,90186082.0,18.31738568266322,-3.2366537332263037,0.95690780882737,0.922434055889266,0.949769304431096,0.8639331418124837,0.286193087838426,0.9796291459911204,0.9930356054670496,0.8417245581962218,99.50378688952728,0.9835466179159048,0.7629494210847044,0.8890920170627666,0.9122486288848264,0.9951249238269348,0.9122486288848264,0.9549055453991468,0.9287020109689214,0.9536867763558804,0.8634978671541743,0.979890310786106,0.991468616697136,1,0,1,0,0,1,1,4,0.5,98.24584312701316,1,0.9814137720901889,event_window_hit_3d,"Alert falls within a tight public incident window. This supports weak-label alignment, not verified fraud detection.",high,"False-alert taxonomy is an error-review framework. Non-event-window alerts are not proof of model failure, and event-window hits are not verified fraud ground truth."
2023-01-12,18117.59375,19030.087890625,17995.203125,18869.587890625,18869.587890625,34971338710,BTC,BTC-USD,9.84530679872957,0.0508031804901865,0.0508031804901865,0,0.0175301338710906,0.0163657736008546,24.277794668987568,2.5723814179912905,2.9832427651833493,3.196364066176828,0.0,0.0548440576245527,2.763730975675925,0.0,0,0,,0,0,,,,0,1034292.0,310585.0,363435762403.20905,19260278.43770103,13.849228659480673,1.3237030651645354,12.646216114630633,1.5308205886830757,26.61886839864493,3.796994599748692,16.773555472936224,1.706865989966321,2960272485.0,21.80854715712656,2.259857555279747,Bitcoin,107617961.0,18.49409812484568,3.1749480594690644,0.9858100461391138,0.985722991207452,0.976321058587969,0.0438756855575868,0.286193087838426,0.962566379385392,0.9915556716287978,0.7157168973622355,92.56550883607557,0.9939061547836684,0.9609993906154785,0.959780621572212,0.992078001218769,0.9238269347958562,0.992078001218769,0.9872029250457038,0.9884216940889702,0.9786715417428398,0.0575868372943327,0.962827544180378,0.9896404631322364,0,1,1,0,0,1,1,4,0.5,98.24584312701316,1,0.9814137720901889,multi_method_market_stress_non_event,"Multiple methods agree and market stress variables are elevated, but no event-window label is present.",medium_high,"False-alert taxonomy is an error-review framework. Non-event-window alerts are not proof of model failure, and event-window hits are not verified fraud ground truth."
2023-01-13,18868.90625,19964.322265625,18753.1640625,19909.57421875,19909.57421875,29225029694,BTC,BTC-USD,9.89895601153324,0.0536492128036698,0.0536492128036698,0,0.0217453609820289,0.0188897396628769,24.09829136038615,1.9597708861773444,2.644033188960929,2.8078497289519615,0.0,0.060832953523656,2.7427971719077675,0.0,0,0,,0,0,,,,0,1072059.0,320370.0,382696914618.5445,19261272.15113735,13.885092589195867,1.5410143677625567,12.67723497821972,1.6694848314705666,26.670509167206937,3.9078364545812585,16.77360706553152,1.704927247618399,2673320011.0,21.706586987101915,1.9126210731164348,Bitcoin,111335086.0,18.52805501364582,3.500670692587572,0.9764951684512928,0.9567336989640464,0.9753634543396884,0.0438756855575868,0.286193087838426,0.9388003830416992,0.9975624619134674,0.7073892225994602,91.55567162879775,0.9896404631322364,0.9573430834856794,0.9384521633150518,0.984156002437538,0.9073735527117612,0.984156002437538,0.975624619134674,0.9658744667885436,0.9768433881779404,0.0575868372943327,0.9390615478366848,0.995734308348568,0,1,1,0,0,1,1,4,0.5,98.24584312701316,1,0.9814137720901889,multi_method_market_stress_non_event,"Multiple methods agree and market stress variables are elevated, but no event-window label is present.",medium_high,"False-alert taxonomy is an error-review framework. Non-event-window alerts are not proof of model failure, and event-window hits are not verified fraud ground truth."
2023-01-14,19910.537109375,21075.142578125,19907.828125,20976.298828125,20976.298828125,38967784639,BTC,BTC-USD,9.95114845209408,0.0521924405608409,0.0521924405608409,0,0.0215447943257614,0.0200316119531012,24.386001106849463,2.4776630989700585,2.29109365127663,2.397975129055486,0.0,0.0556492097433254,2.1724515741373027,0.0,0,0,,0,0,,,,0,965948.0,303624.0,404719555363.718,19262340.86699913,13.780866316769892,0.6067620216924466,12.623548666304474,1.1954803410108157,26.726460208305053,3.697586820270704,16.77366254920623,1.710076134298231,3616726470.0,22.008835163888424,2.374645238242604,Bitcoin,123347485.0,18.630516019702352,4.152284698002039,0.9646556977452772,0.9825019587359624,0.9573430834856794,0.0438756855575868,0.286193087838426,0.966222686515191,0.9995647253416906,0.7076503873944457,91.58178810829634,0.9890310786106032,0.9616087751371116,0.9049360146252284,0.9771480804387568,0.9079829372333944,0.9771480804387568,0.9609993906154785,0.987812309567337,0.9622181596587448,0.0575868372943327,0.9664838513101768,0.9987812309567335,0,1,1,0,0,1,1,4,0.5,98.24584312701316,1,0.9814137720901889,multi_method_market_stress_non_event,"Multiple methods agree and market stress variables are elevated, but no event-window label is present.",medium_high,"False-alert taxonomy is an error-review framework. Non-event-window alerts are not proof of model failure, and event-window hits are not verified fraud ground truth."
2023-03-12,20628.029296875,22185.03125,20448.806640625,22163.94921875,22163.94921875,29279035521,BTC,BTC-USD,10.006222338825529,0.0716039118453295,0.0716039118453295,0,0.0416682768971516,0.0303807855631019,24.100137585674588,0.6238643905021289,2.3311997792320076,2.30351104131492,-0.1073415475951117,0.0783355255076206,2.0024236184812585,0.0,0,1,E003,1,1,E003,stablecoin_depeg,high,1,886609.0,263955.0,426221507105.4308,19315775.07145146,13.69516048027302,-1.087303616781682,12.483537701571354,-1.2387594642042912,26.778225017811767,-0.6114338961939473,16.776432733003602,1.6313678139045111,7837276102.0,22.782157175097076,2.5017076595794925,Bitcoin,124811926.0,18.64231857824344,-1.894697710319278,0.9601288412988596,0.7227300426569165,0.9474188212762252,0.7551144772351354,0.286193087838426,0.9765822233829546,0.8641943066074693,0.7798816052929398,97.44058500914076,0.9402803168799512,0.7830591102985984,0.8970140158439975,0.9055453991468616,0.9707495429616088,0.9055453991468616,0.9579524680073126,0.7282145033516149,0.951249238269348,0.6617915904936015,0.9768433881779404,0.8482632541133455,1,0,0,0,0,1,1,3,0.35,96.79637851484286,1,0.9634369287020109,event_window_hit_3d,"Alert falls within a tight public incident window. This supports weak-label alignment, not verified fraud detection.",high,"False-alert taxonomy is an error-review framework. Non-event-window alerts are not proof of model failure, and event-window hits are not verified fraud ground truth."
2023-03-13,22156.40625,24550.837890625,21918.19921875,24197.533203125,24197.533203125,49466362688,BTC,BTC-USD,10.094005973194012,0.0877836343684848,0.0877836343684848,0,0.0537314414737659,0.0342648936787881,24.62455873389162,2.0400126519824955,2.4635653852363117,2.560611243448163,-0.0254384573826567,0.1087978121478517,2.8184882802145723,0.0,0,1,E003,1,1,E003,stablecoin_depeg,high,1,999918.0,335201.0,466585218228.0785,19316756.21059554,13.815429554683597,0.436785988557808,12.722488614159378,0.8933231095292571,26.868706516282845,0.924063602543724,16.77648352641842,1.639480665176612,8525750904.0,22.866356938934885,2.3434089224043833,Bitcoin,137921933.0,18.74219838740315,-0.2338464459314219,0.9708365978932708,0.962566379385392,0.977713937494559,0.5581962218159658,0.286193087838426,0.9643945329502916,0.2364411943936624,0.7634186471663619,96.47427526769393,0.9201706276660572,0.517976843388178,0.9287020109689214,0.8165752589884216,0.959780621572212,0.8165752589884216,0.967702620353443,0.9695307739183424,0.9792809262644728,0.2815356489945155,0.9646556977452772,0.1188299817184643,1,0,1,0,0,1,0,3,0.3999999999999999,97.4797597283886,1,0.9707495429616088,event_window_hit_3d,"Alert falls within a tight public incident window. This supports weak-label alignment, not verified fraud detection.",high,"False-alert taxonomy is an error-review framework. Non-event-window alerts are not proof of model failure, and event-window hits are not verified fraud ground truth."
2023-06-05,27123.109375,27129.982421875,25445.16796875,25760.09765625,25760.09765625,21513292646,BTC,BTC-USD,10.156581971214598,-0.0514103456988923,0.0514103456988923,1,0.0211419991869659,0.01780773509893,23.79193684368558,1.735553206455706,-2.6713775519943543,3.0777976165930827,-0.0947068316321239,0.0654040398296481,2.6814268256342744,0.0,0,1,E004,1,1,E004,regulatory_action,medium,1,884289.0,363110.0,500086760503.23627,19393843.2015431,13.692540342120378,0.4630510277041574,12.802463851628213,-1.828342877339879,26.938047441324045,-2.440629715976533,16.780466264481532,1.6283234786970198,2900476509.0,21.78814087423391,1.594708945631983,Bitcoin,178163035.0,18.998209621630338,-0.3392174159974009,0.9833725080525813,0.93836510838339,0.9738835205014365,0.7289979977365718,0.286193087838426,0.9089405414816748,0.2733524854182989,0.7909480282057978,98.04126403760772,0.9750152346130408,0.6721511273613651,0.9536867763558804,0.9006703229737965,0.975624619134674,0.9006703229737965,0.984156002437538,0.9488117001828154,0.975624619134674,0.6179159049360147,0.9092017062766604,0.1590493601462523,1,0,1,0,0,0,1,3,0.4499999999999999,97.83668494820232,1,0.9747105423522242,event_window_hit_3d,"Alert falls within a tight public incident window. This supports weak-label alignment, not verified fraud detection.",high,"False-alert taxonomy is an error-review framework. Non-event-window alerts are not proof of model failure, and event-window hits are not verified fraud ground truth."
2023-06-06,25732.109375,27313.8203125,25434.8671875,27238.783203125,27238.783203125,21929670693,BTC,BTC-USD,10.212397089776934,0.0558151185623359,0.0558151185623359,0,0.0330199280733215,0.0207151745813706,23.81110638302999,1.6476551334699323,2.7646961190233723,2.8168389476212456,-0.0301528854506211,0.0689808025192709,2.4988475449966736,0.0,0,1,E004,1,1,E004,regulatory_action,medium,1,1032895.0,468063.0,527805281358.1224,19394786.95153218,13.847877065395494,2.0157779014682493,13.056360317686815,-0.2983078232024456,26.991993267329956,0.3321386987783122,16.78051492564522,1.632129878206628,2611425921.0,21.683162239365164,1.2260138191842769,Bitcoin,169146184.0,18.946273898990444,-1.7766952440330757,0.9767563332462784,0.9308783842604684,0.9684861147384,0.5706450770436146,0.286193087838426,0.8425176286236615,0.8351179594324019,0.783436928702011,97.66692783146163,0.9603900060938452,0.6502132845825715,0.939670932358318,0.882388787324802,0.9737964655697744,0.882388787324802,0.9768433881779404,0.9390615478366848,0.9701401584399756,0.3046922608165752,0.8427787934186471,0.8141377209018891,1,0,1,0,0,0,0,2,0.35,96.79637851484286,1,0.9634369287020109,event_window_hit_3d,"Alert falls within a tight public incident window. This supports weak-label alignment, not verified fraud detection.",high,"False-alert taxonomy is an error-review framework. Non-event-window alerts are not proof of model failure, and event-window hits are not verified fraud ground truth."
2023-08-17,28699.802734375,28745.947265625,25409.111328125,26664.55078125,26664.55078125,31120851211,BTC,BTC-USD,10.191090276136746,-0.0736241200960634,0.0736241200960634,1,0.0270756098803733,0.0161715314931496,24.16114388845322,2.6489166346716737,-4.31963609631469,4.605346082215219,-0.113679264759385,0.1251412770788698,4.7812690559996245,0.0,0,0,,0,0,,,,0,1050502.0,492845.0,518826863048.63074,19460461.82038766,13.864779655046076,1.4851356369618065,13.107952031000996,0.3906292067622524,26.974836067249495,-4.601531335389017,16.783895417604153,1.6966262333621995,4193605502.0,22.15682670277025,3.161059591409465,Bitcoin,169614014.0,18.94903591352115,-0.7873242702442834,0.9983459562984244,0.9882475842256464,0.997040132323496,0.7666927831461652,0.286193087838426,0.9948637590319492,0.4306607469313137,0.8263358579263514,99.2078001218769,0.9975624619134674,0.9829372333942716,0.9908592321755028,0.9993906154783668,0.9926873857404022,0.9993906154783668,1.0,0.991468616697136,1.0,0.692260816575259,0.9951249238269348,0.3394271785496648,1,1,1,0,0,1,1,5,0.7000000000000001,99.29050230695567,1,0.9929920780012188,multi_method_market_stress_non_event,"Multiple methods agree and market stress variables are elevated, but no event-window label is present.",medium_high,"False-alert taxonomy is an error-review framework. Non-event-window alerts are not proof of model failure, and event-window hits are not verified fraud ground truth."
2023-08-29,26102.486328125,28089.337890625,25912.62890625,27727.392578125,27727.392578125,29368391712,BTC,BTC-USD,10.23017610527159,0.0602498925708516,0.0602498925708516,0,0.0239101623789262,0.0197540945231651,24.10318482114107,1.9800035354723369,3.1416615920395787,2.9747950153848923,-0.0684718934441439,0.0785039191204828,2.243754449882872,0.0,0,0,,0,0,,,,0,1060996.0,509039.0,538807201879.9037,19471049.31929536,13.874719590070915,1.470517328633918,13.140281877906672,0.5591786246249245,27.012623647913156,-0.1547527805243748,16.784439321414453,1.6027947609455666,2664109921.0,21.703135850785312,1.3074706437390209,Bitcoin,154445445.0,18.855351491623853,-1.5434859279689812,0.98145729955602,0.9582136328022982,0.9609993906154785,0.6693653695481849,0.286193087838426,0.8668930094889875,0.7608601027248194,0.8033194045442673,98.5722991207452,0.9414990859232176,0.5490554539914686,0.9488117001828154,0.8391224862888482,0.9823278488726388,0.8391224862888482,0.9823278488726388,0.967702620353443,0.9664838513101768,0.5112736136502133,0.8671541742839732,0.7349177330895795,1,0,1,0,0,0,0,2,0.35,96.79637851484286,1,0.9634369287020109,market_stress_non_event,Market stress variables are elevated outside known public incident windows.,medium,"False-alert taxonomy is an error-review framework. Non-event-window alerts are not proof of model failure, and event-window hits are not verified fraud ground truth."
2023-10-16,27162.62890625,29448.138671875,27130.47265625,28519.466796875,28519.466796875,27833876539,BTC,BTC-USD,10.258342178591718,0.0488543973047654,0.0488543973047654,0,0.0215910087778432,0.0155157058892573,24.049519696351854,2.6018844317656677,2.996454258564877,3.341820443246431,0.0,0.0812661061348789,3.772830883684442,0.0,0,0,,0,0,,,,0,1018543.0,298000.0,556330012853.7865,19515699.28251642,13.83388471450134,0.4299106504085178,12.604852121186608,-0.4690813936578169,27.044627503416848,2.2860637815240272,16.786729842273623,1.6684628019448524,2756129771.0,21.73709327607199,2.005060217134586,Bitcoin,179410595.0,19.00518756938994,1.0758347361094005,0.9891181335422652,0.986332375729085,0.9905110124488552,0.0438756855575868,0.286193087838426,0.9467223818229302,0.5585444415426134,0.69666579611735,90.21502568120484,0.9768433881779404,0.8080438756855576,0.9762340036563072,0.9567336989640464,0.8890920170627666,0.9567336989640464,0.9902498476538696,0.9890310786106032,0.9926873857404022,0.0575868372943327,0.946983546617916,0.505789152955515,0,1,1,0,0,0,0,2,0.35,96.79637851484286,1,0.9634369287020109,multi_method_market_stress_non_event,"Multiple methods agree and market stress variables are elevated, but no event-window label is present.",medium_high,"False-alert taxonomy is an error-review framework. Non-event-window alerts are not proof of model failure, and event-window hits are not verified fraud ground truth."
2023-10-23,30140.685546875,34370.4375,30097.828125,33086.234375,33086.234375,38363572311,BTC,BTC-USD,10.406872594953755,0.0981234055291615,0.0981234055291615,0,0.0361583355591033,0.023296767712908,24.37037420859024,2.7656397978353606,3.8985679765117514,4.259508792148856,0.0,0.1291355591142275,4.142531215995219,0.0,0,0,,0,0,,,,0,1071672.0,312741.0,643338061309.7109,19522205.53242902,13.884731536766107,1.2845232482403854,12.653133848465624,0.5014446859995648,27.18993617933786,3.50477370414546,16.787063172131887,1.6411364991608144,3754091811.0,22.04611223192407,2.6616968177586497,Bitcoin,197967774.0,19.103614822887927,1.48205413886898,0.9966919125968486,0.9917297814921217,0.9932967702620352,0.0438756855575868,0.286193087838426,0.982066684077653,0.7369199965178027,0.7104909898145729,91.88648036911292,0.9908592321755028,0.9305301645338208,0.9872029250457038,0.9908592321755028,0.914686166971359,0.9908592321755028,0.9987812309567335,0.9945155393053016,0.995734308348568,0.0575868372943327,0.9823278488726388,0.7074954296160878,0,1,1,0,0,1,1,4,0.5,98.24584312701316,1,0.9814137720901889,multi_method_market_stress_non_event,"Multiple methods agree and market stress variables are elevated, but no event-window label is present.",medium_high,"False-alert taxonomy is an error-review framework. Non-event-window alerts are not proof of model failure, and event-window hits are not verified fraud ground truth."
2023-12-11,43792.01953125,43808.375,40234.578125,41243.83203125,41243.83203125,40632672038,BTC,BTC-USD,10.627256854067472,-0.0596686466968368,0.0596686466968368,1,0.033084823476829,0.0276656515598179,24.427838309957128,1.8781808598787009,-2.283118593646129,2.072799398290097,-0.066176011462281,0.0866504565408028,2.604956107067443,0.0,0,0,,0,0,,,,0,1010741.0,528218.0,806366344749.7966,19567299.2821182,13.826195272557026,0.6425485958292964,13.177266249421242,-0.0122044080922844,27.41580399821251,0.831793571810576,16.789370377996967,1.6251242175437808,6026851947.0,22.519490646353827,2.0692782898950615,Bitcoin,315791215.0,19.570591844326135,1.7114050401730414,0.9493340297727866,0.9521197875859668,0.9715330373465656,0.664229128580134,0.286193087838426,0.9503786889527291,0.814224775833551,0.8029694437189866,98.5548881344128,0.9000609384521633,0.4436319317489335,0.9122486288848264,0.785496648385131,0.9817184643510056,0.785496648385131,0.9451553930530164,0.9622181596587448,0.9737964655697744,0.4996953077391834,0.9506398537477148,0.7921998781230957,1,0,1,0,0,1,0,3,0.3999999999999999,97.4797597283886,1,0.9707495429616088,multi_method_market_stress_non_event,"Multiple methods agree and market stress variables are elevated, but no event-window label is present.",medium_high,"False-alert taxonomy is an error-review framework. Non-event-window alerts are not proof of model failure, and event-window hits are not verified fraud ground truth."
2024-01-03,44961.6015625,45503.2421875,40813.53515625,42848.17578125,42848.17578125,46342323118,BTC,BTC-USD,10.66541835092017,-0.0480649535787556,0.0480649535787556,1,0.0290359742254109,0.0246949367856526,24.559321486739822,2.161089723306429,-1.973975544525399,1.862023083990764,-0.0469281203624218,0.109449397687128,3.3486412391175233,0.0,0,0,,0,0,,,,0,940343.0,502203.0,837886611759.9718,19588849.24589465,13.754001044746902,1.1222636051802015,13.126761690628102,-0.5657223506982447,27.454148620112388,-0.2242220075761542,16.790471097330283,1.6308214495121856,7408261366.0,22.725861615390365,2.0840400644092423,Bitcoin,324501799.0,19.597801641088413,2.2838723735187116,0.9374945590667711,0.9700531035083138,0.9861582658657612,0.6158265865761295,0.286193087838426,0.9534256115608948,0.9358405153651954,0.8037459737094107,98.59841560024375,0.9609993906154785,0.7647775746496039,0.9591712370505788,0.9305301645338208,0.9829372333942716,0.9305301645338208,0.9390615478366848,0.9780621572212066,0.9884216940889702,0.400975015234613,0.9536867763558804,0.9341864716636198,1,0,1,0,0,1,1,4,0.5,98.24584312701316,1,0.9814137720901889,multi_method_market_stress_non_event,"Multiple methods agree and market stress variables are elevated, but no event-window label is present.",medium_high,"False-alert taxonomy is an error-review framework. Non-event-window alerts are not proof of model failure, and event-window hits are not verified fraud ground truth."
2024-01-12,46354.79296875,46498.13671875,41903.76953125,42853.16796875,42853.16796875,43332698900,BTC,BTC-USD,10.665534852885886,-0.0788426288329944,0.0788426288329944,1,0.0428220239151672,0.0275203245919116,24.492173357880553,1.4308248044487342,-2.8638257616673393,3.0880613080757984,-0.0876579043247636,0.1072118446610614,2.648551375247226,0.0,0,0,,0,0,,,,0,987727.0,367870.0,839096097616.4066,19597067.99588868,13.803162635183275,1.573915359249554,12.81548761221808,-1.6112177408238928,27.45559107513519,-0.4996954243342292,16.790890571992282,1.64506865829133,6902966525.0,22.65521708745999,1.2784670936708629,Bitcoin,319892059.0,19.583494184355388,0.986872335185348,0.9836336728475668,0.9069382780534516,0.9731870810481412,0.7149821537390093,0.286193087838426,0.8583616261861234,0.517976843388178,0.7924027161138677,98.11090798293723,0.9616087751371116,0.716636197440585,0.9561243144424132,0.9116392443631932,0.9762340036563072,0.9116392443631932,0.9853747714808044,0.915295551492992,0.9744058500914076,0.5886654478976234,0.858622790981109,0.4527726995734308,1,0,1,0,0,0,1,3,0.4499999999999999,97.83668494820232,1,0.9747105423522242,multi_method_market_stress_non_event,"Multiple methods agree and market stress variables are elevated, but no event-window label is present.",medium_high,"False-alert taxonomy is an error-review framework. Non-event-window alerts are not proof of model failure, and event-window hits are not verified fraud ground truth."
2024-02-28,57071.09765625,63913.1328125,56738.42578125,62504.7890625,62504.7890625,83239156760,BTC,BTC-USD,11.042998457788949,0.0906952929770419,0.0906952929770419,0,0.0378701601191388,0.0235000519510474,25.144983708206695,2.8723949194294165,3.3382858908357687,3.722868113587606,0.0,0.1147865169831361,3.7803824908539294,0.0,0,0,,0,0,,,,0,1054242.0,415406.0,1226750759834.859,19640349.24436558,13.86833353179544,2.5226917141857124,12.9370140415099,0.7647828275675647,27.83539013130556,2.4629212594532266,16.793096693947753,1.61215229486237,9470118462.0,22.97140725335866,3.079686331150701,Bitcoin,381453869.0,19.759500483946493,1.799342299602659,0.9933838251936972,0.9933838251936972,0.9905980673805173,0.0438756855575868,0.286193087838426,0.9918168364237834,0.8412988595803952,0.7152816227039261,92.51327587707844,0.9951249238269348,0.951249238269348,0.9786715417428398,0.9926873857404022,0.9219987812309568,0.9926873857404022,0.995734308348568,0.9969530773918344,0.9932967702620352,0.0575868372943327,0.992078001218769,0.8202315661182206,0,1,1,0,0,1,1,4,0.5,98.24584312701316,1,0.9814137720901889,multi_method_market_stress_non_event,"Multiple methods agree and market stress variables are elevated, but no event-window label is present.",medium_high,"False-alert taxonomy is an error-review framework. Non-event-window alerts are not proof of model failure, and event-window hits are not verified fraud ground truth."
2024-03-05,68341.0546875,69170.625,59323.91015625,63801.19921875,63801.19921875,102802940877,BTC,BTC-USD,11.06352726568836,-0.0685829818149201,0.0685829818149201,1,0.0556156016808872,0.0303879227434495,25.356079797320927,2.4368535318498625,-2.7004068702717907,1.930350636266865,-0.0662840245576039,0.1543343223062213,3.5644950123790733,0.0,0,0,,0,0,,,,0,1163884.0,424703.0,1256356364718.29,19645755.494305,13.967274105141891,2.820950997285233,12.959147734670006,1.297696600082017,27.859236873602892,1.5809927014095713,16.79337191846972,1.6469655158072536,13802678591.0,23.348128511143997,2.68400608813542,Bitcoin,434240836.0,19.88910986211445,2.1490610246326516,0.9415861408548796,0.9809349699660486,0.9886828588839558,0.6644902933751197,0.286193087838426,0.982676068599286,0.9138156176547402,0.8161800295986767,98.9988682858884,0.9829372333942716,0.906764168190128,0.9670932358318098,0.9780621572212066,0.9884216940889702,0.9780621572212066,0.9421084704448508,0.9872029250457038,0.9908592321755028,0.5003046922608165,0.9829372333942716,0.9055453991468616,1,1,1,0,0,1,1,5,0.7000000000000001,99.29050230695567,1,0.9929920780012188,multi_method_market_stress_non_event,"Multiple methods agree and market stress variables are elevated, but no event-window label is present.",medium_high,"False-alert taxonomy is an error-review framework. Non-event-window alerts are not proof of model failure, and event-window hits are not verified fraud ground truth."
2024-04-30,63839.41796875,64703.33203125,59120.06640625,60636.85546875,60636.85546875,37840840057,BTC,BTC-USD,11.01265816324528,-0.0514946297165419,0.0514946297165419,1,0.0218161301756662,0.0281921081535136,24.356654781147935,0.4990506953681831,-1.6344687959480075,1.6839915890911514,-0.1534872994478893,0.0920770970367585,1.73522803065801,0.0,0,0,,0,0,,,,0,827915.0,501881.0,1194069248252.2043,19692308.61769843,13.626666978945709,0.0908948953903398,13.126120311282037,0.2888195065224025,27.808388126079187,-1.9190474529410375,16.795738742756043,1.338760352771098,6224024086.0,22.551682493834292,0.1220306619284198,Bitcoin,407578391.0,19.82574384515001,-0.9136541283264402,0.9249586489074606,0.6845999825890137,0.9327935927570296,0.8381648820405676,0.286193087838426,0.5177156785931923,0.4825454862017933,0.7355715156263601,94.35884042831026,0.9317489335770872,0.9774527726995734,0.9975624619134674,0.9902498476538696,0.942717854966484,0.9902498476538696,0.9287020109689214,0.6861669713589275,0.9360146252285192,0.8184034125533212,0.517976843388178,0.4156002437538086,0,1,0,0,0,0,1,2,0.3,95.96500391747192,1,0.9546008531383303,multi_method_consensus_non_event,"Multiple methods agree, but the alert is outside known public incident windows.",medium,"False-alert taxonomy is an error-review framework. Non-event-window alerts are not proof of model failure, and event-window hits are not verified fraud ground truth."
2024-05-01,60609.49609375,60780.5,56555.29296875,58254.01171875,58254.01171875,48439780271,BTC,BTC-USD,10.972568239764623,-0.0400899234806573,0.0400899234806573,1,0.023084350234537,0.0287244564526017,24.603587219535136,1.21818288417833,-1.1874660715592231,0.9676727366026566,-0.1867526705198731,0.0725307477817883,0.8892458473711352,0.0,0,0,,0,0,,,,0,781183.0,477225.0,1144969805261.1355,19692721.11769297,13.568565996464113,-0.2204022221466075,13.075745452214548,0.0149766187443904,27.76639938163693,-2.5109782637449354,16.79575968979995,1.3300831431083195,6694315970.0,22.624524640742862,0.4435447023340673,Bitcoin,389973180.0,19.78158852805677,-1.692935942671841,0.8512231217898494,0.8741185688169235,0.847915034386698,0.8798641943066075,0.286193087838426,0.6103421258814312,0.8086532602071907,0.7666274919474187,96.709323583181,0.9634369287020108,0.971358927483242,0.9993906154783668,0.9963436928702012,0.9646556977452772,0.9963436928702012,0.8641072516758075,0.886654478976234,0.8439975624619135,0.882388787324802,0.6106032906764168,0.7848872638634978,1,1,0,0,0,0,1,3,0.5,98.24584312701316,1,0.9814137720901889,multi_method_consensus_non_event,"Multiple methods agree, but the alert is outside known public incident windows.",medium,"False-alert taxonomy is an error-review framework. Non-event-window alerts are not proof of model failure, and event-window hits are not verified fraud ground truth."
2024-06-24,63173.3515625,63292.52734375,58601.69921875,60277.4140625,60277.4140625,43152133651,BTC,BTC-USD,11.006712753056153,-0.0470429339934117,0.0470429339934117,1,0.0167758873773798,0.0151162290100269,24.48799770057666,1.4638354099302695,-2.805576525842706,3.390740499934377,-0.1520115015484249,0.0778206596609504,3.163273568348464,0.0,0,0,,0,0,,,,0,756391.0,525488.0,1188106947758.8867,19716686.74197148,13.536315039295914,1.6018132536844256,13.172084536634769,-0.4767907928431324,27.80338235618405,-2.980709804635047,16.796975928628093,1.6430667258892888,7257100577.0,22.70524621659242,-0.0047594267560074,Bitcoin,432583326.0,19.88528552936278,-1.9591681601906843,0.9895534082005746,0.9100722555932792,0.9834595629842432,0.8352050143640637,0.286193087838426,0.2401410289892922,0.8793418647166362,0.8049155567162879,98.6332375729085,0.9859841560024376,0.7666057282145033,0.967702620353443,0.9408897014015845,0.9835466179159048,0.9408897014015845,0.9908592321755028,0.9165143205362584,0.9872029250457038,0.8110907982937233,0.4789762340036563,0.8695917123705058,1,0,1,0,0,0,1,3,0.4499999999999999,97.83668494820232,1,0.9747105423522242,multi_method_market_stress_non_event,"Multiple methods agree and market stress variables are elevated, but no event-window label is present.",medium_high,"False-alert taxonomy is an error-review framework. Non-event-window alerts are not proof of model failure, and event-window hits are not verified fraud ground truth."
2024-07-04,60147.13671875,60399.67578125,56777.8046875,56977.703125,56977.703125,41149609230,BTC,BTC-USD,10.95041529704286,-0.0545790489543485,0.0545790489543485,1,0.0276385636663929,0.018957685148223,24.44048026781541,1.405931233567938,-2.5028689119572367,2.9394406574726615,-0.1984321545696969,0.0635664636358575,2.032213749959144,0.0,0,0,,0,0,,,,0,715636.0,535655.0,1132341877598.4685,19720942.99191134,13.480928334143105,0.4679396598098794,13.19124744297213,-0.1231444751053749,27.755309062126756,-2.1428940040001687,16.797191775765423,1.641684563857716,7278069187.0,22.70813144254901,0.6417142878257811,Bitcoin,416736332.0,19.84796428481628,-1.414607379525528,0.9808479150343868,0.9032819709236528,0.949856359362758,0.891616610080961,0.286193087838426,0.6682336554365805,0.7098459127709584,0.8188134412814486,99.04239575171934,0.9293113954905544,0.6197440585009141,0.946983546617916,0.8610603290676416,0.991468616697136,0.8610603290676416,0.9817184643510056,0.9122486288848264,0.9542961608775136,0.903107861060329,0.6684948202315661,0.6745886654478976,1,0,1,1,0,0,0,3,0.5,98.24584312701316,1,0.9814137720901889,multi_method_market_stress_non_event,"Multiple methods agree and market stress variables are elevated, but no event-window label is present.",medium_high,"False-alert taxonomy is an error-review framework. Non-event-window alerts are not proof of model failure, and event-window hits are not verified fraud ground truth."
2024-08-05,58110.296875,58268.828125,49121.23828125,53991.45703125,53991.45703125,108991085584,BTC,BTC-USD,10.896581109905975,-0.0736319858212013,0.0736319858212013,1,0.0305742089409728,0.0291563537292954,25.41453193220724,3.539956139026128,-2.4375734468384818,2.6785518500657735,-0.2089843810359251,0.1694266157413647,4.567495999591928,0.0,0,0,,0,0,,,,0,817104.0,550851.0,1072529021264.8894,19736058.61633134,13.613522884556131,1.5469887759114085,13.219221449514093,-0.5003166432563703,27.701040546837856,-2.0815040337813215,16.797957957876438,1.614810093879647,18224217405.0,23.626017173233283,4.169908207502609,Bitcoin,386264002.0,19.77203163924076,-1.6321660794914654,0.974231740228084,0.998520066161748,0.99582136328023,0.900931487768782,0.286193087838426,0.9997388352050144,0.7914163837381387,0.8651049011926526,99.73883520501435,0.9963436928702012,0.946983546617916,0.9884216940889702,0.9945155393053016,0.9975624619134674,0.9945155393053016,0.9731870810481412,0.9981718464351006,0.9981718464351006,0.9165143205362584,1.0,0.7708714198659354,1,1,1,1,0,1,1,6,0.8500000000000001,99.80847915034389,1,0.9981718464351006,multi_method_market_stress_non_event,"Multiple methods agree and market stress variables are elevated, but no event-window label is present.",medium_high,"False-alert taxonomy is an error-review framework. Non-event-window alerts are not proof of model failure, and event-window hits are not verified fraud ground truth."
2024-08-08,55030.02734375,62673.765625,54766.7265625,61710.13671875,61710.13671875,45298472567,BTC,BTC-USD,11.030203486816628,0.1146158574329572,0.1146158574329572,0,0.0654139797684715,0.0357040781977714,24.536539150721236,0.8815943843549625,3.152421947439731,3.508694270193189,-0.0958998945946839,0.1281319323361266,2.5880135256905037,0.0,0,0,,0,0,,,,0,722252.0,485878.0,1221911146638.464,19737280.49125374,13.490130772006252,0.2357211943859905,13.093714900690742,-0.8601214586401918,27.831437262610013,-0.2332343922085511,16.798019866743967,1.5822598686480618,6291825568.0,22.562517099094464,0.0751777636948834,Bitcoin,364607005.0,19.714330635602938,-1.9555739471220808,0.9908592321755028,0.8006442064942979,0.9710107077565944,0.7319578654130756,0.286193087838426,0.5030904500739967,0.8786454252633412,0.7777931574823713,97.31870810481414,0.9652650822669104,0.7099329677026204,0.9719683120048752,0.9159049360146252,0.9689213893967094,0.9159049360146252,0.9926873857404022,0.8135283363802559,0.9731870810481412,0.623400365630713,0.5033516148689823,0.8683729433272395,1,0,0,0,0,0,1,2,0.3,95.96500391747192,1,0.9546008531383303,multi_method_market_stress_non_event,"Multiple methods agree and market stress variables are elevated, but no event-window label is present.",medium_high,"False-alert taxonomy is an error-review framework. Non-event-window alerts are not proof of model failure, and event-window hits are not verified fraud ground truth."
2024-10-01,63335.60546875,64110.98046875,60189.27734375,60837.0078125,60837.0078125,50220923500,BTC,BTC-USD,11.015953563909685,-0.0401529704172496,0.0401529704172496,1,0.025482471671065,0.0231021816700259,24.639697579614698,1.5833291737959991,-1.82384225152482,1.6059586673453274,-0.0766553480777351,0.0644624590526659,1.7075287824693073,0.0,0,0,,0,0,,,,0,863700.0,624352.0,1202652137478.4417,19761530.49089476,13.668981923077132,2.1538595629912236,13.344471192528944,0.3810148071157831,27.815550348578064,0.1458468386714897,16.799247751880607,1.6545922203876686,7509659579.0,22.73945597280026,2.4111431342486407,Bitcoin,740398999.0,20.42269978804142,1.1706669806696912,0.919735353007748,0.9242622094541656,0.9301819448071732,0.6892138939670932,0.286193087838426,0.96987899364499,0.601114303125272,0.778816923478715,97.37964655697743,0.8537477148080439,0.7349177330895795,0.8104814137720902,0.8269347958561852,0.9695307739183424,0.8269347958561852,0.92260816575259,0.9305301645338208,0.9341864716636198,0.5393053016453382,0.9701401584399756,0.5557586837294333,1,0,1,0,0,1,0,3,0.3999999999999999,97.4797597283886,1,0.9707495429616088,multi_method_consensus_non_event,"Multiple methods agree, but the alert is outside known public incident windows.",medium,"False-alert taxonomy is an error-review framework. Non-event-window alerts are not proof of model failure, and event-window hits are not verified fraud ground truth."
2024-11-06,69358.5,76460.15625,69322.03125,75639.078125,75639.078125,118592653963,BTC,BTC-USD,11.233728335032866,0.0866690312684639,0.0866690312684639,0,0.0387115486355256,0.0247269625453692,25.498960381996422,2.9062887130682347,3.242131735471775,3.831309714326986,0.0,0.0943708619531777,3.3972309210490965,0.0,0,0,,0,0,,,,0,894241.0,500965.0,1497164174352.868,19778633.61438602,13.703731711037078,1.961612933471601,13.12429351349266,-1.228049439561055,28.034593884259905,2.2604260577137945,16.80011285318101,1.635254268046337,12774459413.0,23.270713656211285,3.0580814709813473,Bitcoin,2441019815.0,21.615681746308717,0.9206715733563596,0.994167319578654,0.994341429441978,0.9865935405240708,0.0438756855575868,0.286193087838426,0.9905980673805173,0.4852441890833116,0.6970418734221293,90.2498476538696,0.992078001218769,0.9098110907982936,0.9811090798293725,0.9835466179159048,0.8897014015843998,0.9835466179159048,0.9963436928702012,0.9975624619134674,0.9896404631322364,0.0575868372943327,0.9908592321755028,0.4198659354052407,0,1,1,0,0,1,0,3,0.3999999999999999,97.4797597283886,1,0.9707495429616088,multi_method_market_stress_non_event,"Multiple methods agree and market stress variables are elevated, but no event-window label is present.",medium_high,"False-alert taxonomy is an error-review framework. Non-event-window alerts are not proof of model failure, and event-window hits are not verified fraud ground truth."
2024-11-11,80471.4140625,89604.5,80283.25,88701.484375,88701.484375,117966845037,BTC,BTC-USD,11.393031902937803,0.0973401431249616,0.0973401431249616,0,0.0397820489725093,0.0292923812634598,25.493669447677178,2.193355706204968,2.9371932960890583,3.2703491740701995,0.0,0.1050856145833241,3.085641969196613,0.0,0,0,,0,0,,,,0,941403.0,461089.0,1757729564966.6409,19780886.73931287,13.755127656931016,2.089467010973808,13.041348530690051,-1.4659991628235782,28.195044072281892,3.3581853730441424,16.80022676380456,1.6104400402022174,15961132954.0,23.49342241360399,2.659682814845403,Bitcoin,2836179048.0,21.76572357796755,0.869904534221554,0.9882475842256464,0.9716200922782277,0.9822407939409769,0.0438756855575868,0.286193087838426,0.98145729955602,0.462696961782885,0.6892817968137894,89.42282580308174,0.991468616697136,0.9043266301035954,0.9634369287020108,0.9786715417428398,0.8805606337599025,0.9786715417428398,0.9890310786106032,0.979890310786106,0.9853747714808044,0.0575868372943327,0.9817184643510056,0.3851310176721511,0,1,1,0,0,1,0,3,0.3999999999999999,97.4797597283886,1,0.9707495429616088,multi_method_market_stress_non_event,"Multiple methods agree and market stress variables are elevated, but no event-window label is present.",medium_high,"False-alert taxonomy is an error-review framework. Non-event-window alerts are not proof of model failure, and event-window hits are not verified fraud ground truth."
2025-02-25,91437.1171875,92511.078125,86008.234375,88736.171875,88736.171875,92139104128,BTC,BTC-USD,11.39342288533889,-0.0297766693549981,0.0297766693549981,1,0.0250565307370171,0.0189823866692885,25.24656527347442,1.7168559138857822,-1.3123147558360964,1.1832880361932316,-0.1527577817263893,0.0732828970711105,1.7721538180650769,0.0,0,0,,0,0,,,,0,837361.0,493632.0,1760217123608.3984,19829022.93427864,13.63801175298488,1.3800338433606727,13.109547605092216,1.2529856373646748,28.196458283056845,-2.814185531497362,16.802657277614287,1.6000885987274187,18498605432.0,23.64096118418933,1.1759642262234684,Bitcoin,6224961725.0,22.551833130844543,-2.2714062991265376,0.8782101506050318,0.9369722294767998,0.9344476364586054,0.8363367284756682,0.286193087838426,0.8272830155828328,0.9338382519369722,0.80872551580047,98.74640898406896,0.9591712370505788,0.8458257160268129,0.8238878732480195,0.9085923217550276,0.9865935405240708,0.9085923217550276,0.8836075563680682,0.947592931139549,0.9390615478366848,0.8147471054235222,0.8275441803778184,0.931139549055454,1,0,0,0,0,0,1,2,0.3,95.96500391747192,1,0.9546008531383303,multi_method_consensus_non_event,"Multiple methods agree, but the alert is outside known public incident windows.",medium,"False-alert taxonomy is an error-review framework. Non-event-window alerts are not proof of model failure, and event-window hits are not verified fraud ground truth."
2025-02-26,88638.890625,89286.25,82131.8984375,84347.0234375,84347.0234375,64597492134,BTC,BTC-USD,11.34269479911792,-0.0507280862209693,0.0507280862209693,1,0.0269171701995597,0.0207487445823244,24.891441425541768,1.055857504621988,-2.1382016249089832,2.41980844453549,-0.1946648392424385,0.0848204390733631,2.1081390090575804,0.0,0,0,,0,0,,,,0,827083.0,398655.0,1665439114292.423,19829513.54557975,13.625661540794544,1.2381594005657668,12.895854168613818,0.0751486913881287,28.141109936898065,-3.389053642469071,16.80268201938844,1.615850627035947,12662248447.0,23.261890840420627,-0.0492726377427376,Bitcoin,5978398401.0,22.511418543284723,-2.9632994361555616,0.965613301993558,0.8394707060154958,0.954034996082528,0.8883085226778097,0.286193087838426,0.2401410289892922,0.9865935405240708,0.7965652476712805,98.30242883259336,0.9731870810481412,0.7757464960390006,0.9073735527117612,0.9186471663619744,0.979890310786106,0.9186471663619744,0.962827544180378,0.8555758683729433,0.959780621572212,0.8964046313223644,0.4680073126142596,0.984156002437538,1,0,0,0,0,1,1,3,0.35,96.79637851484286,1,0.9634369287020109,multi_method_market_stress_non_event,"Multiple methods agree and market stress variables are elevated, but no event-window label is present.",medium_high,"False-alert taxonomy is an error-review framework. Non-event-window alerts are not proof of model failure, and event-window hits are not verified fraud ground truth."
2025-03-02,86036.2578125,95043.4375,85040.2109375,94248.3515625,94248.3515625,58398341092,BTC,BTC-USD,11.453688615104252,0.0912150149568642,0.0912150149568642,0,0.0496760974034776,0.026914952332898,24.79055332043535,0.7634787698846209,3.491804909677891,3.6662371914434098,-0.070578773601695,0.1061368861806187,2.414971159102203,0.0,0,0,,0,0,,,,0,691454.0,271285.0,1870648329293.3423,19831313.52299381,13.446553352047513,-0.4774087122170047,12.510928893924442,-1.844705760986085,28.257306186865833,-0.0903798551567663,16.802772787910307,1.635140807277323,15827342200.0,23.485004800407093,0.7928919471176294,Bitcoin,5693677536.0,22.462622192129757,-2.131235050233283,0.9926003308087404,0.7676503873944459,0.966309741446853,0.6738922259946026,0.286193087838426,0.7182031862104988,0.91102985984156,0.7733141812483677,97.14459824149036,0.9707495429616088,0.7903717245581963,0.9780621572212066,0.946983546617916,0.9670932358318098,0.946983546617916,0.9951249238269348,0.7769652650822669,0.9695307739183424,0.5167580743449116,0.7184643510054844,0.9006703229737965,1,0,0,0,0,0,1,2,0.3,95.96500391747192,1,0.9546008531383303,multi_method_market_stress_non_event,"Multiple methods agree and market stress variables are elevated, but no event-window label is present.",medium_high,"False-alert taxonomy is an error-review framework. Non-event-window alerts are not proof of model failure, and event-window hits are not verified fraud ground truth."
2025-04-06,83504.5078125,83704.71875,77097.7421875,78214.484375,78214.484375,36294853736,BTC,BTC-USD,11.267210131568593,-0.0654492252250964,0.0654492252250964,1,0.0317963611038289,0.0284621390248574,24.314941797836273,0.7158133015930259,-2.1783156289594516,2.34200632354345,-0.1061090847466768,0.0844725451467888,2.038263624103281,0.0,0,0,,0,0,,,,0,645459.0,272974.0,1547104104705.474,19847622.78330522,13.377718519881691,-1.4552715210080571,12.517135494882266,-1.8013085908491304,28.06740597982962,-2.5482472051320575,16.80359484928221,1.6782048534250622,8106159048.0,22.815889986104867,0.7200742200634781,Bitcoin,5291294234.0,22.38932870979281,-1.1111018309448673,0.9616087751371116,0.7517193349003221,0.9504657438843912,0.7527639940802646,0.286193087838426,0.6889527291721076,0.5736049447201184,0.7566396796378514,95.9084182118917,0.9518586227909812,0.878732480195003,0.9000609384521633,0.9445460085313832,0.95551492992078,0.9445460085313832,0.9591712370505788,0.7605118829981719,0.9549055453991468,0.6563071297989032,0.6892138939670932,0.526508226691042,1,0,0,0,0,0,1,2,0.3,95.96500391747192,1,0.9546008531383303,multi_method_market_stress_non_event,"Multiple methods agree and market stress variables are elevated, but no event-window label is present.",medium_high,"False-alert taxonomy is an error-review framework. Non-event-window alerts are not proof of model failure, and event-window hits are not verified fraud ground truth."
2025-04-09,76273.5625,83541.0,74589.671875,82573.953125,82573.953125,84213627038,BTC,BTC-USD,11.32144957231002,0.0793890094423801,0.0793890094423801,0,0.0453833503118017,0.0302444626113352,25.156622586418088,2.053514568292443,2.569596739014534,2.8377969672169865,-0.0562859664061902,0.1084037736627375,2.7509298751203883,0.0,0,0,,0,0,,,,0,743091.0,320082.0,1641918231600.7288,19848963.40626122,13.5185751383764,0.0289153948375163,12.67633561614403,-1.025580259117333,28.12688632766872,-0.2673901467179769,16.803662392767315,1.654352418470532,11726500316.0,23.185117101898697,1.8026424135223424,Bitcoin,4716299268.0,22.274290275835455,-3.0931864089298413,0.9776268825628972,0.9638722033603204,0.9758857839296596,0.6402890223731175,0.286193087838426,0.9314877687821016,0.9895534082005746,0.8156054670497084,98.981457299556,0.9786715417428398,0.7495429616087751,0.9421084704448508,0.9219987812309568,0.987812309567337,0.9219987812309568,0.9786715417428398,0.971358927483242,0.9780621572212066,0.4546008531383302,0.9317489335770872,0.9865935405240708,1,0,1,0,0,1,1,4,0.5,98.24584312701316,1,0.9814137720901889,multi_method_market_stress_non_event,"Multiple methods agree and market stress variables are elevated, but no event-window label is present.",medium_high,"False-alert taxonomy is an error-review framework. Non-event-window alerts are not proof of model failure, and event-window hits are not verified fraud ground truth."
2025-06-22,102212.03125,103351.6328125,98286.203125,100987.140625,100987.140625,65536997201,BTC,BTC-USD,11.522748467172894,-0.0125000368718648,0.0125000368718648,1,0.0110785008220945,0.014986439859094,24.905880662902607,1.747152164390421,-0.6994753994616653,0.1356430566945438,-0.0843831248058724,0.0501591554741576,2.0425418103664015,0.0,0,0,,0,0,,,,0,595271.0,264346.0,2006104828133.744,19882260.2073716,13.296773722926948,-1.8977859902837888,12.485017913008315,-1.615320915385816,28.327216061398413,-2.105421939393743,16.80533849555001,1.604971458722762,13293736517.0,23.310558822751517,0.8224542912329021,Bitcoin,6123565958.0,22.53541043682184,-0.7605913883152573,0.6696265343431705,0.9391486027683468,0.9506398537477148,0.7069731000261165,0.286193087838426,0.7297814921215287,0.4220423086967876,0.712393140071385,92.13893967093236,0.9305301645338208,0.9591712370505788,0.8610603290676416,0.9530773918342474,0.9177330895795248,0.9530773918342474,0.6782449725776966,0.9506398537477148,0.95551492992078,0.5764777574649604,0.7300426569165143,0.327848872638635,0,1,0,0,0,0,1,2,0.3,95.96500391747192,1,0.9546008531383303,multi_method_market_stress_non_event,"Multiple methods agree and market stress variables are elevated, but no event-window label is present.",medium_high,"False-alert taxonomy is an error-review framework. Non-event-window alerts are not proof of model failure, and event-window hits are not verified fraud ground truth."
2025-06-23,100987.4765625,106116.859375,99705.75,105577.7734375,105577.7734375,65237759656,BTC,BTC-USD,11.567203149288972,0.0444546821160773,0.0444546821160773,0,0.0217392715219998,0.017195894465321,24.901304274088133,1.5821389101582453,2.6254100215979252,2.7488516281378077,-0.0427613812360347,0.0607240441454777,2.515647331685439,0.0,0,0,,0,0,,,,0,691705.0,291899.0,2097553036699.808,19882594.58211129,13.446916288831812,-0.4550875256048663,12.584166556842206,-0.9551699042945452,28.3717925606419,-0.098601420294694,16.80535531315061,1.5868200972413429,13685098210.0,23.339573355956965,0.8968738583855973,Bitcoin,6079837737.0,22.528243844739418,-0.9173374862556336,0.9751893444763646,0.9240880995908418,0.9689213893967094,0.6041612257334378,0.286193087838426,0.7498911813354227,0.4837642552450596,0.7657821885609819,96.65709062418388,0.923217550274223,0.6331505179768434,0.9335770871419866,0.8577087141986593,0.962827544180378,0.8577087141986593,0.9737964655697744,0.9299207800121876,0.9707495429616088,0.3772090188909202,0.7501523461304083,0.4186471663619744,1,0,1,0,0,0,0,2,0.35,96.79637851484286,1,0.9634369287020109,market_stress_non_event,Market stress variables are elevated outside known public incident windows.,medium,"False-alert taxonomy is an error-review framework. Non-event-window alerts are not proof of model failure, and event-window hits are not verified fraud ground truth."
2021-01-11,1261.6229248046875,1261.6229248046875,924.922607421875,1090.1453857421875,1090.1453857421875,60733630300,ETH,ETH-USD,6.99406634774353,-0.1465821628624066,0.1465821628624066,1,0.0768588287875578,,24.82976342279034,1.1036903118905397,-1.9732639822751388,1.05987060496899,-0.1490401002040576,0.3088581778049556,2.000764745982651,0.0,0,0,,0,0,,,,0,639489.0,1280285.0,123705180159.74075,114234491.34013228,13.368426262662195,0.8322641225737061,14.06259404843736,0.7242651754077024,25.54116699227274,0.0886225181999377,18.55376384408498,1.508693431819702,2394135397.0,21.596287999709293,2.082705290746215,,,,0.0,0.8620179333159224,0.8492208583616262,0.9472447114129016,0.829981718464351,0.286193087838426,0.9528162270392616,0.0789152955514929,0.7540580656394185,95.6994863759032,0.7117611212675198,0.6002437538086532,0.643510054844607,0.6758074344911639,0.9603900060938452,0.6758074344911639,0.8677635588056063,0.8574040219378428,0.9494210847044484,0.6946983546617916,0.9530773918342474,0.5003046922608165,1,0,0,0,0,1,0,2,0.25,95.14668755985026,1,0.9524680073126143,market_stress_non_event,Market stress variables are elevated outside known public incident windows.,medium,"False-alert taxonomy is an error-review framework. Non-event-window alerts are not proof of model failure, and event-window hits are not verified fraud ground truth."
2021-02-23,1781.4090576171875,1781.4090576171875,1378.8409423828125,1570.2039794921875,1570.2039794921875,52029864713,ETH,ETH-USD,7.358960813146492,-0.1265268217685555,0.1265268217685555,1,0.0643065293192882,0.0530019081239406,24.675083712091485,1.6270657423280646,-2.463149865560731,2.627482757606202,-0.1989428727829131,0.2563795025946678,3.5931796978739903,0.0,0,0,,0,0,,,,0,627533.0,1302882.0,179508700934.97287,114845464.62120388,13.349553131787149,0.9122706292220628,14.080090059289487,0.7516652787061905,25.913489516880865,-0.3224823010649121,18.55909800544236,1.6489467417749566,5372439705.0,22.404547963709728,2.6383578306169055,,,,0.0,0.97266475145817,0.9286149560372596,0.9890310786106032,0.8921389396709324,0.286193087838426,0.9808479150343868,0.0789152955514929,0.8128027335248541,98.90310786106032,0.9731870810481412,0.850091407678245,0.7276051188299817,0.9329677026203534,0.9945155393053016,0.9329677026203534,0.975624619134674,0.9335770871419866,0.991468616697136,0.797684338817794,0.9811090798293725,0.5003046922608165,1,0,1,0,0,1,1,4,0.5,98.24584312701316,1,0.985679463741621,multi_method_market_stress_non_event,"Multiple methods agree and market stress variables are elevated, but no event-window label is present.",medium_high,"False-alert taxonomy is an error-review framework. Non-event-window alerts are not proof of model failure, and event-window hits are not verified fraud ground truth."
2021-04-07,2117.728515625,2133.1875,1945.442138671875,1971.0772705078125,1971.0772705078125,36116271935,ETH,ETH-USD,7.586335510091942,-0.07207089820408,0.07207089820408,1,0.0525833235989839,0.0404462339968195,24.3100093468793,2.015522185055514,-1.8409715536605205,1.6313212983461174,-0.0803220699487803,0.0952501274999512,1.602243371002292,0.0,0,0,,0,0,,,,0,613189.0,1312638.0,229238587439.5982,115462290.17623387,13.326430117953802,0.7509398909805084,14.087550172602308,0.5059584443239575,26.158029164687207,0.9950610747951868,18.56445455129619,1.6470855019900474,4461184370.0,22.218680121761025,2.170987548941786,,,,0.0,0.921824671367633,0.9603900060938452,0.9236528249325324,0.6969617828850004,0.286193087838426,0.9583006877339602,0.0789152955514929,0.7593100896665795,96.16087751371116,0.7794028031687995,0.4741011578305911,0.5819622181596588,0.6218769043266301,0.9689213893967094,0.6218769043266301,0.9244363193174894,0.962827544180378,0.9159049360146252,0.4564290067032297,0.9585618525289458,0.5003046922608165,1,0,1,0,0,1,0,3,0.3999999999999999,97.4797597283886,1,0.975624619134674,multi_method_market_stress_non_event,"Multiple methods agree and market stress variables are elevated, but no event-window label is present.",medium_high,"False-alert taxonomy is an error-review framework. Non-event-window alerts are not proof of model failure, and event-window hits are not verified fraud ground truth."
2021-04-18,2346.452392578125,2365.46044921875,2011.766845703125,2237.136962890625,2237.136962890625,50696368718,ETH,ETH-USD,7.71295218576279,-0.0470437263249712,0.0470437263249712,1,0.0488335254131419,0.042273030487886,24.649120122079097,2.5852427704637284,-1.2766046847583707,0.5134507661269011,-0.1119357839954255,0.1581010056079062,3.286993155249191,0.0,0,0,,0,0,,,,0,671586.0,1396766.0,259391685368.7708,115620104.07112196,13.417398847238202,1.4289845192052817,14.149670838358835,1.3429550454433432,26.28160505499881,0.9398810076493735,18.565820418380707,1.6453620333746144,5734574197.0,22.46977933856386,2.0262742144307273,,,,0.0,0.7708714198659354,0.9859841560024376,0.9852877165491424,0.7644293549229564,0.286193087838426,0.9491599199094628,0.0789152955514929,0.7534887263863498,95.63854792373988,0.9567336989640464,0.870810481413772,0.7227300426569165,0.9323583180987204,0.9591712370505788,0.9323583180987204,0.7739183424741012,0.9902498476538696,0.9890310786106032,0.5697745277269958,0.9494210847044484,0.5003046922608165,1,0,0,0,0,0,1,2,0.3,95.96500391747192,1,0.9588665447897623,multi_method_market_stress_non_event,"Multiple methods agree and market stress variables are elevated, but no event-window label is present.",medium_high,"False-alert taxonomy is an error-review framework. Non-event-window alerts are not proof of model failure, and event-window hits are not verified fraud ground truth."
2021-04-20,2161.939453125,2345.8349609375,2060.143798828125,2330.2109375,2330.2109375,39433483315,ETH,ETH-USD,7.753714073577932,0.0729895211406752,0.0729895211406752,0,0.0509436399403553,0.0443726923155483,24.39788112270427,1.385594182896831,1.4460439489169277,1.4363492958491295,-0.0749887093804212,0.1226031332665028,1.8412224308191856,0.0,0,0,,0,0,,,,0,765456.0,1555560.0,269288971632.49823,115648864.42610164,13.54822832006583,2.7558554731620273,14.257346810237188,2.6876109070886236,26.319050883951768,1.1008005547940427,18.566069136183756,1.6458980539434067,7024753025.0,22.672705895106937,2.3897005298815324,,,,0.0,0.9042395751719337,0.9015408722904152,0.9389744929050232,0.6845999825890137,0.286193087838426,0.9680508400800906,0.0789152955514929,0.7458688082179855,95.133629320101,0.9591712370505788,0.8848263254113345,0.6197440585009141,0.8976234003656307,0.951249238269348,0.8976234003656307,0.9061547836684948,0.91102985984156,0.9341864716636198,0.4326630103595368,0.9683120048750762,0.5003046922608165,1,0,1,0,0,1,0,3,0.3999999999999999,97.4797597283886,1,0.975624619134674,multi_method_consensus_non_event,"Multiple methods agree, but the alert is outside known public incident windows.",medium,"False-alert taxonomy is an error-review framework. Non-event-window alerts are not proof of model failure, and event-window hits are not verified fraud ground truth."
2021-05-12,4174.6357421875,4362.3505859375,3785.8486328125,3785.8486328125,3785.8486328125,69023382175,ETH,ETH-USD,8.239025350202056,-0.0963344464997284,0.0963344464997284,1,0.0637392353724624,0.055498863442657,24.957711156255424,2.045858161411987,-2.078601060611546,1.3989692036144874,-0.091839765739385,0.15227813075472,1.778028320336413,0.0,0,0,,0,0,,,,0,838261.0,1624077.0,461022908425.01294,115965952.7215982,13.639085979764332,0.9698164760485756,14.300450828107028,1.0286876433386087,26.856713571606484,1.607697606078427,18.568807203590364,1.6459717944603365,12025511465.0,23.210296185588803,2.3632888321171257,,,,0.0,0.8997997736571777,0.9630016540437016,0.9349699660485766,0.7234264821102115,0.286193087838426,0.9650039174719248,0.0789152955514929,0.7620706015495778,96.4046313223644,0.8318098720292505,0.534430225472273,0.6075563680682511,0.684338817794028,0.9731870810481412,0.684338817794028,0.9018890920170628,0.9646556977452772,0.9305301645338208,0.4966483851310176,0.9652650822669104,0.5003046922608165,1,0,1,0,0,1,0,3,0.3999999999999999,97.4797597283886,1,0.975624619134674,multi_method_market_stress_non_event,"Multiple methods agree and market stress variables are elevated, but no event-window label is present.",medium_high,"False-alert taxonomy is an error-review framework. Non-event-window alerts are not proof of model failure, and event-window hits are not verified fraud ground truth."
2021-05-19,3382.6572265625,3437.935791015625,1952.460205078125,2460.67919921875,2460.67919921875,84482912776,ETH,ETH-USD,7.808192688061973,-0.3174590304840619,0.3174590304840619,1,0.1325359006990281,0.0863216018244977,25.159815135204393,2.162798813052752,-3.7268535515859647,4.080093817307601,-0.4097252122986823,0.6036851883858445,4.945660362792582,0.0,0,0,,0,0,,,,0,793162.0,1461174.0,294315407960.5034,116067043.50243,13.583784028044589,0.1006203315261204,14.194751464531606,-0.6279766230411352,26.40791784542464,-0.9760208597542546,18.56967855195893,1.6463728805472804,24638569992.0,23.9275789379292,3.3847732494386524,,,,0.0,0.9959084182118916,0.9702272133716376,0.9976495168451291,0.987812309567337,0.286193087838426,0.9979106816401148,0.0789152955514929,0.8450322103247149,99.5647253416906,0.9945155393053016,0.9859841560024376,0.7483241925655089,0.9829372333942716,0.9993906154783668,0.9829372333942716,0.9963436928702012,0.9719683120048752,0.9993906154783668,0.9835466179159048,0.9981718464351006,0.5003046922608165,1,1,1,1,0,1,1,6,0.8500000000000001,99.80847915034389,1,0.9981718464351006,multi_method_market_stress_non_event,"Multiple methods agree and market stress variables are elevated, but no event-window label is present.",medium_high,"False-alert taxonomy is an error-review framework. Non-event-window alerts are not proof of model failure, and event-window hits are not verified fraud ground truth."
2021-05-20,2439.638671875,2993.145263671875,2170.22900390625,2784.294189453125,2784.294189453125,67610826680,ETH,ETH-USD,7.931749687370438,0.123556999308465,0.123556999308465,0,0.1499656361927399,0.0881837930571952,24.937033965174365,1.3105766446167977,1.3338332903465149,0.9946682098996736,-0.3320955197657393,0.2955565050858571,1.6753891009646489,0.0,0,0,,0,0,,,,0,764072.0,1459146.0,322465830669.5401,116081539.07477143,13.546418613322292,-0.4246908850107106,14.19336257637064,-0.6134659240642186,26.499263016159812,-0.571659123995504,18.569803433808943,1.6468956391391214,17315928386.0,23.574892630862703,2.1231192343151655,,,,0.0,0.8547053190563245,0.8893531818577523,0.9284408461739356,0.9733611909114652,0.286193087838426,0.9546443806041612,0.0789152955514929,0.7821881257073214,97.5624619134674,0.8281535648994516,0.716636197440585,0.5825716026812919,0.7553321145642901,0.9829372333942716,0.7553321145642901,0.858622790981109,0.898842169408897,0.9201706276660572,0.9506398537477148,0.9549055453991468,0.5003046922608165,1,0,0,1,0,1,0,3,0.3999999999999999,97.4797597283886,1,0.975624619134674,multi_method_consensus_non_event,"Multiple methods agree, but the alert is outside known public incident windows.",medium,"False-alert taxonomy is an error-review framework. Non-event-window alerts are not proof of model failure, and event-window hits are not verified fraud ground truth."
2021-05-21,2772.34130859375,2938.205078125,2113.34716796875,2430.621337890625,2430.621337890625,53774070802,ETH,ETH-USD,7.795902198255496,-0.1358474891149423,0.1358474891149423,1,0.1403887152082802,0.0918740679408617,24.708057232601774,0.5222927148199314,-1.4885950787043214,1.1064787353872778,-0.4169355783308931,0.3393609268945567,1.8878303135663517,0.0,0,0,,0,0,,,,0,697499.0,1367394.0,280253633151.00726,116095876.5972846,13.455257792677658,-1.5889577346853836,14.128418027880624,-1.5141189458706457,26.35896086278256,-1.2991651551135386,18.569926938693055,1.6462430963728925,12983925756.0,23.28697794910477,1.2918752090504853,,,,0.0,0.8675894489422826,0.6912161573953165,0.941237921128232,0.9886828588839558,0.286193087838426,0.8620179333159224,0.0789152955514929,0.7497880212414033,95.45573256724994,0.9402803168799512,0.7964655697745278,0.64411943936624,0.862279098110908,0.95551492992078,0.862279098110908,0.8726386349786716,0.6977452772699574,0.9390615478366848,0.9859841560024376,0.862279098110908,0.5003046922608165,1,0,0,1,0,0,0,2,0.35,96.79637851484286,1,0.9667885435709933,market_stress_non_event,Market stress variables are elevated outside known public incident windows.,medium,"False-alert taxonomy is an error-review framework. Non-event-window alerts are not proof of model failure, and event-window hits are not verified fraud ground truth."
2021-06-21,2245.31787109375,2259.464111328125,1867.1854248046875,1888.447509765625,1888.447509765625,33745173825,ETH,ETH-USD,7.54351034709619,-0.1735580644172145,0.1735580644172145,1,0.0744484557124438,0.0765468178969852,24.24210324629165,0.3520299206923516,-2.18230572509169,2.3495765945158604,-0.3462635996453718,0.2077254911745591,1.7073033073746453,0.0,0,0,,0,0,,,,0,642471.0,1209567.0,221478198093.15665,116543361.82754622,13.373078515035347,-0.4156216751720102,14.00577382903101,-0.1825963150904906,26.123589993118383,-2.837342104107696,18.573773974827898,1.645151551346152,5808298425.0,22.482553495035955,0.4815882538386802,,,,0.0,0.9622181596587448,0.6392443631931749,0.9300948898755116,0.9773657177679116,0.286193087838426,0.621920431792461,0.0789152955514929,0.7452037085400889,95.09880734743624,0.9177330895795248,0.6788543570993297,0.6867763558805606,0.8266301035953687,0.9500304692260816,0.8266301035953687,0.9616087751371116,0.6429006703229738,0.923217550274223,0.959780621572212,0.6221815965874467,0.5003046922608165,1,0,0,1,0,0,0,2,0.35,96.79637851484286,1,0.9667885435709933,market_stress_non_event,Market stress variables are elevated outside known public incident windows.,medium,"False-alert taxonomy is an error-review framework. Non-event-window alerts are not proof of model failure, and event-window hits are not verified fraud ground truth."
2021-09-07,3926.527587890625,3945.314208984375,3062.222412109375,3426.394287109375,3426.394287109375,39131346397,ETH,ETH-USD,8.13926375898404,-0.1367184930285301,0.1367184930285301,1,0.0741781064409385,0.0472086366088776,24.390189680907984,2.4838631309814576,-2.9866596282926814,3.1548455176175323,-0.1330266935154623,0.257732100534176,4.459392119626183,0.0,0,0,,0,0,,,,0,558574.0,1308071.0,403159442272.45953,117441625.95290112,13.233144176747688,1.4899764012855163,14.084064855355871,2.1989620888879333,26.722597959044545,0.3421505607135588,18.581451976216307,1.2215768311117352,9966820536.0,23.02252746705075,3.3328027558903752,,,,0.0,0.9854618264124664,0.982676068599286,0.9949508139636112,0.8057804474623488,0.286193087838426,0.9973012971184818,0.0789152955514929,0.8116927831461653,98.87699138156177,0.9939061547836684,0.9323583180987204,0.7397928092626447,0.9683120048750762,0.9939061547836684,0.9683120048750762,0.9872029250457038,0.9865935405240708,0.9981718464351006,0.6483851310176721,0.9975624619134674,0.5003046922608165,1,1,1,0,0,1,1,5,0.7000000000000001,99.29050230695567,1,0.9939061547836685,multi_method_market_stress_non_event,"Multiple methods agree and market stress variables are elevated, but no event-window label is present.",medium_high,"False-alert taxonomy is an error-review framework. Non-event-window alerts are not proof of model failure, and event-window hits are not verified fraud ground truth."
2021-09-21,2977.310546875,3101.697509765625,2676.407470703125,2764.43115234375,2764.43115234375,30405062665,ETH,ETH-USD,7.924590161269555,-0.0680142634171643,0.0680142634171643,1,0.0552644439582326,0.0521325827344957,24.13787496655895,1.4739810808756764,-1.2027262311641642,0.8469648318430099,-0.3005218267748599,0.1538435995057895,1.731410577848301,0.0,0,0,,0,0,,,,0,524490.0,1193295.0,322742214113.2495,117538259.13864727,13.17018354747203,-0.3252415637562371,13.99222978430319,-0.1602997663178498,26.50011974280124,-2.540190813115063,18.58227445674764,1.9426190264177663,6948786820.0,22.66183292315657,1.3244007558716224,,,,0.0,0.8320710368242361,0.91102985984156,0.9324453730303822,0.9623052145904064,0.286193087838426,0.8711587011404196,0.0789152955514929,0.77566684077653,97.24906415948465,0.8531383302864107,0.615478366849482,0.5953686776355881,0.7215112736136502,0.9792809262644728,0.7215112736136502,0.8348567946374162,0.9171237050578916,0.926873857404022,0.9287020109689214,0.8714198659354052,0.5003046922608165,1,0,0,1,0,0,0,2,0.35,96.79637851484286,1,0.9667885435709933,isolated_anomaly_review,High score is driven by limited or isolated signals. Treat as likely false-alert candidate for manual review.,low,"False-alert taxonomy is an error-review framework. Non-event-window alerts are not proof of model failure, and event-window hits are not verified fraud ground truth."
2021-10-27,4132.17333984375,4299.15283203125,3930.25732421875,3930.25732421875,3930.25732421875,26219530404,ETH,ETH-USD,8.276460179620234,-0.0498393111221506,0.0498393111221506,1,0.035036641332371,0.0350869608412781,23.989770405319906,2.282900799407526,-1.6981334051859138,0.9748425874083412,-0.0681906162988359,0.0938603957403294,2.0469113018762903,0.0,0,0,,0,0,,,,0,619064.0,1370504.0,464869510529.9601,117759379.94088817,13.335965554231317,1.0997917799422634,14.13068984302186,1.8681999562571032,26.86502258063784,0.7770895881008097,18.58415395597525,1.6207539466923808,10005144703.0,23.026365268045932,2.3857083460861985,,,,0.0,0.8523548359014538,0.9751022895447028,0.9509010185427004,0.6688430399582136,0.286193087838426,0.9674414555584574,0.0789152955514929,0.7469752763994081,95.2555062244276,0.9165143205362584,0.6703229737964655,0.6532602071907374,0.8037781840341255,0.9530773918342474,0.8037781840341255,0.8549664838513101,0.9786715417428398,0.9536867763558804,0.4143814747105424,0.967702620353443,0.5003046922608165,1,0,0,0,0,1,0,2,0.25,95.14668755985026,1,0.9524680073126143,market_stress_non_event,Market stress variables are elevated outside known public incident windows.,medium,"False-alert taxonomy is an error-review framework. Non-event-window alerts are not proof of model failure, and event-window hits are not verified fraud ground truth."
2021-11-16,4570.47802734375,4891.70458984375,4144.3349609375,4216.365234375,4216.365234375,27417502801,ETH,ETH-USD,8.346728717013344,-0.0778016466427828,0.0778016466427828,1,0.0300748325760953,0.0355846263069853,24.034447434796135,1.8522119592337936,-2.272237858182533,2.2868697225590013,-0.123797038199805,0.1772544804262039,4.093889257273171,0.0,0,0,,0,0,,,,0,609878.0,1310153.0,498718135439.8967,117785226.92795348,13.32101585581768,-0.7718739843637717,14.08565524551993,-0.1701738468665505,26.9353069142692,-0.4177050051315629,18.58437342172565,1.3424730680884276,12243475744.0,23.22825903981462,1.934815999198031,,,,0.0,0.9592582919822408,0.9501175241577436,0.992774440672064,0.7866283624967354,0.286193087838426,0.9406285366065988,0.0789152955514929,0.7933947070601549,98.16314094193436,0.951249238269348,0.902498476538696,0.7361365021328459,0.9457647775746496,0.987812309567337,0.9457647775746496,0.9591712370505788,0.9518586227909812,0.9945155393053016,0.6142595978062158,0.9408897014015845,0.5003046922608165,1,0,1,0,0,0,1,3,0.4499999999999999,97.83668494820232,1,0.9817184643510055,multi_method_market_stress_non_event,"Multiple methods agree and market stress variables are elevated, but no event-window label is present.",medium_high,"False-alert taxonomy is an error-review framework. Non-event-window alerts are not proof of model failure, and event-window hits are not verified fraud ground truth."
2021-11-26,4522.208984375,4550.84228515625,3933.506591796875,4030.908935546875,4030.908935546875,26281795488,ETH,ETH-USD,8.301747171829208,-0.0587321291549916,0.0587321291549916,1,0.042126333499188,0.0389591367197541,23.99214234972825,1.6103084769319271,-1.5291670686605168,1.1823539704136583,-0.1623367161652962,0.1531504936555012,2.7279057982871944,0.0,0,0,,0,0,,,,0,600396.0,1297524.0,477399630500.5502,117818020.9750372,13.305346382060073,-0.8076983007132184,14.075969161659296,-0.3480828716714857,26.89161977687001,-1.8731144325348796,18.58465180538385,1.9909050169527016,13916195600.0,23.356319149972336,2.4159900008715747,,,,0.0,0.878036040741708,0.9266126926090364,0.9750152346130408,0.850091407678245,0.286193087838426,0.9704883781666231,0.0789152955514929,0.7810146252285192,97.47540698180552,0.9018890920170628,0.6892138939670932,0.7081048141377209,0.8312004875076173,0.9823278488726388,0.8312004875076173,0.882388787324802,0.9305301645338208,0.9768433881779404,0.7215112736136502,0.9707495429616088,0.5003046922608165,1,0,0,0,0,1,0,2,0.25,95.14668755985026,1,0.9524680073126143,market_stress_non_event,Market stress variables are elevated outside known public incident windows.,medium,"False-alert taxonomy is an error-review framework. Non-event-window alerts are not proof of model failure, and event-window hits are not verified fraud ground truth."
2021-12-03,4514.35595703125,4647.2890625,4100.1455078125,4220.7060546875,4220.7060546875,25879591528,ETH,ETH-USD,8.347757704572366,-0.0665834326074001,0.0665834326074001,1,0.0405340234333335,0.0378393569308198,23.97672052318562,1.3213501631313895,-1.6824514622614122,1.6401265534502514,-0.1228949722251958,0.1296331816521182,1.8487489186259924,0.0,0,0,,0,0,,,,0,565386.0,1211488.0,498824234177.6622,117843636.17570531,13.245265731405665,-1.1834207076066423,14.007360739544175,-1.194407382379888,26.93551963453331,-0.9053959093023056,18.584869195016605,1.857565571147282,11655871447.0,23.17907587695214,1.0134166897988064,,,,0.0,0.9223470009576042,0.890920170627666,0.9394968224949944,0.7853225385218072,0.286193087838426,0.7791416383738139,0.0789152955514929,0.7567193349003222,95.93453469139028,0.7617306520414382,0.3881779402803169,0.6209628275441804,0.5965874466788543,0.9646556977452772,0.5965874466788543,0.9250457038391224,0.9012797074954296,0.9347958561852528,0.6130408287629494,0.7794028031687995,0.5003046922608165,1,0,1,0,0,0,0,2,0.35,96.79637851484286,1,0.9667885435709933,isolated_anomaly_review,High score is driven by limited or isolated signals. Treat as likely false-alert candidate for manual review.,low,"False-alert taxonomy is an error-review framework. Non-event-window alerts are not proof of model failure, and event-window hits are not verified fraud ground truth."
2021-12-04,4227.76220703125,4242.7255859375,3525.494140625,4119.58740234375,4119.58740234375,38478999182,ETH,ETH-USD,8.323508292266524,-0.0242494123058421,0.0242494123058421,1,0.0417938534627822,0.0379755536019941,24.373378453647888,2.5771151155266097,-0.5537754892710539,-0.291225176751514,-0.1439084418256232,0.1741027377898201,2.583741195804485,0.0,0,0,,0,0,,,,0,552442.0,1235697.0,482902175008.86224,117845365.85263865,13.222105539631109,-1.435926698543614,14.027146550575152,-0.7165783570351414,26.90307993387429,-1.4336805105405477,18.58488387263757,1.781603143287486,15873642921.0,23.48792589284275,2.5173805223796655,,,,0.0,0.312744841995299,0.9858100461391138,0.9709236528249324,0.8224079394097675,0.286193087838426,0.977800992426221,0.0789152955514929,0.6619522068425177,86.05379994776705,0.95551492992078,0.9652650822669104,0.7007921998781231,0.9536867763558804,0.870201096892139,0.9536867763558804,0.5033516148689823,0.9896404631322364,0.9731870810481412,0.6794637416209628,0.9780621572212066,0.5003046922608165,0,1,0,0,0,1,0,2,0.25,95.14668755985026,1,0.9524680073126143,market_stress_non_event,Market stress variables are elevated outside known public incident windows.,medium,"False-alert taxonomy is an error-review framework. Non-event-window alerts are not proof of model failure, and event-window hits are not verified fraud ground truth."
2022-01-21,3002.956787109375,3029.0810546875,2496.81298828125,2557.931640625,2557.931640625,26796291874,ETH,ETH-USD,7.846954258022906,-0.1597866123370455,0.1597866123370455,1,0.057112140436036,0.0414774246265567,24.011529352017064,2.3013873994945975,-3.4966717180782907,4.262521753031133,-0.3773315697588175,0.2080853365871015,4.180921300254841,0.0,0,0,,0,0,,,,0,567601.0,1189898.0,302877590300.80896,118078370.14518136,13.249175747869993,-0.9390066819068532,13.989378987536137,-0.6389468160127709,26.43659456842559,-2.660018773999977,18.5868591242191,0.9952308036253714,13215400045.0,23.304648656659495,3.25450661432458,,,,0.0,0.9967789675285104,0.9757987289979976,0.9938190998520068,0.984156002437538,0.286193087838426,0.9960825280752156,0.0789152955514929,0.844787585966745,99.55601984852444,0.9975624619134674,0.9829372333942716,0.7385740402193784,0.9811090798293725,0.9987812309567335,0.9811090798293725,0.9981718464351006,0.9792809262644728,0.9963436928702012,0.9731870810481412,0.9963436928702012,0.5003046922608165,1,1,1,1,0,1,1,6,0.8500000000000001,99.80847915034389,1,0.9981718464351006,multi_method_market_stress_non_event,"Multiple methods agree and market stress variables are elevated, but no event-window label is present.",medium_high,"False-alert taxonomy is an error-review framework. Non-event-window alerts are not proof of model failure, and event-window hits are not verified fraud ground truth."
2022-01-22,2561.145263671875,2615.247314453125,2330.247314453125,2405.18115234375,2405.18115234375,27369692036,ETH,ETH-USD,7.785380502923065,-0.0615737550998414,0.0615737550998414,1,0.0542804815488795,0.0413943117160267,24.03270210809061,2.155268185597879,-1.0564235575191534,0.9435205961730008,-0.4124075163906838,0.1184941931389572,1.6031255948640353,0.0,0,0,,0,0,,,,0,566830.0,1204920.0,283486903274.0112,118078768.93437424,13.247816478316462,-0.9206170728481228,14.001924562591755,-0.274963821677478,26.370431762486316,-2.745734450164219,18.586862501539738,0.9960985872686958,12093845462.0,23.21596252072671,2.468945022682591,,,,0.0,0.8473056498650648,0.9696178288500044,0.9238269347958562,0.9882475842256464,0.286193087838426,0.9735353007747888,0.0789152955514929,0.7978014277008793,98.34595629842433,0.971358927483242,0.8890920170627666,0.6386349786715417,0.9128580134064594,0.9890310786106032,0.9128580134064594,0.850091407678245,0.971358927483242,0.9165143205362584,0.9847653869591712,0.9737964655697744,0.5003046922608165,1,0,0,1,0,1,1,4,0.5,98.24584312701316,1,0.985679463741621,multi_method_market_stress_non_event,"Multiple methods agree and market stress variables are elevated, but no event-window label is present.",medium_high,"False-alert taxonomy is an error-review framework. Non-event-window alerts are not proof of model failure, and event-window hits are not verified fraud ground truth."
2022-01-24,2535.89111328125,2537.20849609375,2172.30126953125,2440.352294921875,2440.352294921875,28220804648,ETH,ETH-USD,7.799897691029704,-0.038066634147075,0.038066634147075,1,0.0637902238133916,0.0432315898875401,24.06332529639477,1.9964945435688184,-0.4817423152073019,0.1036264143252422,-0.4000109605315222,0.1495305523394449,2.1304304675686883,0.0,0,0,,0,0,,,,0,550404.0,1147109.0,288023313314.2561,118084782.80552684,13.218409649862334,-1.2888800824591875,13.952756293867138,-1.2210050425568255,26.386307262817468,-2.1390098662923247,18.586913431253983,1.2610744719823932,9856202969.0,23.011366837072607,1.4888472646512727,,,,0.0,0.657874118568817,0.9593453469139028,0.9551667101941324,0.987115870114042,0.286193087838426,0.8955340820057456,0.0789152955514929,0.7558148341603552,95.83006877339602,0.9707495429616088,0.9134673979280926,0.6636197440585009,0.9299207800121876,0.9622181596587448,0.9299207800121876,0.6636197440585009,0.9616087751371116,0.9585618525289458,0.9817184643510056,0.8957952468007313,0.5003046922608165,1,0,0,1,0,0,1,3,0.4499999999999999,97.83668494820232,1,0.9817184643510055,multi_method_market_stress_non_event,"Multiple methods agree and market stress variables are elevated, but no event-window label is present.",medium_high,"False-alert taxonomy is an error-review framework. Non-event-window alerts are not proof of model failure, and event-window hits are not verified fraud ground truth."
2022-02-24,2588.166259765625,2689.047607421875,2308.914794921875,2598.067138671875,2598.067138671875,29312342666,ETH,ETH-USD,7.862523039341544,0.0029710451975581,0.0029710451975581,0,0.0245580116018548,0.0395920347688949,24.101274515701405,2.8328766461001114,0.0276748961871241,-1.0144202913290865,-0.1979930236428028,0.1463136986884499,3.039418024639713,0.0,0,0,,0,0,,,,0,581027.0,1181182.0,306802531124.2691,118271553.22588168,13.272554227443898,-0.1879728700873413,13.982027036604752,0.244377240816569,26.449470156487845,-0.948721355155986,18.58849384547757,1.7661509437964305,10411173355.0,23.066145427534668,2.756289902708009,,,,0.0,0.312744841995299,0.9929485505353878,0.98145729955602,0.8914425002176374,0.286193087838426,0.985722991207452,0.0789152955514929,0.6779555149299208,88.11700182815356,0.9725776965265084,0.9744058500914076,0.716636197440585,0.9670932358318098,0.8884826325411335,0.9670932358318098,0.0621572212065813,0.9963436928702012,0.9853747714808044,0.7964655697745278,0.9859841560024376,0.5003046922608165,0,1,0,0,0,1,0,2,0.25,95.14668755985026,1,0.9524680073126143,market_stress_non_event,Market stress variables are elevated outside known public incident windows.,medium,"False-alert taxonomy is an error-review framework. Non-event-window alerts are not proof of model failure, and event-window hits are not verified fraud ground truth."
2022-04-06,3411.672119140625,3411.672119140625,3171.205078125,3171.69189453125,3171.69189453125,25632563639,ETH,ETH-USD,8.062020445165425,-0.0729726411008258,0.0729726411008258,1,0.0401471677262346,0.0308239024598633,23.967129397290964,1.8552585336754523,-2.6257172465726697,2.5226590132407103,-0.0996759006498203,0.0758166458193014,2.029584218588299,0.0,0,0,,0,0,,,,0,553413.0,1127174.0,377932184918.24744,118708353.48180476,13.223861644171818,-0.9988197322401922,13.935225060470405,-0.4517479494248527,26.657980611495464,0.5307701892966459,18.592180240269123,1.5253813374524998,7346517727.0,22.717492259399258,1.9798783903604464,,,,0.0,0.9694437189866806,0.9503786889527291,0.949682249499434,0.741011578305911,0.286193087838426,0.9436754592147644,0.0789152955514929,0.7798672412292156,97.4318795159746,0.890920170627666,0.4314442413162705,0.6989640463132236,0.7010968921389397,0.9811090798293725,0.7010968921389397,0.9701401584399756,0.9524680073126144,0.9506398537477148,0.5301645338208409,0.9439366240097502,0.5003046922608165,1,0,1,0,0,0,0,2,0.35,96.79637851484286,1,0.9667885435709933,market_stress_non_event,Market stress variables are elevated outside known public incident windows.,medium,"False-alert taxonomy is an error-review framework. Non-event-window alerts are not proof of model failure, and event-window hits are not verified fraud ground truth."
2022-05-09,2518.50830078125,2528.258056640625,2238.062744140625,2245.430419921875,2245.430419921875,36333567678,ETH,ETH-USD,7.716652505595632,-0.1143532145756758,0.1143532145756758,1,0.0516705292626417,0.0375029374916764,24.31600788036738,2.542621634148683,-2.7172794416722628,3.4014424996482715,-0.300895566497745,0.1292381674022643,3.2032949933108577,0.0,0,1,E001,1,1,E001,stablecoin_depeg,high,1,558479.0,1158340.0,268677456167.59583,118991734.50627984,13.232974086644283,0.0940801798057622,13.962499366996052,0.713210491569452,26.31677744941502,-3.4649517629169466,18.594564599137012,1.4747512655072057,10667028629.0,23.09042338456478,3.1011496912250793,,,,0.0,0.9898145729955602,0.984330112300862,0.984156002437538,0.9624793244537304,0.286193087838426,0.9930356054670496,0.0789152955514929,0.8389975624619136,99.40802646469923,0.992078001218769,0.9299207800121876,0.7257769652650823,0.9622181596587448,0.9969530773918344,0.9622181596587448,0.9902498476538696,0.9884216940889702,0.987812309567337,0.9293113954905544,0.9932967702620352,0.5003046922608165,1,1,1,1,0,1,1,6,0.8500000000000001,99.80847915034389,1,0.9981718464351006,event_window_hit_3d,"Alert falls within a tight public incident window. This supports weak-label alignment, not verified fraud detection.",high,"False-alert taxonomy is an error-review framework. Non-event-window alerts are not proof of model failure, and event-window hits are not verified fraud ground truth."
2022-05-10,2242.650390625,2450.76025390625,2206.7568359375,2343.510986328125,2343.510986328125,38202099639,ETH,ETH-USD,7.759405505351825,0.0427529997561935,0.0427529997561935,0,0.0594831157423782,0.0388243825693596,24.36615631544636,2.3729512347624215,1.3718115875860295,0.4638035755922952,-0.2484758553725912,0.1041187429426396,1.992865367782258,0.0,0,1,E001,1,1,E001,stablecoin_depeg,high,1,576970.0,1202934.0,278811607113.631,119001385.86140811,13.265547284261825,0.6463741623312268,14.00027496190936,1.4434662385368866,26.353802147371596,-2.552928641082892,18.59464570530544,1.5323439300875006,11178635052.0,23.137270208937338,2.7167419437225964,,,,0.0,0.7592060590232437,0.9782362670845304,0.9467223818229302,0.935492295638548,0.286193087838426,0.9845042221641856,0.0789152955514929,0.7751445111865587,97.19683120048752,0.9652650822669104,0.898842169408897,0.6429006703229738,0.9162096282754418,0.9786715417428398,0.9162096282754418,0.7599024984765387,0.9823278488726388,0.9488117001828154,0.8799512492382694,0.9847653869591712,0.5003046922608165,1,0,0,0,0,1,1,3,0.35,96.79637851484286,1,0.9667885435709933,event_window_hit_3d,"Alert falls within a tight public incident window. This supports weak-label alignment, not verified fraud detection.",high,"False-alert taxonomy is an error-review framework. Non-event-window alerts are not proof of model failure, and event-window hits are not verified fraud ground truth."
2022-05-11,2342.754150390625,2441.079345703125,2018.8555908203125,2072.108642578125,2072.108642578125,45743399154,ETH,ETH-USD,7.636322035681478,-0.1230834696703473,0.1230834696703473,1,0.05785675600113,0.0424275698326321,24.546313337493444,2.511998326358075,-2.6152762767495377,3.1312286781327883,-0.3355099744471389,0.203765259314531,3.85568099793222,0.0,0,1,E001,1,1,E001,stablecoin_depeg,high,1,520754.0,1210708.0,246132822826.81012,119003902.54490268,13.16303496061337,-1.0822830869829907,14.006716696384236,1.4643695729388422,26.22913715736326,-3.199307846579033,18.59466685343614,1.4955298177813396,17216121822.0,23.56911209705084,3.274289373971136,,,,0.0,0.9845912770958476,0.9833725080525813,0.9910333420388264,0.974144685296422,0.286193087838426,0.9966919125968486,0.0789152955514929,0.8411965700356925,99.48637590319493,0.9951249238269348,0.9719683120048752,0.7312614259597806,0.975624619134674,0.9975624619134674,0.975624619134674,0.9865935405240708,0.987812309567337,0.992078001218769,0.9518586227909812,0.9969530773918344,0.5003046922608165,1,1,1,1,0,1,1,6,0.8500000000000001,99.80847915034389,1,0.9981718464351006,event_window_hit_3d,"Alert falls within a tight public incident window. This supports weak-label alignment, not verified fraud detection.",high,"False-alert taxonomy is an error-review framework. Non-event-window alerts are not proof of model failure, and event-window hits are not verified fraud ground truth."
2022-05-12,2072.504638671875,2170.4580078125,1748.3031005859375,1961.7015380859375,1961.7015380859375,42463486402,ETH,ETH-USD,7.581567507292705,-0.0547545283887727,0.0547545283887727,1,0.0574237752609202,0.0427652933091344,24.471910400142693,2.0809490203561833,-0.9413873797278144,0.7106141855912353,-0.3709156564551782,0.2151983362558126,3.1951672095339156,0.0,0,1,E001,1,1,E001,stablecoin_depeg,high,1,658062.0,1327755.0,233056064229.88257,119000052.42296156,13.397055950405075,2.4783253624841737,14.099000857197426,2.780730861255576,26.174544880584666,-3.001067047852608,18.59463450000815,1.376321100009856,15639251084.0,23.47304968632628,2.5973990779141833,,,,0.0,0.8090014799338382,0.965526247061896,0.9840689475058764,0.9833725080525813,0.286193087838426,0.9802385305127536,0.0789152955514929,0.7989392356577,98.36336728475668,0.9926873857404022,0.9823278488726388,0.720901889092017,0.9744058500914076,0.9902498476538696,0.9744058500914076,0.8147471054235222,0.9683120048750762,0.9872029250457038,0.9707495429616088,0.9804996953077392,0.5003046922608165,1,1,0,1,0,1,1,5,0.7000000000000001,99.29050230695567,1,0.9939061547836685,event_window_hit_3d,"Alert falls within a tight public incident window. This supports weak-label alignment, not verified fraud detection.",high,"False-alert taxonomy is an error-review framework. Non-event-window alerts are not proof of model failure, and event-window hits are not verified fraud ground truth."
2022-06-11,1665.2178955078125,1679.314208984375,1507.0389404296875,1529.6634521484375,1529.6634521484375,21127089064,ETH,ETH-USD,7.332803024274376,-0.0848027449824657,0.0848027449824657,1,0.0412402285373265,0.0445935001816715,23.77382189595118,0.8275638373451933,-1.715734249090593,1.8249702177682288,-0.287105087545932,0.1126229879603412,1.9070090025219544,0.0,0,0,,0,0,,,,0,504859.0,1031618.0,182502839943.4822,119321825.38033517,13.132036442100016,-0.1658410995443323,13.846639970811188,-1.021548384008436,25.93003157118751,-2.8349758979724604,18.597334824067055,1.5275398214295874,3317946735.0,21.92261197554181,0.0175524802829954,,,,0.0,0.9346217463219292,0.7853225385218072,0.9421955253765126,0.9565595891007226,0.286193087838426,0.4860276834682684,0.0789152955514929,0.7570649429790198,95.96065117088884,0.898842169408897,0.5417428397318708,0.6319317489335771,0.7239488117001828,0.9658744667885436,0.7239488117001828,0.9360146252285192,0.7928092626447288,0.9421084704448508,0.9207800121876905,0.4862888482632541,0.5003046922608165,1,0,0,1,0,0,0,2,0.35,96.79637851484286,1,0.9667885435709933,isolated_anomaly_review,High score is driven by limited or isolated signals. Treat as likely false-alert candidate for manual review.,low,"False-alert taxonomy is an error-review framework. Non-event-window alerts are not proof of model failure, and event-window hits are not verified fraud ground truth."
2022-06-13,1443.83544921875,1448.738037109375,1181.9482421875,1204.582763671875,1204.582763671875,45162788786,ETH,ETH-USD,7.093888531750712,-0.1821259210514076,0.1821259210514076,1,0.0614185095829937,0.0542878391253282,24.533539327797733,2.721497953992876,-3.026469888790129,3.720181877478139,-0.4386079351994552,0.2214790074769389,3.884739507862645,0.0,0,0,,0,0,,,,0,495554.0,1109435.0,142272301481.38916,119339552.5202564,13.113433625583166,-0.2350908992983156,13.91936233604974,0.7814673164385888,25.681008674342277,-3.660392614298169,18.597483378809855,1.528784984891077,8438033870.0,22.85601516474337,2.985161426687413,,,,0.0,0.9932967702620352,0.9905110124488552,0.9912945068338122,0.991381561765474,0.286193087838426,0.9893792983372508,0.0789152955514929,0.8471807260381301,99.58213632802298,0.9987812309567335,0.9792809262644728,0.732480195003047,0.9783668494820232,1.0,0.9783668494820232,0.9945155393053016,0.9945155393053016,0.9926873857404022,0.9945155393053016,0.9896404631322364,0.5003046922608165,1,1,1,1,0,1,1,6,0.8500000000000001,99.80847915034389,1,0.9981718464351006,multi_method_market_stress_non_event,"Multiple methods agree and market stress variables are elevated, but no event-window label is present.",medium_high,"False-alert taxonomy is an error-review framework. Non-event-window alerts are not proof of model failure, and event-window hits are not verified fraud ground truth."
2022-06-16,1233.603515625,1246.140625,1058.7845458984375,1067.730712890625,1067.730712890625,18907671369,ETH,ETH-USD,6.973290846238952,-0.1440820564562424,0.1440820564562424,1,0.0727907850920911,0.0571387951989205,23.662833569252484,0.1673801759821705,-2.129689890301774,2.3565860436799864,-0.4774146908317476,0.1754712839479355,2.039613945166865,0.0,0,0,,0,0,,,,0,512976.0,1100312.0,126774665475.14133,119367177.92961586,13.147986288839826,0.4099015497723741,13.911105242747764,0.6411302971008319,25.56567705990298,-2.7995897154736844,18.597714837798875,1.5557541818676184,3803939088.0,22.05930296914594,0.3486175834528645,,,,0.0,0.9623922695220684,0.5776094715765648,0.9505527988160528,0.9933838251936972,0.286193087838426,0.585357360494472,0.0789152955514929,0.7388852616000697,94.61129973012972,0.9695307739183424,0.947592931139549,0.6892138939670932,0.9488117001828154,0.9463741620962828,0.9488117001828154,0.9622181596587448,0.5801340645947592,0.9524680073126144,0.9987812309567335,0.5856185252894577,0.5003046922608165,0,0,0,1,0,0,1,2,0.25,95.14668755985026,1,0.9524680073126143,multi_method_market_stress_non_event,"Multiple methods agree and market stress variables are elevated, but no event-window label is present.",medium_high,"False-alert taxonomy is an error-review framework. Non-event-window alerts are not proof of model failure, and event-window hits are not verified fraud ground truth."
2022-06-18,1086.3779296875,1095.1668701171875,896.1090087890625,993.6367797851562,993.6367797851562,21655406608,ETH,ETH-USD,6.901371727186098,-0.0893628239491235,0.0893628239491235,1,0.0808279592715112,0.0560397426062474,23.798520988116472,0.5022788939961943,-1.1731124944557734,1.089860133548424,-0.5136788916006727,0.2003326219176037,2.2416302937885777,0.0,0,0,,0,0,,,,0,486081.0,1058336.0,118526879127.75124,119387652.48437034,13.094132612930126,-0.3229514568336906,13.872209366201746,-0.4554706388805303,25.498405599890724,-2.4081481013223316,18.597886348922632,1.594661131106562,4070134188.0,22.12694180612768,0.5708130334886881,,,,0.0,0.8651519108557499,0.6860799164272656,0.9609123356838164,0.9954731435535824,0.286193087838426,0.6450770436145208,0.0789152955514929,0.742243840863585,94.88987551144773,0.942717854966484,0.9159049360146252,0.704448507007922,0.9384521633150518,0.9482023156611822,0.9384521633150518,0.8714198659354052,0.6898232784887264,0.9646556977452772,1.0,0.6453382084095064,0.5003046922608165,0,0,0,1,0,0,1,2,0.25,95.14668755985026,1,0.9524680073126143,multi_method_market_stress_non_event,"Multiple methods agree and market stress variables are elevated, but no event-window label is present.",medium_high,"False-alert taxonomy is an error-review framework. Non-event-window alerts are not proof of model failure, and event-window hits are not verified fraud ground truth."
2022-08-19,1847.0953369140625,1847.0953369140625,1611.3388671875,1612.9873046875,1612.9873046875,25906358731,ETH,ETH-USD,7.385843207472723,-0.1354790025497312,0.1354790025497312,1,0.0496699950069655,0.0498531573922068,23.97775428640707,1.6691512333315022,-2.757174514021767,2.817909703166673,-0.1859094779044364,0.1461613919969679,2.7552156167025723,0.0,0,0,,0,0,,,,0,502429.0,1093309.0,194179472810.3458,120171666.40409772,13.12721160572915,-0.8155766898633172,13.90472035000107,-0.8691402097461527,25.99204868593646,-0.6303993797183355,18.604431840168584,1.6388567178155686,4504728559.0,22.22839347313926,2.395208149079698,,,,0.0,0.9768433881779404,0.9334029772786628,0.9760598937929834,0.8790806999216506,0.286193087838426,0.9686602246017236,0.0789152955514929,0.8092891964829808,98.76381997040131,0.9542961608775136,0.748933577087142,0.7105423522242535,0.8811700182815356,0.9926873857404022,0.8811700182815356,0.9792809262644728,0.9360146252285192,0.9780621572212066,0.773308957952468,0.9689213893967094,0.5003046922608165,1,0,1,0,0,1,0,3,0.3999999999999999,97.4797597283886,1,0.975624619134674,multi_method_market_stress_non_event,"Multiple methods agree and market stress variables are elevated, but no event-window label is present.",medium_high,"False-alert taxonomy is an error-review framework. Non-event-window alerts are not proof of model failure, and event-window hits are not verified fraud ground truth."
2022-08-26,1696.3245849609375,1698.56103515625,1498.771240234375,1507.7828369140625,1507.7828369140625,26713710143,ETH,ETH-USD,7.31839553084643,-0.1179017251761678,0.1179017251761678,1,0.0510388753679947,0.0450786620360541,24.008442759101815,1.7940917038317368,-2.555011918148791,2.6494676449631487,-0.2390072052377936,0.1325056831995642,2.510453097724449,0.0,0,0,,0,0,,,,0,488293.0,1057768.0,181461735526.59296,120267991.27774392,13.0986729624461,-0.9415283657901942,13.87167253107757,-1.0699992113416543,25.924310644885477,-1.893094452518859,18.605233079688944,1.6439116165342171,3479313791.0,21.970100925082143,1.1134111808073937,,,,0.0,0.9733611909114652,0.9445460085313832,0.9687472795333856,0.9273961869939932,0.286193087838426,0.8138765561069035,0.0789152955514929,0.810170192391399,98.80734743623226,0.9518586227909812,0.6124314442413162,0.7062766605728215,0.817794028031688,0.9932967702620352,0.817794028031688,0.9774527726995734,0.946983546617916,0.9701401584399756,0.8610603290676416,0.8141377209018891,0.5003046922608165,1,0,1,0,0,0,0,2,0.35,96.79637851484286,1,0.9667885435709933,market_stress_non_event,Market stress variables are elevated outside known public incident windows.,medium,"False-alert taxonomy is an error-review framework. Non-event-window alerts are not proof of model failure, and event-window hits are not verified fraud ground truth."
2022-09-15,1635.0830078125,1648.9456787109375,1466.139404296875,1471.6934814453125,1471.6934814453125,26946275878,ETH,ETH-USD,7.294169044891597,-0.1050791831036352,0.1050791831036352,1,0.0598560597057271,0.0491993965448176,24.017110938444834,1.6331886688228598,-1.9705578083312931,2.0123031894644297,-0.2032012688385353,0.1242149107262017,1.921446438246492,0.0,0,0,,0,0,,,,0,646709.0,1265640.0,177478031051.3124,120523833.26261926,13.37965325043559,3.3443592433363007,14.05108927117244,3.9789263200373375,25.902112669482538,-1.518468726481287,18.607358086046723,1.555264315359827,3401190266.0,21.947391285834748,0.9341127633499552,,,,0.0,0.9467223818229302,0.9293984504222164,0.9428919648298076,0.8962305214590407,0.286193087838426,0.7559850265517541,0.0789152955514929,0.7884247410115783,97.95420910594584,0.9847653869591712,0.9890310786106032,0.6910420475319927,0.967702620353443,0.9859841560024376,0.967702620353443,0.9445460085313832,0.9347958561852528,0.943327239488117,0.805606337599025,0.7562461913467398,0.5003046922608165,1,1,1,0,0,0,1,4,0.65,98.87699138156177,1,0.9905545399146861,multi_method_consensus_non_event,"Multiple methods agree, but the alert is outside known public incident windows.",medium,"False-alert taxonomy is an error-review framework. Non-event-window alerts are not proof of model failure, and event-window hits are not verified fraud ground truth."
2022-10-25,1344.7113037109375,1509.9854736328125,1336.9788818359375,1461.6654052734375,1461.6654052734375,25367291294,ETH,ETH-USD,7.287331753154977,0.08318355022279,0.08318355022279,0,0.0351280535636395,0.0231870912605609,23.95672643682438,2.4343843602779036,3.41258235450866,4.111144721639869,0.0,0.1183626506946781,3.960066599769872,0.0,0,0,,0,0,,,,0,477854.0,1048003.0,176122197681.00943,120525124.11724482,13.077062618174166,-0.8093053382810785,13.862397960649734,-0.902906445812828,25.894443896077764,3.68973461120037,18.60736879635743,-1.8307384405098075,3176223535.0,21.87895876072608,1.9674099117624535,,,,0.0,0.9960825280752156,0.980673805171063,0.9917297814921217,0.0438756855575868,0.286193087838426,0.9430660746931314,0.0789152955514929,0.6732345259858971,87.46408984068947,0.9963436928702012,0.9811090798293725,0.9116392443631932,0.9963436928702012,0.882388787324802,0.9963436928702012,0.9969530773918344,0.9853747714808044,0.9939061547836684,0.0597196831200487,0.943327239488117,0.5003046922608165,0,1,1,0,0,0,0,2,0.35,96.79637851484286,1,0.9667885435709933,market_stress_non_event,Market stress variables are elevated outside known public incident windows.,medium,"False-alert taxonomy is an error-review framework. Non-event-window alerts are not proof of model failure, and event-window hits are not verified fraud ground truth."
2022-10-26,1461.1331787109375,1584.63671875,1460.4287109375,1566.566650390625,1566.566650390625,32705548427,ETH,ETH-USD,7.356641656815973,0.0693099036609963,0.0693099036609963,0,0.0364561135502786,0.025637454734178,24.210810577153403,2.7008526237599195,2.4958039685975155,2.750190123535034,0.0,0.0792867687956516,1.8824555050767,0.0,0,0,,0,0,,,,0,501034.0,1104723.0,189375934908.9104,120524926.5699692,13.124431237906329,-0.2552041660085455,13.915106087979677,-0.1212689939735031,25.966999950015868,4.014123830372444,18.607367157301365,-1.720494727281804,3124054417.0,21.86239748810632,1.758746798256742,,,,0.0,0.9752763994080264,0.989988682858884,0.9406285366065988,0.0438756855575868,0.286193087838426,0.9278314616523026,0.0789152955514929,0.6603739009314877,85.8622790981109,0.9872029250457038,0.8738574040219378,0.890920170627666,0.9853747714808044,0.8677635588056063,0.9853747714808044,0.9780621572212066,0.9939061547836684,0.9372333942717856,0.0597196831200487,0.9280926264472884,0.5003046922608165,0,1,1,0,0,0,0,2,0.35,96.79637851484286,1,0.9667885435709933,market_stress_non_event,Market stress variables are elevated outside known public incident windows.,medium,"False-alert taxonomy is an error-review framework. Non-event-window alerts are not proof of model failure, and event-window hits are not verified fraud ground truth."
2022-11-08,1568.32958984375,1574.7998046875,1259.443115234375,1332.8355712890625,1332.8355712890625,42048003440,ETH,ETH-USD,7.195063960198883,-0.1628692796958821,0.1628692796958821,1,0.0711854225789273,0.0434795597835285,24.462077741643597,2.398800711907958,-3.75178926091074,4.120887762540006,-0.1898116031448573,0.2366058471474656,4.456184356828838,0.0,0,1,E002,1,1,E002,exchange_failure,high,1,478828.0,1132048.0,160521827828.10617,120523900.86493371,13.079098818918666,-0.6895470005889431,13.939539823027523,1.2546261288803258,25.801695769204706,-0.6801611272733966,18.60735864695068,-1.4072713225794475,8920042222.0,22.911566517047305,3.146989869478346,,,,0.0,0.9961695830068772,0.9789327065378254,0.9948637590319492,0.8829111169147732,0.286193087838426,0.994254374510316,0.0789152955514929,0.8270901889092017,99.21650561504308,0.995734308348568,0.9372333942717856,0.8409506398537477,0.9896404631322364,0.995734308348568,0.9896404631322364,0.9975624619134674,0.9835466179159048,0.9975624619134674,0.7794028031687995,0.9945155393053016,0.5003046922608165,1,1,1,0,0,1,1,5,0.7000000000000001,99.29050230695567,1,0.9939061547836685,event_window_hit_3d,"Alert falls within a tight public incident window. This supports weak-label alignment, not verified fraud detection.",high,"False-alert taxonomy is an error-review framework. Non-event-window alerts are not proof of model failure, and event-window hits are not verified fraud ground truth."
2022-11-09,1333.1224365234375,1335.7435302734375,1083.28564453125,1100.1697998046875,1100.1697998046875,38864492427,ETH,ETH-USD,7.003219810332456,-0.1918441498664274,0.1918441498664274,1,0.0956775408557966,0.055771043063573,24.38334687966939,1.9995941719953072,-3.3440952530261585,3.5714141954886856,-0.3312417333594032,0.2294717468039989,3.262136155194511,0.0,0,1,E002,1,1,E002,exchange_failure,high,1,510134.0,1219648.0,131728579554.4824,120520343.07147548,13.14243067555444,0.2890819387131032,14.014073670396408,2.4012319001435456,25.60400942713056,-2.4351588912126996,18.6073291271134,-2.5220379203445873,10991379280.0,23.12037710076277,2.927581869113105,,,,0.0,0.9917297814921217,0.9595194567772264,0.9852006616174808,0.9730129711848176,0.286193087838426,0.9881605292939843,0.0789152955514929,0.8367933315922348,99.38190998520066,0.9993906154783668,0.9616087751371116,0.9896404631322364,0.9987812309567335,0.9963436928702012,0.9987812309567335,0.992078001218769,0.9622181596587448,0.9884216940889702,0.9494210847044484,0.9884216940889702,0.5003046922608165,1,1,1,1,0,1,1,6,0.8500000000000001,99.80847915034389,1,0.9981718464351006,event_window_hit_3d,"Alert falls within a tight public incident window. This supports weak-label alignment, not verified fraud detection.",high,"False-alert taxonomy is an error-review framework. Non-event-window alerts are not proof of model failure, and event-window hits are not verified fraud ground truth."
2022-11-10,1100.107177734375,1341.7911376953125,1093.12255859375,1299.464599609375,1299.464599609375,28581002122,ETH,ETH-USD,7.169707612163258,0.1664878018308018,0.1664878018308018,0,0.1249233921905679,0.0639730602590287,24.07600807261928,1.2879965607104966,2.594430753280509,2.540762843532327,-0.2100967565644315,0.1913623342846842,2.233700769826238,0.0,0,1,E002,1,1,E002,exchange_failure,high,1,494968.0,1184632.0,156379964505.91693,120518401.93683004,13.112250413327097,-0.1083806961177062,13.984943579941632,1.7905272466024944,25.775554552675857,-0.8178657465377752,18.607313020701717,-2.7792904660900617,11684466429.0,23.18152614107908,2.582073474604977,,,,0.0,0.9701401584399756,0.8851745451379821,0.960564115957169,0.902411421607034,0.286193087838426,0.9796291459911204,0.0789152955514929,0.8010921041176984,98.49394968224952,0.9865935405240708,0.8994515539305301,0.995734308348568,0.995734308348568,0.991468616697136,0.995734308348568,0.9719683120048752,0.8957952468007313,0.9634369287020108,0.8165752589884216,0.979890310786106,0.5003046922608165,1,1,0,0,0,1,1,4,0.55,98.61582658657612,1,0.9884216940889702,event_window_hit_3d,"Alert falls within a tight public incident window. This supports weak-label alignment, not verified fraud detection.",high,"False-alert taxonomy is an error-review framework. Non-event-window alerts are not proof of model failure, and event-window hits are not verified fraud ground truth."
2023-01-14,1451.428466796875,1563.7391357421875,1450.9884033203125,1550.7069091796875,1550.7069091796875,15444626014,ETH,ETH-USD,7.346466176383288,0.0660342584927615,0.0660342584927615,0,0.0181412848449745,0.0246044899159431,23.460526949038684,2.6410636877000457,2.40939584012981,2.5744085962787504,0.0,0.072709247475733,2.252403452786041,0.0,0,0,,0,0,,,,0,541020.0,1107804.0,187003107980.06763,120524237.64701596,13.201213374080805,0.1564202285553601,13.917891138021036,1.0351032347416451,25.954391073882498,3.151421572390527,18.60736144126456,-2.077337809561124,3616726470.0,22.008835163888424,2.374645238242604,,,,0.0,0.9710977626882564,0.9878993644989988,0.961347610342126,0.0438756855575868,0.286193087838426,0.966222686515191,0.0789152955514929,0.6647275180638982,86.37590319491599,0.9884216940889702,0.7836684948202316,0.951249238269348,0.9817184643510056,0.8720292504570384,0.9817184643510056,0.9737964655697744,0.991468616697136,0.9652650822669104,0.0597196831200487,0.9664838513101768,0.5003046922608165,0,1,1,0,0,1,0,3,0.3999999999999999,97.4797597283886,1,0.975624619134674,multi_method_market_stress_non_event,"Multiple methods agree and market stress variables are elevated, but no event-window label is present.",medium_high,"False-alert taxonomy is an error-review framework. Non-event-window alerts are not proof of model failure, and event-window hits are not verified fraud ground truth."
2023-02-09,1651.082275390625,1655.23486328125,1537.1822509765625,1546.438232421875,1546.438232421875,10524969124,ETH,ETH-USD,7.343709651089454,-0.0652552438195881,0.0652552438195881,1,0.0310053319302509,0.0314073069518558,23.077016283018867,1.1342520215406935,-2.2324879617433027,2.0265337592887285,-0.0750987091894876,0.0763383947898167,2.1545203535345436,0.0,0,0,,0,0,,,,0,475694.0,1082467.0,186261072070.65182,120508620.99513929,13.072532171538985,-1.5774134601328456,13.894754177220918,0.5599171975624047,25.95041513980373,-0.5301805914762366,18.607231860162155,-2.4337153540253653,4001026303.0,22.10981674115631,2.151710543243388,,,,0.0,0.9473317663445634,0.856533472621224,0.956211369374075,0.6848611473839993,0.286193087838426,0.957691303212327,0.0789152955514929,0.7498794289196483,95.48184904674852,0.9603900060938452,0.7422303473491774,0.9853747714808044,0.9728823887873248,0.9567336989640464,0.9728823887873248,0.9463741620962828,0.8647166361974405,0.959780621572212,0.43327239488117,0.9579524680073126,0.5003046922608165,1,1,0,0,0,1,1,4,0.55,98.61582658657612,1,0.9884216940889702,multi_method_market_stress_non_event,"Multiple methods agree and market stress variables are elevated, but no event-window label is present.",medium_high,"False-alert taxonomy is an error-review framework. Non-event-window alerts are not proof of model failure, and event-window hits are not verified fraud ground truth."
2023-02-16,1673.867431640625,1732.8011474609375,1638.1455078125,1640.067626953125,1640.067626953125,12704861676,ETH,ETH-USD,7.402492755915093,-0.0203267343239499,0.0203267343239499,1,0.0346389913397597,0.0320957673355484,23.265250566370803,2.073532210790461,-0.6800863104082064,-0.2021431256221039,-0.0201215389290912,0.0577144735331958,0.9981374341595176,0.0,0,0,,0,0,,,,0,477690.0,1138195.0,198087170822.259,120498618.43121952,13.07671935892425,-1.2460767164525108,13.944955110824129,1.2418381151752236,26.011973027439534,0.8010430155929766,18.607148853827024,-2.3792164871333985,4439512353.0,22.21381037717859,2.1360631828292997,,,,0.0,0.312744841995299,0.9652650822669104,0.8638460868808218,0.5455732567249935,0.286193087838426,0.9564725341690606,0.0789152955514929,0.5880834856794638,74.47549403673717,0.9122486288848264,0.91102985984156,0.9823278488726388,0.991468616697136,0.7714808043875686,0.991468616697136,0.5429616087751371,0.967702620353443,0.862279098110908,0.2169408897014015,0.9567336989640464,0.5003046922608165,0,1,0,0,0,1,0,2,0.25,95.14668755985026,1,0.9524680073126143,market_stress_non_event,Market stress variables are elevated outside known public incident windows.,medium,"False-alert taxonomy is an error-review framework. Non-event-window alerts are not proof of model failure, and event-window hits are not verified fraud ground truth."
2023-03-09,1534.0316162109375,1544.1083984375,1423.2647705078125,1438.6607666015625,1438.6607666015625,9457897583,ETH,ETH-USD,7.271467936636791,-0.0642235774267598,0.0642235774267598,1,0.0264901092657771,0.0284649028487575,22.9701159526045,0.8807662907480337,-2.08021946416781,2.20249184540294,-0.1550585859295549,0.0839973055045819,2.545312661229238,0.0,0,1,E003,1,1,E003,stablecoin_depeg,high,1,460423.0,1037747.0,173079347246.83615,120472675.54413275,13.039903083055057,-0.8128137443096376,13.85256353866698,-0.1792097445100969,25.877015980906084,-2.5636354422024588,18.606933534512063,-1.62447466287098,2889860463.0,21.78447405555218,0.3400269485412089,,,,0.0,0.956211369374075,0.8003830416993123,0.969791938713328,0.8408635849220858,0.286193087838426,0.5829198224079394,0.0789152955514929,0.7535122312178985,95.65595891007226,0.9585618525289458,0.7952468007312614,0.8738574040219378,0.9561243144424132,0.959780621572212,0.9561243144424132,0.95551492992078,0.8098720292504571,0.9719683120048752,0.7099329677026204,0.583180987202925,0.5003046922608165,1,1,0,0,0,0,1,3,0.5,98.24584312701316,1,0.985679463741621,event_window_hit_3d,"Alert falls within a tight public incident window. This supports weak-label alignment, not verified fraud detection.",high,"False-alert taxonomy is an error-review framework. Non-event-window alerts are not proof of model failure, and event-window hits are not verified fraud ground truth."
2023-03-10,1438.7601318359375,1438.7601318359375,1378.525390625,1429.1580810546875,1429.1580810546875,12665194936,ETH,ETH-USD,7.264840795362749,-0.0066271412740412,0.0066271412740412,1,0.0233257559114907,0.0284288142018325,23.26212351206999,1.801509184564805,-0.0641252431267672,-0.7040545290687283,-0.1606396184772138,0.0421470108936343,0.2873594926896667,0.0,0,1,E003,1,1,E003,stablecoin_depeg,high,1,464631.0,1065950.0,172773752590.0483,120471252.395079,13.049000973399435,-0.6573437344911535,13.879377916422554,0.3369478986886585,25.875248787051465,-2.2743083933200285,18.606921721398084,-1.6391089176139988,7088629182.0,22.681757813662877,2.914281026037824,,,,0.0,0.312744841995299,0.9449812831896928,0.7197701749804126,0.8483503090450074,0.286193087838426,0.9875511447723514,0.0789152955514929,0.614552537651258,78.87176808566205,0.939670932358318,0.991468616697136,0.8781230956733699,0.992078001218769,0.8080438756855576,0.992078001218769,0.2541133455210237,0.947592931139549,0.7269957343083485,0.7178549664838513,0.987812309567337,0.5003046922608165,0,1,0,0,0,1,0,2,0.25,95.14668755985026,1,0.9524680073126143,event_window_hit_3d,"Alert falls within a tight public incident window. This supports weak-label alignment, not verified fraud detection.",high,"False-alert taxonomy is an error-review framework. Non-event-window alerts are not proof of model failure, and event-window hits are not verified fraud ground truth."
2023-03-11,1429.100830078125,1484.136962890625,1428.72314453125,1482.61669921875,1482.61669921875,14917080154,ETH,ETH-USD,7.301563845627924,0.0367230502651745,0.0367230502651745,0,0.0300608721287289,0.0270129249464025,23.42577271250325,2.1818910137898686,1.4114691586667003,0.9365565666187438,-0.129242779504191,0.0373756874508258,0.1108041973890932,0.0,0,1,E003,1,1,E003,stablecoin_depeg,high,1,412067.0,1031282.0,177954530955.63647,120463739.2353074,12.92894366325634,-2.118525261350372,13.84631421611904,-0.238895142534037,25.904793910543265,-1.5442303171742728,18.6068593547019,-2.092189144904572,6829460634.0,22.64451153742546,2.488102934671,,,,0.0,0.8466962653434317,0.9709236528249324,0.6633585792635153,0.7983807782710891,0.286193087838426,0.9753634543396884,0.0789152955514929,0.7169334900322103,92.678680247236,0.967702620353443,0.9847653869591712,0.9530773918342474,0.9969530773918344,0.9256550883607556,0.9969530773918344,0.8494820231566118,0.9731870810481412,0.6782449725776966,0.6368068251066423,0.975624619134674,0.5003046922608165,0,1,0,0,0,1,1,3,0.35,96.79637851484286,1,0.9667885435709933,event_window_hit_3d,"Alert falls within a tight public incident window. This supports weak-label alignment, not verified fraud detection.",high,"False-alert taxonomy is an error-review framework. Non-event-window alerts are not proof of model failure, and event-window hits are not verified fraud ground truth."
2023-03-12,1482.431884765625,1607.152587890625,1461.6109619140625,1590.29296875,1590.29296875,11480965122,ETH,ETH-USD,7.371673535316499,0.0701096896885751,0.0701096896885751,0,0.0422956201668016,0.0297296568155957,23.16395629425189,1.251230536014764,2.303761870369865,2.388814747559048,-0.0660033129449686,0.091518750844356,2.711311963972694,0.0,0,1,E003,1,1,E003,stablecoin_depeg,high,1,481016.0,974883.0,191114704252.1841,120463103.02377065,13.08365789149869,-0.0704333452350605,13.790073768543,-1.1879138918648682,25.976139630565747,-0.0905712112332053,18.606854073334947,-1.9709153889781463,7837276102.0,22.782157175097076,2.5017076595794925,,,,0.0,0.964046313223644,0.8789936449899887,0.9746670148863932,0.6637938539218247,0.286193087838426,0.9765822233829546,0.0789152955514929,0.7580739096369808,96.02158962305217,0.9744058500914076,0.8049969530773918,0.9390615478366848,0.9804996953077392,0.9670932358318098,0.9804996953077392,0.9652650822669104,0.8878732480195003,0.9762340036563072,0.4070688604509445,0.9768433881779404,0.5003046922608165,1,1,0,0,0,1,1,4,0.55,98.61582658657612,1,0.9884216940889702,event_window_hit_3d,"Alert falls within a tight public incident window. This supports weak-label alignment, not verified fraud detection.",high,"False-alert taxonomy is an error-review framework. Non-event-window alerts are not proof of model failure, and event-window hits are not verified fraud ground truth."
2023-03-13,1590.8311767578125,1699.9117431640625,1572.07470703125,1680.3089599609375,1680.3089599609375,15711468959,ETH,ETH-USD,7.426732960227555,0.0550594249110556,0.0550594249110556,0,0.0467415121417109,0.0311941081482771,23.47765678961667,2.0399082562524287,1.6718327214035975,1.523655075158283,-0.013135923586469,0.0760794825112307,1.762091027050369,0.0,0,1,E003,1,1,E003,stablecoin_depeg,high,1,584948.0,1173725.0,202121054849.7573,120461692.44922929,13.27927994292646,2.2352683950309813,13.975693862011216,1.9585539073155025,26.032132636289596,1.0281691610577188,18.60684236366823,-1.9292236734358488,8525750904.0,22.866356938934885,2.3434089224043833,,,,0.0,0.9123356838164882,0.9624793244537304,0.9342735265952816,0.5271176112126752,0.286193087838426,0.9643945329502916,0.0789152955514929,0.7292430573692,93.89744929050232,0.9634369287020108,0.6526508226691042,0.931139549055454,0.9293113954905544,0.9378427787934186,0.9293113954905544,0.915295551492992,0.964046313223644,0.9287020109689214,0.1767215112736136,0.9646556977452772,0.5003046922608165,0,0,1,0,0,1,1,3,0.3,95.96500391747192,1,0.9588665447897623,event_window_hit_3d,"Alert falls within a tight public incident window. This supports weak-label alignment, not verified fraud detection.",high,"False-alert taxonomy is an error-review framework. Non-event-window alerts are not proof of model failure, and event-window hits are not verified fraud ground truth."
2023-04-19,2103.9462890625,2104.857177734375,1928.5828857421875,1936.4034423828125,1936.4034423828125,13779745451,ETH,ETH-USD,7.568587635786956,-0.0832633016202137,0.0832633016202137,1,0.0443301258463572,0.0288080426660948,23.346465630082644,1.614656520172561,-3.017142189959045,3.3537248000588287,-0.0866046743127,0.0910318005711019,3.000646068739695,0.0,0,0,,0,0,,,,0,414942.0,1085066.0,233176872098.81775,120425386.00812577,12.935896440381953,-2.537807252473427,13.897152294202249,0.3636187887410776,26.175063110260112,0.5140134463446339,18.606540924161305,-2.398349598762597,3811126238.0,22.061190583191117,1.3141727707776878,,,,0.0,0.989292243405589,0.9273961869939932,0.980673805171063,0.712370505789153,0.286193087838426,0.8693305475755202,0.0789152955514929,0.7768029076347175,97.29259162531557,0.9859841560024376,0.9408897014015845,0.9829372333942716,0.9975624619134674,0.979890310786106,0.9975624619134674,0.9890310786106032,0.931139549055454,0.984156002437538,0.4808043875685557,0.8695917123705058,0.5003046922608165,1,1,1,0,0,0,1,4,0.65,98.87699138156177,1,0.9905545399146861,multi_method_market_stress_non_event,"Multiple methods agree and market stress variables are elevated, but no event-window label is present.",medium_high,"False-alert taxonomy is an error-review framework. Non-event-window alerts are not proof of model failure, and event-window hits are not verified fraud ground truth."
2023-04-21,1943.409912109375,1955.649169921875,1827.7889404296875,1849.9998779296875,1849.9998779296875,12044274581,ETH,ETH-USD,7.522940852088416,-0.0490978565766999,0.0490978565766999,1,0.0361484137091039,0.0285355287777639,23.21185524554581,1.1012525849695385,-1.7937277139880223,1.4901147021357288,-0.1273609599951356,0.0691136421237358,1.7851827548639507,0.0,0,0,,0,0,,,,0,488479.0,1009840.0,222724217796.26416,120418093.40976164,13.099053807968705,-0.5720850583021551,13.825303450682137,-0.620471666099202,26.129200151580463,-0.3061601600038076,18.606480365342577,-2.444062758888664,3278109201.0,21.91053263031902,0.90632803583264,,,,0.0,0.9088534865500132,0.8488726386349786,0.9355793505702098,0.7937668668930095,0.286193087838426,0.751109950378689,0.0789152955514929,0.7455954557325672,95.1162183337686,0.8726386349786716,0.6496039000609385,0.9872029250457038,0.917428397318708,0.9506398537477148,0.917428397318708,0.9122486288848264,0.8567946374162096,0.931139549055454,0.6264472882388787,0.7513711151736746,0.5003046922608165,1,0,0,0,0,0,1,2,0.3,95.96500391747192,1,0.9588665447897623,multi_method_consensus_non_event,"Multiple methods agree, but the alert is outside known public incident windows.",medium,"False-alert taxonomy is an error-review framework. Non-event-window alerts are not proof of model failure, and event-window hits are not verified fraud ground truth."
2023-05-06,1995.4791259765625,2017.5594482421875,1870.6055908203125,1900.2218017578125,1900.2218017578125,9623243037,ETH,ETH-USD,7.5497258961084786,-0.0487039656245231,0.0487039656245231,1,0.0362470766871751,0.0290279312828958,22.98744715895104,0.2843032067243089,-1.6944478624049777,1.4130112590582198,-0.1036714387581844,0.0773351075574095,1.8307512843652065,0.0,0,0,,0,0,,,,0,409974.0,1145565.0,228701205587.22748,120348482.6786138,12.923851461211646,-1.5450782141239456,13.951409395977144,1.2605161513932044,26.15568220944454,-0.3132489183258177,18.605902122850285,-2.5272994571210803,3221602925.0,21.893144875745456,0.9978854281992052,,,,0.0,0.9018020370854009,0.6146078175328632,0.938278053451728,0.7477148080438757,0.286193087838426,0.7742665622007486,0.0789152955514929,0.695230695568904,90.1105597632106,0.9189518586227908,0.8561852528945765,0.9902498476538696,0.9881170018281537,0.9098110907982936,0.9881170018281537,0.9037172455819622,0.6191346739792809,0.9329677026203534,0.5429616087751371,0.7745277269957344,0.5003046922608165,0,1,0,0,0,0,1,2,0.3,95.96500391747192,1,0.9588665447897623,multi_method_consensus_non_event,"Multiple methods agree, but the alert is outside known public incident windows.",medium,"False-alert taxonomy is an error-review framework. Non-event-window alerts are not proof of model failure, and event-window hits are not verified fraud ground truth."
2023-06-05,1890.4176025390625,1890.6405029296875,1780.2115478515625,1811.828369140625,1811.828369140625,9246593033,ETH,ETH-USD,7.50209176309948,-0.042512027518538,0.042512027518538,1,0.020113479170712,0.016093933518299,22.947520999975385,1.4856312152848674,-2.542835350871387,2.7601740577809095,-0.0518525720462784,0.0609489049619545,2.728883263569554,0.0,0,1,E004,1,1,E004,regulatory_action,medium,1,553237.0,1151611.0,217974645394.80423,120245761.84805895,13.223543567664509,2.028578160662064,13.956673257950689,1.512532656019112,26.107644587447655,-0.7648015725413321,18.605048230138557,-1.2055714134862,2900476509.0,21.78814087423391,1.594708945631983,,,,0.0,0.9754505092713502,0.9131191782014452,0.9751022895447028,0.6281013319404545,0.286193087838426,0.9089405414816748,0.0789152955514929,0.7569970401323236,95.95194567772263,0.9804996953077392,0.7617306520414382,0.817794028031688,0.9369287020109688,0.9652650822669104,0.9369287020109688,0.9786715417428398,0.9189518586227908,0.9774527726995734,0.3552711761121268,0.9092017062766604,0.5003046922608165,1,0,1,0,0,0,1,3,0.4499999999999999,97.83668494820232,1,0.9817184643510055,event_window_hit_3d,"Alert falls within a tight public incident window. This supports weak-label alignment, not verified fraud detection.",high,"False-alert taxonomy is an error-review framework. Non-event-window alerts are not proof of model failure, and event-window hits are not verified fraud ground truth."
2023-06-10,1840.3919677734375,1844.78564453125,1721.443115234375,1752.384765625,1752.384765625,10788500406,ETH,ETH-USD,7.468732862467237,-0.0489103826705825,0.0489103826705825,1,0.0309746961458239,0.0197720444361264,23.10174662666907,2.054614960903081,-2.431807145310377,2.513806597324858,-0.0829599885883726,0.0703855293177489,2.873100673121121,0.0,0,0,,0,1,E004,regulatory_action,medium,1,645859.0,1204433.0,210773730172.63528,120242843.44596,13.378338041011688,2.8913658264059157,14.00152030501524,2.3533540717388775,26.07405102617828,-2.21694724084248,18.605023959532712,-1.180780146260323,3833760696.0,22.067112063607297,2.5000864407569785,,,,0.0,0.9689213893967094,0.9639592582919824,0.9790197614694872,0.7033167928963175,0.286193087838426,0.9759728388613216,0.0789152955514929,0.782307390963698,97.57987289979977,0.9908592321755028,0.9506398537477148,0.8153564899451554,0.9859841560024376,0.984156002437538,0.9859841560024376,0.9695307739183424,0.9658744667885436,0.9817184643510056,0.4661791590493601,0.9762340036563072,0.5003046922608165,1,1,1,0,0,1,1,5,0.7000000000000001,99.29050230695567,1,0.9939061547836685,event_window_hit_7d,Alert falls within a wider public incident window. This is weak-label evidence only.,high,"False-alert taxonomy is an error-review framework. Non-event-window alerts are not proof of model failure, and event-window hits are not verified fraud ground truth."
2023-06-14,1739.2501220703125,1749.1632080078125,1637.187744140625,1650.519287109375,1650.519287109375,7462905534,ETH,ETH-USD,7.408845236841072,-0.05224189755336,0.05224189755336,1,0.02473715237813,0.0216881912692783,22.733210657237176,0.9429594251215876,-2.2606118788045,2.3618571414079774,-0.1362671853940368,0.0678425661194756,2.4057237972352365,0.0,0,0,,0,0,,,,0,526308.0,1023424.0,198419247550.60797,120242830.5787524,13.173643771708674,0.4379680583934155,13.83866540343076,-0.5669344074586856,26.013648040960636,-3.1046733951209715,18.60502385252253,-1.0250467549502098,2365399510.0,21.584212771050908,1.0105624623414835,,,,0.0,0.962740489248716,0.8157047096718029,0.9658744667885436,0.8113519630887089,0.286193087838426,0.7779228693305476,0.0789152955514929,0.7614394532950292,96.35239836336729,0.9609993906154785,0.8086532602071907,0.7952468007312614,0.9390615478366848,0.9725776965265084,0.9390615478366848,0.962827544180378,0.8214503351614869,0.9683120048750762,0.6569165143205362,0.7781840341255332,0.5003046922608165,1,0,0,0,0,0,1,2,0.3,95.96500391747192,1,0.9588665447897623,multi_method_market_stress_non_event,"Multiple methods agree and market stress variables are elevated, but no event-window label is present.",medium_high,"False-alert taxonomy is an error-review framework. Non-event-window alerts are not proof of model failure, and event-window hits are not verified fraud ground truth."
2023-07-06,1910.4171142578125,1956.0123291015625,1847.8507080078125,1848.636474609375,1848.636474609375,8905008384,ETH,ETH-USD,7.522203605572612,-0.0329627281387843,0.0329627281387843,1,0.023600910426696,0.0240680220240302,22.909879695293434,0.9804633732059108,-1.342958105233543,0.9563775757180444,-0.0545940868048714,0.0585088645492646,1.6015457439615737,0.0,0,0,,0,0,,,,0,357008.0,914280.0,222963240943.95593,120236297.22782336,12.78551627052804,-2.550810431199217,13.725893243011294,-1.307811878077058,26.130272756007265,0.3247883353421889,18.604969516406666,-3.9261176312918464,2551556265.0,21.659969310351357,0.6078223411267286,,,,0.0,0.8497431879515974,0.8250195873596239,0.9234787150692086,0.6351527814050666,0.286193087838426,0.657874118568817,0.0789152955514929,0.6929071994428484,89.84939496822494,0.9664838513101768,0.9768433881779404,0.9993906154783668,0.9981718464351006,0.9049360146252284,0.9981718464351006,0.8531383302864107,0.8287629494210847,0.914686166971359,0.3662400975015235,0.6581352833638026,0.5003046922608165,0,1,0,0,0,0,1,2,0.3,95.96500391747192,1,0.9588665447897623,isolated_anomaly_review,High score is driven by limited or isolated signals. Treat as likely false-alert candidate for manual review.,low,"False-alert taxonomy is an error-review framework. Non-event-window alerts are not proof of model failure, and event-window hits are not verified fraud ground truth."
2023-08-17,1805.5673828125,1807.71484375,1551.7132568359375,1684.9334716796875,1684.9334716796875,14208462072,ETH,ETH-USD,7.429481359324322,-0.0691995736731216,0.0691995736731216,1,0.025147652715183,0.0148664694857312,23.37710354469724,3.0371769163848144,-4.388228066817472,4.775125781951899,-0.1094808876432911,0.1519357240015286,5.091838999606162,0.0,0,0,,0,0,,,,0,442604.0,1065879.0,203038445474.3102,120219426.30777755,13.000433003417337,-0.1189540027674769,13.879311307014936,0.647954460149805,26.036661184634703,-4.358926113184421,18.60482919186221,-1.5255145408738944,4193605502.0,22.15682670277025,3.161059591409465,,,,0.0,0.9991294506833812,0.9955601984852442,0.9983459562984244,0.7594672238182293,0.286193087838426,0.9948637590319492,0.0789152955514929,0.8091716723252373,98.75511447723514,1.0,0.992078001218769,0.8580134064594759,0.9939061547836684,0.992078001218769,0.9939061547836684,1.0,0.9993906154783668,1.0,0.5618525289457648,0.9951249238269348,0.5003046922608165,1,1,1,0,0,1,1,5,0.7000000000000001,99.29050230695567,1,0.9939061547836685,multi_method_market_stress_non_event,"Multiple methods agree and market stress variables are elevated, but no event-window label is present.",medium_high,"False-alert taxonomy is an error-review framework. Non-event-window alerts are not proof of model failure, and event-window hits are not verified fraud ground truth."
2023-08-18,1682.0384521484375,1698.124267578125,1644.930908203125,1660.945068359375,1660.945068359375,9645084584,ETH,ETH-USD,7.415142037639195,-0.014339321685127,0.014339321685127,1,0.0246386547897654,0.0149867737554909,22.989714253094576,1.841301371190802,-0.6706238118395574,0.4276723146303177,-0.1221592111443156,0.0320259594301589,0.4215242568580967,0.0,0,0,,0,0,,,,0,466951.0,1081417.0,199642075197.11536,120218919.04564013,13.053981747642515,0.7840331399811751,13.893783700881212,0.9862656628484948,26.019791976194835,-3.662727406207016,18.604824972384385,-1.6243621270799995,2781582792.0,21.74628595263074,1.655180772998275,,,,0.0,0.7491076869504657,0.9491599199094628,0.7551144772351354,0.7839296596152172,0.286193087838426,0.9174719247845392,0.0789152955514929,0.7025668146600504,90.99852006616176,0.9341864716636198,0.9817184643510056,0.8732480195003047,0.9908592321755028,0.9134673979280926,0.9908592321755028,0.7538086532602072,0.9506398537477148,0.7592931139549055,0.6093845216331505,0.9177330895795248,0.5003046922608165,0,1,0,0,0,0,1,2,0.3,95.96500391747192,1,0.9588665447897623,multi_method_consensus_non_event,"Multiple methods agree, but the alert is outside known public incident windows.",medium,"False-alert taxonomy is an error-review framework. Non-event-window alerts are not proof of model failure, and event-window hits are not verified fraud ground truth."
2023-08-29,1652.274169921875,1742.6373291015625,1639.576171875,1729.7257080078125,1729.7257080078125,11304916729,ETH,ETH-USD,7.455718124636898,0.0456993339024229,0.0456993339024229,0,0.0208100211215224,0.0180650492729038,23.148503576881858,1.926461022699521,2.665325383920656,2.3997280961312573,-0.0758986028244547,0.0595823700540716,1.3043118500509057,0.0,0,0,,0,0,,,,0,412991.0,1019692.0,207610901616.7568,120217921.41169098,12.93118350129551,-1.2488440835196972,13.835012159564608,-0.2231506507442366,26.058931499469026,-0.4058011570748434,18.6048166738729,-1.6743457477150918,2664109921.0,21.703135850785312,1.3074706437390209,,,,0.0,0.964829807608601,0.9554278749891182,0.8963175763907025,0.6870375206755462,0.286193087838426,0.8668930094889875,0.0789152955514929,0.756600940193262,95.89971271872552,0.9305301645338208,0.6721511273613651,0.8836075563680682,0.9085923217550276,0.964046313223644,0.9085923217550276,0.9664838513101768,0.95551492992078,0.8872638634978671,0.4387568555758683,0.8671541742839732,0.5003046922608165,1,0,1,0,0,0,1,3,0.4499999999999999,97.83668494820232,1,0.9817184643510055,multi_method_consensus_non_event,"Multiple methods agree, but the alert is outside known public incident windows.",medium,"False-alert taxonomy is an error-review framework. Non-event-window alerts are not proof of model failure, and event-window hits are not verified fraud ground truth."
2023-10-02,1732.9840087890625,1743.5635986328125,1646.07763671875,1663.6275634765625,1663.6275634765625,8420552922,ETH,ETH-USD,7.416755776303609,-0.04132104680445,0.04132104680445,1,0.0258842690607268,0.0169277527197134,22.853941330859335,1.906119776576635,-2.472765904050277,2.4245944353741384,-0.0404789706671829,0.0585984291522204,2.5295891316851966,0.0,0,0,,0,0,,,,0,440326.0,1016845.0,199987427210.07104,120243093.75739844,12.995272911689767,-0.6730928508669659,13.832216237802614,0.090911166475828,26.021520337573783,1.0936300474353622,18.605026041246425,1.8967692686165871,2780366793.0,21.745848696233377,2.132095177814336,,,,0.0,0.9661356315835292,0.9542961608775136,0.9692696091233568,0.5980673805171063,0.286193087838426,0.9552537651257944,0.0789152955514929,0.7582192913728563,96.0564115957169,0.9104204753199268,0.5795246800731262,0.696526508226691,0.7827544180377818,0.967702620353443,0.7827544180377818,0.9683120048750762,0.9542961608775136,0.9707495429616088,0.3101767215112736,0.95551492992078,0.5003046922608165,1,0,1,0,0,1,0,3,0.3999999999999999,97.4797597283886,1,0.975624619134674,multi_method_market_stress_non_event,"Multiple methods agree and market stress variables are elevated, but no event-window label is present.",medium_high,"False-alert taxonomy is an error-review framework. Non-event-window alerts are not proof of model failure, and event-window hits are not verified fraud ground truth."
2023-10-23,1674.8492431640625,1794.0704345703125,1663.447998046875,1765.3826904296875,1765.3826904296875,14362295879,ETH,ETH-USD,7.476122767638148,0.0594857941123443,0.0594857941123443,0,0.0254175915163725,0.0208630559580625,23.38787226800985,2.869702959801655,2.687947054151542,3.0121696489902563,0.0,0.0739910033283743,2.973868934077513,0.0,0,0,,0,0,,,,0,443611.0,1063574.0,212045300673.24197,120271125.93776672,13.002705585490125,-1.419217469562155,13.877146432997655,1.4555960356189557,26.080065771217257,2.66110696498504,18.60525914330831,1.5597369247934632,3754091811.0,22.04611223192407,2.6616968177586497,,,,0.0,0.982066684077653,0.9932967702620352,0.9804126403760772,0.0438756855575868,0.286193087838426,0.982066684077653,0.0789152955514929,0.6723361190911465,87.33350744319665,0.9902498476538696,0.9500304692260816,0.7172455819622182,0.9646556977452772,0.8799512492382694,0.9646556977452772,0.984156002437538,0.9969530773918344,0.9835466179159048,0.0597196831200487,0.9823278488726388,0.5003046922608165,0,1,1,0,0,1,0,3,0.3999999999999999,97.4797597283886,1,0.975624619134674,multi_method_market_stress_non_event,"Multiple methods agree and market stress variables are elevated, but no event-window label is present.",medium_high,"False-alert taxonomy is an error-review framework. Non-event-window alerts are not proof of model failure, and event-window hits are not verified fraud ground truth."
2023-11-09,1888.9403076171875,2130.88525390625,1884.204345703125,2120.56103515625,2120.56103515625,24709695029,ETH,ETH-USD,7.659435971879922,0.1154624531406325,0.1154624531406325,0,0.0416964639284359,0.0256345760099546,23.930461514903953,2.605821503137464,4.111388173083362,4.4562228384707465,0.0,0.1163281339765581,3.9399292311126706,0.0,0,0,,0,0,,,,0,465799.0,1125199.0,254460314800.6124,120266306.2315942,13.051511636432378,0.5721959545055623,13.933471355597838,1.4822978035782628,26.262410726796144,2.3928902800025504,18.605219068829346,-0.3296899438522745,5468248377.0,22.422224178697473,2.2370451072135564,,,,0.0,0.997823626708453,0.9864194306607468,0.9915556716287978,0.0438756855575868,0.286193087838426,0.9607382258204928,0.0789152955514929,0.6755040480543222,87.79489858100462,0.991468616697136,0.9518586227909812,0.7446678854357099,0.9728823887873248,0.8848263254113345,0.9728823887873248,0.9987812309567335,0.9908592321755028,0.9932967702620352,0.0597196831200487,0.9609993906154785,0.5003046922608165,0,1,1,0,0,1,0,3,0.3999999999999999,97.4797597283886,1,0.975624619134674,multi_method_market_stress_non_event,"Multiple methods agree and market stress variables are elevated, but no event-window label is present.",medium_high,"False-alert taxonomy is an error-review framework. Non-event-window alerts are not proof of model failure, and event-window hits are not verified fraud ground truth."
2023-12-11,2352.49658203125,2354.9140625,2160.358154296875,2224.578857421875,2224.578857421875,17989249470,ETH,ETH-USD,7.70732289912188,-0.055895093990288,0.055895093990288,1,0.0352601015971642,0.0278463723273554,23.613040164805675,1.7625598187206195,-2.103514794061488,1.8807367894966616,-0.0568750837096948,0.0874574113450854,2.589939633419036,0.0,0,0,,0,0,,,,0,477448.0,1087662.0,267105263406.4986,120216719.10715696,13.076212626916002,0.5665477104050913,13.899541915770804,-0.2882797712193611,26.310908662624435,0.8716728712263311,18.604806672780533,-1.8634707925437464,6026851947.0,22.519490646353827,2.0692782898950615,,,,0.0,0.9386262731783755,0.9407155915382608,0.9710977626882564,0.6418560111430313,0.286193087838426,0.9503786889527291,0.0789152955514929,0.7576899973883521,96.00417863671976,0.9439366240097502,0.5350396099939062,0.9189518586227908,0.8732480195003047,0.9664838513101768,0.8732480195003047,0.9384521633150518,0.943327239488117,0.9737964655697744,0.3778184034125533,0.9506398537477148,0.5003046922608165,1,0,1,0,0,1,0,3,0.3999999999999999,97.4797597283886,1,0.975624619134674,multi_method_market_stress_non_event,"Multiple methods agree and market stress variables are elevated, but no event-window label is present.",medium_high,"False-alert taxonomy is an error-review framework. Non-event-window alerts are not proof of model failure, and event-window hits are not verified fraud ground truth."
2024-01-03,2355.9814453125,2385.11767578125,2113.92529296875,2210.761962890625,2210.761962890625,19332933581,ETH,ETH-USD,7.701092514677493,-0.0635585988981475,0.0635585988981475,1,0.0283654741325912,0.0285272959822685,23.68507588181785,1.8379602924688832,-2.2109639990861227,2.2692842889609492,-0.0706163885222274,0.1226691916021159,3.5744202216480496,0.0,0,0,,0,0,,,,0,477192.0,1092220.0,265293790915.38193,120186916.5211508,13.07567630019638,-0.6473458385962887,13.903723795763106,-0.839306100343597,26.30410369380711,-1.1585857484688156,18.604558734883646,-0.8476455706469128,7408261366.0,22.725861615390365,2.0840400644092423,,,,0.0,0.9588230173239314,0.9485505353878296,0.9888569687472796,0.6739792809262645,0.286193087838426,0.9534256115608948,0.0789152955514929,0.7726747627753111,97.10977626882564,0.9817184643510056,0.862279098110908,0.7763558805606338,0.9530773918342474,0.9780621572212066,0.9530773918342474,0.9585618525289458,0.9500304692260816,0.9908592321755028,0.4216940889701401,0.9536867763558804,0.5003046922608165,1,1,1,0,0,1,1,5,0.7000000000000001,99.29050230695567,1,0.9939061547836685,multi_method_market_stress_non_event,"Multiple methods agree and market stress variables are elevated, but no event-window label is present.",medium_high,"False-alert taxonomy is an error-review framework. Non-event-window alerts are not proof of model failure, and event-window hits are not verified fraud ground truth."
2024-01-10,2344.923583984375,2626.976806640625,2341.943115234375,2582.103515625,2582.103515625,29042100476,ETH,ETH-USD,7.856359661859733,0.096392694383752,0.096392694383752,0,0.0389530229312127,0.0310425139793598,24.092012354762492,2.734914598510981,2.945148139525,3.365155333317557,0.0,0.1103881737046693,2.6605892301103116,0.0,0,0,,0,0,,,,0,624690.0,1247106.0,311381248197.29474,120185176.221501,13.345012406462562,2.61315608703429,14.036337026915296,2.0326596504431964,26.464283876801275,3.7085342916305337,18.604544254836355,-0.7300019041013399,7722192197.0,22.767364124144603,1.8581513350593843,,,,0.0,0.9894663532689126,0.9909462871071646,0.9735353007747888,0.0438756855575868,0.286193087838426,0.9351440759119004,0.0789152955514929,0.6699569078088273,87.00269870288152,0.9932967702620352,0.9482023156611822,0.7629494210847044,0.9774527726995734,0.8769043266301036,0.9774527726995734,0.9896404631322364,0.9951249238269348,0.9750152346130408,0.0597196831200487,0.935405240706886,0.5003046922608165,0,1,1,0,0,0,0,2,0.35,96.79637851484286,1,0.9667885435709933,market_stress_non_event,Market stress variables are elevated outside known public incident windows.,medium,"False-alert taxonomy is an error-review framework. Non-event-window alerts are not proof of model failure, and event-window hits are not verified fraud ground truth."
2024-02-28,3243.893310546875,3485.450927734375,3201.575927734375,3385.703857421875,3385.703857421875,32885894265,ETH,ETH-USD,8.1273170979768,0.0425946193780362,0.0425946193780362,0,0.0209531701689556,0.0204719961870394,24.21630965706573,1.951268423210615,1.4631006364726564,1.5837870672696852,0.0,0.0838451949593026,2.9409483456651815,0.0,0,0,,0,0,,,,0,583458.0,1227000.0,405699438502.2144,120150235.11012971,13.276729462601612,1.8342970119396391,14.020083538688642,1.8750867153026016,26.72887842313817,1.9053995562415085,18.604253485272825,-1.9803886436176843,9470118462.0,22.97140725335866,3.079686331150701,,,,0.0,0.9179942543745104,0.9565595891007226,0.9803255854444154,0.0438756855575868,0.286193087838426,0.9918168364237834,0.0789152955514929,0.6520993296770261,84.65221554801079,0.984156002437538,0.8403412553321146,0.9408897014015845,0.9881170018281537,0.8604509445460086,0.9881170018281537,0.9207800121876905,0.9573430834856794,0.9829372333942716,0.0597196831200487,0.992078001218769,0.5003046922608165,0,1,1,0,0,1,0,3,0.3999999999999999,97.4797597283886,1,0.975624619134674,multi_method_market_stress_non_event,"Multiple methods agree and market stress variables are elevated, but no event-window label is present.",medium_high,"False-alert taxonomy is an error-review framework. Non-event-window alerts are not proof of model failure, and event-window hits are not verified fraud ground truth."
2024-02-29,3386.802734375,3518.96923828125,3303.9052734375,3341.919677734375,3341.919677734375,28469171094,ETH,ETH-USD,8.114300674675722,-0.0130164233010781,0.0130164233010781,1,0.0233577621302569,0.0210017182400779,24.072087622779136,1.5211870424573206,-1.1823931644275258,-0.3590768264823356,-0.0129320760265313,0.0643534212616237,1.5837831322265623,0.0,0,0,,0,0,,,,0,568518.0,1236458.0,402515295030.9694,120145341.71242917,13.25079001289833,1.356945106895114,14.027762207286305,1.9196689921011711,26.720998933162473,1.6877706624088435,18.604212757118564,-2.1700385184078193,8746568548.0,22.89192729457023,2.423989147057596,,,,0.0,0.312744841995299,0.9169495951945678,0.9228693305475756,0.526595281622704,0.286193087838426,0.9710977626882564,0.0789152955514929,0.5873261077740054,74.3187951597458,0.9408897014015845,0.8092626447288239,0.9646556977452772,0.979890310786106,0.7696526508226691,0.979890310786106,0.4716636197440585,0.9219987812309568,0.9134673979280926,0.1748933577087142,0.971358927483242,0.5003046922608165,0,1,0,0,0,1,0,2,0.25,95.14668755985026,1,0.9524680073126143,defi_context_shock_non_event,DeFi or chain-context variables are unusual outside known public incident windows.,low,"False-alert taxonomy is an error-review framework. Non-event-window alerts are not proof of model failure, and event-window hits are not verified fraud ground truth."
2024-03-05,3631.928955078125,3828.15966796875,3224.119384765625,3554.964599609375,3554.964599609375,47706899137,ETH,ETH-USD,8.176100384271972,-0.0210070504160473,0.0210070504160473,1,0.0256057907679019,0.0210318023715657,24.5883418603987,2.404439848936401,-1.696166265978767,0.0227060343890579,-0.0207879393073031,0.1699145705331349,4.419885785121643,0.0,0,0,,0,0,,,,0,582912.0,1303724.0,426791266257.23566,120123063.36964492,13.275793226066645,1.2382224295175024,14.08073610965785,2.0848021522290594,26.779560892852157,1.5204823226230844,18.60402731165681,-2.4413626332178695,13802678591.0,23.348128511143997,2.68400608813542,,,,0.0,0.6329764081135196,0.9793679811961348,0.9947767041002872,0.547314355358231,0.286193087838426,0.982676068599286,0.0789152955514929,0.6862640376077305,89.03978410376948,0.9896404631322364,0.9969530773918344,0.9859841560024376,0.9993906154783668,0.8982327848872639,0.9993906154783668,0.6416819012797075,0.9847653869591712,0.9969530773918344,0.2230347349177331,0.9829372333942716,0.5003046922608165,0,1,0,0,0,1,0,2,0.25,95.14668755985026,1,0.9524680073126143,market_stress_non_event,Market stress variables are elevated outside known public incident windows.,medium,"False-alert taxonomy is an error-review framework. Non-event-window alerts are not proof of model failure, and event-window hits are not verified fraud ground truth."
2024-03-15,3882.85693359375,3928.775634765625,3571.774658203125,3735.22021484375,3735.22021484375,33505075433,ETH,ETH-USD,8.22556205562638,-0.0388374261325505,0.0388374261325505,1,0.0289617878292475,0.0254565139045337,24.234962769794173,1.3514238996465289,-1.9133720558702616,1.0707319242296591,-0.081453172967429,0.0955769555818368,1.384593560156208,0.0,0,1,E005,1,1,E005,network_stress,medium,1,675933.0,1312102.0,448743632254.6925,120083800.60070676,13.423850717122582,2.8125976701930817,14.08714175150229,1.7351447476254884,26.82971758668876,0.8104574921669004,18.603700403688304,-1.7733771763688284,13392896280.0,23.317990275052015,1.6509782783414937,,,,0.0,0.8633237572908505,0.8958823017323931,0.9044136850352572,0.6992252111082092,0.286193087838426,0.916862540262906,0.0789152955514929,0.7297009663097414,93.92356577000088,0.935405240706886,0.7909811090798293,0.898842169408897,0.95551492992078,0.9390615478366848,0.95551492992078,0.870201096892139,0.9079829372333944,0.8921389396709324,0.4600853138330286,0.9171237050578916,0.5003046922608165,0,1,0,0,0,0,1,2,0.3,95.96500391747192,1,0.9588665447897623,event_window_hit_3d,"Alert falls within a tight public incident window. This supports weak-label alignment, not verified fraud detection.",high,"False-alert taxonomy is an error-review framework. Non-event-window alerts are not proof of model failure, and event-window hits are not verified fraud ground truth."
2024-03-19,3518.34765625,3546.582275390625,3149.286865234375,3157.6181640625,3157.6181640625,34166976701,ETH,ETH-USD,8.057573276822115,-0.1080704152151135,0.1080704152151135,1,0.0452729156737903,0.0359260499797125,24.25452542102047,1.3279310261649826,-3.0938442745125245,3.584465800740289,-0.2234942041559521,0.1258212328133751,2.0008504592053176,0.0,0,0,,0,1,E005,network_stress,medium,1,650497.0,1377677.0,380151343242.56384,120079422.7654418,13.385493502371938,1.4514526382895545,14.1359100312618,2.224115555255965,26.66383528207131,-0.8485441751902685,18.603663946522484,-1.427797870481023,12132052986.0,23.2191167943036,1.2552572499246446,,,,0.0,0.9919909462871072,0.8924871593975798,0.9473317663445634,0.9142508923130496,0.286193087838426,0.8522677809697919,0.0789152955514929,0.8005967615565421,98.45042221641856,0.987812309567337,0.9402803168799512,0.8439975624619135,0.9890310786106032,0.9908592321755028,0.9890310786106032,0.9932967702620352,0.9037172455819622,0.9500304692260816,0.8366849482023156,0.8525289457647776,0.5003046922608165,1,1,1,0,0,0,1,4,0.65,98.87699138156177,1,0.9905545399146861,event_window_hit_7d,Alert falls within a wider public incident window. This is weak-label evidence only.,high,"False-alert taxonomy is an error-review framework. Non-event-window alerts are not proof of model failure, and event-window hits are not verified fraud ground truth."
2024-03-20,3158.396728515625,3534.826416015625,3059.65478515625,3513.39306640625,3513.39306640625,36605316331,ETH,ETH-USD,8.164337535106124,0.1067642582840093,0.1067642582840093,0,0.0693395817828594,0.0405041259409625,24.32345932177793,1.4031102174807897,2.49025677557813,2.8633414784073494,-0.1360038049588743,0.1352457928498773,2.0335366703971336,0.0,0,0,,0,1,E005,network_stress,medium,1,692050.0,1370939.0,422563427536.4576,120078061.9838444,13.447414931306104,1.970967828746602,14.131007193910644,1.9276239855656283,26.76960539682512,0.0930873485315626,18.603652614112107,-1.3757710224524795,8614795070.0,22.876746919179652,0.374708266556797,,,,0.0,0.9780621572212066,0.9029337511970054,0.9499434142944198,0.8107425785670759,0.286193087838426,0.5938887437973361,0.0789152955514929,0.7683324627840167,96.87472795333856,0.9737964655697744,0.8281535648994516,0.8372943327239488,0.959780621572212,0.9762340036563072,0.959780621572212,0.9811090798293725,0.9128580134064594,0.951249238269348,0.6563071297989032,0.5941499085923218,0.5003046922608165,1,1,1,0,0,0,1,4,0.65,98.87699138156177,1,0.9905545399146861,event_window_hit_7d,Alert falls within a wider public incident window. This is weak-label evidence only.,high,"False-alert taxonomy is an error-review framework. Non-event-window alerts are not proof of model failure, and event-window hits are not verified fraud ground truth."
2024-04-13,3242.94091796875,3299.663818359375,2862.3935546875,3004.900390625,3004.900390625,29930408174,ETH,ETH-USD,8.007999698541369,-0.0762651730824632,0.0762651730824632,1,0.0556694812024964,0.0463839653483975,24.122140796372555,1.4669200078690778,-1.459955248181845,1.3428739702033152,-0.1955225615122937,0.145519054487169,2.3070599169725257,0.0,0,0,,0,0,,,,0,576579.0,1162426.0,363861021415.1023,120071084.7372016,13.264869377493984,-1.0797765865875155,13.96602061877299,-1.891856850118787,26.620037822379,-2.804502194831116,18.603594506501217,-1.232062055990392,9845487663.0,23.01027908199051,1.0957478860765706,,,,0.0,0.8946635326891268,0.9104204753199268,0.962740489248716,0.8892661269260904,0.286193087838426,0.8053451728040394,0.0789152955514929,0.7783429093758162,97.32741359798032,0.9823278488726388,0.8781230956733699,0.8220597196831201,0.9701401584399756,0.9804996953077392,0.9701401584399756,0.8976234003656307,0.9165143205362584,0.9658744667885436,0.7921998781230957,0.805606337599025,0.5003046922608165,1,1,0,0,0,0,1,3,0.5,98.24584312701316,1,0.985679463741621,multi_method_market_stress_non_event,"Multiple methods agree and market stress variables are elevated, but no event-window label is present.",medium_high,"False-alert taxonomy is an error-review framework. Non-event-window alerts are not proof of model failure, and event-window hits are not verified fraud ground truth."
2024-05-20,3071.85888671875,3690.805908203125,3050.2978515625,3663.85546875,3663.85546875,31228143948,ETH,ETH-USD,8.206271278714139,0.1762382868010661,0.1762382868010661,0,0.0723418174139364,0.0413126001235383,24.164585574807,3.021735293811735,4.145993754556773,4.574275344103271,0.0,0.174818046755307,4.112582332271628,0.0,0,0,,0,0,,,,0,546790.0,1124081.0,439907646002.6881,120130611.89691344,13.211821924296329,-1.88748694480117,13.932477260511432,-0.6752561822820429,26.80983064638142,3.58857152911364,18.604090149631713,1.6773245483431136,7636390251.0,22.75619084836623,2.075851090688238,,,,0.0,0.9980847915034388,0.9952119787585968,0.9929485505353878,0.0438756855575868,0.286193087838426,0.9515974579959956,0.0789152955514929,0.6769378427787934,88.0212414033255,0.9969530773918344,0.9963436928702012,0.7434491163924436,0.984156002437538,0.886654478976234,0.984156002437538,0.9993906154783668,0.9987812309567335,0.9951249238269348,0.0597196831200487,0.9518586227909812,0.5003046922608165,0,1,1,0,0,1,0,3,0.3999999999999999,97.4797597283886,1,0.975624619134674,multi_method_market_stress_non_event,"Multiple methods agree and market stress variables are elevated, but no event-window label is present.",medium_high,"False-alert taxonomy is an error-review framework. Non-event-window alerts are not proof of model failure, and event-window hits are not verified fraud ground truth."
2024-07-04,3291.81787109375,3309.20361328125,3054.52197265625,3054.52197265625,3054.52197265625,20252514386,ETH,ETH-USD,8.024378385600125,-0.0751506149646665,0.0751506149646665,1,0.0309191049775914,0.0229390172348466,23.7315447900501,1.3276982269739523,-2.953994977819532,3.630186340021532,-0.2095456327967383,0.0833785590363672,2.7843182271310516,0.0,0,0,,0,0,,,,0,572314.0,1241195.0,370287628113.0997,120196109.42757893,13.25744481808342,0.303096808929409,14.031585988863448,1.4079111135932434,26.63754591386792,-2.8278309154264076,18.604635220370255,1.4730419241455446,7278069187.0,22.70813144254901,0.6417142878257811,,,,0.0,0.9923391660137548,0.8923130495342562,0.9771916079045878,0.9018020370854009,0.286193087838426,0.6682336554365805,0.0789152955514929,0.7945743013841735,98.20666840776528,0.979890310786106,0.8982327848872639,0.728823887873248,0.9494210847044484,0.9884216940889702,0.9494210847044484,0.9939061547836684,0.903107861060329,0.9792809262644728,0.8159658744667886,0.6684948202315661,0.5003046922608165,1,0,1,0,0,0,1,3,0.4499999999999999,97.83668494820232,1,0.9817184643510055,multi_method_market_stress_non_event,"Multiple methods agree and market stress variables are elevated, but no event-window label is present.",medium_high,"False-alert taxonomy is an error-review framework. Non-event-window alerts are not proof of model failure, and event-window hits are not verified fraud ground truth."
2024-07-05,3057.833251953125,3106.152587890625,2826.014404296875,2981.5986328125,2981.5986328125,31131942647,ETH,ETH-USD,8.000214889623388,-0.0241634959767367,0.0241634959767367,1,0.031009499218304,0.0227871330148426,24.161500223821633,2.3156133300078348,-0.681077390656033,0.3692106614084375,-0.2177579040371787,0.0939556989699514,2.7864229206824476,0.0,0,0,,0,0,,,,0,569838.0,1237133.0,358938533149.40094,120197631.98264048,13.253109143772134,0.2204369302113685,14.028307972104328,1.2498726281473311,26.60641699392416,-3.011707537904261,18.60464788754736,1.4746455573478288,9486519354.0,22.97313761253413,1.4593962278515051,,,,0.0,0.7344824584312701,0.9767563332462784,0.9773657177679116,0.9094628710716464,0.286193087838426,0.8906590058326804,0.0789152955514929,0.7655771741969183,96.64838513101766,0.9506398537477148,0.8610603290676416,0.708714198659354,0.92260816575259,0.9750152346130408,0.92260816575259,0.7385740402193784,0.979890310786106,0.9804996953077392,0.8293723339427178,0.890920170627666,0.5003046922608165,1,0,0,0,0,0,1,2,0.3,95.96500391747192,1,0.9588665447897623,multi_method_market_stress_non_event,"Multiple methods agree and market stress variables are elevated, but no event-window label is present.",medium_high,"False-alert taxonomy is an error-review framework. Non-event-window alerts are not proof of model failure, and event-window hits are not verified fraud ground truth."
2024-07-25,3336.3623046875,3341.4384765625,3088.764404296875,3174.42724609375,3174.42724609375,25293745810,ETH,ETH-USD,8.062882500122567,-0.049746983442823,0.049746983442823,1,0.0286867877446215,0.0296316433811659,23.953823000974403,1.5792486156063592,-1.6032684919645883,1.4300011891416653,-0.1024084325652135,0.0795967438146676,1.709117983855244,0.0,0,0,,0,0,,,,0,504084.0,1125280.0,381600624988.4637,120237715.3379378,13.13050018362721,-0.9184961075496612,13.93354334020916,-0.6589059816729333,26.66764041433226,-0.6247745406176171,18.604981310696513,1.736249123168098,7223941364.0,22.7006665363338,1.015076738515993,,,,0.0,0.9037172455819622,0.9236528249325324,0.9302689997388351,0.745364324889005,0.286193087838426,0.7803604074170801,0.0789152955514929,0.749720118394707,95.44702707408376,0.6496039000609385,0.3071297989031079,0.5886654478976234,0.506398537477148,0.9549055453991468,0.506398537477148,0.9049360146252284,0.9274832419256552,0.9238269347958562,0.5374771480804388,0.7806215722120659,0.5003046922608165,1,0,1,0,0,0,0,2,0.35,96.79637851484286,1,0.9667885435709933,isolated_anomaly_review,High score is driven by limited or isolated signals. Treat as likely false-alert candidate for manual review.,low,"False-alert taxonomy is an error-review framework. Non-event-window alerts are not proof of model failure, and event-window hits are not verified fraud ground truth."
2024-08-04,2903.088623046875,2931.4716796875,2639.566650390625,2686.39892578125,2686.39892578125,21139601426,ETH,ETH-USD,7.895956886450225,-0.0776759458353835,0.0776759458353835,1,0.0336971198649547,0.0320555933365948,23.774413963237254,1.0566332144637705,-2.3147498248998795,2.5808125909507407,-0.2404018628827298,0.1086603432183788,3.0191323296520123,0.0,0,0,,0,0,,,,0,566158.0,1043193.0,324513685553.4667,120258843.0609774,13.246630236462956,0.9434409957644958,13.857797718604242,-1.913053778171661,26.505593546483116,-2.728481725954708,18.60515701153031,1.6779583728179632,6950417686.0,22.66206759356617,1.073974907305309,,,,0.0,0.9715330373465656,0.8395577609471576,0.9811961347610342,0.9288761208322452,0.286193087838426,0.7980325585444416,0.0789152955514929,0.7925850961956994,98.1283189692696,0.9811090798293725,0.9256550883607556,0.7154174283973187,0.9542961608775136,0.9872029250457038,0.9542961608775136,0.9744058500914076,0.8464351005484461,0.9847653869591712,0.8634978671541743,0.7982937233394272,0.5003046922608165,1,1,0,0,0,0,1,3,0.5,98.24584312701316,1,0.985679463741621,multi_method_market_stress_non_event,"Multiple methods agree and market stress variables are elevated, but no event-window label is present.",medium_high,"False-alert taxonomy is an error-review framework. Non-event-window alerts are not proof of model failure, and event-window hits are not verified fraud ground truth."
2024-08-05,2686.027587890625,2695.88671875,2122.546142578125,2417.206298828125,2417.206298828125,67668132244,ETH,ETH-USD,7.790367730320565,-0.1055891561296604,0.1055891561296604,1,0.038480074412461,0.0364677159482908,24.937881185878645,3.6619253702837433,-2.677082223520932,3.093345372906641,-0.3165179661155481,0.2371914124375042,4.566498768187089,0.0,0,0,,0,0,,,,0,449721.0,1133164.0,292736211216.7566,120256204.21182711,13.016384893065403,-1.7451201182784757,13.94052516047493,0.0802058282771469,26.402537737436244,-3.3045347739968896,18.605135068211933,1.4411689021702034,18224217405.0,23.626017173233283,4.169908207502609,,,,0.0,0.9838948376425524,0.9988682858883956,0.995647253416906,0.9680508400800906,0.286193087838426,0.9997388352050144,0.0789152955514929,0.8437185514059372,99.53860886219204,0.9981718464351006,0.9908592321755028,0.7422303473491774,0.9835466179159048,0.9981718464351006,0.9835466179159048,0.9859841560024376,1.0,0.9987812309567335,0.939670932358318,1.0,0.5003046922608165,1,1,1,1,0,1,1,6,0.8500000000000001,99.80847915034389,1,0.9981718464351006,multi_method_market_stress_non_event,"Multiple methods agree and market stress variables are elevated, but no event-window label is present.",medium_high,"False-alert taxonomy is an error-review framework. Non-event-window alerts are not proof of model failure, and event-window hits are not verified fraud ground truth."
2024-10-01,2603.26416015625,2657.615478515625,2415.07861328125,2448.921142578125,2448.921142578125,25482371785,ETH,ETH-USD,7.803402856588141,-0.0610411526647522,0.0610411526647522,1,0.0293063663624366,0.0295472553440731,23.961252747541227,2.064453157943544,-2.0756067803886555,2.3115625710990884,-0.0916129804646793,0.099038250361562,2.531908761858593,0.0,0,0,,0,0,,,,0,552048.0,1266656.0,294884112787.54395,120369350.4851328,13.221392089435518,1.565999601147623,14.051891704420436,2.9304750220124074,26.40984827810023,-0.0925922551200777,18.606075502662858,1.3471402535402337,7509659579.0,22.73945597280026,2.4111431342486407,,,,0.0,0.9607382258204928,0.9650039174719248,0.9693566640550187,0.723078262383564,0.286193087838426,0.96987899364499,0.0789152955514929,0.7822081483416036,97.5711674066336,0.9835466179159048,0.7989031078610603,0.6971358927483242,0.9055453991468616,0.9835466179159048,0.9055453991468616,0.9603900060938452,0.9664838513101768,0.971358927483242,0.4960390006093845,0.9701401584399756,0.5003046922608165,1,0,1,0,0,1,1,4,0.5,98.24584312701316,1,0.985679463741621,multi_method_market_stress_non_event,"Multiple methods agree and market stress variables are elevated, but no event-window label is present.",medium_high,"False-alert taxonomy is an error-review framework. Non-event-window alerts are not proof of model failure, and event-window hits are not verified fraud ground truth."
2024-11-06,2422.539306640625,2743.964111328125,2421.81298828125,2724.169189453125,2724.169189453125,41887574364,ETH,ETH-USD,7.909918776006227,0.1173012526406989,0.1173012526406989,0,0.0542353864484319,0.0327872279216055,24.458255065358905,2.8780612443080886,3.4580373435805107,3.9738001323590018,-0.0080815303828116,0.1182566502455549,3.3887854111002436,0.0,0,0,,0,0,,,,0,479645.0,1195439.0,327897815326.4345,120418534.30539498,13.080803610797163,-0.4185594372127322,13.994024876415274,0.6782168876117507,26.515967858156444,1.7237528846929235,18.606484026709488,1.7625130263357014,12774459413.0,23.270713656211285,3.0580814709813473,,,,0.0,0.9954731435535824,0.9936449899886828,0.9865064855924088,0.5052668233655436,0.286193087838426,0.9905980673805173,0.0789152955514929,0.7599220858361626,96.2566379385392,0.9890310786106032,0.939670932358318,0.7343083485679464,0.9664838513101768,0.9701401584399756,0.9664838513101768,0.995734308348568,0.9975624619134674,0.9902498476538696,0.1492992078001218,0.9908592321755028,0.5003046922608165,1,1,1,0,0,1,1,5,0.7000000000000001,99.29050230695567,1,0.9939061547836685,multi_method_market_stress_non_event,"Multiple methods agree and market stress variables are elevated, but no event-window label is present.",medium_high,"False-alert taxonomy is an error-review framework. Non-event-window alerts are not proof of model failure, and event-window hits are not verified fraud ground truth."
2024-12-09,4006.101806640625,4008.77783203125,3525.23291015625,3718.6904296875,3718.6904296875,57029832059,ETH,ETH-USD,8.221126850258074,-0.0743479213224471,0.0743479213224471,1,0.0438912821701542,0.0378179556533795,24.76684033734461,1.3234156545875495,-2.11752201372245,1.8119152054194565,-0.0716759102378137,0.1300309695087027,2.825985498978864,0.0,0,0,,0,0,,,,0,569276.0,1329408.0,447348069106.66315,120443414.30447409,13.25212241363122,-0.2043111583639973,14.100245040538118,1.350594763215664,26.82660280664069,0.8567465547040907,18.60669061807109,1.3772157802572778,18145153934.0,23.62166936117976,1.1117874055432284,,,,0.0,0.9337511970053104,0.8915295551492992,0.9781492121528684,0.6763297640811352,0.286193087838426,0.8126577870636371,0.0789152955514929,0.7483524854182989,95.4034996082528,0.8580134064594759,0.5594149908592322,0.7093235831809872,0.7544180377818404,0.9536867763558804,0.7544180377818404,0.9335770871419866,0.9018890920170628,0.9811090798293725,0.4235222425350396,0.8129189518586228,0.5003046922608165,1,0,1,0,0,0,0,2,0.35,96.79637851484286,1,0.9667885435709933,market_stress_non_event,Market stress variables are elevated outside known public incident windows.,medium,"False-alert taxonomy is an error-review framework. Non-event-window alerts are not proof of model failure, and event-window hits are not verified fraud ground truth."
2025-02-24,2820.456298828125,2839.010009765625,2478.8994140625,2513.8212890625,2513.8212890625,29127380459,ETH,ETH-USD,7.829559300331677,-0.115397402045497,0.115397402045497,1,0.0518775064147078,0.0368086730568275,24.094944478024544,0.5084796160130591,-2.883907336727644,3.583862758397822,-0.2378352907179096,0.1432522658909552,1.5842528678438332,0.0,0,0,,0,0,,,,0,653722.0,1304929.0,303775975262.47534,120570150.05309434,13.390438993317188,0.5947905310637962,14.08165995745352,0.7099765098052694,26.43955634321565,-1.4197963715314237,18.607742307917576,1.7081069898321115,15536902321.0,23.46648382623726,0.6086503356748026,,,,0.0,0.9919038913554452,0.6871245756072082,0.9230434404108993,0.9265256376773744,0.286193087838426,0.6584835030904501,0.0789152955514929,0.7517606859928615,95.5601984852442,0.903107861060329,0.874466788543571,0.7282145033516149,0.915295551492992,0.9573430834856794,0.915295551492992,0.9926873857404022,0.6910420475319927,0.9140767824497258,0.8580134064594759,0.6587446678854357,0.5003046922608165,1,0,0,0,0,0,1,2,0.3,95.96500391747192,1,0.9588665447897623,multi_method_consensus_non_event,"Multiple methods agree, but the alert is outside known public incident windows.",medium,"False-alert taxonomy is an error-review framework. Non-event-window alerts are not proof of model failure, and event-window hits are not verified fraud ground truth."
2025-03-10,2015.430419921875,2150.706298828125,1812.766845703125,1861.1513671875,1861.1513671875,35005066442,ETH,ETH-USD,7.528950589813662,-0.0796765351661061,0.0796765351661061,1,0.0490668247315629,0.0537155112889682,24.27875864347404,1.3142029456613975,-1.2681812981436065,1.0656061268986028,-0.3403237618408377,0.1815754801479049,2.370418085742892,0.0,0,0,,0,0,,,,0,573333.0,1283100.0,226696882004.85568,120603133.54286738,13.259223722911548,-1.6847707970774488,14.064790362245288,0.2125482758023842,26.146879640531413,-2.3851354118266523,18.60801583315398,1.658649591395073,12248447469.0,23.22866502876246,0.3330907023888335,,,,0.0,0.8626273178375555,0.8901366762427092,0.9646556977452772,0.9752763994080264,0.286193087838426,0.58109166884304,0.0789152955514929,0.7722577696526508,97.0575433098285,0.9250457038391224,0.7599024984765387,0.6861669713589275,0.8570993296770262,0.9768433881779404,0.8570993296770262,0.8689823278488726,0.9000609384521633,0.967702620353443,0.95551492992078,0.5813528336380256,0.5003046922608165,1,0,0,1,0,0,0,2,0.35,96.79637851484286,1,0.9667885435709933,market_stress_non_event,Market stress variables are elevated outside known public incident windows.,medium,"False-alert taxonomy is an error-review framework. Non-event-window alerts are not proof of model failure, and event-window hits are not verified fraud ground truth."
2025-04-06,1805.9630126953125,1815.5748291015625,1539.43798828125,1576.72802734375,1576.72802734375,22154445576,ETH,ETH-USD,7.363107110037593,-0.1357478212835792,0.1357478212835792,1,0.059883911753377,0.0422594409412074,23.821304016549917,1.1238668087122692,-2.9716861499624163,3.4555707727648084,-0.2837971004013802,0.1751328295251458,2.923619919677898,0.0,0,0,,0,0,,,,0,567708.0,1113030.0,189344069995.81943,120670476.7252018,13.249364242476874,-0.7745035111174111,13.9225974825203,-0.599873317212131,25.96683167312131,-3.2156361627296084,18.60857406398122,1.638479960709246,8106159048.0,22.815889986104867,0.7200742200634781,,,,0.0,0.9903369025855314,0.8546182641246627,0.9798032558544442,0.95551492992078,0.286193087838426,0.6889527291721076,0.0789152955514929,0.7985231130843562,98.35466179159047,0.9774527726995734,0.8519195612431444,0.7269957343083485,0.9347958561852528,0.9896404631322364,0.9347958561852528,0.991468616697136,0.8628884826325411,0.9823278488726388,0.919561243144424,0.6892138939670932,0.5003046922608165,1,0,0,1,0,0,1,3,0.4499999999999999,97.83668494820232,1,0.9817184643510055,multi_method_market_stress_non_event,"Multiple methods agree and market stress variables are elevated, but no event-window label is present.",medium_high,"False-alert taxonomy is an error-review framework. Non-event-window alerts are not proof of model failure, and event-window hits are not verified fraud ground truth."
2025-04-09,1472.6014404296875,1687.18798828125,1386.79931640625,1668.0400390625,1668.0400390625,39252195855,ETH,ETH-USD,7.419404586864708,0.1246516104707033,0.1246516104707033,0,0.078016674937291,0.0448103653812008,24.39327322498574,1.995817883652245,2.8632469923166894,2.889092544437886,-0.1970845260404021,0.1800848090216284,2.7773006512483307,0.0,0,0,,0,0,,,,0,638161.0,1426415.0,200674799594.6252,120676954.65445428,13.36634744859038,0.7786318914229995,14.170675562518072,1.6101682035746705,26.02495152231213,-1.3839664491036645,18.608627745341433,1.6036817882376122,11726500316.0,23.185117101898697,1.8026424135223424,,,,0.0,0.9791068164011492,0.9592582919822408,0.9767563332462784,0.8906590058326804,0.286193087838426,0.9314877687821016,0.0789152955514929,0.8147919387133281,98.93792983372508,0.9658744667885436,0.8062157221206582,0.7129798903107861,0.9070688604509446,0.9951249238269348,0.9070688604509446,0.9823278488726388,0.9609993906154785,0.9786715417428398,0.7946374162096282,0.9317489335770872,0.5003046922608165,1,0,1,0,0,0,1,3,0.4499999999999999,97.83668494820232,1,0.9817184643510055,multi_method_market_stress_non_event,"Multiple methods agree and market stress variables are elevated, but no event-window label is present.",medium_high,"False-alert taxonomy is an error-review framework. Non-event-window alerts are not proof of model failure, and event-window hits are not verified fraud ground truth."
2025-04-10,1668.2017822265625,1669.3941650390625,1474.9141845703125,1522.518798828125,1522.518798828125,21379604307,ETH,ETH-USD,7.328121346849779,-0.0912832400149294,0.0912832400149294,1,0.082733729203781,0.0470536877439171,23.78570323479487,0.836781308727829,-1.7757154647142694,1.7078593483850495,-0.2671315589879091,0.1277356841954531,1.490145917267896,0.0,0,0,,0,0,,,,0,547468.0,1329892.0,183706170452.66025,120679205.2448576,13.213061118065196,-1.3129054641876314,14.100609045833751,0.9478099329696078,25.93660341844365,-2.1555600754595603,18.608646394878992,1.599422690368606,8512564177.0,22.864809047659406,0.7889023275658859,,,,0.0,0.92678680247236,0.7879341864716636,0.913902672586402,0.947592931139549,0.286193087838426,0.7157656481239663,0.0789152955514929,0.7605915382606425,96.30016540437016,0.8391224862888482,0.6026812918951858,0.6008531383302864,0.7114564290067033,0.971358927483242,0.7114564290067033,0.9293113954905544,0.797684338817794,0.9000609384521633,0.9073735527117612,0.7160268129189519,0.5003046922608165,1,0,0,1,0,0,0,2,0.35,96.79637851484286,1,0.9667885435709933,isolated_anomaly_review,High score is driven by limited or isolated signals. Treat as likely false-alert candidate for manual review.,low,"False-alert taxonomy is an error-review framework. Non-event-window alerts are not proof of model failure, and event-window hits are not verified fraud ground truth."
2025-05-08,1811.54638671875,2222.20556640625,1809.4569091796875,2206.5146484375,2206.5146484375,37777245241,ETH,ETH-USD,7.699169467453711,0.1972000632121604,0.1972000632121604,0,0.0757393856608404,0.0512638883029939,24.354972780585747,1.98355324536612,3.583799816828188,3.796602841953864,0.0,0.1870591058703563,3.0394250351463317,0.0,0,0,,0,0,,,,0,576847.0,1452571.0,264808195185.2241,120747646.25083144,13.265334079243592,-0.2828017769611087,14.188846336187067,1.8835045797547847,26.302271609118822,3.0671671575435333,18.609213365841967,1.6099904311509732,13587776552.0,23.33243644267327,2.0815740255013657,,,,0.0,0.9938190998520068,0.9583006877339602,0.9815443544876816,0.0438756855575868,0.286193087838426,0.9522068425176288,0.0789152955514929,0.6673330721685384,86.69800644206495,0.9853747714808044,0.9274832419256552,0.7300426569165143,0.9616087751371116,0.8732480195003047,0.9616087751371116,0.9951249238269348,0.959780621572212,0.9859841560024376,0.0597196831200487,0.9524680073126144,0.5003046922608165,0,1,1,0,0,1,0,3,0.3999999999999999,97.4797597283886,1,0.975624619134674,multi_method_market_stress_non_event,"Multiple methods agree and market stress variables are elevated, but no event-window label is present.",medium_high,"False-alert taxonomy is an error-review framework. Non-event-window alerts are not proof of model failure, and event-window hits are not verified fraud ground truth."
2021-02-19,8.97996997833252,11.680577278137209,8.556981086730957,11.465653419494627,11.465653419494627,261175711,SOL,SOL-USD,2.4393559072279065,0.2443057384429607,0.2443057384429607,0,0.1070284131707708,0.0902167348911963,19.380703964825607,2.45982276889856,2.2924428529958503,2.7021283358260875,0.0,0.2724307178250579,2.4108223908513495,0.0,0,0,,0,0,,,,0,,,,,,,,,,,,,3951720999.0,22.097417017173942,2.7201581741359955,,,,0.0,0.9746670148863932,0.9818055192826672,0.9661356315835292,0.0438756855575868,0.286193087838426,0.9851136066858188,0.0789152955514929,0.6662222512405328,86.55001305823976,0.9762340036563072,0.8190127970749543,0.9542961608775136,0.959780621572212,0.8452163315051797,0.959780621572212,0.9762340036563072,0.9835466179159048,0.9646556977452772,0.0621572212065813,0.9853747714808044,0.0258988421694089,0,1,1,0,0,1,0,3,0.3999999999999999,97.4797597283886,1,0.9707495429616088,multi_method_market_stress_non_event,"Multiple methods agree and market stress variables are elevated, but no event-window label is present.",medium_high,"False-alert taxonomy is an error-review framework. Non-event-window alerts are not proof of model failure, and event-window hits are not verified fraud ground truth."
2021-02-22,11.073036193847656,14.54564094543457,9.255904197692873,14.454785346984863,14.454785346984863,574136241,SOL,SOL-USD,2.6710255256164297,0.2653863944963963,0.2653863944963963,0,0.151268611976736,0.0924882762589678,20.1683772815202,3.1097960732997794,2.3586785668120975,2.766087801364322,0.0,0.3659505569098671,3.680370118257069,0.0,0,0,,0,0,,,,0,,,,,,,,,,,,,4151802385.0,22.1468083867833,2.2097635869565,,,,0.0,0.975624619134674,0.99582136328023,0.9896404631322364,0.0438756855575868,0.286193087838426,0.9595194567772264,0.0789152955514929,0.6719069382780535,87.28127448419953,0.9884216940889702,0.8927483241925656,0.9896404631322364,0.9792809262644728,0.8549664838513101,0.9792809262644728,0.9786715417428398,0.9951249238269348,0.9932967702620352,0.0621572212065813,0.959780621572212,0.0258988421694089,0,1,1,0,0,1,0,3,0.3999999999999999,97.4797597283886,1,0.9707495429616088,multi_method_market_stress_non_event,"Multiple methods agree and market stress variables are elevated, but no event-window label is present.",medium_high,"False-alert taxonomy is an error-review framework. Non-event-window alerts are not proof of model failure, and event-window hits are not verified fraud ground truth."
2021-02-25,17.230182647705078,17.695444107055664,13.795912742614746,13.816014289855955,13.816014289855955,364505276,SOL,SOL-USD,2.6258283751414653,-0.2250346269546681,0.2250346269546681,1,0.1838221136071733,0.1058616099566094,19.714051586674447,1.6841092108638382,-2.5123381549505335,1.9214215008906252,-0.2015114309468163,0.2822472011558388,1.849863856158363,0.0,0,0,,0,0,,,,0,,,,,,,,,,,,,2603689551.0,21.680195334523447,0.3379262166513049,,,,0.0,0.9409767563332464,0.934708801253591,0.9395838774266562,0.8949246974841125,0.286193087838426,0.5823104378863062,0.0789152955514929,0.7786023330721685,97.3448245843127,0.8567946374162096,0.4107251675807434,0.8829981718464351,0.7525898842169408,0.9609993906154785,0.7525898842169408,0.943327239488117,0.926873857404022,0.9335770871419866,0.6831200487507617,0.5825716026812919,0.0258988421694089,1,0,1,0,0,0,0,2,0.35,96.79637851484286,1,0.9609993906154783,market_stress_non_event,Market stress variables are elevated outside known public incident windows.,medium,"False-alert taxonomy is an error-review framework. Non-event-window alerts are not proof of model failure, and event-window hits are not verified fraud ground truth."
2021-04-18,25.135501861572266,32.90256881713867,21.539209365844727,32.30291748046875,32.30291748046875,1155150688,SOL,SOL-USD,3.475157550622318,0.2522947046381176,0.2522947046381176,0,0.1115683027705381,0.0696392991761612,20.8674966390768,2.5708425586246184,3.229624321782773,3.9413012761956887,0.0,0.351775020264487,4.12259455711139,0.0,0,0,,0,0,,,,0,,,,,,,,,,,,,5734574197.0,22.46977933856386,2.0262742144307273,Solana,729827260.0,20.408318435338582,1.4429502969901546,0.9952990336902584,0.985548881344128,0.9930356054670496,0.0438756855575868,0.286193087838426,0.9491599199094628,0.7207277792286934,0.706570035692522,91.45120571080352,0.991468616697136,0.962827544180378,0.9951249238269348,0.9932967702620352,0.9012797074954296,0.9932967702620352,0.9975624619134674,0.9890310786106032,0.995734308348568,0.0621572212065813,0.9494210847044484,0.6593540524070689,0,1,1,0,0,0,1,3,0.4499999999999999,97.83668494820232,1,0.9750152346130408,multi_method_market_stress_non_event,"Multiple methods agree and market stress variables are elevated, but no event-window label is present.",medium_high,"False-alert taxonomy is an error-review framework. Non-event-window alerts are not proof of model failure, and event-window hits are not verified fraud ground truth."
2021-05-19,56.089256286621094,57.52577209472656,29.429859161376953,35.107181549072266,35.107181549072266,2772224999,SOL,SOL-USD,3.558405712081247,-0.4653547338509138,0.4653547338509138,1,0.2051948364449388,0.1138306021424521,21.742916083811224,2.132305702661152,-4.118251583075099,4.449082866893292,-0.3720876760787523,0.8002896186376449,4.836612177591474,0.0,0,0,,0,0,,,,0,,,,,,,,,,,,,24638569992.0,23.9275789379292,3.3847732494386524,Solana,875150588.0,20.589906531228372,-1.4851461456003157,0.9974754069818056,0.967789675285105,0.99721424218682,0.9835466179159048,0.286193087838426,0.9979106816401148,0.7382258204927309,0.8770575433098284,99.81718464351006,0.9975624619134674,0.9932967702620352,0.9993906154783668,0.9987812309567335,0.9975624619134674,0.9987812309567335,0.9993906154783668,0.964046313223644,1.0,0.9384521633150518,0.9981718464351006,0.680073126142596,1,1,1,1,0,1,1,6,0.8500000000000001,99.80847915034389,1,0.997867154174284,multi_method_market_stress_non_event,"Multiple methods agree and market stress variables are elevated, but no event-window label is present.",medium_high,"False-alert taxonomy is an error-review framework. Non-event-window alerts are not proof of model failure, and event-window hits are not verified fraud ground truth."
2021-05-20,35.04304504394531,51.25844955444336,32.31814193725586,44.74274826049805,44.74274826049805,2487748626,SOL,SOL-USD,3.800929381544601,0.2425236694633539,0.2425236694633539,0,0.2288720225581273,0.121912666751805,21.63464397255506,1.7606434681712264,1.8957026180531145,1.763645817660799,-0.1997499713953794,0.4233156959182433,1.7939020190436894,0.0,0,0,,0,0,,,,0,,,,,,,,,,,,,17315928386.0,23.574892630862703,2.1231192343151655,Solana,973602542.0,20.69651371158981,-1.2222773499549515,0.9302689997388351,0.9402803168799512,0.9359275702968574,0.89388003830417,0.286193087838426,0.9546443806041612,0.6223557064507704,0.822192043179246,99.12074519021502,0.8957952468007313,0.6624009750152346,0.8610603290676416,0.8631931748933577,0.984156002437538,0.8631931748933577,0.9299207800121876,0.935405240706886,0.9280926264472884,0.6819012797074955,0.9549055453991468,0.5508836075563681,1,0,1,0,0,1,0,3,0.3999999999999999,97.4797597283886,1,0.9707495429616088,multi_method_market_stress_non_event,"Multiple methods agree and market stress variables are elevated, but no event-window label is present.",medium_high,"False-alert taxonomy is an error-review framework. Non-event-window alerts are not proof of model failure, and event-window hits are not verified fraud ground truth."
2021-05-23,31.225767135620117,32.4362678527832,19.13983917236328,24.68874740600586,24.68874740600586,1925832341,SOL,SOL-USD,3.2063475692230643,-0.2377682407181387,0.2377682407181387,1,0.2481279679662495,0.1335552893546694,21.37862409668905,1.2639864049412926,-1.6794693086954888,1.5022404032786876,-0.5584274192805582,0.5385623037799557,2.2078904534050605,0.0,0,0,,0,0,,,,0,,,,,,,,,,,,,11659759600.0,23.179409400246268,0.9427509257986382,Solana,658552593.0,20.30555494535837,-2.435303940607505,0.9100722555932792,0.8815182380081832,0.9594324018455646,0.9973883520501436,0.286193087838426,0.7578131801166537,0.9515974579959956,0.836654478976234,99.36449899886829,0.9792809262644728,0.9689213893967094,0.9347958561852528,0.9823278488726388,0.9902498476538696,0.9823278488726388,0.9122486288848264,0.8653260207190737,0.9567336989640464,0.9823278488726388,0.7580743449116393,0.947592931139549,1,1,0,1,0,0,1,4,0.65,98.87699138156177,1,0.9875076173065204,multi_method_market_stress_non_event,"Multiple methods agree and market stress variables are elevated, but no event-window label is present.",medium_high,"False-alert taxonomy is an error-review framework. Non-event-window alerts are not proof of model failure, and event-window hits are not verified fraud ground truth."
2021-06-21,35.261436462402344,35.497615814208984,25.949079513549805,26.657400131225582,26.657400131225582,760344541,SOL,SOL-USD,3.2830667905363256,-0.281439600985681,0.281439600985681,1,0.1084109611517142,0.1121347339746441,20.449282233251814,0.263272018400878,-2.4619606303366885,2.7128578962816814,-0.3699261835414967,0.3581945821293482,2.0557629816218967,0.0,0,0,,0,0,,,,0,,,,,,,,,,,,,5808298425.0,22.482553495035955,0.4815882538386802,Solana,466164686.0,19.960049535236276,-1.780908475110948,0.9747540698180552,0.6066858187516323,0.9516845129276572,0.9831983981892576,0.286193087838426,0.621920431792461,0.8362496735440063,0.7849038043005138,97.75398276312352,0.9463741620962828,0.8293723339427178,0.9549055453991468,0.9542961608775136,0.9634369287020108,0.9542961608775136,0.9768433881779404,0.6045094454600853,0.9457647775746496,0.9378427787934186,0.6221815965874467,0.7964655697745278,1,1,0,1,0,0,1,4,0.65,98.87699138156177,1,0.9875076173065204,multi_method_market_stress_non_event,"Multiple methods agree and market stress variables are elevated, but no event-window label is present.",medium_high,"False-alert taxonomy is an error-review framework. Non-event-window alerts are not proof of model failure, and event-window hits are not verified fraud ground truth."
2021-06-22,26.592830657958984,28.712968826293945,20.380443572998047,26.7718563079834,26.7718563079834,1258580061,SOL,SOL-USD,3.287351197974007,0.0042844074376815,0.0042844074376815,0,0.1002298715461122,0.1031875123017355,20.95324998752054,1.400428990874481,0.0153534710157959,-1.0574890585042276,-0.3672208994645785,0.3112419683356484,2.230577666352001,0.0,0,0,,0,0,,,,0,,,,,,,,,,,,,6315184343.0,22.566222783771735,0.8248604674924744,Solana,447502806.0,19.91919336828521,-1.8117733322964344,0.312744841995299,0.9025855314703578,0.9601288412988596,0.9823278488726388,0.286193087838426,0.731000261164795,0.8446069469835467,0.6997588578392966,90.65030033951425,0.9390615478366848,0.9652650822669104,0.9189518586227908,0.967702620353443,0.8921389396709324,0.967702620353443,0.0780012187690432,0.8915295551492992,0.9579524680073126,0.935405240706886,0.7312614259597806,0.8019500304692261,0,1,0,1,0,0,0,2,0.35,96.79637851484286,1,0.9609993906154783,multi_method_market_stress_non_event,"Multiple methods agree and market stress variables are elevated, but no event-window label is present.",medium_high,"False-alert taxonomy is an error-review framework. Non-event-window alerts are not proof of model failure, and event-window hits are not verified fraud ground truth."
2021-08-15,44.14995574951172,54.62955093383789,43.450008392333984,53.74515914916992,53.74515914916992,1448656564,SOL,SOL-USD,3.984253600610891,0.1975024730927788,0.1975024730927788,0,0.0742609938707111,0.0616993573109314,21.093902457009538,3.426145882665493,2.816370726744616,3.2788707140997455,0.0,0.208010223031902,3.139411596532831,0.0,0,0,,0,0,,,,0,,,,,,,,,,,,,3429749318.0,21.955753010613783,-0.0867921424155692,Solana,1631699574.0,21.21288799259672,1.8273375765133533,0.9884216940889702,0.9983459562984244,0.9830242883259336,0.0438756855575868,0.286193087838426,0.2401410289892922,0.8487855837033168,0.6765104030643335,87.951597457996,0.987812309567337,0.9463741620962828,0.9847653869591712,0.9881170018281537,0.8610603290676416,0.9881170018281537,0.9908592321755028,0.9981718464351006,0.9835466179159048,0.0621572212065813,0.4546008531383302,0.8049969530773918,0,1,1,0,0,0,0,2,0.35,96.79637851484286,1,0.9609993906154783,market_stress_non_event,Market stress variables are elevated outside known public incident windows.,medium,"False-alert taxonomy is an error-review framework. Non-event-window alerts are not proof of model failure, and event-window hits are not verified fraud ground truth."
2021-08-16,53.5411491394043,68.82237243652344,52.465850830078125,62.432464599609375,62.432464599609375,3799339365,SOL,SOL-USD,4.1340854061033205,0.149831805492429,0.149831805492429,0,0.0819712756998887,0.0658017658136028,22.058093037512272,4.026642623680023,1.8471356072608405,2.001795139812719,0.0,0.2619874405302214,3.4308297166896944,0.0,0,0,,0,0,,,,0,,,,,,,,,,,,,4553499533.0,22.23916190263328,1.1063905302625796,Solana,1729658494.0,21.27118982423571,1.9479215657346567,0.9459388874379734,0.9994776704100288,0.9872029250457038,0.0438756855575868,0.286193087838426,0.8102202489771045,0.8762078871768085,0.697995124923827,90.41525202402715,0.9780621572212066,0.9524680073126144,0.9853747714808044,0.9865935405240708,0.890920170627666,0.9865935405240708,0.951249238269348,1.0,0.9884216940889702,0.0621572212065813,0.8104814137720902,0.8397318708104814,0,1,1,0,0,0,0,2,0.35,96.79637851484286,1,0.9609993906154783,multi_method_market_stress_non_event,"Multiple methods agree and market stress variables are elevated, but no event-window label is present.",medium_high,"False-alert taxonomy is an error-review framework. Non-event-window alerts are not proof of model failure, and event-window hits are not verified fraud ground truth."
2021-10-27,199.87448120117188,205.4047393798828,178.73086547851562,183.77459716796875,183.77459716796875,4552692842,SOL,SOL-USD,5.213709991272815,-0.0836431654571159,0.0836431654571159,1,0.0553906558514804,0.0517425651838975,22.23898472847119,1.1508785584185697,-1.8070282449274169,1.3186575583348406,-0.1253172706571349,0.145144510244729,2.0178530941965596,0.0,0,0,,0,0,,,,0,,,,,,,,,,,,,10005144703.0,23.026365268045932,2.3857083460861985,Solana,8219139877.0,22.829731402826695,1.3557690996303315,0.8926612692609036,0.859406285366066,0.9485505353878296,0.7899364498998869,0.286193087838426,0.9674414555584574,0.6854705319056325,0.7867188996256638,97.8497431879516,0.8903107861060329,0.7921998781230957,0.8927483241925656,0.9165143205362584,0.9652650822669104,0.9165143205362584,0.8933577087141986,0.837903717245582,0.943327239488117,0.4771480804387568,0.967702620353443,0.6215722120658135,1,0,0,0,0,1,1,3,0.35,96.79637851484286,1,0.9609993906154783,multi_method_market_stress_non_event,"Multiple methods agree and market stress variables are elevated, but no event-window label is present.",medium_high,"False-alert taxonomy is an error-review framework. Non-event-window alerts are not proof of model failure, and event-window hits are not verified fraud ground truth."
2021-11-18,218.8755798339844,222.87693786621097,187.67312622070312,195.48741149902344,195.48741149902344,3911214658,SOL,SOL-USD,5.275495986042868,-0.1122746258991638,0.1122746258991638,1,0.0554018582493071,0.0557790200893388,22.087113817176277,0.47966949275916,-2.14762324433107,1.9846548919206977,-0.2450309142509629,0.1800822435345598,2.881157471927997,0.0,0,0,,0,0,,,,0,,,,,,,,,,,,,12445014365.0,23.24458592712448,1.8254569911826517,Solana,8963456377.0,22.91642174602157,0.2312461524643763,0.9448942282580308,0.6783320275093584,0.979193871332811,0.9319230434404108,0.286193087838426,0.9320971533037348,0.2354835901453817,0.7724236092974666,97.09236528249323,0.9506398537477148,0.6946983546617916,0.9634369287020108,0.9256550883607556,0.9561243144424132,0.9256550883607556,0.9500304692260816,0.6751980499695308,0.9811090798293725,0.7909811090798293,0.9323583180987204,0.1163924436319317,1,0,0,0,0,0,1,2,0.3,95.96500391747192,1,0.9515539305301646,multi_method_market_stress_non_event,"Multiple methods agree and market stress variables are elevated, but no event-window label is present.",medium_high,"False-alert taxonomy is an error-review framework. Non-event-window alerts are not proof of model failure, and event-window hits are not verified fraud ground truth."
2021-12-04,212.1123809814453,212.8075408935547,171.55357360839844,201.1248321533203,201.1248321533203,5949505665,SOL,SOL-USD,5.303925770773083,-0.0489952845774066,0.0489952845774066,1,0.0639280562123982,0.054710983051809,22.506573971707965,2.4650879128924386,-0.7693929119521989,0.1718571977555534,-0.2232592907754609,0.2051162297736948,2.850793976497014,0.0,0,0,,0,0,,,,0,,,,,,,,,,,,,15873642921.0,23.48792589284275,2.5173805223796655,Solana,8217718286.0,22.829558426824924,-1.1723977544037114,0.6797249064159485,0.9822407939409769,0.9788456516061634,0.9140767824497258,0.286193087838426,0.977800992426221,0.601810742578567,0.7861164794985636,97.82797945503611,0.9707495429616088,0.9488117001828154,0.9616087751371116,0.9817184643510056,0.964046313223644,0.9817184643510056,0.6684948202315661,0.9847653869591712,0.979890310786106,0.732480195003047,0.9780621572212066,0.5295551492992078,1,1,0,0,0,1,1,4,0.55,98.61582658657612,1,0.9823278488726387,multi_method_market_stress_non_event,"Multiple methods agree and market stress variables are elevated, but no event-window label is present.",medium_high,"False-alert taxonomy is an error-review framework. Non-event-window alerts are not proof of model failure, and event-window hits are not verified fraud ground truth."
2021-12-15,161.35890197753906,182.51316833496097,157.65321350097656,178.34078979492188,178.34078979492188,3783787658,SOL,SOL-USD,5.183696269287943,0.1510291616799914,0.1510291616799914,0,0.0872518011597443,0.0632944901066601,22.053991371075252,0.9629614581831132,2.5371201993435752,2.570533330502186,-0.2378372097026874,0.1393957874840154,0.9935681508871028,0.0,0,0,,0,0,,,,0,,,,,,,,,,,,,8785147375.0,22.896328334312717,-0.6694973772648324,Solana,6448505134.0,22.587114178877624,-1.6361270725176371,0.9710107077565944,0.8202315661182206,0.8625402629058936,0.9266126926090364,0.286193087838426,0.2401410289892922,0.7922869330547575,0.7749999999999999,97.18812570732132,0.8915295551492992,0.894576477757465,0.9451553930530164,0.95551492992078,0.9579524680073126,0.95551492992078,0.9719683120048752,0.7989031078610603,0.8561852528945765,0.7751371115173674,0.2687385740402194,0.7397928092626447,1,1,0,0,0,0,1,3,0.5,98.24584312701316,1,0.9786715417428398,multi_method_market_stress_non_event,"Multiple methods agree and market stress variables are elevated, but no event-window label is present.",medium_high,"False-alert taxonomy is an error-review framework. Non-event-window alerts are not proof of model failure, and event-window hits are not verified fraud ground truth."
2022-01-20,135.7913360595703,143.61740112304688,127.17404174804688,127.20528411865234,127.20528411865234,984099352,SOL,SOL-USD,4.845802191856489,-0.0653249754236382,0.0653249754236382,1,0.0331725656027641,0.0431576145666231,20.707237418415488,-1.8544462511645816,-1.2451109849065125,1.107324385854197,-0.3575514465895036,0.1292663232422188,2.087353753469331,0.0,0,0,,0,0,,,,0,,,,,,,,,,,,,6909421119.0,22.6561516969765,0.4603442181300488,Solana,5613992223.0,22.448527929776485,-0.7820726348155582,0.8677635588056063,0.2590319491599199,0.9533385566292332,0.9805867502394012,0.286193087838426,0.6158265865761295,0.4292678680247236,0.6779620440497953,88.13441281448594,0.9585618525289458,0.9951249238269348,0.9006703229737965,0.9744058500914076,0.8628884826325411,0.9744058500914076,0.8634978671541743,0.0359536867763558,0.9494210847044484,0.9323583180987204,0.6160877513711152,0.3290676416819013,0,1,0,1,0,0,0,2,0.35,96.79637851484286,1,0.9609993906154783,market_stress_non_event,Market stress variables are elevated outside known public incident windows.,medium,"False-alert taxonomy is an error-review framework. Non-event-window alerts are not proof of model failure, and event-window hits are not verified fraud ground truth."
2022-01-21,127.33333587646484,128.432861328125,107.90899658203124,111.96605682373048,111.96605682373048,3771688473,SOL,SOL-USD,4.7181957612880625,-0.1276064305684263,0.1276064305684263,1,0.0507517692287116,0.0480625081613392,22.050788609229546,2.3133087204436404,-2.331169867296943,2.761305039832733,-0.4345169563051548,0.1833043453374868,3.0705718592300126,0.0,0,0,,0,0,,,,0,,,,,,,,,,,,,13215400045.0,23.304648656659495,3.25450661432458,Solana,5399515576.0,22.409575078529677,-1.059064907810772,0.975537564203012,0.9764951684512928,0.982066684077653,0.9908592321755028,0.286193087838426,0.9960825280752156,0.5514929920780012,0.8629598676765038,99.721424218682,0.9932967702620352,0.9549055453991468,0.975624619134674,0.9896404631322364,0.9951249238269348,0.9896404631322364,0.9780621572212066,0.9750152346130408,0.9823278488726388,0.9524680073126144,0.9963436928702012,0.4814137720901889,1,1,1,1,0,1,1,6,0.8500000000000001,99.80847915034389,1,0.997867154174284,multi_method_market_stress_non_event,"Multiple methods agree and market stress variables are elevated, but no event-window label is present.",medium_high,"False-alert taxonomy is an error-review framework. Non-event-window alerts are not proof of model failure, and event-window hits are not verified fraud ground truth."
2022-01-22,111.9765396118164,113.58767700195312,89.28715515136719,94.1783676147461,94.1783676147461,4039466376,SOL,SOL-USD,4.545190512054729,-0.1730052492333333,0.1730052492333333,1,0.0663208066710289,0.0537896315465038,22.1193784352945,2.2451105724058507,-2.7812874400449608,3.236601668515596,-0.5243534381777806,0.2580265772920559,3.631710700148751,0.0,0,0,,0,0,,,,0,,,,,,,,,,,,,12093845462.0,23.21596252072671,2.468945022682591,Solana,4843182721.0,22.300837928749317,-1.844845410947493,0.987115870114042,0.9739705754330984,0.9893792983372508,0.996430747801863,0.286193087838426,0.9735353007747888,0.8520066161748063,0.8812701314529467,99.86941760250718,0.9963436928702012,0.9804996953077392,0.9890310786106032,0.995734308348568,0.9981718464351006,0.995734308348568,0.9902498476538696,0.9695307739183424,0.9926873857404022,0.9768433881779404,0.9737964655697744,0.8092626447288239,1,1,1,1,0,1,1,6,0.8500000000000001,99.80847915034389,1,0.997867154174284,multi_method_market_stress_non_event,"Multiple methods agree and market stress variables are elevated, but no event-window label is present.",medium_high,"False-alert taxonomy is an error-review framework. Non-event-window alerts are not proof of model failure, and event-window hits are not verified fraud ground truth."
2022-01-24,99.61751556396484,99.77051544189452,81.2260513305664,91.65016174316406,91.65016174316406,4664539688,SOL,SOL-USD,4.517978739075908,-0.0829647689014798,0.0829647689014798,1,0.0782954625087355,0.0561973297987593,22.26325499306529,2.274526010246671,-1.0342159556814272,0.9219785307210728,-0.5371221074683328,0.2023396768605407,2.1813855637189765,0.0,0,0,,0,0,,,,0,,,,,,,,,,,,,9856202969.0,23.011366837072607,1.4888472646512727,Solana,4466301676.0,22.21982653779191,-2.059955064291483,0.8440846173935753,0.9750152346130408,0.9577783581439888,0.9966048576651868,0.286193087838426,0.8955340820057456,0.8977104552972925,0.8427195960651168,99.52119787585968,0.9804996953077392,0.9707495429616088,0.923217550274223,0.9804996953077392,0.9926873857404022,0.9804996953077392,0.8409506398537477,0.9725776965265084,0.9542961608775136,0.9780621572212066,0.8957952468007313,0.8769043266301036,1,1,0,1,0,0,1,4,0.65,98.87699138156177,1,0.9875076173065204,multi_method_market_stress_non_event,"Multiple methods agree and market stress variables are elevated, but no event-window label is present.",medium_high,"False-alert taxonomy is an error-review framework. Non-event-window alerts are not proof of model failure, and event-window hits are not verified fraud ground truth."
2022-02-24,84.86357879638672,92.2793960571289,76.85957336425781,89.19474792480469,89.19474792480469,5253578948,SOL,SOL-USD,4.490822158085718,0.0493152472282041,0.0493152472282041,0,0.0476734568109728,0.0535174777491572,22.38217538586636,2.5653293551977265,0.9589167331754022,0.2165608365525555,-0.2399587985261189,0.1728781464338093,2.4778061717731377,0.0,0,0,,0,0,,,,0,,,,,,,,,,,,,10411173355.0,23.066145427534668,2.756289902708009,Solana,4170613845.0,22.151329067199267,-2.072475302223233,0.6919125968486115,0.9853747714808044,0.9680508400800906,0.9284408461739356,0.286193087838426,0.985722991207452,0.8997127187255158,0.8052955514929921,98.67676503873945,0.9744058500914076,0.9542961608775136,0.9360146252285192,0.9780621572212066,0.9774527726995734,0.9780621572212066,0.684338817794028,0.9884216940889702,0.9683120048750762,0.7787934186471663,0.9859841560024376,0.878732480195003,1,1,0,0,0,1,1,4,0.55,98.61582658657612,1,0.9823278488726387,multi_method_market_stress_non_event,"Multiple methods agree and market stress variables are elevated, but no event-window label is present.",medium_high,"False-alert taxonomy is an error-review framework. Non-event-window alerts are not proof of model failure, and event-window hits are not verified fraud ground truth."
2022-02-28,85.50110626220703,101.0417938232422,84.57584381103516,99.52034759521484,99.52034759521484,3457872746,SOL,SOL-USD,4.600362121701961,0.151622956565216,0.151622956565216,0,0.0677924715777537,0.0605759239188063,21.963919423935245,1.3093120035028758,2.4844854564458623,2.825424965833558,-0.1519728872250075,0.165453099894506,2.1723837755560753,0.0,0,0,,0,0,,,,0,,,,,,,,,,,,,6946144354.0,22.661452573517067,1.092485658459585,Solana,4085776340.0,22.130777593958207,-1.9728880687200885,0.9772786628362496,0.8891790719944285,0.9572560285540176,0.8351179594324019,0.286193087838426,0.8047357882824062,0.8825628971881258,0.8221128231914338,99.11203969704884,0.935405240706886,0.6715417428397319,0.9664838513101768,0.9159049360146252,0.9835466179159048,0.9159049360146252,0.9811090798293725,0.874466788543571,0.9530773918342474,0.5484460694698354,0.8049969530773918,0.8488726386349786,1,0,0,0,0,0,1,2,0.3,95.96500391747192,1,0.9515539305301646,multi_method_market_stress_non_event,"Multiple methods agree and market stress variables are elevated, but no event-window label is present.",medium_high,"False-alert taxonomy is an error-review framework. Non-event-window alerts are not proof of model failure, and event-window hits are not verified fraud ground truth."
2022-04-06,126.8579559326172,127.28115844726562,112.773681640625,112.88338470458984,112.88338470458984,3281009143,SOL,SOL-USD,4.726355292075438,-0.1167464498850305,0.1167464498850305,1,0.0657864232658313,0.0464783713986069,21.91141687787669,1.0105525553223886,-2.7399444180925245,2.8314237291861692,-0.1746802216225695,0.128517379635683,2.070989223836933,0.0,0,0,,0,0,,,,0,,,,,,,,,,,,,7346517727.0,22.717492259399258,1.9798783903604464,Solana,4596447269.0,22.248549509430283,1.268570882283103,0.9774527726995734,0.8310263776442935,0.952642117175938,0.8660224601723687,0.286193087838426,0.9436754592147644,0.6416819012797075,0.8113188822146773,98.8508749020632,0.9421084704448508,0.6514320536258379,0.9670932358318098,0.9116392443631932,0.979890310786106,0.9116392443631932,0.9817184643510056,0.8104814137720902,0.947592931139549,0.615478366849482,0.9439366240097502,0.5734308348567947,1,0,0,0,0,0,1,2,0.3,95.96500391747192,1,0.9515539305301646,multi_method_market_stress_non_event,"Multiple methods agree and market stress variables are elevated, but no event-window label is present.",medium_high,"False-alert taxonomy is an error-review framework. Non-event-window alerts are not proof of model failure, and event-window hits are not verified fraud ground truth."
2022-05-09,75.23445892333984,76.98309326171875,63.2696533203125,63.2696533203125,63.2696533203125,2773999164,SOL,SOL-USD,4.1474058037746095,-0.1730137997587535,0.1730137997587535,1,0.0758348864198242,0.0532336047730552,21.743555857829634,2.2522269450735997,-2.887069042982801,3.439672516504456,-0.4337902972797575,0.2167459314496291,3.4664472078382538,0.0,0,0,,0,0,,,,0,,,,,,,,,,,,,10667028629.0,23.09042338456478,3.1011496912250793,Solana,3406626647.0,21.948988385822435,-2.3553856490949103,0.9902498476538696,0.974231740228084,0.9873770349090276,0.990685122312179,0.286193087838426,0.9930356054670496,0.944110733873074,0.8861922172891094,99.92165056150432,0.9969530773918344,0.9744058500914076,0.9872029250457038,0.9951249238269348,0.9987812309567335,0.9951249238269348,0.991468616697136,0.9707495429616088,0.9890310786106032,0.9518586227909812,0.9932967702620352,0.9384521633150518,1,1,1,1,0,1,1,6,0.8500000000000001,99.80847915034389,1,0.997867154174284,multi_method_market_stress_non_event,"Multiple methods agree and market stress variables are elevated, but no event-window label is present.",medium_high,"False-alert taxonomy is an error-review framework. Non-event-window alerts are not proof of model failure, and event-window hits are not verified fraud ground truth."
2022-05-10,63.36931228637695,73.7598876953125,61.02658462524414,66.76615142822266,66.76615142822266,3677013066,SOL,SOL-USD,4.201196236972728,0.0537904331981184,0.0537904331981184,0,0.0847329868557961,0.0548718464697028,22.025366592971498,2.6570704008433244,1.2931423972959797,0.2957751408073457,-0.3851086532494514,0.1907149475847409,2.437760373784807,0.0,0,0,,0,0,,,,0,,,,,,,,,,,,,11178635052.0,23.137270208937338,2.7167419437225964,Solana,2977807176.0,21.8144530199514,-3.617197554458308,0.7140245494907287,0.988508749020632,0.9672673456951336,0.9852006616174808,0.286193087838426,0.9845042221641856,0.9980847915034388,0.8256577000087055,99.19909462871072,0.9902498476538696,0.9719683120048752,0.9323583180987204,0.9835466179159048,0.9865935405240708,0.9835466179159048,0.704448507007922,0.991468616697136,0.9664838513101768,0.9421084704448508,0.9847653869591712,0.9963436928702012,1,1,0,1,0,1,1,5,0.7000000000000001,99.29050230695567,1,0.9926873857404022,multi_method_market_stress_non_event,"Multiple methods agree and market stress variables are elevated, but no event-window label is present.",medium_high,"False-alert taxonomy is an error-review framework. Non-event-window alerts are not proof of model failure, and event-window hits are not verified fraud ground truth."
2022-05-11,66.73474884033203,68.11722564697266,44.00382614135742,50.21084976196289,50.21084976196289,4432811558,SOL,SOL-USD,3.916231134061197,-0.284965102911531,0.284965102911531,1,0.1106360078184529,0.0714387215124894,22.212299883120945,2.7536052477033826,-3.6705793757124305,4.159585905953857,-0.5375768054443825,0.4802428084752766,4.504107725731709,0.0,0,0,,0,0,,,,0,,,,,,,,,,,,,17216121822.0,23.56911209705084,3.274289373971136,Solana,3013958516.0,21.826520173618704,-2.8338159794462876,0.9962566379385392,0.991381561765474,0.9952990336902584,0.9966919125968486,0.286193087838426,0.9966919125968486,0.9818055192826672,0.8951754156872986,99.97388352050145,0.9993906154783668,0.9969530773918344,0.9975624619134674,0.9993906154783668,1.0,0.9993906154783668,0.9987812309567335,0.9926873857404022,0.9975624619134674,0.9786715417428398,0.9969530773918344,0.9780621572212066,1,1,1,1,0,1,1,6,0.8500000000000001,99.80847915034389,1,0.997867154174284,multi_method_market_stress_non_event,"Multiple methods agree and market stress variables are elevated, but no event-window label is present.",medium_high,"False-alert taxonomy is an error-review framework. Non-event-window alerts are not proof of model failure, and event-window hits are not verified fraud ground truth."
2022-05-12,50.23923110961914,53.65938949584961,38.05009078979492,44.683589935302734,44.683589935302734,4471167155,SOL,SOL-USD,3.79960631867479,-0.1166248153864071,0.1166248153864071,1,0.1111852992460885,0.0724387749725744,22.22091532021377,2.463445406763916,-1.2243219921382118,1.131338339484422,-0.5884808064381948,0.3493295576442124,2.548336980200587,0.0,0,0,,0,0,,,,0,,,,,,,,,,,,,15639251084.0,23.47304968632628,2.5973990779141833,Solana,2646294386.0,21.69642615382015,-3.359870171879337,0.8714198659354052,0.982066684077653,0.969966048576652,0.997823626708453,0.286193087838426,0.9802385305127536,0.995734308348568,0.8615521894315313,99.7040132323496,0.995734308348568,0.9902498476538696,0.946983546617916,0.991468616697136,0.9945155393053016,0.991468616697136,0.8665447897623401,0.984156002437538,0.9701401584399756,0.9853747714808044,0.9804996953077392,0.9945155393053016,1,1,0,1,0,1,1,5,0.7000000000000001,99.29050230695567,1,0.9926873857404022,multi_method_market_stress_non_event,"Multiple methods agree and market stress variables are elevated, but no event-window label is present.",medium_high,"False-alert taxonomy is an error-review framework. Non-event-window alerts are not proof of model failure, and event-window hits are not verified fraud ground truth."
2022-05-13,44.63357162475586,55.90211486816406,44.07636642456055,48.59355163574219,48.59355163574219,2854210432,SOL,SOL-USD,3.8834908397112247,0.0838845210364347,0.0838845210364347,0,0.1288218770821287,0.0748724024913575,21.77206108593886,1.3537256406890823,1.4633890728414842,0.5312931572252808,-0.5524715178346584,0.2433604469220414,1.374232793754595,0.0,0,0,,0,0,,,,0,,,,,,,,,,,,,7513961026.0,22.74002859736661,0.8415475658375229,Solana,2504459607.0,21.64133882286188,-3.072710690028086,0.774092452337425,0.8963175763907025,0.9033690258553148,0.997040132323496,0.286193087838426,0.7352659528162271,0.9889440236789414,0.7999886828588839,98.42430573692,0.9750152346130408,0.926873857404022,0.9293113954905544,0.9695307739183424,0.9744058500914076,0.9695307739183424,0.7720901889092017,0.8848263254113345,0.894576477757465,0.9804996953077392,0.7355271176112127,0.9872029250457038,1,1,0,0,0,1,1,4,0.55,98.61582658657612,1,0.9823278488726387,multi_method_market_stress_non_event,"Multiple methods agree and market stress variables are elevated, but no event-window label is present.",medium_high,"False-alert taxonomy is an error-review framework. Non-event-window alerts are not proof of model failure, and event-window hits are not verified fraud ground truth."
2022-06-13,30.73029327392578,30.91798210144043,26.139610290527344,28.19236183166504,28.19236183166504,2577135234,SOL,SOL-USD,3.339051084222522,-0.0866200527173992,0.0866200527173992,1,0.0469919324821521,0.0687747342309016,21.669944244926967,2.033786120301177,-0.9588877036493306,0.7029909153224684,-0.520629863659116,0.1694917169212167,2.0187824316450276,0.0,0,0,,0,0,,,,0,,,,,,,,,,,,,8438033870.0,22.85601516474337,2.985161426687413,Solana,2094418261.0,21.462541672524218,-2.81155060063464,0.8082179855488814,0.9617828850004352,0.9488987551144772,0.9962566379385392,0.286193087838426,0.9893792983372508,0.9802385305127536,0.8396047706102551,99.45155393053015,0.9908592321755028,0.9792809262644728,0.9165143205362584,0.9829372333942716,0.991468616697136,0.9829372333942716,0.8110907982937233,0.959780621572212,0.9439366240097502,0.975624619134674,0.9896404631322364,0.9762340036563072,1,1,0,1,0,1,1,5,0.7000000000000001,99.29050230695567,1,0.9926873857404022,multi_method_market_stress_non_event,"Multiple methods agree and market stress variables are elevated, but no event-window label is present.",medium_high,"False-alert taxonomy is an error-review framework. Non-event-window alerts are not proof of model failure, and event-window hits are not verified fraud ground truth."
2022-06-14,28.18289566040039,31.61031913757324,26.060319900512695,29.714618682861328,29.714618682861328,2317785256,SOL,SOL-USD,3.3916391362564395,0.0525880520339177,0.0525880520339177,0,0.0620356230301239,0.0653827267069615,21.563877936071187,1.5398733357380068,1.1523613221068634,-0.171912828534726,-0.4798373170467855,0.1867767275190258,2.3304659335509017,0.0,0,0,,0,0,,,,0,,,,,,,,,,,,,6030318957.0,22.52006574147732,1.7778914239525574,Solana,1899145885.0,21.364670088364036,-3.2784651931249464,0.312744841995299,0.9198224079394096,0.9636980934969966,0.993557935057021,0.286193087838426,0.9308783842604684,0.994341429441978,0.7230060067902846,93.2532427962044,0.9835466179159048,0.9536867763558804,0.9250457038391224,0.9762340036563072,0.919561243144424,0.9762340036563072,0.5423522242535039,0.9122486288848264,0.9603900060938452,0.9616087751371116,0.931139549055454,0.9939061547836684,0,1,0,1,0,1,1,4,0.5,98.24584312701316,1,0.9786715417428398,multi_method_market_stress_non_event,"Multiple methods agree and market stress variables are elevated, but no event-window label is present.",medium_high,"False-alert taxonomy is an error-review framework. Non-event-window alerts are not proof of model failure, and event-window hits are not verified fraud ground truth."
2022-06-15,29.69576835632324,34.565528869628906,26.86840057373047,34.48794174194336,34.48794174194336,2574959860,SOL,SOL-USD,3.540609748216527,0.1489706119600873,0.1489706119600873,0,0.0952885754601392,0.071134836869392,21.66909978297945,1.829424563378804,2.3012278925036673,2.290563552591211,-0.3962789663402145,0.223183173802958,2.759192102791275,0.0,0,0,,0,0,,,,0,,,,,,,,,,,,,6364889446.0,22.57406269991256,1.8353893250032012,Solana,1898304377.0,21.364226892032143,-2.7472224050944893,0.9595194567772264,0.947679986071211,0.9761469487246452,0.9865935405240708,0.286193087838426,0.933315922347001,0.9762340036563072,0.8705144946461217,99.7823626708453,0.9829372333942716,0.8964046313223644,0.9536867763558804,0.9701401584399756,0.9969530773918344,0.9701401584399756,0.9616087751371116,0.9439366240097502,0.9768433881779404,0.9439366240097502,0.9335770871419866,0.9725776965265084,1,1,1,1,0,1,1,6,0.8500000000000001,99.80847915034389,1,0.997867154174284,multi_method_market_stress_non_event,"Multiple methods agree and market stress variables are elevated, but no event-window label is present.",medium_high,"False-alert taxonomy is an error-review framework. Non-event-window alerts are not proof of model failure, and event-window hits are not verified fraud ground truth."
2022-06-16,34.50612258911133,35.71171951293945,29.731698989868164,29.989742279052734,29.989742279052734,1908909523,SOL,SOL-USD,3.40085539916123,-0.139754349055297,0.139754349055297,1,0.1028066596166665,0.0731065234429913,21.369797986119515,0.7468274120672754,-1.617836960349662,1.859043189039317,-0.431529907109854,0.1994021978390998,1.9785971188005151,0.0,0,0,,0,0,,,,0,,,,,,,,,,,,,3803939088.0,22.05930296914594,0.3486175834528645,Solana,1791545957.0,21.306344747743346,-2.788179164755231,0.9371463393401236,0.7626882562897188,0.9455906677113258,0.9905980673805173,0.286193087838426,0.585357360494472,0.9786715417428398,0.8102385305127534,98.81605292939844,0.9616087751371116,0.8647166361974405,0.8842169408897014,0.9488117001828154,0.9786715417428398,0.9488117001828154,0.9366240097501524,0.7574649603900061,0.9408897014015845,0.951249238269348,0.5856185252894577,0.9744058500914076,1,0,0,1,0,1,1,4,0.5,98.24584312701316,1,0.9786715417428398,multi_method_market_stress_non_event,"Multiple methods agree and market stress variables are elevated, but no event-window label is present.",medium_high,"False-alert taxonomy is an error-review framework. Non-event-window alerts are not proof of model failure, and event-window hits are not verified fraud ground truth."
2022-06-19,31.80913352966309,35.16057586669922,28.91050910949707,34.24374771118164,34.24374771118164,2005402608,SOL,SOL-USD,3.533503999465576,0.0737881900346497,0.0737881900346497,0,0.0979376453508485,0.0712792173979182,21.419110680040585,0.9533825900610978,1.20787523115768,0.35902040076644,-0.3508931733675097,0.1825170191626341,1.5396328468882057,0.0,0,0,,0,0,,,,0,,,,,,,,,,,,,3473995074.0,21.96857108709017,0.1271268528769833,Solana,1606205418.0,21.197140351514463,-2.336794570507214,0.7318708104814138,0.8181422477583356,0.9188648036911292,0.9790197614694872,0.286193087838426,0.5201532166797249,0.94254374510316,0.7630982850178462,96.46556977452772,0.8525289457647776,0.7696526508226691,0.8135283363802559,0.8695917123705058,0.9506398537477148,0.8695917123705058,0.720901889092017,0.7946374162096282,0.9116392443631932,0.9274832419256552,0.5204143814747105,0.9372333942717856,1,0,0,1,0,0,0,2,0.35,96.79637851484286,1,0.9609993906154783,market_stress_non_event,Market stress variables are elevated outside known public incident windows.,medium,"False-alert taxonomy is an error-review framework. Non-event-window alerts are not proof of model failure, and event-window hits are not verified fraud ground truth."
2022-08-19,39.54132843017578,39.54132843017578,35.755027770996094,35.8902587890625,35.8902587890625,1821467945,SOL,SOL-USD,3.5804659157510312,-0.0969791862480295,0.0969791862480295,1,0.0388808265026255,0.0481563821708453,21.322908576673644,0.9654583356335058,-1.9034819538060408,2.0788777758096435,-0.2279231945563113,0.1054966106940849,1.2329341422411533,0.0,0,0,,0,0,,,,0,,,,,,,,,,,,,4504728559.0,22.22839347313926,2.395208149079698,Solana,1560502838.0,21.168273938962145,-1.0101947267948252,0.9499434142944198,0.8208409506398537,0.8897014015843998,0.9190389135544528,0.286193087838426,0.9686602246017236,0.530860973274136,0.797355271176112,98.32854531209192,0.8964046313223644,0.8171846435100548,0.9055453991468616,0.9280926264472884,0.9731870810481412,0.9280926264472884,0.9561243144424132,0.7995124923826935,0.8793418647166362,0.748933577087142,0.9689213893967094,0.4478976234003656,1,0,0,0,0,1,1,3,0.35,96.79637851484286,1,0.9609993906154783,multi_method_consensus_non_event,"Multiple methods agree, but the alert is outside known public incident windows.",medium,"False-alert taxonomy is an error-review framework. Non-event-window alerts are not proof of model failure, and event-window hits are not verified fraud ground truth."
2022-08-26,35.313255310058594,35.58013153076172,31.499326705932617,31.726362228393555,31.726362228393555,1315871629,SOL,SOL-USD,3.457147951319861,-0.1072012911597806,0.1072012911597806,1,0.045157657115096,0.0420759286591255,20.99776511949895,0.2238913308983282,-2.3581499325815667,2.952064795297231,-0.3174975822377667,0.1286250467498281,2.359840817521404,0.0,0,0,,0,0,,,,0,,,,,,,,,,,,,3479313791.0,21.970100925082143,1.1134111808073937,Solana,1501106781.0,21.129468527640316,-1.09933719702568,0.981370244624358,0.5945851832506311,0.9643074780186296,0.9687472795333856,0.286193087838426,0.8138765561069035,0.567424044572125,0.780008705493166,97.45799599547314,0.9561243144424132,0.7885435709932967,0.9737964655697744,0.951249238269348,0.9616087751371116,0.951249238269348,0.984156002437538,0.5935405240706886,0.9622181596587448,0.9018890920170628,0.8141377209018891,0.4942108470444851,1,1,0,1,0,0,1,4,0.65,98.87699138156177,1,0.9875076173065204,multi_method_market_stress_non_event,"Multiple methods agree and market stress variables are elevated, but no event-window label is present.",medium_high,"False-alert taxonomy is an error-review framework. Non-event-window alerts are not proof of model failure, and event-window hits are not verified fraud ground truth."
2022-09-13,37.421607971191406,38.870384216308594,32.870452880859375,33.430816650390625,33.430816650390625,1785181627,SOL,SOL-USD,3.509478128802212,-0.112838968047916,0.112838968047916,1,0.0601443368484522,0.0450598510725795,21.302785999382543,1.6538886408939355,-2.2857306119152248,2.538506097399867,-0.2371438183947677,0.1794730711545185,3.2566199878365474,0.0,0,0,,0,0,,,,0,,,,,,,,,,,,,3869621013.0,22.076422409993757,1.5061479255639254,Solana,1384822263.0,21.048837639108935,-0.7591247733769022,0.9700531035083138,0.9319230434404108,0.9850265517541568,0.9259162531557412,0.286193087838426,0.8985810046139113,0.4215199791068164,0.8311996169583008,99.30356054670496,0.9634369287020108,0.7416209628275442,0.9829372333942716,0.942717854966484,0.9884216940889702,0.942717854966484,0.9701401584399756,0.9238269347958562,0.9859841560024376,0.7714808043875686,0.898842169408897,0.3168799512492383,1,0,1,0,0,0,1,3,0.4499999999999999,97.83668494820232,1,0.9750152346130408,multi_method_market_stress_non_event,"Multiple methods agree and market stress variables are elevated, but no event-window label is present.",medium_high,"False-alert taxonomy is an error-review framework. Non-event-window alerts are not proof of model failure, and event-window hits are not verified fraud ground truth."
2022-10-25,28.30998992919922,32.19131088256836,28.119304656982425,30.93997573852539,30.93997573852539,1336242036,SOL,SOL-USD,3.4320490609986978,0.088831690037276,0.088831690037276,0,0.0474309738502959,0.0308871419817352,21.01312706107155,1.904500794254233,2.9236146827669556,3.676049340096142,-0.0932668425637962,0.1316098713198282,3.3404589952170167,0.0,0,0,,0,0,,,,0,,,,,,,,,,,,,3176223535.0,21.87895876072608,1.9674099117624535,Solana,897639211.0,20.615278777161773,-1.0731425206878265,0.9926873857404022,0.954034996082528,0.9859841560024376,0.7262992948550535,0.286193087838426,0.9430660746931314,0.5572386175676852,0.8134108122225123,98.91181335422652,0.9853747714808044,0.8878732480195003,0.9908592321755028,0.9774527726995734,0.9811090798293725,0.9774527726995734,0.9932967702620352,0.9524680073126144,0.9872029250457038,0.3668494820231566,0.943327239488117,0.4875076173065204,1,1,1,0,0,0,1,4,0.65,98.87699138156177,1,0.9875076173065204,multi_method_market_stress_non_event,"Multiple methods agree and market stress variables are elevated, but no event-window label is present.",medium_high,"False-alert taxonomy is an error-review framework. Non-event-window alerts are not proof of model failure, and event-window hits are not verified fraud ground truth."
2022-11-05,33.77741622924805,38.54962158203125,33.73513412475586,36.76576232910156,36.76576232910156,2470595904,SOL,SOL-USD,3.604567040618896,0.0846728698932417,0.0846728698932417,0,0.0517069212903189,0.0375890206166539,21.627725215573506,2.6444625394162973,2.165935202497246,2.3066692039135313,0.0,0.1309502959350997,2.6167608071191353,0.0,0,1,E002,1,1,E002,exchange_failure,high,1,,,,,,,,,,,,,2065180851.0,21.44848363918555,0.2061781777449424,Solana,966892803.0,20.689598193084574,-0.1130360983840924,0.9602158962305216,0.9879864194306608,0.9719683120048752,0.0438756855575868,0.286193087838426,0.5457473665883172,0.1934360581526943,0.648963175763907,84.24305736919997,0.9609993906154785,0.8098720292504571,0.943327239488117,0.9500304692260816,0.8196221815965874,0.9500304692260816,0.9622181596587448,0.9908592321755028,0.9719683120048752,0.0621572212065813,0.5460085313833029,0.0847044485070079,0,1,1,0,0,0,0,2,0.35,96.79637851484286,1,0.9609993906154783,event_window_hit_3d,"Alert falls within a tight public incident window. This supports weak-label alignment, not verified fraud detection.",high,"False-alert taxonomy is an error-review framework. Non-event-window alerts are not proof of model failure, and event-window hits are not verified fraud ground truth."
2022-11-06,36.77216720581055,36.90202713012695,32.546302795410156,32.6835823059082,32.6835823059082,1650006613,SOL,SOL-USD,3.4868728816680723,-0.1176941589508233,0.1176941589508233,1,0.0726599607325598,0.0435637996163363,21.22404513333571,1.5449035020658122,-2.694244404388832,2.945427965935404,-0.1110321060842562,0.1332694896767608,2.3350664855474,0.0,0,1,E002,1,1,E002,exchange_failure,high,1,,,,,,,,,,,,,2344410193.0,21.575299690791184,0.4856904308432001,Solana,1004248611.0,20.727505449076745,0.2629951434268633,0.981283189692696,0.9202576825977192,0.964133368155306,0.7626882562897188,0.286193087838426,0.6243579698789936,0.248193610168016,0.7760511882998171,97.266475145817,0.9457647775746496,0.4515539305301645,0.9731870810481412,0.8433881779402803,0.959780621572212,0.8433881779402803,0.9835466179159048,0.9140767824497258,0.9616087751371116,0.4277879341864716,0.6246191346739792,0.1279707495429616,1,0,1,0,0,0,0,2,0.35,96.79637851484286,1,0.9609993906154783,event_window_hit_3d,"Alert falls within a tight public incident window. This supports weak-label alignment, not verified fraud detection.",high,"False-alert taxonomy is an error-review framework. Non-event-window alerts are not proof of model failure, and event-window hits are not verified fraud ground truth."
2022-11-07,32.67894744873047,33.0675048828125,28.926734924316406,29.60134506225586,29.60134506225586,2545092967,SOL,SOL-USD,3.3878198015900183,-0.099053080078054,0.099053080078054,1,0.0816928019738497,0.0471161835347239,21.657433015947717,2.307179957937415,-2.034528826418626,2.0506463893176137,-0.1948665500993782,0.1398845204428198,2.241143361805365,0.0,0,1,E002,1,1,E002,exchange_failure,high,1,,,,,,,,,,,,,3194965033.0,21.88484198074106,1.1871812806026758,Solana,940593129.0,20.66202122359994,-0.2193389032593885,0.9484634804561678,0.976321058587969,0.9608252807521546,0.8884826325411335,0.286193087838426,0.8303299381909985,0.2324366675372159,0.8104805432227736,98.82475842256464,0.9159049360146252,0.5502742230347349,0.9201706276660572,0.8513101767215113,0.9792809262644728,0.8513101767215113,0.9536867763558804,0.9744058500914076,0.9585618525289458,0.6709323583180987,0.8305911029859842,0.1145642900670323,1,0,1,0,0,0,0,2,0.35,96.79637851484286,1,0.9609993906154783,event_window_hit_3d,"Alert falls within a tight public incident window. This supports weak-label alignment, not verified fraud detection.",high,"False-alert taxonomy is an error-review framework. Non-event-window alerts are not proof of model failure, and event-window hits are not verified fraud ground truth."
2022-11-08,29.597440719604492,31.06096839904785,21.78398323059082,24.152936935424805,24.152936935424805,6120104231,SOL,SOL-USD,3.1844059849373245,-0.2034138166526937,0.2034138166526937,1,0.1085488431847031,0.0595278206390022,22.534844964698163,3.334917829728622,-3.2438199324442047,3.720071868134797,-0.3430589927872434,0.3840934621433385,4.567169321921082,0.0,0,1,E002,1,1,E002,exchange_failure,high,1,,,,,,,,,,,,,8920042222.0,22.911566517047305,3.146989869478346,Solana,859226292.0,20.571542882973183,-1.049962510954104,0.9932097153303736,0.9979977365717768,0.995734308348568,0.976321058587969,0.286193087838426,0.994254374510316,0.5470531905632454,0.8702481065552362,99.77365717767913,0.9981718464351006,0.979890310786106,0.9987812309567335,0.9975624619134674,0.9963436928702012,0.9975624619134674,0.9945155393053016,0.9969530773918344,0.9987812309567335,0.9213893967093236,0.9945155393053016,0.4765386959171237,1,1,1,1,0,1,1,6,0.8500000000000001,99.80847915034389,1,0.997867154174284,event_window_hit_3d,"Alert falls within a tight public incident window. This supports weak-label alignment, not verified fraud detection.",high,"False-alert taxonomy is an error-review framework. Non-event-window alerts are not proof of model failure, and event-window hits are not verified fraud ground truth."
2022-11-09,24.159435272216797,24.159435272216797,12.505623817443848,13.94085693359375,13.94085693359375,4647808136,SOL,SOL-USD,2.6348238764411076,-0.5495821084962169,0.5495821084962169,1,0.2209256968217488,0.115099374001839,22.25966157702958,2.4352872698357046,-4.534476749483108,4.7924225091949575,-0.6208195872887149,0.8359465641377015,4.757991953704207,0.0,0,1,E002,1,1,E002,exchange_failure,high,1,,,,,,,,,,,,,10991379280.0,23.12037710076277,2.927581869113105,Solana,629377056.0,20.260241089753507,-3.6393797190895056,0.999216505615043,0.9808479150343868,0.9969530773918344,0.9988682858883956,0.286193087838426,0.9881605292939843,0.99860712109341,0.8950335161486898,99.96517802733524,1.0,0.9993906154783668,1.0,1.0,0.9993906154783668,1.0,1.0,0.9804996953077392,0.9993906154783668,0.992078001218769,0.9884216940889702,0.9969530773918344,1,1,1,1,0,1,1,6,0.8500000000000001,99.80847915034389,1,0.997867154174284,event_window_hit_3d,"Alert falls within a tight public incident window. This supports weak-label alignment, not verified fraud detection.",high,"False-alert taxonomy is an error-review framework. Non-event-window alerts are not proof of model failure, and event-window hits are not verified fraud ground truth."
2022-11-10,13.985069274902344,18.67563819885254,13.41102695465088,17.681407928466797,17.681407928466797,4084381465,SOL,SOL-USD,2.872513688001936,0.2376898115608283,0.2376898115608283,0,0.2565119347500753,0.1248391418223023,22.13043613788196,1.9866718931778256,2.051959009581246,1.605662422420126,-0.5190795237646614,0.2977484183103832,1.1984567158835742,0.0,0,1,E002,1,1,E002,exchange_failure,high,1,,,,,,,,,,,,,11684466429.0,23.18152614107908,2.582073474604977,Solana,426594603.0,19.871344715070144,-4.457720841324681,0.919561243144424,0.9587359623922695,0.8862192043179246,0.9961695830068772,0.286193087838426,0.9796291459911204,0.9998258901366762,0.8527457125446156,99.65178027335249,0.9951249238269348,0.9939061547836684,0.9159049360146252,0.9853747714808044,0.9939061547836684,0.9853747714808044,0.9238269347958562,0.9561243144424132,0.8756855575868373,0.9750152346130408,0.979890310786106,0.9993906154783668,1,1,1,0,0,1,1,5,0.7000000000000001,99.29050230695567,1,0.9926873857404022,event_window_hit_3d,"Alert falls within a tight public incident window. This supports weak-label alignment, not verified fraud detection.",high,"False-alert taxonomy is an error-review framework. Non-event-window alerts are not proof of model failure, and event-window hits are not verified fraud ground truth."
2022-11-11,17.663450241088867,18.13648223876953,15.507472038269045,16.326745986938477,16.326745986938477,2191908978,SOL,SOL-USD,2.792804621170273,-0.0797090668316631,0.0797090668316631,1,0.2454851776023504,0.1251844174610579,21.508038680991195,0.9712784092953616,-0.4645853471696258,0.1151669564107102,-0.5559252697987658,0.1610247505904553,0.3085984404819826,0.0,0,1,E002,1,1,E002,exchange_failure,high,1,,,,,,,,,,,,,5285866933.0,22.388302479523727,1.1980829195649687,Solana,461964842.0,19.95099934874786,-3.1462070044169645,0.6624009750152346,0.8219726647514581,0.7246452511534779,0.997127187255158,0.286193087838426,0.8345956298424305,0.9907721772438408,0.7349377557238617,94.31531296247933,0.962827544180378,0.9347958561852528,0.9317489335770872,0.9689213893967094,0.9274832419256552,0.9689213893967094,0.6502132845825715,0.8013406459475929,0.7154174283973187,0.9811090798293725,0.8348567946374162,0.9908592321755028,0,1,0,0,0,1,1,3,0.35,96.79637851484286,1,0.9609993906154783,event_window_hit_3d,"Alert falls within a tight public incident window. This supports weak-label alignment, not verified fraud detection.",high,"False-alert taxonomy is an error-review framework. Non-event-window alerts are not proof of model failure, and event-window hits are not verified fraud ground truth."
2022-12-28,11.08486270904541,11.098109245300291,9.52294921875,9.755906105041504,9.755906105041504,468728777,SOL,SOL-USD,2.2778728559778707,-0.1277587906012884,0.1277587906012884,1,0.0440904513287083,0.041418738137185,19.965534860624015,2.0158817162963794,-2.8288683723760686,3.131344877381212,-0.3172366590023994,0.1614570711926291,3.18843081256294,0.0,0,0,,0,0,,,,0,,,,,,,,,,,,,1511632504.0,21.13645603291309,0.0837372861819707,Solana,217914558.0,19.1996136127356,-1.8846290622361632,0.9846783320275092,0.9606511708888308,0.9839818925742144,0.9684861147384,0.286193087838426,0.5055279881605292,0.8613214938626274,0.8494001915208498,99.60825280752157,0.9847653869591712,0.8976234003656307,0.9804996953077392,0.9768433881779404,0.9932967702620352,0.9768433881779404,0.9884216940889702,0.9579524680073126,0.9847653869591712,0.9006703229737965,0.505789152955515,0.8214503351614869,1,1,1,1,0,0,1,5,0.8,99.59954731435536,1,0.9951249238269348,multi_method_market_stress_non_event,"Multiple methods agree and market stress variables are elevated, but no event-window label is present.",medium_high,"False-alert taxonomy is an error-review framework. Non-event-window alerts are not proof of model failure, and event-window hits are not verified fraud ground truth."
2022-12-29,9.755775451660156,9.827129364013672,8.141267776489258,9.651782989501951,9.651782989501951,772500177,SOL,SOL-USD,2.267142664035303,-0.0107301919425677,0.0107301919425677,1,0.0447708225803395,0.0413912295990856,20.46514279715686,2.7386516738966917,0.0031770491594693,-0.5594043978929274,-0.3245236752441943,0.174668409904998,2.8864457838375035,0.0,0,0,,0,0,,,,0,,,,,,,,,,,,,1321428210.0,21.001978966658637,-0.2894922751292735,Solana,232157758.0,19.26292769422793,-1.2438651042238145,0.312744841995299,0.9911203969704884,0.9793679811961348,0.9715330373465656,0.286193087838426,0.2401410289892922,0.6321058587969008,0.682047096718029,88.63062592495865,0.9731870810481412,0.9859841560024376,0.9646556977452772,0.9890310786106032,0.8677635588056063,0.9890310786106032,0.3503960999390615,0.992078001218769,0.9817184643510056,0.9092017062766604,0.3869591712370506,0.5606337599024985,0,1,0,1,0,0,0,2,0.35,96.79637851484286,1,0.9609993906154783,market_stress_non_event,Market stress variables are elevated outside known public incident windows.,medium,"False-alert taxonomy is an error-review framework. Non-event-window alerts are not proof of model failure, and event-window hits are not verified fraud ground truth."
2023-01-02,9.983222007751465,11.372013092041016,9.845211029052734,11.272967338562012,11.272967338562012,558570124,SOL,SOL-USD,2.4224075887426655,0.1216067900550079,0.1216067900550079,0,0.0732946129880765,0.0460214508211872,20.14089072812606,1.6039931727389058,2.762295162157584,2.578029201170499,-0.2110657113585775,0.1354392341549213,1.7255389506952157,0.0,0,0,,0,0,,,,0,,,,,,,,,,,,,862270062.0,20.575079077704203,-1.2227899269746536,Solana,210076888.0,19.162984159764783,-1.4741925308775663,0.971358927483242,0.9262644728823888,0.931835988508749,0.9036301906503004,0.286193087838426,0.2401410289892922,0.7322190302080613,0.7994955166710193,98.38948376425525,0.9542961608775136,0.9079829372333944,0.9463741620962828,0.9670932358318098,0.9737964655697744,0.9670932358318098,0.9731870810481412,0.9189518586227908,0.9238269347958562,0.7056672760511883,0.1218769043266301,0.6727605118829981,1,1,1,0,0,0,1,4,0.65,98.87699138156177,1,0.9875076173065204,multi_method_consensus_non_event,"Multiple methods agree, but the alert is outside known public incident windows.",medium,"False-alert taxonomy is an error-review framework. Non-event-window alerts are not proof of model failure, and event-window hits are not verified fraud ground truth."
2023-01-03,11.27472686767578,13.50026798248291,11.053266525268556,13.344045639038086,13.344045639038086,1149255381,SOL,SOL-USD,2.5910702658022453,0.1686626770595798,0.1686626770595798,0,0.0960713049516786,0.0556495044693424,20.86238007569381,2.5071072208921317,3.047367557323598,3.0634034409922997,-0.0661220921113665,0.1833777793786643,2.4049682363713303,0.0,0,0,,0,0,,,,0,,,,,,,,,,,,,961026246.0,20.683512278736412,-0.871595759313725,Solana,217225786.0,19.196447863654555,-1.1481073073729924,0.98285017846261,0.9832854531209192,0.9657874118568816,0.6641420736484722,0.286193087838426,0.2401410289892922,0.5904936014625228,0.7682044920344736,96.85731696700618,0.984156002437538,0.9341864716636198,0.9780621572212066,0.9847653869591712,0.9542961608775136,0.9847653869591712,0.9859841560024376,0.9859841560024376,0.964046313223644,0.2742230347349177,0.2004875076173065,0.5185862279098111,1,1,1,0,0,0,1,4,0.65,98.87699138156177,1,0.9875076173065204,multi_method_market_stress_non_event,"Multiple methods agree and market stress variables are elevated, but no event-window label is present.",medium_high,"False-alert taxonomy is an error-review framework. Non-event-window alerts are not proof of model failure, and event-window hits are not verified fraud ground truth."
2023-01-14,18.287506103515625,24.565017700195312,18.26682472229004,24.24945831298828,24.24945831298828,3399684035,SOL,SOL-USD,3.1883942795252733,0.2821248661713813,0.2821248661713813,0,0.0997661657209924,0.0806023913328209,21.946948333661975,2.381993261981312,3.2736598466792204,3.5323835244145396,0.0,0.259725099695604,2.8644559503173044,0.0,0,0,,0,0,,,,0,,,,,,,,,,,,,3616726470.0,22.008835163888424,2.374645238242604,Solana,265348961.0,19.396556355415942,1.35896933780926,0.9912945068338122,0.9785844868111778,0.9789327065378254,0.0438756855575868,0.286193087838426,0.966222686515191,0.686515191085575,0.7010394358840427,90.83311569600416,0.9817184643510056,0.8793418647166362,0.9884216940889702,0.9731870810481412,0.8957952468007313,0.9731870810481412,0.9926873857404022,0.9768433881779404,0.9804996953077392,0.0621572212065813,0.9664838513101768,0.623400365630713,0,1,1,0,0,1,0,3,0.3999999999999999,97.4797597283886,1,0.9707495429616088,multi_method_market_stress_non_event,"Multiple methods agree and market stress variables are elevated, but no event-window label is present.",medium_high,"False-alert taxonomy is an error-review framework. Non-event-window alerts are not proof of model failure, and event-window hits are not verified fraud ground truth."
2023-03-10,17.3122501373291,18.323396682739254,16.117345809936523,18.243642807006836,18.243642807006836,944032048,SOL,SOL-USD,2.903816680002168,0.0526393396252,0.0526393396252,0,0.0465177793831551,0.0480707237522702,20.665670673745343,1.1707617806489317,1.2614745404788914,0.4725259604629429,-0.3031827212401743,0.1209216216377275,1.809557871767108,0.0,0,0,,0,0,,,,0,,,,,,,,,,,,,7088629182.0,22.681757813662877,2.914281026037824,Solana,232364537.0,19.263817980937493,-2.263133680745953,0.7616435971097762,0.862975537564203,0.9369722294767998,0.9633498737703492,0.286193087838426,0.9875511447723514,0.9327935927570296,0.8010394358840427,98.4852441890833,0.9536867763558804,0.9305301645338208,0.8616697135892748,0.9588665447897624,0.9750152346130408,0.9588665447897624,0.7592931139549055,0.8427787934186471,0.9299207800121876,0.882388787324802,0.987812309567337,0.923217550274223,1,1,0,0,0,1,1,4,0.55,98.61582658657612,1,0.9823278488726387,multi_method_consensus_non_event,"Multiple methods agree, but the alert is outside known public incident windows.",medium,"False-alert taxonomy is an error-review framework. Non-event-window alerts are not proof of model failure, and event-window hits are not verified fraud ground truth."
2023-03-12,18.22479820251465,20.39289093017578,17.942476272583008,20.310531616210938,20.310531616210938,666940879,SOL,SOL-USD,3.011139550346282,0.108298994808234,0.108298994808234,0,0.0680471928794908,0.0471956851884035,20.318211964269366,0.4207154484919024,2.2883779696543805,2.6749971984772625,-0.2242377511613047,0.1206474898784512,1.942277061348932,0.0,0,0,,0,0,,,,0,,,,,,,,,,,,,7837276102.0,22.782157175097076,2.5017076595794925,Solana,224333797.0,19.228645670261184,-2.45335763542748,0.974144685296422,0.6606598763819971,0.944110733873074,0.9149473317663446,0.286193087838426,0.9765822233829546,0.9543832158091756,0.8044763645860538,98.61582658657612,0.9683120048750762,0.923217550274223,0.951249238269348,0.9725776965265084,0.9768433881779404,0.9725776965265084,0.975624619134674,0.6569165143205362,0.9390615478366848,0.7336989640463132,0.9768433881779404,0.951249238269348,1,1,0,0,0,1,1,4,0.55,98.61582658657612,1,0.9823278488726387,multi_method_consensus_non_event,"Multiple methods agree, but the alert is outside known public incident windows.",medium,"False-alert taxonomy is an error-review framework. Non-event-window alerts are not proof of model failure, and event-window hits are not verified fraud ground truth."
2023-06-05,21.821796417236328,22.04202461242676,19.423831939697266,20.07505989074707,20.07505989074707,594214946,SOL,SOL-USD,2.999478243178167,-0.0833017814317944,0.0833017814317944,1,0.0424519859600685,0.0293257295149458,20.202751675506427,2.163376489447274,-2.7378231286676717,3.1094690679031163,-0.0809902182609517,0.130420167460435,3.957675642501418,0.0,0,0,,0,0,,,,0,,,,,,,,,,,,,2900476509.0,21.78814087423391,1.594708945631983,Solana,284493661.0,19.46622153360237,4.051030899640642,0.9839818925742144,0.9703142683032994,0.9916427265604596,0.6980934969966048,0.286193087838426,0.9089405414816748,0.9994776704100288,0.8307730477931575,99.27744406720642,0.992078001218769,0.9616087751371116,0.9939061547836684,0.9926873857404022,0.9872029250457038,0.9926873857404022,0.987812309567337,0.9664838513101768,0.9951249238269348,0.3235831809872029,0.9092017062766604,0.9981718464351006,1,1,1,0,0,1,1,5,0.7000000000000001,99.29050230695567,1,0.9926873857404022,multi_method_market_stress_non_event,"Multiple methods agree and market stress variables are elevated, but no event-window label is present.",medium_high,"False-alert taxonomy is an error-review framework. Non-event-window alerts are not proof of model failure, and event-window hits are not verified fraud ground truth."
2023-06-07,20.399314880371097,20.486583709716797,18.5499210357666,18.6342830657959,18.6342830657959,390444801,SOL,SOL-USD,2.92500305973586,-0.0904574891525853,0.0904574891525853,1,0.0518682392702466,0.0322386562310533,19.782797165140188,1.0902414754323926,-2.699296825069472,2.991148096686864,-0.1459597582990826,0.1039300877373184,2.4438442112837664,0.0,0,0,,0,0,,,,0,,,,,,,,,,,,,2418426761.0,21.60638306736234,1.0860447920184837,Solana,280503550.0,19.45209694238343,2.4243731026748616,0.9818055192826672,0.8468703752067555,0.9674414555584574,0.8259771916079046,0.286193087838426,0.8029076347175067,0.95133629320101,0.8190284669626535,99.05110124488552,0.9695307739183424,0.8202315661182206,0.9750152346130408,0.9622181596587448,0.9823278488726388,0.9622181596587448,0.9847653869591712,0.8275441803778184,0.9670932358318098,0.5368677635588056,0.8031687995124924,0.9463741620962828,1,1,0,0,0,0,1,3,0.5,98.24584312701316,1,0.9786715417428398,multi_method_market_stress_non_event,"Multiple methods agree and market stress variables are elevated, but no event-window label is present.",medium_high,"False-alert taxonomy is an error-review framework. Non-event-window alerts are not proof of model failure, and event-window hits are not verified fraud ground truth."
2023-06-09,18.908403396606445,19.299476623535156,17.161293029785156,17.37969970703125,17.37969970703125,463344687,SOL,SOL-USD,2.855302841611526,-0.0843602948536164,0.0843602948536164,1,0.0546047493456866,0.0354724910328907,19.953981801595443,1.5662159732201515,-2.202454045789388,2.364525459318622,-0.2034594040418282,0.1230276489118486,2.694401096494797,0.0,0,0,,0,0,,,,0,,,,,,,,,,,,,1630753700.0,21.2123081381458,-0.0370757518564751,Solana,272964301.0,19.424851582694387,0.5860666048695253,0.9629145991120396,0.9220858361626186,0.9744058500914076,0.8966657961173501,0.286193087838426,0.2401410289892922,0.3585792635152781,0.7846126055541045,97.73657177679117,0.9384521633150518,0.5886654478976234,0.9494210847044484,0.8793418647166362,0.962827544180378,0.8793418647166362,0.9652650822669104,0.915295551492992,0.9750152346130408,0.6873857404021938,0.4728823887873248,0.2364411943936624,1,0,1,0,0,0,0,2,0.35,96.79637851484286,1,0.9609993906154783,market_stress_non_event,Market stress variables are elevated outside known public incident windows.,medium,"False-alert taxonomy is an error-review framework. Non-event-window alerts are not proof of model failure, and event-window hits are not verified fraud ground truth."
2023-06-10,17.3813533782959,17.39295768737793,13.379448890686035,15.65610122680664,15.65610122680664,1230339924,SOL,SOL-USD,2.7508606957605735,-0.1044421458509519,0.1044421458509519,1,0.0600328644991745,0.0394584659407492,20.93055632993847,3.261669162313269,-2.430164758987834,2.6675287012224316,-0.2824547942829654,0.2563542952711558,4.245437935195577,0.0,0,0,,0,0,,,,0,,,,,,,,,,,,,3833760696.0,22.067112063607297,2.5000864407569785,Solana,264394127.0,19.392951456920603,-1.4258718090686893,0.97405763036476,0.99721424218682,0.9940802646469924,0.954818490467485,0.286193087838426,0.9759728388613216,0.7138504396274049,0.8691512144162967,99.76495168451292,0.9890310786106032,0.95551492992078,0.9969530773918344,0.992078001218769,0.995734308348568,0.992078001218769,0.9750152346130408,0.9963436928702012,0.9969530773918344,0.8519195612431444,0.9762340036563072,0.6526508226691042,1,1,1,0,0,1,1,5,0.7000000000000001,99.29050230695567,1,0.9926873857404022,multi_method_market_stress_non_event,"Multiple methods agree and market stress variables are elevated, but no event-window label is present.",medium_high,"False-alert taxonomy is an error-review framework. Non-event-window alerts are not proof of model failure, and event-window hits are not verified fraud ground truth."
2023-06-29,15.98551082611084,18.19975471496582,15.906376838684082,17.970457077026367,17.970457077026367,737633196,SOL,SOL-USD,2.888729136032722,0.1169630577510356,0.1169630577510356,0,0.055829589809252,0.0473514031779368,20.418957235972627,1.8864111899171216,2.5882454708361173,2.7438552167617396,-0.1763840094438297,0.127619340256716,1.3178864588577504,0.0,0,0,,0,0,,,,0,,,,,,,,,,,,,1891771517.0,21.36077953812731,-0.1465527784557964,Solana,253888742.0,19.352406709339128,-0.7204012604258974,0.9750152346130408,0.9524680073126144,0.8977975102289545,0.8681117785322539,0.286193087838426,0.2401410289892922,0.4059371463393401,0.7761822059719683,97.2751806389832,0.9256550883607556,0.8104814137720902,0.9573430834856794,0.9439366240097502,0.9603900060938452,0.9439366240097502,0.9774527726995734,0.9500304692260816,0.8897014015843998,0.6215722120658135,0.43327239488117,0.2985984156002437,1,0,1,0,0,0,1,3,0.4499999999999999,97.83668494820232,1,0.9750152346130408,multi_method_consensus_non_event,"Multiple methods agree, but the alert is outside known public incident windows.",medium,"False-alert taxonomy is an error-review framework. Non-event-window alerts are not proof of model failure, and event-window hits are not verified fraud ground truth."
2023-07-13,21.97846031188965,26.624345779418945,21.49482536315918,26.02569580078125,26.02569580078125,1527996472,SOL,SOL-USD,3.2590843500045867,0.1690605059342069,0.1690605059342069,0,0.0671593279088282,0.046444232489021,21.147223219442,2.4352665168642664,3.24546445979776,3.882143547231707,0.0,0.1970944583201416,3.694224632630129,0.0,0,0,,0,0,,,,0,,,,,,,,,,,,,3330569843.0,21.926409250622992,1.5323972955529404,Solana,292446057.0,19.493790790535243,1.730108822327689,0.9950378688952728,0.9807608601027248,0.989988682858884,0.0438756855575868,0.286193087838426,0.9016279272220772,0.8205797858448681,0.7077182902411421,91.60790458779488,0.9872029250457038,0.9360146252285192,0.9945155393053016,0.9872029250457038,0.9037172455819622,0.9872029250457038,0.9969530773918344,0.979890310786106,0.9939061547836684,0.0621572212065813,0.9018890920170628,0.7745277269957344,0,1,1,0,0,0,1,3,0.4499999999999999,97.83668494820232,1,0.9750152346130408,multi_method_market_stress_non_event,"Multiple methods agree and market stress variables are elevated, but no event-window label is present.",medium_high,"False-alert taxonomy is an error-review framework. Non-event-window alerts are not proof of model failure, and event-window hits are not verified fraud ground truth."
2023-08-17,22.811418533325195,23.380619049072266,20.304153442382812,21.70997428894043,21.70997428894043,620931325,SOL,SOL-USD,3.0777717995938025,-0.0495138387887239,0.0495138387887239,1,0.0345797563274761,0.0319148020039437,20.24673104763129,1.7369459649614032,-1.381558282087701,1.22714509852486,-0.1767903827867052,0.1417074735209003,3.722008638455141,0.0,0,0,,0,0,,,,0,,,,,,,,,,,,,4193605502.0,22.15682670277025,3.161059591409465,Solana,315611718.0,19.570023278692737,0.064739382439543,0.8829111169147732,0.9384521633150518,0.9902498476538696,0.8684599982589014,0.286193087838426,0.9948637590319492,0.1768085662052755,0.7963802559414991,98.2763123530948,0.9786715417428398,0.9591712370505788,0.9902498476538696,0.9902498476538696,0.971358927483242,0.9902498476538696,0.8805606337599025,0.9323583180987204,0.9945155393053016,0.6221815965874467,0.9951249238269348,0.0676416819012797,1,1,0,0,0,1,1,4,0.55,98.61582658657612,1,0.9823278488726387,multi_method_market_stress_non_event,"Multiple methods agree and market stress variables are elevated, but no event-window label is present.",medium_high,"False-alert taxonomy is an error-review framework. Non-event-window alerts are not proof of model failure, and event-window hits are not verified fraud ground truth."
2023-09-10,19.44618797302246,19.44618797302246,17.87034034729004,18.24883079528809,18.24883079528809,520683204,SOL,SOL-USD,2.9041010119645745,-0.0635440646803191,0.0635440646803191,1,0.0326479942978971,0.0325409490049304,20.07065236295574,1.4801310339550806,-1.6475379595234871,1.9479681138033016,-0.2741932229208136,0.0863533474231845,1.3537585324829513,0.0,0,0,,0,0,,,,0,,,,,,,,,,,,,1410181425.0,21.06698420398108,-0.2595967321103117,Solana,306151944.0,19.539592088962944,-0.919096851793245,0.9423696352398364,0.9123356838164882,0.9007573779054584,0.951249238269348,0.286193087838426,0.2401410289892922,0.4841124749717072,0.7811826412466265,97.48411247497172,0.8580134064594759,0.615478366849482,0.8878732480195003,0.8403412553321146,0.9622181596587448,0.8403412553321146,0.9457647775746496,0.9037172455819622,0.8915295551492992,0.8433881779402803,0.3948811700182815,0.3985374771480804,1,0,1,0,0,0,0,2,0.35,96.79637851484286,1,0.9609993906154783,isolated_anomaly_review,High score is driven by limited or isolated signals. Treat as likely false-alert candidate for manual review.,low,"False-alert taxonomy is an error-review framework. Non-event-window alerts are not proof of model failure, and event-window hits are not verified fraud ground truth."
2023-10-01,21.392059326171875,24.396018981933594,21.170072555541992,23.83648681640625,23.83648681640625,637123111,SOL,SOL-USD,3.171217466254218,0.1080533305195263,0.1080533305195263,0,0.0424389092234384,0.031907697623702,20.272473463308337,2.1961294661259014,3.1673958090835193,3.703362315479603,0.0,0.1353364886041527,3.5693493760381623,0.0,0,0,,0,0,,,,0,,,,,,,,,,,,,1911800533.0,21.37131132291182,1.0712923944320734,Solana,322888458.0,19.592817493374053,2.4105197338739446,0.9931226603987116,0.9717071472098896,0.9887699138156176,0.0438756855575868,0.286193087838426,0.7962044049795421,0.9494210847044484,0.7066187864542526,91.4686166971359,0.9865935405240708,0.9293113954905544,0.991468616697136,0.9859841560024376,0.902498476538696,0.9859841560024376,0.9939061547836684,0.967702620353443,0.992078001218769,0.0621572212065813,0.7964655697745278,0.9445460085313832,0,1,1,0,0,0,1,3,0.4499999999999999,97.83668494820232,1,0.9750152346130408,multi_method_market_stress_non_event,"Multiple methods agree and market stress variables are elevated, but no event-window label is present.",medium_high,"False-alert taxonomy is an error-review framework. Non-event-window alerts are not proof of model failure, and event-window hits are not verified fraud ground truth."
2023-11-10,45.4423713684082,57.34910202026367,45.21684646606445,56.64385223388672,56.64385223388672,3795204638,SOL,SOL-USD,4.036783459676644,0.2202844401718824,0.2202844401718824,0,0.0806758976933027,0.0572657207363218,22.057004169660352,1.7461793031952142,3.2964045058030855,3.8721386484958087,0.0,0.2141848598874283,2.809463880393634,0.0,0,0,,0,0,,,,0,,,,,,,,,,,,,4093179006.0,22.1325877684136,1.4325010303866572,Solana,470039052.0,19.968326340705833,1.749632270000979,0.9948637590319492,0.9390615478366848,0.9775398276312351,0.0438756855575868,0.286193087838426,0.8857839296596152,0.8261513014712284,0.697419691825542,90.29337511970054,0.9737964655697744,0.8659354052407069,0.9932967702620352,0.9707495429616088,0.8860450944546009,0.9707495429616088,0.9963436928702012,0.9335770871419866,0.9780621572212066,0.0621572212065813,0.8860450944546009,0.7806215722120659,0,1,1,0,0,0,0,2,0.35,96.79637851484286,1,0.9609993906154783,multi_method_market_stress_non_event,"Multiple methods agree and market stress variables are elevated, but no event-window label is present.",medium_high,"False-alert taxonomy is an error-review framework. Non-event-window alerts are not proof of model failure, and event-window hits are not verified fraud ground truth."
2024-01-03,106.61653137207033,109.84809112548828,92.92366790771484,98.5944366455078,98.5944366455078,5472216595,SOL,SOL-USD,4.591014836543174,-0.078173935253381,0.078173935253381,1,0.0537359883665911,0.0602558009601857,22.42294959908563,1.3126742061315544,-1.558225101159304,0.79746701629889,-0.1861550437753627,0.1716569797809637,2.3191745569403412,0.0,0,0,,0,0,,,,0,,,,,,,,,,,,,7408261366.0,22.725861615390365,2.0840400644092423,Solana,1444589367.0,21.09109094373115,1.0378987651445948,0.8247584225646383,0.889527291721076,0.9630887089753636,0.8793418647166362,0.286193087838426,0.9534256115608948,0.5410464002785758,0.7879899016279271,97.9193871332811,0.8970140158439975,0.8372943327239488,0.9238269347958562,0.9372333942717856,0.9664838513101768,0.9372333942717856,0.8226691042047533,0.8756855575868373,0.9591712370505788,0.6502132845825715,0.9536867763558804,0.4692260816575259,1,0,0,0,0,1,1,3,0.35,96.79637851484286,1,0.9609993906154783,multi_method_market_stress_non_event,"Multiple methods agree and market stress variables are elevated, but no event-window label is present.",medium_high,"False-alert taxonomy is an error-review framework. Non-event-window alerts are not proof of model failure, and event-window hits are not verified fraud ground truth."
2024-02-28,108.39923858642578,118.0522003173828,107.46087646484376,118.0522003173828,118.0522003173828,5029492553,SOL,SOL-USD,4.77112690221748,0.0854087416558639,0.0854087416558639,0,0.0454076646870433,0.0319657523323008,22.338584932072315,2.353543869313282,2.515036206764788,3.2272072241403778,0.0,0.0897172930624275,2.1866273400974197,0.0,0,0,,0,0,,,,0,,,,,,,,,,,,,9470118462.0,22.97140725335866,3.079686331150701,Solana,2144502181.0,21.48617327940729,1.5874912350724768,0.9867676503873944,0.977713937494559,0.9578654130756508,0.0438756855575868,0.286193087838426,0.9918168364237834,0.7770523200139288,0.7019012797074954,90.90275964133367,0.9823278488726388,0.9018890920170628,0.984156002437538,0.9786715417428398,0.8970140158439975,0.9786715417428398,0.9896404631322364,0.975624619134674,0.9549055453991468,0.0621572212065813,0.992078001218769,0.7221206581352834,0,1,1,0,0,1,0,3,0.3999999999999999,97.4797597283886,1,0.9707495429616088,multi_method_market_stress_non_event,"Multiple methods agree and market stress variables are elevated, but no event-window label is present.",medium_high,"False-alert taxonomy is an error-review framework. Non-event-window alerts are not proof of model failure, and event-window hits are not verified fraud ground truth."
2024-02-29,118.2387466430664,134.4656982421875,117.66751861572266,125.71151733398438,125.71151733398438,6950123902,SOL,SOL-USD,4.833989736967526,0.0628628347500459,0.0628628347500459,0,0.042211746634756,0.0336350224099587,22.66202532413398,2.7582543260691477,1.65669363779167,1.832055953273311,0.0,0.1336248259722793,3.502481315621181,0.0,0,0,,0,0,,,,0,,,,,,,,,,,,,8746568548.0,22.89192729457023,2.423989147057596,Solana,2301826901.0,21.556968949805466,2.1063546076930817,0.9350570209802386,0.9916427265604596,0.9878993644989988,0.0438756855575868,0.286193087838426,0.9710977626882564,0.90685122312179,0.7038922259946025,91.16392443631932,0.9811090798293725,0.9092017062766604,0.9865935405240708,0.9811090798293725,0.8976234003656307,0.9811090798293725,0.9347958561852528,0.9932967702620352,0.9908592321755028,0.0621572212065813,0.971358927483242,0.8890920170627666,0,1,1,0,0,1,0,3,0.3999999999999999,97.4797597283886,1,0.9707495429616088,multi_method_market_stress_non_event,"Multiple methods agree and market stress variables are elevated, but no event-window label is present.",medium_high,"False-alert taxonomy is an error-review framework. Non-event-window alerts are not proof of model failure, and event-window hits are not verified fraud ground truth."
2024-03-05,133.15936279296875,142.65093994140625,109.53875732421876,125.70671081542967,125.70671081542967,8980294607,SOL,SOL-USD,4.833951501724277,-0.0578595654499798,0.0578595654499798,1,0.0466314321733529,0.033584419379197,22.918298525849327,2.610664350194834,-1.9958198361414616,1.483662189998609,-0.0562175222017542,0.2634082333583991,4.519420370835497,0.0,0,0,,0,0,,,,0,,,,,,,,,,,,,13802678591.0,23.348128511143997,2.68400608813542,Solana,2644829513.0,21.69587244422467,2.091119475142842,0.90824410202838,0.9865935405240708,0.9955601984852442,0.6401149125097937,0.286193087838426,0.982676068599286,0.9029337511970054,0.8061695830068774,98.69417602507184,0.9859841560024376,0.9725776965265084,0.9981718464351006,0.9945155393053016,0.9780621572212066,0.9945155393053016,0.91102985984156,0.9902498476538696,0.9981718464351006,0.251066422912858,0.9829372333942716,0.8842169408897014,1,1,1,0,0,1,1,5,0.7000000000000001,99.29050230695567,1,0.9926873857404022,multi_method_market_stress_non_event,"Multiple methods agree and market stress variables are elevated, but no event-window label is present.",medium_high,"False-alert taxonomy is an error-review framework. Non-event-window alerts are not proof of model failure, and event-window hits are not verified fraud ground truth."
2024-03-19,195.9927520751953,198.24107360839844,166.17674255371094,170.0162811279297,170.0162811279297,11658593922,SOL,SOL-USD,5.135894203805242,-0.14218347553334,0.14218347553334,1,0.0855260656050478,0.0515568291500001,23.179309420803055,1.3637227614392156,-3.0266544655640755,2.892327367324082,-0.1588497829971531,0.1885956500281318,2.0289570633930367,0.0,0,0,,0,1,E005,network_stress,medium,1,,,,,,,,,,,,,12132052986.0,23.2191167943036,1.2552572499246446,Solana,4098443240.0,22.13387304123632,1.6676776339495307,0.9793679811961348,0.8980586750239401,0.9494210847044484,0.8459998258901367,0.286193087838426,0.8522677809697919,0.8020370854008879,0.8230695568903978,99.1294506833812,0.9360146252285192,0.6282754418037781,0.9701401584399756,0.902498476538696,0.9847653869591712,0.902498476538696,0.9823278488726388,0.8854357099329677,0.9445460085313832,0.570993296770262,0.8525289457647776,0.7507617306520414,1,0,0,0,0,0,1,2,0.3,95.96500391747192,1,0.9515539305301646,event_window_hit_7d,Alert falls within a wider public incident window. This is weak-label evidence only.,high,"False-alert taxonomy is an error-review framework. Non-event-window alerts are not proof of model failure, and event-window hits are not verified fraud ground truth."
2024-04-13,153.6344757080078,154.94395446777344,119.83334350585938,139.34169006347656,139.34169006347656,8976793985,SOL,SOL-USD,4.936929118590255,-0.0976535838619367,0.0976535838619367,1,0.0524223198456118,0.0570731954122347,22.917908638365503,1.1983596899972548,-1.572365597985781,1.4329938584171862,-0.3131618610394644,0.2519749182453547,3.1246161966453654,0.0,0,0,,0,0,,,,0,,,,,,,,,,,,,9845487663.0,23.01027908199051,1.0957478860765706,Solana,3864185981.0,22.07501688412595,-1.4751371671742852,0.9040654653086098,0.8692434926438583,0.9825019587359624,0.967006180900148,0.286193087838426,0.8053451728040394,0.7326543048663707,0.8232367023591886,99.1381561765474,0.9414990859232176,0.7806215722120659,0.9774527726995734,0.9451553930530164,0.9853747714808044,0.9451553930530164,0.9073735527117612,0.850091407678245,0.9829372333942716,0.8964046313223644,0.805606337599025,0.6733698964046313,1,0,0,0,0,0,1,2,0.3,95.96500391747192,1,0.9515539305301646,multi_method_market_stress_non_event,"Multiple methods agree and market stress variables are elevated, but no event-window label is present.",medium_high,"False-alert taxonomy is an error-review framework. Non-event-window alerts are not proof of model failure, and event-window hits are not verified fraud ground truth."
2024-06-27,136.61341857910156,150.7672119140625,135.2449951171875,149.44837951660156,149.44837951660156,2831651846,SOL,SOL-USD,5.0069510456909105,0.0898271453185959,0.0898271453185959,0,0.0401590281296014,0.0337731826747583,21.764126069839357,0.8541000436861805,2.779023358016568,3.0785786548563476,-0.1385412005021208,0.1038633998380069,1.9641702820329747,0.0,0,0,,0,0,,,,0,,,,,,,,,,,,,5607828227.0,22.447429356395048,-0.3945283740182358,Solana,4216378991.0,22.16224253788341,-0.8682006120390222,0.9834595629842432,0.7928092626447288,0.9448942282580308,0.814921215286846,0.286193087838426,0.2401410289892922,0.4621746321929137,0.7510163663271524,95.52537651257944,0.939670932358318,0.7964655697745278,0.979890310786106,0.9506398537477148,0.9421084704448508,0.9506398537477148,0.9872029250457038,0.7745277269957344,0.939670932358318,0.5155393053016454,0.3546617915904936,0.3784277879341864,0,1,0,0,0,0,1,2,0.3,95.96500391747192,1,0.9515539305301646,multi_method_consensus_non_event,"Multiple methods agree, but the alert is outside known public incident windows.",medium,"False-alert taxonomy is an error-review framework. Non-event-window alerts are not proof of model failure, and event-window hits are not verified fraud ground truth."
2024-08-02,167.66053771972656,169.04396057128906,150.08499145507812,152.6382293701172,152.6382293701172,4507521137,SOL,SOL-USD,5.028070607594155,-0.0939397930341172,0.0939397930341172,1,0.0341428203919156,0.0480956930672428,22.22901320254822,1.5637823949675616,-2.0094738908316203,2.034677141226717,-0.1744201017208158,0.1242085236080617,2.429412595051271,0.0,0,0,,0,0,,,,0,,,,,,,,,,,,,6805528723.0,22.641001166431337,0.7366269563008504,Solana,4989080786.0,22.33051751871886,0.5929080474763241,0.9478540959345348,0.9215635065726472,0.9668320710368242,0.8655001305823975,0.286193087838426,0.6950465743884391,0.3613650213284582,0.7971167406633585,98.31983981892574,0.8689823278488726,0.3851310176721511,0.931139549055454,0.7647775746496039,0.9725776965265084,0.7647775746496039,0.9530773918342474,0.914686166971359,0.9658744667885436,0.6130408287629494,0.6953077391834247,0.2413162705667276,1,0,1,0,0,0,0,2,0.35,96.79637851484286,1,0.9609993906154783,market_stress_non_event,Market stress variables are elevated outside known public incident windows.,medium,"False-alert taxonomy is an error-review framework. Non-event-window alerts are not proof of model failure, and event-window hits are not verified fraud ground truth."
2024-08-05,138.0526885986328,139.14146423339844,110.60955810546876,129.8643035888672,129.8643035888672,14114308949,SOL,SOL-USD,4.866490086750431,-0.0611626798393851,0.0611626798393851,1,0.0262551983339988,0.0454019613657459,23.370454938898625,3.6121834126775703,-1.2751583439242666,0.9536169417204008,-0.2975982557618438,0.2197055336950624,4.152716345531793,0.0,0,0,,0,0,,,,0,,,,,,,,,,,,,18224217405.0,23.626017173233283,4.169908207502609,Solana,4386500058.0,22.201797492983072,-0.8861489846048562,0.8491338034299644,0.9986941760250718,0.9933838251936972,0.9609123356838164,0.286193087838426,0.9997388352050144,0.4708801253591016,0.8319456777226429,99.31226603987116,0.9939061547836684,0.9865935405240708,0.995734308348568,0.9969530773918344,0.9890310786106032,0.9969530773918344,0.8476538695917124,0.9993906154783668,0.9963436928702012,0.8726386349786716,1.0,0.3863497867154174,1,1,0,0,0,1,1,4,0.55,98.61582658657612,1,0.9823278488726387,multi_method_market_stress_non_event,"Multiple methods agree and market stress variables are elevated, but no event-window label is present.",medium_high,"False-alert taxonomy is an error-review framework. Non-event-window alerts are not proof of model failure, and event-window hits are not verified fraud ground truth."
2024-08-06,129.86294555664062,149.35296630859375,129.78857421875,144.09036254882812,144.09036254882812,5813459735,SOL,SOL-USD,4.970440620469293,0.1039505337188622,0.1039505337188622,0,0.0638462316696023,0.0468587128747902,22.483441710100728,1.4729601568765731,2.1548211988729316,2.4995543226146477,-0.2206532573984289,0.1357786304633242,1.6908505390362956,0.0,0,0,,0,0,,,,0,,,,,,,,,,,,,7384186571.0,22.722606600891677,0.6868678945962682,Solana,4131063868.0,22.14180080614687,-1.5094866313398532,0.9683120048750762,0.9108557499782364,0.9290502306955688,0.91242273874815,0.286193087838426,0.6822494994341429,0.7459737094106381,0.8199260033080874,99.07721772438408,0.8738574040219378,0.5307739183424741,0.939670932358318,0.832114564290067,0.9829372333942716,0.832114564290067,0.9695307739183424,0.9018890920170628,0.9207800121876905,0.7263863497867155,0.6825106642291285,0.6904326630103595,1,0,1,0,0,0,0,2,0.35,96.79637851484286,1,0.9609993906154783,isolated_anomaly_review,High score is driven by limited or isolated signals. Treat as likely false-alert candidate for manual review.,low,"False-alert taxonomy is an error-review framework. Non-event-window alerts are not proof of model failure, and event-window hits are not verified fraud ground truth."
2024-10-01,152.61846923828125,157.25819396972656,142.8423309326172,145.28988647460938,145.28988647460938,3656164855,SOL,SOL-USD,4.978730963711956,-0.049210178209841,0.049210178209841,1,0.035131356212734,0.0335128640637952,22.019680581425423,1.7844136603077192,-1.589067020128875,1.173587891751708,-0.0840909622148917,0.0992213800072634,2.2265150759006014,0.0,0,0,,0,0,,,,0,,,,,,,,,,,,,7509659579.0,22.73945597280026,2.4111431342486407,Solana,5276698442.0,22.386566444199836,1.7052482627530758,0.8769913815617655,0.9432401845564552,0.9600417863671976,0.7064507704361452,0.286193087838426,0.96987899364499,0.8126577870636371,0.791883868721163,98.09349699660486,0.9140767824497258,0.7312614259597806,0.9177330895795248,0.9122486288848264,0.9689213893967094,0.9122486288848264,0.8732480195003047,0.9378427787934186,0.9573430834856794,0.3327239488117002,0.9701401584399756,0.7659963436928702,1,0,0,0,0,1,1,3,0.35,96.79637851484286,1,0.9609993906154783,multi_method_market_stress_non_event,"Multiple methods agree and market stress variables are elevated, but no event-window label is present.",medium_high,"False-alert taxonomy is an error-review framework. Non-event-window alerts are not proof of model failure, and event-window hits are not verified fraud ground truth."
2024-10-25,177.15713500976562,177.1919403076172,160.0352783203125,164.75689697265625,164.75689697265625,4869966180,SOL,SOL-USD,5.104471035769842,-0.0725649516788253,0.0725649516788253,1,0.039619141874807,0.0323555509611636,22.306352829663616,1.840546473032296,-2.3530728614357477,2.4219514799773467,-0.0699946607095838,0.1041331944370867,2.694370188412055,0.0,0,0,,0,0,,,,0,,,,,,,,,,,,,7969640239.0,22.798905189457457,1.482409454682312,Solana,6679281273.0,22.622276224993772,2.4380410228450895,0.9657003569252198,0.9488987551144772,0.9743187951597458,0.6728475668146601,0.286193087838426,0.8949246974841125,0.9521197875859668,0.8121650561504309,98.89440236789414,0.9591712370505788,0.5868372943327239,0.9488117001828154,0.8860450944546009,0.9804996953077392,0.8860450944546009,0.9670932358318098,0.9463741620962828,0.9744058500914076,0.287629494210847,0.8951858622790981,0.9488117001828154,1,0,1,0,0,0,0,2,0.35,96.79637851484286,1,0.9609993906154783,market_stress_non_event,Market stress variables are elevated outside known public incident windows.,medium,"False-alert taxonomy is an error-review framework. Non-event-window alerts are not proof of model failure, and event-window hits are not verified fraud ground truth."
2024-11-06,166.72239685058594,189.9154815673828,166.6982421875,186.9547882080078,186.9547882080078,9822932731,SOL,SOL-USD,5.230866813333743,0.1145366783690473,0.1145366783690473,0,0.0555188570808365,0.0367246372490944,23.007985563605924,2.9692736023246797,2.8817982195640415,3.472631253609568,0.0,0.1241863853952276,3.41584125409775,0.0,0,0,,0,0,,,,0,,,,,,,,,,,,,12774459413.0,23.270713656211285,3.0580814709813473,Solana,5867375256.0,22.49267322547198,0.148389226916856,0.9907721772438408,0.9947767041002872,0.987115870114042,0.0438756855575868,0.286193087838426,0.9905980673805173,0.2068425176286236,0.6825472273004265,88.68285888395577,0.9945155393053016,0.9482023156611822,0.987812309567337,0.9908592321755028,0.8689823278488726,0.9908592321755028,0.992078001218769,0.9945155393053016,0.987812309567337,0.0621572212065813,0.9908592321755028,0.0962827544180377,0,1,1,0,0,1,0,3,0.3999999999999999,97.4797597283886,1,0.9707495429616088,multi_method_market_stress_non_event,"Multiple methods agree and market stress variables are elevated, but no event-window label is present.",medium_high,"False-alert taxonomy is an error-review framework. Non-event-window alerts are not proof of model failure, and event-window hits are not verified fraud ground truth."
2024-11-12,222.6416778564453,225.0115203857422,205.44786071777344,212.2318115234375,212.2318115234375,11308516682,SOL,SOL-USD,5.357679127872609,-0.0478845255026039,0.0478845255026039,1,0.0507899318549917,0.0392188435591927,23.14882196754502,2.269327807480303,-1.52978823441303,0.6320424708522676,-0.0467561439225223,0.0921806185770989,1.625828987094997,0.0,0,0,,0,0,,,,0,,,,,,,,,,,,,18605314462.0,23.646713100671494,2.68790893911897,Solana,7487029676.0,22.73643798399103,2.8461705853251886,0.7946374162096282,0.9747540698180552,0.9254809784974318,0.6150430921911726,0.286193087838426,0.9832854531209192,0.9824149038043004,0.7659223470009575,96.67450161051624,0.9573430834856794,0.8427787934186471,0.8336380255941499,0.9323583180987204,0.9518586227909812,0.9323583180987204,0.7946374162096282,0.971358927483242,0.9165143205362584,0.2254722730042657,0.9835466179159048,0.979890310786106,1,0,0,0,0,1,1,3,0.35,96.79637851484286,1,0.9609993906154783,multi_method_market_stress_non_event,"Multiple methods agree and market stress variables are elevated, but no event-window label is present.",medium_high,"False-alert taxonomy is an error-review framework. Non-event-window alerts are not proof of model failure, and event-window hits are not verified fraud ground truth."
2025-01-18,219.6206970214844,268.74658203125,217.57504272460935,261.8697509765625,261.8697509765625,23186958912,SOL,SOL-USD,5.567847246471938,0.1759411238795127,0.1759411238795127,0,0.0680689538691653,0.0512704183434043,23.866855841753384,3.5469863005017763,3.237545996069802,3.8114515996933847,0.0,0.1954083628056015,3.507517548320741,0.0,0,0,,0,0,,,,0,,,,,,,,,,,,,48457866071.0,24.60396051653238,3.796099559751253,Solana,10385490885.0,23.063675561910365,2.846006012006996,0.9939061547836684,0.99860712109341,0.9880734743623226,0.0438756855575868,0.286193087838426,0.9991294506833812,0.9822407939409769,0.7232950291634019,93.27935927570296,0.9987812309567335,0.991468616697136,0.9926873857404022,0.9981718464351006,0.9201706276660572,0.9981718464351006,0.995734308348568,0.9987812309567335,0.991468616697136,0.0621572212065813,0.9993906154783668,0.9792809262644728,0,1,1,0,0,1,1,4,0.5,98.24584312701316,1,0.9786715417428398,multi_method_market_stress_non_event,"Multiple methods agree and market stress variables are elevated, but no event-window label is present.",medium_high,"False-alert taxonomy is an error-review framework. Non-event-window alerts are not proof of model failure, and event-window hits are not verified fraud ground truth."
2025-01-19,261.8724365234375,294.3349609375,239.6105804443359,250.58636474609375,250.58636474609375,33172955667,SOL,SOL-USD,5.523803630551075,-0.044043615920863,0.044043615920863,1,0.07513292707686,0.0521853153617785,24.225000792598255,3.400716561151061,-1.0067847906427387,0.1625628551188235,-0.0430877800448156,0.2183853081895077,3.296523887725504,0.0,0,0,,0,0,,,,0,,,,,,,,,,,,,44819611698.0,24.52591164171629,2.957942226423091,Solana,11303167433.0,23.148348827280714,3.265035246285861,0.6770262035344302,0.9981718464351006,0.9854618264124664,0.6050317750500566,0.286193087838426,0.9887699138156176,0.994254374510316,0.7541237921128232,95.70819186906938,0.9926873857404022,0.995734308348568,0.9835466179159048,0.9963436928702012,0.9439366240097502,0.9963436928702012,0.664229128580134,0.9975624619134674,0.9865935405240708,0.2132845825716026,0.9890310786106032,0.9932967702620352,0,1,0,0,0,1,1,3,0.35,96.79637851484286,1,0.9609993906154783,multi_method_market_stress_non_event,"Multiple methods agree and market stress variables are elevated, but no event-window label is present.",medium_high,"False-alert taxonomy is an error-review framework. Non-event-window alerts are not proof of model failure, and event-window hits are not verified fraud ground truth."
2025-02-24,168.03811645507812,169.56248474121094,140.56651306152344,141.98948669433594,141.98948669433594,7062261489,SOL,SOL-USD,4.955753017496528,-0.1684378198337048,0.1684378198337048,1,0.068304134458698,0.045135347656323,22.67803116152127,1.047218281237208,-3.296324667540322,4.077725813093764,-0.4105469482922729,0.2042121029855386,3.4782726271133,0.0,0,0,,0,0,,,,0,,,,,,,,,,,,,15536902321.0,23.46648382623726,0.6086503356748026,Solana,8249930050.0,22.83347055859039,-1.2859397738628802,0.99582136328023,0.8376425524505964,0.987812309567337,0.9880734743623226,0.286193087838426,0.6584835030904501,0.6489074606076434,0.830952380952381,99.2861495603726,0.9896404631322364,0.9695307739183424,0.9963436928702012,0.9939061547836684,0.987812309567337,0.9939061547836684,0.9981718464351006,0.817794028031688,0.9902498476538696,0.947592931139549,0.6587446678854357,0.5825716026812919,1,1,0,1,0,0,1,4,0.65,98.87699138156177,1,0.9875076173065204,multi_method_market_stress_non_event,"Multiple methods agree and market stress variables are elevated, but no event-window label is present.",medium_high,"False-alert taxonomy is an error-review framework. Non-event-window alerts are not proof of model failure, and event-window hits are not verified fraud ground truth."
2025-02-28,137.6207733154297,148.183837890625,125.74221801757812,148.03001403808594,148.03001403808594,7544673033,SOL,SOL-USD,4.997415050758105,0.0729129460401569,0.0729129460401569,0,0.0787678334282243,0.0488965468943628,22.744107592773272,1.1738127209614937,1.785454915195527,1.0505765556035491,-0.3806875378599967,0.1516018222309496,1.8173206718448685,0.0,0,0,,0,0,,,,0,,,,,,,,,,,,,13886886904.99,23.35421084375421,0.325179586802208,Solana,7174101198.0,22.693743322313296,-1.867067264811877,0.8613214938626274,0.8637590319491599,0.9374075041351092,0.9846783320275092,0.286193087838426,0.5798728997997736,0.8568816923478715,0.8028475668146599,98.54618264124665,0.8848263254113345,0.6575258988421694,0.8641072516758075,0.8592321755027422,0.9762340036563072,0.8592321755027422,0.858622790981109,0.8439975624619135,0.931139549055454,0.9408897014015845,0.5801340645947592,0.8153564899451554,1,0,0,1,0,0,0,2,0.35,96.79637851484286,1,0.9609993906154783,market_stress_non_event,Market stress variables are elevated outside known public incident windows.,medium,"False-alert taxonomy is an error-review framework. Non-event-window alerts are not proof of model failure, and event-window hits are not verified fraud ground truth."
2025-03-02,143.67672729492188,178.50856018066406,140.29757690429688,178.49549865722656,178.49549865722656,11540413390,SOL,SOL-USD,5.184563383295151,0.2170046723112975,0.2170046723112975,0,0.119871520113502,0.0637961455980638,23.16912091982843,1.848784965686308,3.5377018144648473,3.7368082057175807,-0.1742038218134253,0.2140725315978167,2.7664778643671255,0.0,0,0,,0,0,,,,0,,,,,,,,,,,,,15827342200.0,23.485004800407093,0.7928919471176294,Solana,7378006777.0,22.721769354797622,-1.493711194165949,0.9937320449203448,0.9495951945677724,0.9765822233829546,0.8652389657874119,0.286193087838426,0.7182031862104988,0.7404892487159398,0.8340776529990424,99.3557935057021,0.9768433881779404,0.8561852528945765,0.992078001218769,0.9683120048750762,0.9896404631322364,0.9683120048750762,0.9951249238269348,0.947592931139549,0.9774527726995734,0.6124314442413162,0.7184643510054844,0.6837294332723949,1,1,1,0,0,0,1,4,0.65,98.87699138156177,1,0.9875076173065204,multi_method_market_stress_non_event,"Multiple methods agree and market stress variables are elevated, but no event-window label is present.",medium_high,"False-alert taxonomy is an error-review framework. Non-event-window alerts are not proof of model failure, and event-window hits are not verified fraud ground truth."
2025-03-03,178.4952392578125,178.6346435546875,139.79010009765625,142.02108764648438,142.02108764648438,9241009702,SOL,SOL-USD,4.955975551128258,-0.2285878321668928,0.2285878321668928,1,0.1357797670492268,0.0744024892151726,22.94691699184635,1.3315271566472358,-2.889078783318048,3.152143859909952,-0.3429499775476879,0.2735125050846124,3.1446707434588297,0.0,0,0,,0,0,,,,0,,,,,,,,,,,,,14841633254.0,23.420702126244304,0.5621676000353879,Solana,8396303793.0,22.85105742143267,-0.277311143884752,0.9852006616174808,0.893096543919213,0.9831113432575956,0.9761469487246452,0.286193087838426,0.6444676590928876,0.2529816314094193,0.8151075128406022,98.94663532689128,0.979890310786106,0.8750761730652041,0.9817184643510056,0.9719683120048752,0.9817184643510056,0.9719683120048752,0.9890310786106032,0.8799512492382694,0.984156002437538,0.9201706276660572,0.6447288238878732,0.1316270566727605,1,1,0,1,0,0,1,4,0.65,98.87699138156177,1,0.9875076173065204,multi_method_market_stress_non_event,"Multiple methods agree and market stress variables are elevated, but no event-window label is present.",medium_high,"False-alert taxonomy is an error-review framework. Non-event-window alerts are not proof of model failure, and event-window hits are not verified fraud ground truth."
2025-04-07,105.7120132446289,111.47198486328124,96.58806610107422,106.90277862548828,106.90277862548828,8644174246,SOL,SOL-USD,4.671919810447995,0.0112012698707335,0.0112012698707335,0,0.060135876113315,0.0505763701005966,22.880151433532255,2.4434473446792113,0.3846831566909229,-0.8714728142426797,-0.2566753518971912,0.1392285490945912,1.735478210883174,0.0,0,0,,0,0,,,,0,,,,,,,,,,,,,13404268895.0,23.31883906749761,2.259086875911094,Solana,6128839362.0,22.536271231773856,-2.635111480133314,0.312744841995299,0.9811090798293725,0.9328806476886916,0.9407155915382608,0.286193087838426,0.9619569948637592,0.9693566640550187,0.7192835379124228,92.88761208322452,0.9725776965265084,0.967702620353443,0.8543570993296771,0.9652650822669104,0.9128580134064594,0.9652650822669104,0.170018281535649,0.9811090798293725,0.9250457038391224,0.8135283363802559,0.9622181596587448,0.9683120048750762,0,1,0,0,0,1,1,3,0.35,96.79637851484286,1,0.9609993906154783,multi_method_market_stress_non_event,"Multiple methods agree and market stress variables are elevated, but no event-window label is present.",medium_high,"False-alert taxonomy is an error-review framework. Non-event-window alerts are not proof of model failure, and event-window hits are not verified fraud ground truth."
2025-04-09,105.50959014892578,120.47077178955078,101.43473815917967,119.05754089355467,119.05754089355467,7096350476,SOL,SOL-USD,4.779606913165852,0.1207804051022094,0.1207804051022094,0,0.0755407095203531,0.0525810981073098,22.682846471517543,1.80907509013672,2.292940102167438,2.360485991661034,-0.1721599211305526,0.1598893567555757,2.1912930956256225,0.0,0,0,,0,0,,,,0,,,,,,,,,,,,,11726500316.0,23.185117101898697,1.8026424135223424,Solana,6099923066.0,22.531541996078932,-2.191844754543378,0.962653434317054,0.9458518325063114,0.9582136328022982,0.8627143727692174,0.286193087838426,0.9314877687821016,0.9200835727343954,0.8424497257769652,99.51249238269348,0.9500304692260816,0.7336989640463132,0.9299207800121876,0.926873857404022,0.992078001218769,0.926873857404022,0.9646556977452772,0.9402803168799512,0.95551492992078,0.6045094454600853,0.9317489335770872,0.9085923217550276,1,0,1,0,0,0,1,3,0.4499999999999999,97.83668494820232,1,0.9750152346130408,multi_method_market_stress_non_event,"Multiple methods agree and market stress variables are elevated, but no event-window label is present.",medium_high,"False-alert taxonomy is an error-review framework. Non-event-window alerts are not proof of model failure, and event-window hits are not verified fraud ground truth."
2025-06-23,131.61585998535156,146.59849548339844,131.16085815429688,144.8467254638672,144.8467254638672,5742740781,SOL,SOL-USD,4.975676117566094,0.0957898646082222,0.0957898646082222,0,0.0480111796075914,0.0348706572414105,22.471202421470004,1.5957972914912066,2.9334546218094473,3.064333927582552,-0.1808015526728202,0.1065791254835965,2.6787949383314844,0.0,0,0,,0,0,,,,0,,,,,,,,,,,,,13685098210.0,23.339573355956965,0.8968738583855973,Solana,7796368413.0,22.77692387427352,-2.080475231275716,0.9829372333942716,0.9254809784974318,0.9737094106381128,0.873770349090276,0.286193087838426,0.7498911813354227,0.9011926525637676,0.8380003482197266,99.39932097153304,0.9719683120048752,0.7397928092626447,0.9786715417428398,0.943327239488117,0.9908592321755028,0.943327239488117,0.9865935405240708,0.918342474101158,0.9737964655697744,0.6337599024984766,0.7501523461304083,0.882388787324802,1,0,1,0,0,0,1,3,0.4499999999999999,97.83668494820232,1,0.9750152346130408,multi_method_market_stress_non_event,"Multiple methods agree and market stress variables are elevated, but no event-window label is present.",medium_high,"False-alert taxonomy is an error-review framework. Non-event-window alerts are not proof of model failure, and event-window hits are not verified fraud ground truth."
2021-01-07,0.999680995941162,1.000319004058838,0.9976540207862854,0.9979119896888732,0.9979119896888732,2265386969,USDC,USDC-USD,-0.0020901932438431,-0.0017711382923868,0.0017711382923868,1,0.000787761289821,,21.541011428970723,0.0,,,0.0,0.0026705594281749,0.0,0.0020880103111268,0,0,,0,0,,,,0,27131.0,45303.0,4475379769.397701,4477456106.351074,10.20846912206597,,10.72115060779364,,22.22185704996575,,22.222320888914425,,1434981885.0,21.08441806308181,1.6346587537274402,Ethereum,20582691137.0,23.747716323526387,2.6913597489331424,0.312744841995299,0.2590319491599199,0.3100896665796117,0.0438756855575868,0.9945155393053016,0.9150343866980064,0.9728823887873248,0.4127713937494559,32.18420823539653,0.9274832419256552,0.9719683120048752,0.9768433881779404,0.9731870810481412,0.3046922608165752,0.9731870810481412,0.6048141377209019,0.4881170018281535,0.6209628275441804,0.0225472273004265,0.915295551492992,0.964046313223644,0,1,0,0,0,1,0,2,0.25,95.14668755985026,1,0.9606946983546618,defi_context_shock_non_event,DeFi or chain-context variables are unusual outside known public incident windows.,low,"False-alert taxonomy is an error-review framework. Non-event-window alerts are not proof of model failure, and event-window hits are not verified fraud ground truth."
2021-03-17,0.9999939799308776,1.0020970106124878,0.998665988445282,0.9989020228385924,0.9989020228385924,1782793504,USDC,USDC-USD,-0.0010985803799182,-0.0010925602926751,0.0010925602926751,1,0.0004254716359842,0.0002730201442049,21.301447355884424,-0.3625062740673664,-3.862870975393253,4.34066709499037,-0.0013935613378524,0.0034347934920141,2.2954986368260335,0.0010979771614075,0,0,,0,0,,,,0,29308.0,46785.0,9582267020.943935,9585434349.624325,10.285649915074456,-0.0314023313792482,10.753339291853711,-0.4418118731409416,22.983180042055583,1.1730200559563233,22.98351052807972,1.1753826201319464,2466767571.0,21.626174455219303,-0.3808141969014255,Ethereum,42461153597.0,24.471855461905676,1.3615027068961885,0.997040132323496,0.2590319491599199,0.9623922695220684,0.4283973187081048,0.9744058500914076,0.2401410289892922,0.6875163227996866,0.6991163924436319,90.62418386001568,0.9707495429616088,0.9134673979280926,0.9646556977452772,0.962827544180378,0.9482023156611822,0.962827544180378,0.9969530773918344,0.3327239488117002,0.9622181596587448,0.9347958561852528,0.3583180987202925,0.6380255941499086,0,1,0,1,0,0,1,3,0.4499999999999999,97.83668494820232,1,0.985679463741621,multi_method_market_stress_non_event,"Multiple methods agree and market stress variables are elevated, but no event-window label is present.",medium_high,"False-alert taxonomy is an error-review framework. Non-event-window alerts are not proof of model failure, and event-window hits are not verified fraud ground truth."
2021-03-21,1.0020910501480105,1.002571940422058,0.9992809891700744,1.0009620189666748,1.0009620189666748,1265098606,USDC,USDC-USD,0.0009615565229913,-0.0011871457825771,0.0011871457825771,1,0.001226272950168,0.0005872451061236,20.958415906285563,-1.2851273421935865,-2.0732348012246145,1.7713348957596806,-0.0014723407220712,0.0032877883372449,1.5522318754071367,0.0009620189666748,0,0,,0,0,,,,0,30432.0,268184.0,10505460178.51776,10505294582.987446,10.323282824952448,0.419239372584816,12.49943231985403,2.3305606952856266,23.075160976044785,1.9524760267693664,23.07514521311459,1.9497579667326284,2220613413.0,21.521049307275913,-0.6806969584072857,Ethereum,44857245016.0,24.5267509512458,1.5902226103478383,0.9306172194654828,0.2590319491599199,0.9200835727343954,0.4347523287194219,0.964089840689475,0.2401410289892922,0.777618177069731,0.6810925393923566,88.56968747279534,0.9744058500914076,0.8208409506398537,0.9564290067032296,0.939670932358318,0.9335770871419866,0.939670932358318,0.9250457038391224,0.1109079829372333,0.9293113954905544,0.9414990859232176,0.2626447288238879,0.7471054235222425,0,0,0,1,0,0,1,2,0.25,95.14668755985026,1,0.9606946983546618,isolated_anomaly_review,High score is driven by limited or isolated signals. Treat as likely false-alert candidate for manual review.,low,"False-alert taxonomy is an error-review framework. Non-event-window alerts are not proof of model failure, and event-window hits are not verified fraud ground truth."
2021-03-22,1.0009889602661133,1.0039889812469482,0.9990890026092528,1.0013099908828735,1.0013099908828735,1380781628,USDC,USDC-USD,0.0013091335934294,0.0003475770704381,0.0003475770704381,0,0.0012284209572143,0.0005883614020244,21.045915573598904,-0.9244391071926048,0.5082006401190481,0.0422468923146513,-0.0011252150805458,0.0048935681080891,2.5487509261861923,0.0013099908828735,0,0,,0,0,,,,0,40950.0,317281.0,10530028894.770811,10529089652.117449,10.620131509007471,2.8021059862609623,12.667546247314188,2.266230375805848,23.07749690722631,1.8834272265105405,23.077407706659645,1.8801155268040215,2928871625.0,21.79788307522106,0.653362815549683,Ethereum,43575281561.0,24.497755889880672,1.2095913891419297,0.6388961434665273,0.2590319491599199,0.9700531035083138,0.4062853660659876,0.9831983981892576,0.6724993470880125,0.6157830591102986,0.6369857229912075,82.52807521546096,0.9853747714808044,0.8957952468007313,0.9689213893967094,0.9634369287020108,0.8805606337599025,0.9634369287020108,0.6252285191956124,0.1815965874466788,0.9701401584399756,0.906764168190128,0.6727605118829981,0.5521023765996343,0,1,0,1,0,0,0,2,0.35,96.79637851484286,1,0.9792809262644728,market_stress_non_event,Market stress variables are elevated outside known public incident windows.,medium,"False-alert taxonomy is an error-review framework. Non-event-window alerts are not proof of model failure, and event-window hits are not verified fraud ground truth."
2021-03-24,1.000938057899475,1.0023130178451538,0.9998610019683838,1.001554012298584,1.001554012298584,1916803425,USDC,USDC-USD,0.0015528060709719,0.0007491816148904,0.0007491816148904,0,0.0011459541900605,0.0006110561927257,21.37392475323773,0.3214717878332778,1.1453757638275714,0.7902669835208208,-0.0008817871298084,0.0024482113262594,0.6297114592300824,0.0015540122985839,0,0,,0,0,,,,0,36280.0,325528.0,10695725267.65148,10698904695.602932,10.49904946724502,1.576186557183292,12.693206830364147,1.844212706814044,23.093109990987184,1.8715469848359725,23.093407208371172,1.8735025067099689,2964595962.0,21.810006591307964,0.860374982854732,Ethereum,41555441596.0,24.45029431470278,0.6630791197959387,0.823539653521372,0.6274048924871594,0.8022982501958736,0.3710281187429268,0.9889440236789414,0.7389222599460259,0.385174545137982,0.699967354400627,90.71994428484372,0.9128580134064594,0.8903107861060329,0.9744058500914076,0.947592931139549,0.9500304692260816,0.947592931139549,0.8123095673369897,0.6148689823278489,0.8019500304692261,0.8677635588056063,0.7391834247410116,0.2912858013406459,1,0,0,0,0,0,1,2,0.3,95.96500391747192,1,0.9707495429616088,multi_method_consensus_non_event,"Multiple methods agree, but the alert is outside known public incident windows.",medium,"False-alert taxonomy is an error-review framework. Non-event-window alerts are not proof of model failure, and event-window hits are not verified fraud ground truth."
2021-04-02,1.000704050064087,1.00198495388031,0.9989759922027588,1.000349998474121,1.000349998474121,1645041684,USDC,USDC-USD,0.0003499372389428,-0.0005187210889697,0.0005187210889697,1,0.0008331920617066,0.000721346932653,21.221031561268216,0.377662888434923,-0.7351776069642733,0.0345989558180315,-0.0020828727685225,0.003007908914021,0.9555978123244394,0.000349998474121,0,0,,0,0,,,,0,41154.0,265561.0,11260354872.230291,11258263708.502865,10.625100705406744,2.0511618652489707,12.489603614059442,0.8057634344507739,23.144553975434,1.297032027787665,23.144368247901404,1.2942724328739938,4600931536.0,22.249524627982954,3.059006595985964,Ethereum,48216486293.0,24.598966838815468,2.050724397994571,0.6360233307216854,0.6475145817010534,0.8580134064594759,0.4694872464525115,0.8595803952293898,0.9912074519021502,0.895229389744929,0.7100909724035867,91.86906938278054,0.8769043266301036,0.9079829372333944,0.9402803168799512,0.9299207800121876,0.9549055453991468,0.9299207800121876,0.6203534430225472,0.6380255941499086,0.8641072516758075,0.971358927483242,0.991468616697136,0.8738574040219378,1,0,0,0,0,1,1,3,0.35,96.79637851484286,1,0.9792809262644728,multi_method_consensus_non_event,"Multiple methods agree, but the alert is outside known public incident windows.",medium,"False-alert taxonomy is an error-review framework. Non-event-window alerts are not proof of model failure, and event-window hits are not verified fraud ground truth."
2021-04-03,1.0002930164337158,1.0028640031814575,0.9980999827384948,1.0027910470962524,1.0027910470962524,1521294666,USDC,USDC-USD,0.0027871593565354,0.0024372221175925,0.0024372221175925,0,0.001221646427965,0.0008464640856252,21.142827563872753,-0.1435095849250402,2.775957507265593,3.017429226401124,0.0,0.0047507608456993,2.2839373718063403,0.0027910470962524,0,0,,0,0,,,,0,33051.0,267979.0,11189914226.211802,11176011619.182863,10.405837357821074,0.5982555354277195,12.4986676298426,0.7606474127740063,23.138278694112344,1.1542954771752347,23.13703549864488,1.1403195412876033,3006494514.0,21.824040624061723,0.8702325962430345,Ethereum,49688233582.0,24.629033993186567,2.2068877075995528,0.9822407939409769,0.2590319491599199,0.9621311047270829,0.0438756855575868,0.9974754069818056,0.7437973361190912,0.9226516932184208,0.6667689562113694,86.61965700356924,0.9792809262644728,0.9975624619134674,0.9792809262644728,0.9932967702620352,0.9159049360146252,0.9932967702620352,0.9829372333942716,0.4253503960999391,0.9609993906154785,0.0225472273004265,0.7440585009140768,0.903107861060329,0,1,0,0,0,0,1,2,0.3,95.96500391747192,1,0.9707495429616088,market_stress_non_event,Market stress variables are elevated outside known public incident windows.,medium,"False-alert taxonomy is an error-review framework. Non-event-window alerts are not proof of model failure, and event-window hits are not verified fraud ground truth."
2021-04-04,1.002722978591919,1.011098027229309,1.0009269714355469,1.0029569864273071,1.0029569864273071,1205342903,USDC,USDC-USD,0.002952623142275,0.0001654637857395,0.0001654637857395,0,0.0012212730228672,0.0008465717808569,20.910029931042196,-1.6489816605946388,0.0901004302063378,-0.6715580332831335,0.0,0.0101410687909888,4.1757074411648665,0.0029569864273071,0,0,,0,0,,,,0,24373.0,273763.0,11395813396.642183,11394681065.032864,10.101272269383449,-1.2832513134817285,12.520021700357674,0.7302790364357727,23.15651187907474,1.2896086153540551,23.156412510312727,1.2893508854917994,2635189084.0,21.692220775378463,0.1986588511097384,Ethereum,54931395185.0,24.729350883323004,2.935199146249209,0.312744841995299,0.2590319491599199,0.9936449899886828,0.0438756855575868,0.997823626708453,0.5445285975450509,0.9862017933315922,0.5184151649690955,61.225733437799256,0.9939061547836684,0.9981718464351006,0.9804996953077392,0.9981718464351006,0.6173065204143815,0.9981718464351006,0.2790981109079829,0.0542352224253503,0.992078001218769,0.0225472273004265,0.5447897623400365,0.9847653869591712,0,1,0,0,0,1,0,2,0.25,95.14668755985026,1,0.9606946983546618,market_stress_non_event,Market stress variables are elevated outside known public incident windows.,medium,"False-alert taxonomy is an error-review framework. Non-event-window alerts are not proof of model failure, and event-window hits are not verified fraud ground truth."
2021-04-05,1.0030579566955566,1.0043439865112305,0.9998300075531006,1.0000449419021606,1.0000449419021606,1398732746,USDC,USDC-USD,4.494089230361611e-05,-0.0029076822499714,0.0029076822499714,1,0.0017069091225374,0.001005491466412,21.058832482929887,-0.6487917108811676,-2.8972361364030337,3.0079966278159085,-0.0029034590361842,0.004513776100446,1.0605609662352822,4.494190216064453e-05,0,0,,0,0,,,,0,32394.0,272463.0,11366620932.379065,11367782378.822865,10.385759368884058,0.4452857709631598,12.515261774266389,0.6729358410435029,23.15394690910329,1.1860890459117088,23.154049084333387,1.1883656975832813,3386881196.0,21.943175333993256,1.3567929985094436,Ethereum,55718370912.0,24.743575748406197,2.6680349108195145,0.9819796291459912,0.2590319491599199,0.8714198659354052,0.4826325411334552,0.6342822320884478,0.8760337773134849,0.9714024549490728,0.6875620266388092,89.19648298076086,0.9293113954905544,0.9768433881779404,0.9652650822669104,0.9701401584399756,0.9384521633150518,0.9701401584399756,0.9823278488726388,0.2443631931748933,0.8756855575868373,0.979890310786106,0.8762949421084705,0.9616087751371116,0,1,0,0,0,1,1,3,0.35,96.79637851484286,1,0.9792809262644728,multi_method_consensus_non_event,"Multiple methods agree, but the alert is outside known public incident windows.",medium,"False-alert taxonomy is an error-review framework. Non-event-window alerts are not proof of model failure, and event-window hits are not verified fraud ground truth."
2021-04-07,1.001469969749451,1.002540946006775,1.000797986984253,1.0022369623184204,1.0022369623184204,1821911304,USDC,USDC-USD,0.002234464043218,0.0008124742607151,0.0008124742607151,0,0.0017251444708514,0.0010454330730626,21.323151954577312,1.1566819269628623,0.7054106786270633,0.1099605900961439,-0.0007179012845321,0.0017390687911669,-0.4577355425070227,0.0022369623184204,0,0,,0,0,,,,0,32840.0,391704.0,11357931667.319586,11356372321.764795,10.399433013772668,0.408863410180264,12.878264284443528,0.9594336187065902,23.153182162211657,1.0528416911078164,23.15304486145546,1.0522064277557213,4461184370.0,22.218680121761025,2.170987548941786,Ethereum,56898538750.0,24.764535496747175,2.262922256988897,0.6601375467920257,0.860886219204318,0.3100896665796117,0.3405588926612692,0.996430747801863,0.9583006877339602,0.932575955427875,0.651350657264734,84.53033864368416,0.9323583180987204,0.9731870810481412,0.9780621572212066,0.975624619134674,0.8951858622790981,0.975624619134674,0.64411943936624,0.8671541742839732,0.3241925655088361,0.8324192565508836,0.9585618525289458,0.9165143205362584,0,1,0,0,0,1,0,2,0.25,95.14668755985026,1,0.9606946983546618,defi_context_shock_non_event,DeFi or chain-context variables are unusual outside known public incident windows.,low,"False-alert taxonomy is an error-review framework. Non-event-window alerts are not proof of model failure, and event-window hits are not verified fraud ground truth."
2021-04-12,1.002756953239441,1.002756953239441,0.9998419880867004,1.000370979309082,1.000370979309082,1582588399,USDC,USDC-USD,0.0003709105132721,-0.0024949426497446,0.0024949426497446,1,0.001839327294517,0.0013078120855013,21.182327571401903,0.350395540736705,-1.9112642777701825,1.8499638073098303,-0.0025783828750591,0.0029138841620073,0.0419859511423698,0.000370979309082,0,0,,0,0,,,,0,45151.0,345807.0,11390896282.015917,11386117344.421976,10.71778985465254,2.1427321160510107,12.7536389867237,0.5852521393175206,23.156080301653382,0.7725488853154833,23.155660673536893,0.7679611168032673,4540609927.0,22.236327185350586,1.6957633395642582,Ethereum,56481522030.0,24.75717937790924,1.5081789975291535,0.9367110646818142,0.638460868808218,0.6380255941499086,0.4794115086619657,0.8667188996256638,0.9205188473927048,0.7452337424915122,0.7267663445634194,93.6188735091843,0.858622790981109,0.919561243144424,0.959780621572212,0.935405240706886,0.962827544180378,0.935405240706886,0.9335770871419866,0.6301035953686777,0.6410725167580743,0.975624619134674,0.9207800121876905,0.7056672760511883,1,0,0,0,0,0,1,2,0.3,95.96500391747192,1,0.9707495429616088,multi_method_consensus_non_event,"Multiple methods agree, but the alert is outside known public incident windows.",medium,"False-alert taxonomy is an error-review framework. Non-event-window alerts are not proof of model failure, and event-window hits are not verified fraud ground truth."
2021-04-14,0.999422013759613,1.0026530027389526,0.9992579817771912,1.0014359951019287,1.0014359951019287,2400110758,USDC,USDC-USD,0.001434965046947,0.0019791246678069,0.0019791246678069,0,0.0019330685654773,0.0013675140391921,21.598780722818784,2.786296155211478,1.4143136704540598,1.1197103974225946,-0.0015165070346599,0.0033901527190621,0.2571225028669083,0.0014359951019287,0,0,,0,0,,,,0,45031.0,379314.0,11859856045.960333,11856937053.181976,10.715128627143862,1.6912471822598043,12.846122273428136,0.7048380960582347,23.19642509274927,1.3564996144178438,23.196178938660843,1.3552437514046405,4092666733.0,22.132462607735796,1.155435340008692,Ethereum,59391519886.0,24.80741729027831,1.6295136839322988,0.8692434926438583,0.992078001218769,0.7102811874292678,0.4383215809175589,0.986375903194916,0.8224079394097675,0.7907634717506746,0.7953073039087665,98.24149038043004,0.9591712370505788,0.8836075563680682,0.9722730042656916,0.9579524680073126,0.9951249238269348,0.9579524680073126,0.8659354052407069,0.9884216940889702,0.716636197440585,0.9482023156611822,0.8226691042047533,0.7599024984765387,1,1,0,0,0,0,1,3,0.5,98.24584312701316,1,0.9887263863497867,multi_method_market_stress_non_event,"Multiple methods agree and market stress variables are elevated, but no event-window label is present.",medium_high,"False-alert taxonomy is an error-review framework. Non-event-window alerts are not proof of model failure, and event-window hits are not verified fraud ground truth."
2021-04-16,1.000229001045227,1.0026010274887085,0.999417006969452,1.0010329484939575,1.0010329484939575,2557259201,USDC,USDC-USD,0.0010324153697569,0.000706431101481,0.000706431101481,0,0.0017637612880964,0.0013730069109631,21.66220189769163,2.7030904301390044,0.4627783769708022,-0.5506891813650341,-0.001918365353038,0.0031807349838452,0.0978532788018741,0.0010329484939575,0,0,,0,0,,,,0,54641.0,376807.0,12465833819.776745,12467263809.271976,10.908558096795874,2.405261458556342,12.839491052881469,1.6908407684096447,23.24625744464713,2.2898531075873056,23.246372150771332,2.2965272653412674,3899570182.0,22.08413217452132,0.8711959271369936,Ethereum,63886762035.0,24.880378009982117,1.8086983899921671,0.312744841995299,0.9900757377905458,0.6588317228170976,0.4646121702794463,0.9707495429616088,0.7444067206407243,0.8432575955427875,0.6645255506224428,86.34978671541744,0.9737964655697744,0.8543570993296771,0.9616087751371116,0.9518586227909812,0.9134673979280926,0.9518586227909812,0.336380255941499,0.9847653869591712,0.6587446678854357,0.9683120048750762,0.7446678854357099,0.8196221815965874,0,1,0,0,0,0,1,2,0.3,95.96500391747192,1,0.9707495429616088,market_stress_non_event,Market stress variables are elevated outside known public incident windows.,medium,"False-alert taxonomy is an error-review framework. Non-event-window alerts are not proof of model failure, and event-window hits are not verified fraud ground truth."
2021-04-17,1.00103497505188,1.010725021362305,0.998768985271454,1.0104960203170776,1.0104960203170776,2143517952,USDC,USDC-USD,0.0104413195233307,0.0094089041535738,0.0094089041535738,0,0.003927452990785,0.0021655297824843,21.48571421952123,1.6089242459706476,4.19942317254454,4.760635733143035,0.0,0.0118318487658163,3.687250581250917,0.0104960203170776,1,0,,0,0,,,,0,40202.0,357795.0,12795977382.565693,12796995635.991976,10.601696898688338,0.7665397892973297,12.787718270564415,1.181468633027,23.272396691570854,2.5877304885773293,23.2724762644619,2.591913554513168,3493979334.0,21.97430713421606,0.4332867073928914,Ethereum,64097463408.0,24.883670627687533,1.675088857408248,0.9990423957517194,0.9265256376773744,0.989901627927222,0.0438756855575868,0.9997388352050144,0.6060764342299991,0.8042569861582659,0.7831239662226865,97.64081135196308,0.9981718464351006,0.9993906154783668,0.9993906154783668,0.9993906154783668,0.9902498476538696,0.9993906154783668,0.9993906154783668,0.9323583180987204,0.9884216940889702,0.0225472273004265,0.6063375990249847,0.7763558805606338,1,1,1,0,1,0,1,5,0.8,99.59954731435536,1,0.9984765386959171,stablecoin_peg_stress_non_event,"Stablecoin price deviates from peg outside the public incident window. Review as peg-stress alert, not confirmed event.",medium_high,"False-alert taxonomy is an error-review framework. Non-event-window alerts are not proof of model failure, and event-window hits are not verified fraud ground truth."
2021-04-18,1.0105719566345217,1.0265289545059204,0.9998000264167786,1.000095009803772,1.000095009803772,3829528301,USDC,USDC-USD,9.500529062642604e-05,-0.0103463142327043,0.0103463142327043,1,0.0058762914291762,0.0028992103877826,22.06600747380757,3.402063320675406,-3.5417626280376515,3.6880406345897825,-0.0102929752361042,0.0267263888201845,4.6594089372604905,9.500980377197266e-05,0,0,,0,0,,,,0,42736.0,454484.0,13136958491.64614,13139981631.26286,10.66282033455183,1.0134081860791695,13.02692018875472,2.648625977059631,23.29869535385249,2.7154051261153596,23.2989254521528,2.720192077630242,5734574197.0,22.46977933856386,2.0262742144307273,Ethereum,63250095706.0,24.870362477707047,1.4667984611750946,0.9929485505353878,0.9982589013667624,0.9963436928702012,0.5127535474884652,0.6933925306868635,0.9491599199094628,0.7287803604074171,0.8507447549403674,99.6343692870201,0.9987812309567335,0.9774527726995734,0.987812309567337,0.9963436928702012,0.9981718464351006,0.9963436928702012,0.9932967702620352,0.9969530773918344,0.9945155393053016,0.9890310786106032,0.9494210847044484,0.68860450944546,1,1,1,1,0,0,1,5,0.8,99.59954731435536,1,0.9984765386959171,multi_method_market_stress_non_event,"Multiple methods agree and market stress variables are elevated, but no event-window label is present.",medium_high,"False-alert taxonomy is an error-review framework. Non-event-window alerts are not proof of model failure, and event-window hits are not verified fraud ground truth."
2021-04-20,1.0001150369644165,1.0002000331878662,0.9998000264167786,1.0000540018081665,1.0000540018081665,2318491536,USDC,USDC-USD,5.400035012135243e-05,8.702186853125671e-05,8.702186853125671e-05,0,0.0057906873993249,0.0028913960284771,21.564182611584258,1.234830720431514,0.0405595566312028,-0.6478680293247125,-0.0103335572817343,0.0003999851711651,-0.7124695732074317,5.4001808166503906e-05,0,0,,0,0,,,,0,48409.0,410588.0,13470623187.874594,13470374793.670248,10.78746168293374,1.4986834932628323,12.925347993144788,1.6314012660622537,23.323777091248353,2.455934847358915,23.32375865138176,2.4567456537011374,7024753025.0,22.672705895106937,2.3897005298815324,Ethereum,59183612796.0,24.803910529655685,0.9085080245861992,0.312744841995299,0.8769913815617655,0.3100896665796117,0.5131888221467746,0.6460781753286323,0.9680508400800906,0.480586750239401,0.5377352659528162,65.05615043092192,0.9835466179159048,0.9884216940889702,0.9908592321755028,0.9951249238269348,0.6636197440585009,0.9951249238269348,0.2931139549055454,0.8860450944546009,0.2218159658744667,0.992078001218769,0.9683120048750762,0.3900060938452163,0,1,0,0,0,1,0,2,0.25,95.14668755985026,1,0.9606946983546618,defi_context_shock_non_event,DeFi or chain-context variables are unusual outside known public incident windows.,low,"False-alert taxonomy is an error-review framework. Non-event-window alerts are not proof of model failure, and event-window hits are not verified fraud ground truth."
2021-05-07,1.000048041343689,1.0002000331878662,0.9998000264167786,1.0000770092010498,1.0000770092010498,2266049147,USDC,USDC-USD,7.700623599350496e-05,2.205226350780077e-05,2.205226350780077e-05,0,0.0001753623000696,0.0027551673090015,21.54130368863741,0.2639271487869555,0.034105922875033,-0.4746141578396518,-0.0103107888665988,0.0003999759692578,-0.3915078449215899,7.700920104980469e-05,0,0,,0,0,,,,0,41372.0,435968.0,15387094412.96845,15387860311.30024,10.630383773142448,0.0981042738842002,12.98532641888595,0.0051598021225551,23.456794969959702,1.3153881732180783,23.456844744091867,1.3146449692687443,10515042883.0,23.076072724457,2.788472869715588,Ethereum,78725467521.0,25.08923254258846,2.0996023615224138,0.312744841995299,0.6067728736832941,0.3100896665796117,0.512927657351789,0.6718029076347175,0.9869417602507182,0.9048054322277356,0.5148058675023941,60.38130060067903,0.9549055453991468,0.9823278488726388,0.9890310786106032,0.9865935405240708,0.6057282145033516,0.9865935405240708,0.3833028641072517,0.599024984765387,0.3552711761121268,0.9902498476538696,0.9872029250457038,0.8848263254113345,0,1,0,0,0,1,0,2,0.25,95.14668755985026,1,0.9606946983546618,defi_context_shock_non_event,DeFi or chain-context variables are unusual outside known public incident windows.,low,"False-alert taxonomy is an error-review framework. Non-event-window alerts are not proof of model failure, and event-window hits are not verified fraud ground truth."
2021-05-12,0.9999340176582336,1.0002000331878662,0.9998000264167786,1.0000970363616943,1.0000970363616943,3183988042,USDC,USDC-USD,9.703165397113492e-05,-6.996661570222055e-05,6.996661570222055e-05,1,7.656801227677151e-05,0.0026429042255141,21.8814003495823,1.265003732326221,-0.0230191165479526,-0.3389501276166876,-0.0102909697280354,0.000399967959652,-0.3083047426689204,9.703636169433594e-05,0,0,,0,0,,,,0,30979.0,532736.0,16014699302.244596,16027284993.7397,10.34109711397086,-1.575589348120995,13.18578314797379,0.7116123038336585,23.496772843886497,1.328128544987062,23.497558418963575,1.3350874529907304,12025511465.0,23.210296185588803,2.3632888321171257,Ethereum,84368650747.0,25.15846173291358,1.7991245209739624,0.312744841995299,0.8817794028031688,0.3100896665796117,0.5126664925568033,0.6955689039784104,0.9650039174719248,0.8409941673195787,0.5632998171846435,69.88769913815618,0.9603900060938452,0.9817184643510056,0.9872029250457038,0.987812309567337,0.7312614259597806,0.987812309567337,0.4472882388787325,0.8921389396709324,0.4040219378427788,0.9884216940889702,0.9652650822669104,0.8165752589884216,0,1,0,0,0,1,0,2,0.25,95.14668755985026,1,0.9606946983546618,defi_context_shock_non_event,DeFi or chain-context variables are unusual outside known public incident windows.,low,"False-alert taxonomy is an error-review framework. Non-event-window alerts are not proof of model failure, and event-window hits are not verified fraud ground truth."
2021-05-13,0.9998070001602172,1.0002000331878662,0.9998000264167786,0.9998239874839784,0.9998239874839784,4460022465,USDC,USDC-USD,-0.0001760280080424,-0.0002730596620135,0.0002730596620135,1,0.0001279339092465,0.0026379101629024,22.218419640185427,2.3153014246537342,-0.1081654408807363,-0.2480052151781607,-0.0105611824475573,0.0004000771896804,-0.297656438620868,0.0001760125160216,0,0,,0,0,,,,0,46993.0,596117.0,16199287095.48338,16200375821.5397,10.75777521296855,1.0053049090653403,13.298193913027912,1.198367891163471,23.508233071826524,1.4156830872781831,23.50830027783786,1.4145827199115852,12355806430.0,23.237391945887804,2.185927462242772,Ethereum,83283473206.0,25.1455159655588,1.5720740906688908,0.312744841995299,0.9766692783146164,0.3100896665796117,0.515060503177505,0.7672586402019674,0.9589100722555932,0.7703055628101332,0.5870083572734397,74.2404457212501,0.9634369287020108,0.9835466179159048,0.997867154174284,0.9926873857404022,0.7909811090798293,0.9926873857404022,0.5100548446069469,0.9762340036563072,0.4107251675807434,0.9990859232175504,0.9591712370505788,0.7361365021328459,0,1,0,0,0,1,0,2,0.25,95.14668755985026,1,0.9606946983546618,market_stress_non_event,Market stress variables are elevated outside known public incident windows.,medium,"False-alert taxonomy is an error-review framework. Non-event-window alerts are not proof of model failure, and event-window hits are not verified fraud ground truth."
2021-05-19,1.0000380277633667,1.0018240213394165,0.9980549812316896,0.999925971031189,0.999925971031189,8053431253,USDC,USDC-USD,-7.403170909038764e-05,-9.20321498036506e-05,9.20321498036506e-05,1,0.000146202552952,0.0001468001064304,22.809364080294177,3.1264685697601236,-0.617609521220603,-0.293219459598519,-0.0002729349698468,0.0037693191465364,4.982457564460275,7.402896881103516e-05,0,0,,0,0,,,,0,49967.0,863243.0,17740385046.085934,17771964955.979694,10.81913807952286,1.5296634912324922,13.66845266475024,2.635871578936336,23.59910951861405,2.029662244773351,23.6008880502074,2.0456266678567285,24638569992.0,23.9275789379292,3.3847732494386524,Ethereum,71855319132.0,24.997920477809917,0.0692110320712679,0.312744841995299,0.9959084182118916,0.997823626708453,0.1902150256812048,0.668581875163228,0.9979106816401148,0.1781579176460346,0.6143192304344042,78.79341864716636,0.9890310786106032,0.9329677026203534,0.9439366240097502,0.9683120048750762,0.8415600243753809,0.9683120048750762,0.4832419256550883,0.9932967702620352,0.9963436928702012,0.3924436319317489,0.9981718464351006,0.0268129189518586,0,1,0,0,0,1,0,2,0.25,95.14668755985026,1,0.9606946983546618,market_stress_non_event,Market stress variables are elevated outside known public incident windows.,medium,"False-alert taxonomy is an error-review framework. Non-event-window alerts are not proof of model failure, and event-window hits are not verified fraud ground truth."
2021-05-21,0.9998679757118224,1.0017659664154053,0.9996479749679564,1.0004169940948486,1.0004169940948486,4613942917,USDC,USDC-USD,0.000416907176973,0.0005368985255797,0.0005368985255797,0,0.0002234695103669,0.0001760435010293,22.252348625143338,1.2951174452232035,2.996234976643771,3.5164204361152684,0.0,0.0021171086256537,2.0593801148403994,0.0004169940948486,0,0,,0,0,,,,0,37596.0,778491.0,19701718062.35519,19702077939.56342,10.534679538960772,-0.0602220452046127,13.565113994031265,1.8615489987861733,23.703971680225493,2.651508935464423,23.70398994634423,2.6458668479132306,12983925756.0,23.28697794910477,1.2918752090504853,Ethereum,60565447684.0,24.82699039719831,-1.3314247035710107,0.9911203969704884,0.8871768085662053,0.9521197875859668,0.0438756855575868,0.8819535126664926,0.8620179333159224,0.6736745886654479,0.7572756159136415,95.969356664055,0.9768433881779404,0.9092017062766604,0.8890920170627666,0.9448507007922,0.9792809262644728,0.9448507007922,0.9908592321755028,0.8982327848872639,0.951249238269348,0.0225472273004265,0.862279098110908,0.623400365630713,1,0,0,0,0,0,1,2,0.3,95.96500391747192,1,0.9707495429616088,multi_method_market_stress_non_event,"Multiple methods agree and market stress variables are elevated, but no event-window label is present.",medium_high,"False-alert taxonomy is an error-review framework. Non-event-window alerts are not proof of model failure, and event-window hits are not verified fraud ground truth."
2021-05-23,1.0007619857788086,1.001682996749878,1.0000040531158447,1.0004220008850098,1.0004220008850098,5171953965,USDC,USDC-USD,0.000421911867679,-0.0003848095353487,0.0003848095353487,1,0.000315816518258,0.0002018151495203,22.366516397197696,1.501111989039955,-1.980061508832592,1.7796630010842294,-0.0003847355056556,0.0016782354172018,1.3038036944245828,0.0004220008850097,0,0,,0,0,,,,0,36441.0,547461.0,20616740846.915615,20612983459.56342,10.503477234609823,-0.1355602936428558,13.213048331871365,0.0725901694691944,23.749369245230728,2.439674032065761,23.74918697928422,2.4340365665639827,11659759600.0,23.179409400246268,0.9427509257986382,Ethereum,52726956465.0,24.688392669611897,-2.188841107959223,0.9314007138504397,0.9148602768346829,0.8962305214590407,0.242447984678332,0.8835640289022373,0.7578131801166537,0.9194306607469314,0.7821062940715591,97.5537564203012,0.8580134064594759,0.8641072516758075,0.7888482632541134,0.8665447897623401,0.9890310786106032,0.8665447897623401,0.9256550883607556,0.9238269347958562,0.906764168190128,0.5764777574649604,0.7580743449116393,0.898842169408897,1,0,1,0,0,0,0,2,0.35,96.79637851484286,1,0.9792809262644728,defi_context_shock_non_event,DeFi or chain-context variables are unusual outside known public incident windows.,low,"False-alert taxonomy is an error-review framework. Non-event-window alerts are not proof of model failure, and event-window hits are not verified fraud ground truth."
2021-07-26,0.9995980262756348,1.0006179809570312,0.9994519948959352,1.000108003616333,1.000108003616333,4345976082,USDC,USDC-USD,0.0001079977843623,0.0005210836762412,0.0005210836762412,0,0.0003604343018556,0.000378725069165,22.192516215544153,3.705471595565849,1.492681536962308,0.9509952903338034,-0.0004827507164416,0.0011658601439843,0.6980770659800601,0.000108003616333,0,0,,0,0,,,,0,34650.0,377020.0,27224174908.484673,27237725837.62412,10.453081864230466,-0.0176088013336276,12.84005616779657,1.187255780773779,24.027371198951172,1.4821024152719746,24.027868828642127,1.5075460345281062,5840198088.0,22.488030552560613,3.111376881159143,Ethereum,59204811772.0,24.80426865548266,1.3252165091037262,0.848698528771655,0.9989553408200574,0.8178810829633498,0.2779663967963785,0.7081483416035519,0.9936449899886828,0.6701923913989728,0.7461108209280056,95.15104030643336,0.8817794028031688,0.9219987812309568,0.8318098720292505,0.9098110907982936,0.9762340036563072,0.9098110907982936,0.837903717245582,0.9981718464351006,0.8147471054235222,0.6770262035344302,0.9939061547836684,0.6191346739792809,1,0,0,0,0,1,1,3,0.35,96.79637851484286,1,0.9792809262644728,multi_method_market_stress_non_event,"Multiple methods agree and market stress variables are elevated, but no event-window label is present.",medium_high,"False-alert taxonomy is an error-review framework. Non-event-window alerts are not proof of model failure, and event-window hits are not verified fraud ground truth."
2021-08-05,1.0000979900360107,1.0004069805145264,0.9994339942932128,0.9995970129966736,0.9995970129966736,3178159135,USDC,USDC-USD,-0.0004030682244102,-0.0004660087484967,0.0004660087484967,1,0.0002725924872474,0.0002760601478297,21.879567978067804,1.4139143008556578,-1.63227560845911,1.5401982364549556,-0.0009764192749489,0.0009733784801904,0.1626141023774557,0.0004029870033264,0,0,,0,0,,,,0,26878.0,313619.0,27674384889.247063,27678190477.394096,10.199100591564108,-0.6530348950531466,12.655937340935022,-0.1746532339733492,24.043773089106104,1.4684418144501088,24.043910592668592,1.4736929676115091,4306320619.0,22.183349692011223,1.4402849258162709,Ethereum,66926286740.0,24.926857652779876,1.9541078948843345,0.9134673979280926,0.9040654653086098,0.680769565595891,0.3872203360320362,0.8766431618351179,0.8863933141812483,0.8784277879341865,0.7669038913554453,96.73544006267956,0.696526508226691,0.8251066422912858,0.7635588056063376,0.7918951858622791,0.9835466179159048,0.7918951858622791,0.9092017062766604,0.914686166971359,0.680073126142596,0.8848263254113345,0.886654478976234,0.8574040219378428,1,0,1,0,0,0,0,2,0.35,96.79637851484286,1,0.9792809262644728,isolated_anomaly_review,High score is driven by limited or isolated signals. Treat as likely false-alert candidate for manual review.,low,"False-alert taxonomy is an error-review framework. Non-event-window alerts are not proof of model failure, and event-window hits are not verified fraud ground truth."
2021-09-07,0.9995589852333068,1.000588059425354,0.9993330240249634,1.0002620220184326,1.0002620220184326,5947165235,USDC,USDC-USD,0.0002619876966587,0.0007441266692745,0.0007441266692745,0,0.0003930081438204,0.0003373981002005,22.506180512050307,3.3386272669683104,2.1389918783395663,2.4765137008845928,-0.0002359168933891,0.0012547066396243,0.7717465438130084,0.0002620220184326,0,0,,0,0,,,,0,38784.0,968699.0,28228240397.450653,28225280934.66471,10.565788852924973,2.0034270220705883,13.783710245414476,3.440417965010155,24.063588746360573,2.051187647576173,24.06348390036625,2.046704426870986,9966820536.0,23.02252746705075,3.3328027558903752,Ethereum,87287882585.0,25.19247748816495,1.6645025495500825,0.9679637851484286,0.9980847915034388,0.8289370592844084,0.1725428745538434,0.8201880386523897,0.9973012971184818,0.8010359536867764,0.7776168712457562,97.31000261164796,0.9896404631322364,0.9360146252285192,0.8098720292504571,0.9341864716636198,0.987812309567337,0.9341864716636198,0.9652650822669104,0.9963436928702012,0.8281535648994516,0.3284582571602681,0.9975624619134674,0.7708714198659354,1,0,1,0,0,1,1,4,0.5,98.24584312701316,1,0.9887263863497867,multi_method_market_stress_non_event,"Multiple methods agree and market stress variables are elevated, but no event-window label is present.",medium_high,"False-alert taxonomy is an error-review framework. Non-event-window alerts are not proof of model failure, and event-window hits are not verified fraud ground truth."
2021-10-15,0.9997389912605286,1.0005910396575928,0.9992340207099916,0.9992390275001526,0.9992390275001526,4289629016,USDC,USDC-USD,-0.0007612621863918,-0.0005032003840762,0.0005032003840762,1,0.0004356348174734,0.0003656668301079,22.179466089923277,1.417896100713704,-1.3048096921821364,0.966039265163568,-0.0013581142066882,0.0013580523881219,0.4030627579776337,0.0007609724998474,0,0,,0,0,,,,0,35068.0,762554.0,32736060168.76658,32733189289.89059,10.465072828327909,1.1738260990137006,13.544429916009918,2.536806435918255,24.211743064744443,1.0293662536548207,24.21165536314708,1.0275011651128738,7843362629.0,22.782933486242214,1.8961162495096664,Ethereum,88238068744.0,25.203304325262756,1.7486633786358463,0.8509619569948638,0.9046748498302428,0.7511970053103508,0.4253503960999391,0.946896491686254,0.937581613998433,0.8258466092104118,0.7825685557586837,97.62340036563072,0.9134673979280926,0.7605118829981719,0.9360146252285192,0.9037172455819622,0.9896404631322364,0.9037172455819622,0.8415600243753809,0.9159049360146252,0.7538086532602072,0.9299207800121876,0.9378427787934186,0.7995124923826935,1,0,0,0,0,0,1,2,0.3,95.96500391747192,1,0.9707495429616088,multi_method_consensus_non_event,"Multiple methods agree, but the alert is outside known public incident windows.",medium,"False-alert taxonomy is an error-review framework. Non-event-window alerts are not proof of model failure, and event-window hits are not verified fraud ground truth."
2021-10-31,1.0001859664916992,1.0010839700698853,0.9989089965820312,0.9997239708900452,0.9997239708900452,3903073032,USDC,USDC-USD,-0.0002760672130014,-0.0004070696410249,0.0004070696410249,1,0.000413887404556,0.0004300384776292,22.08503003698622,0.6552394210602696,-0.9604681188944688,0.2185161979265747,-0.0014732696835425,0.0021755740096115,2.6908516684942763,0.0002760291099548,0,0,,0,0,,,,0,28817.0,763743.0,33089021977.181725,33087612243.260612,10.26875547089288,-0.7531325592289373,13.54598793346327,0.7532647435941288,24.222467402026744,1.6466081275486384,24.22242479684025,1.6510186207866846,7575277105.0,22.748155769322917,0.8203897284656193,Ethereum,93435560977.0,25.260537848241174,0.752215812714823,0.6927831461652303,0.7327413597980326,0.974144685296422,0.4348393836510838,0.8276312353094802,0.7279533385566292,0.4178201445111865,0.7110799164272655,91.9561243144424,0.6203534430225472,0.9287020109689214,0.8793418647166362,0.8467397928092626,0.9561243144424132,0.8467397928092626,0.6812918951858623,0.7330895795246801,0.9762340036563072,0.9421084704448508,0.7282145033516149,0.327848872638635,1,0,0,1,0,0,0,2,0.35,96.79637851484286,1,0.9792809262644728,market_stress_non_event,Market stress variables are elevated outside known public incident windows.,medium,"False-alert taxonomy is an error-review framework. Non-event-window alerts are not proof of model failure, and event-window hits are not verified fraud ground truth."
2021-11-10,1.0001300573349,1.0019910335540771,0.998009979724884,0.9995229840278624,0.9995229840278624,8390821902,USDC,USDC-USD,-0.00047712978045,-0.0005521096125196,0.0005521096125196,1,0.000453771685753,0.000448076478376,22.850404314844468,2.8126607760232325,-1.1675295033180495,0.7470531488630103,-0.00167401584966,0.0039829537617537,4.395603731012461,0.0004770159721375,0,0,,0,0,,,,0,35871.0,988573.0,34261231195.679615,34259581350.68111,10.487712325871886,0.2730423418690256,13.804018779691225,1.2017233780842045,24.25728026605247,1.8995175288789672,24.25723211002695,1.9005939332541264,12230004021.0,23.22715811550889,2.2479524257953605,Ethereum,106641966264.0,25.39274295099084,1.7436285654882258,0.8157917646034648,0.9925132758770784,0.9946896491686256,0.4512927657351789,0.8992774440672064,0.961347610342126,0.8241925655088361,0.8335792635152782,99.3470880125359,0.9731870810481412,0.9695307739183424,0.9299207800121876,0.971358927483242,0.9975624619134674,0.971358927483242,0.8043875685557587,0.9890310786106032,0.9926873857404022,0.959780621572212,0.9616087751371116,0.7970749542961609,1,1,0,1,0,1,1,5,0.7000000000000001,99.29050230695567,1,0.9957343083485679,multi_method_market_stress_non_event,"Multiple methods agree and market stress variables are elevated, but no event-window label is present.",medium_high,"False-alert taxonomy is an error-review framework. Non-event-window alerts are not proof of model failure, and event-window hits are not verified fraud ground truth."
2021-11-12,0.9999390244483948,1.001994013786316,0.9980199933052064,0.999296009540558,0.999296009540558,4901205330,USDC,USDC-USD,-0.0007042383770867,-0.0005602231856196,0.0005602231856196,1,0.0004786670955912,0.000455963898602,22.312746997731782,0.6465750125234917,-1.1664288179869624,0.7433843773159405,-0.0019007185188694,0.003976820124536,2.844374714516951,0.000703990459442,0,0,,0,0,,,,0,32246.0,876767.0,34106884218.577766,34110204731.594734,10.381180294641172,-0.4247223532605673,13.683997698159516,0.5146332643153758,24.25276508413227,1.3897087899415168,24.25286243548721,1.3955275385377486,9605619983.0,22.985614179131687,1.0166241028550216,Ethereum,105634589170.0,25.383251703553924,1.509691506197295,0.8150082702185079,0.7297814921215287,0.9787585966745016,0.4640027857578132,0.9402803168799512,0.7809697919387133,0.7463654566031166,0.7783655436580482,97.33611909114651,0.8397318708104814,0.805606337599025,0.9293113954905544,0.8903107861060329,0.9884216940889702,0.8903107861060329,0.8031687995124924,0.7294332723948812,0.979890310786106,0.967702620353443,0.7812309567336989,0.7068860450944546,1,0,0,1,0,0,0,2,0.35,96.79637851484286,1,0.9792809262644728,market_stress_non_event,Market stress variables are elevated outside known public incident windows.,medium,"False-alert taxonomy is an error-review framework. Non-event-window alerts are not proof of model failure, and event-window hits are not verified fraud ground truth."
2021-11-13,0.9997770190238952,1.001986026763916,0.998000979423523,1.000830054283142,1.000830054283142,2806361295,USDC,USDC-USD,0.0008297099786,0.0015339483556868,0.0015339483556868,0,0.0008037522064398,0.0005318427008987,21.755154568712943,-1.3947770511510376,2.816038076281079,3.511942404016629,-0.0003685109039935,0.0039817422781607,2.4600260607128748,0.000830054283142,0,0,,0,0,,,,0,27896.0,767717.0,34178878609.94135,34176822393.12893,10.236274435146306,-1.2971823722539673,13.551177757199971,-0.2012607969080854,24.254873705755724,1.3805237314684211,24.25481354349324,1.3791318837166258,7582502014.0,22.749109063270463,-0.053078392824256,Ethereum,104870183720.0,25.37598907668401,1.3360363147831251,0.9909462871071646,0.2590319491599199,0.9678767302167668,0.2355706450770436,0.9542526334116828,0.2401410289892922,0.6754156872986855,0.6606276660572822,85.8709845912771,0.9536867763558804,0.9122486288848264,0.9485070079219988,0.9573430834856794,0.9073735527117612,0.9573430834856794,0.9902498476538696,0.0926264472882388,0.9689213893967094,0.5527117611212675,0.465569774527727,0.6258379037172456,0,1,0,0,0,0,1,2,0.3,95.96500391747192,1,0.9707495429616088,market_stress_non_event,Market stress variables are elevated outside known public incident windows.,medium,"False-alert taxonomy is an error-review framework. Non-event-window alerts are not proof of model failure, and event-window hits are not verified fraud ground truth."
2021-11-14,1.0007989406585691,1.001911997795105,0.9980480074882508,0.99964702129364,0.99964702129364,3318788371,USDC,USDC-USD,-0.0003530410180071,-0.0011827509966071,0.0011827509966071,1,0.000919500813794,0.0005687984660391,21.92286560507224,-0.7415118630314614,-2.1033080085772453,2.1359616649330846,-0.001550127127332,0.0038653546947539,2.0760551770583597,0.0003529787063599,0,0,,0,0,,,,0,28308.0,731758.0,34180300741.482018,34175936759.296303,10.250935054274718,-1.132749524839395,13.50320650376104,-0.4439037849139508,24.25491531338046,1.2852796420089994,24.25478762986975,1.2812826622531155,7977611129.0,22.799904846448975,0.1710880946008115,Ethereum,105346386652.0,25.380519678108165,1.3393984300631612,0.9519456777226428,0.2590319491599199,0.9528162270392616,0.4418037781840341,0.860886219204318,0.5323409071123879,0.6775050056585705,0.6881017672151125,89.30094889875512,0.8275441803778184,0.8805606337599025,0.894576477757465,0.9012797074954296,0.939670932358318,0.9012797074954296,0.9494210847044484,0.2169408897014015,0.9524680073126144,0.951249238269348,0.5326020719073735,0.6288848263254113,0,0,0,1,0,0,1,2,0.25,95.14668755985026,1,0.9606946983546618,market_stress_non_event,Market stress variables are elevated outside known public incident windows.,medium,"False-alert taxonomy is an error-review framework. Non-event-window alerts are not proof of model failure, and event-window hits are not verified fraud ground truth."
2021-11-16,1.0007179975509644,2.3495559692382812,0.9980229735374452,1.0004249811172483,1.0004249811172483,6486127186,USDC,USDC-USD,0.0004248908383502,0.0007819267856591,0.0007819267856591,0,0.0009197347629486,0.0005680437588717,22.592931454105816,1.5913420783366787,1.369134248346758,0.9738130137060046,-0.000773098965955,1.3509588636935872,5.294596968004877,0.0004249811172483,0,0,,0,0,,,,0,45356.0,964638.0,34905334930.62837,34904096191.3324,10.72231979864831,1.579864047471617,13.779509217066533,0.9133557854241906,24.27590551784282,1.8822073668070776,24.275870028675342,1.8817783716491865,12243475744.0,23.22825903981462,1.934815999198031,Ethereum,103746477547.0,25.36521604413628,0.9196030613902196,0.8522677809697919,0.9252198137024462,0.9997388352050144,0.3510925393923566,0.8841298859580395,0.9406285366065988,0.4845042221641856,0.792222947679986,98.10220248977105,0.9463741620962828,0.9494210847044484,0.951249238269348,0.9622181596587448,0.9926873857404022,0.9622181596587448,0.8433881779402803,0.9317489335770872,0.9993906154783668,0.8458257160268129,0.9408897014015845,0.3948811700182815,1,1,0,0,0,0,1,3,0.5,98.24584312701316,1,0.9887263863497867,multi_method_market_stress_non_event,"Multiple methods agree and market stress variables are elevated, but no event-window label is present.",medium_high,"False-alert taxonomy is an error-review framework. Non-event-window alerts are not proof of model failure, and event-window hits are not verified fraud ground truth."
2021-12-05,1.0001980066299438,1.001997947692871,0.9980069994926452,0.9987149834632874,0.9987149834632874,5815739519,USDC,USDC-USD,-0.0012858428784468,-0.0012798227912037,0.0012798227912037,1,0.000893367211486,0.00079844152391,22.483833789379624,0.6256457381057716,-1.525765924763805,1.334201182931813,-0.0028743823330193,0.0039960832332627,-0.2030887293456017,0.0012850165367126,0,0,,0,0,,,,0,30951.0,859557.0,41289597948.387405,41293042421.15449,10.34019289638035,-0.6773397321449249,13.664173582621954,-0.2436954529837589,24.443876439557656,2.2234433966755476,24.443959858367073,2.224262089475283,10195899729.0,23.0452514891632,0.0087895557040249,Ethereum,94666131013.0,25.27362212812068,-2.228241940138417,0.8936188735091843,0.7236005919735353,0.3100896665796117,0.4824584312701314,0.9825890136676244,0.4835901453817359,0.9265691651432052,0.6775733437799252,88.07347436232263,0.9658744667885436,0.9463741620962828,0.9683120048750762,0.9744058500914076,0.931139549055454,0.9744058500914076,0.8921389396709324,0.7221206581352834,0.4996953077391834,0.9792809262644728,0.4838513101767215,0.9085923217550276,0,1,0,0,0,0,1,2,0.3,95.96500391747192,1,0.9707495429616088,defi_context_shock_non_event,DeFi or chain-context variables are unusual outside known public incident windows.,low,"False-alert taxonomy is an error-review framework. Non-event-window alerts are not proof of model failure, and event-window hits are not verified fraud ground truth."
2022-01-26,1.0004199743270874,1.0008859634399414,0.9988530278205872,0.99993497133255,0.99993497133255,83252070566791,USDC,USDC-USD,-6.503078190541365e-05,-0.0004939730061277,0.0004939730061277,1,0.000273844831359,0.0006159149307153,32.052894116152984,5.224528782346566,-0.821122821163706,0.0612981373430167,-0.0009052888378201,0.0020330678270458,0.0467982774694153,6.502866744995117e-05,0,0,,0,0,,,,0,259284.0,1055381.0,49390009514.72144,49379714206.78754,12.465683121801044,2.0011678365205783,13.869413344663297,1.9639086868731523,24.623014004163867,2.1429895360570916,24.622805533236075,2.143177387705885,8436065677.0,22.855781884975972,0.7944152136925616,Ethereum,71869921033.0,24.998123669692333,-2.0310112128633544,0.6448158788195352,1.0,0.6393314181248367,0.3754679202576826,0.6594846348045617,0.7194219552537652,0.8919213023417777,0.677418386001567,88.05606337599025,0.9159049360146252,0.9744058500914076,0.9085923217550276,0.9542961608775136,0.9305301645338208,0.9542961608775136,0.6313223644119439,1.0,0.64411943936624,0.870201096892139,0.7196831200487508,0.8714198659354052,0,1,0,0,0,0,1,2,0.3,95.96500391747192,1,0.9707495429616088,market_stress_non_event,Market stress variables are elevated outside known public incident windows.,medium,"False-alert taxonomy is an error-review framework. Non-event-window alerts are not proof of model failure, and event-window hits are not verified fraud ground truth."
2022-05-09,0.9999939799308776,1.00068199634552,0.9993759989738464,0.9995949864387512,0.9995949864387512,8493986111,USDC,USDC-USD,-0.0004050956013935,-0.0004921145965029,0.0004921145965029,1,0.0002250981669217,0.0003080886651633,22.862624233799657,2.7196165619167787,-1.5443934263068848,1.2792740004621974,-0.0007857071018341,0.0013065265326374,-0.1285900775992615,0.0004050135612487,0,1,E001,1,1,E001,stablecoin_depeg,high,1,1033778.0,1071509.0,49077097325.87669,49080920818.53357,13.848731578130907,0.9567806005604494,13.884579426563372,2.0214866561975273,24.616658313371005,-1.850213204959852,24.616736218217312,-1.8479629369078263,10667028629.0,23.09042338456478,3.1011496912250793,Ethereum,62567656942.0,24.859514319284138,-2.722010035225946,0.888830852267781,0.9904239575171934,0.3100896665796117,0.354400626795508,0.8776007660833987,0.9930356054670496,0.974188212762253,0.714652650822669,92.40880995908418,0.9829372333942716,0.964046313223644,0.7659963436928702,0.926873857404022,0.9573430834856794,0.926873857404022,0.8872638634978671,0.9859841560024376,0.5551492992078001,0.8482632541133455,0.9932967702620352,0.9664838513101768,1,0,0,0,0,1,1,3,0.35,96.79637851484286,1,0.9792809262644728,event_window_hit_3d,"Alert falls within a tight public incident window. This supports weak-label alignment, not verified fraud detection.",high,"False-alert taxonomy is an error-review framework. Non-event-window alerts are not proof of model failure, and event-window hits are not verified fraud ground truth."
2022-05-11,0.9997850060462952,1.0013500452041626,0.99925297498703,1.000766038894653,1.000766038894653,15143285239,USDC,USDC-USD,0.0007657456366141,0.0009377794384019,0.0009377794384019,0,0.0004464026768414,0.0003442938131735,23.4408230521696,3.3180982512157606,2.6236911693746707,2.8384874565669223,0.0,0.0020954650094329,1.4416436730088236,0.000766038894653,0,1,E001,1,1,E001,stablecoin_depeg,high,1,1031575.0,1466887.0,49456446641.47644,49469293001.53634,13.846598287887366,0.829423529618636,14.198653707925658,2.6644982242027093,24.624358253403376,-1.0817954142770674,24.62461797064538,-1.0671072029994917,17216121822.0,23.56911209705084,3.274289373971136,Ethereum,57813732385.0,24.78049216893888,-2.802849274297959,0.977713937494559,0.9977365717767912,0.9083311569600416,0.0438756855575868,0.9473317663445634,0.9966919125968486,0.9799338382519368,0.7975446156524766,98.33725080525812,0.995734308348568,0.9573430834856794,0.9372333942717856,0.9786715417428398,0.9963436928702012,0.9786715417428398,0.9792809262644728,0.995734308348568,0.9171237050578916,0.0225472273004265,0.9969530773918344,0.9750152346130408,1,1,1,0,0,1,1,5,0.7000000000000001,99.29050230695567,1,0.9957343083485679,event_window_hit_3d,"Alert falls within a tight public incident window. This supports weak-label alignment, not verified fraud detection.",high,"False-alert taxonomy is an error-review framework. Non-event-window alerts are not proof of model failure, and event-window hits are not verified fraud ground truth."
2022-05-12,1.000777006149292,1.0114339590072632,0.9995309710502625,1.0006589889526367,1.0006589889526367,18612052637,USDC,USDC-USD,0.000658771914762,-0.0001069737218521,0.0001069737218521,1,0.0004454463694053,0.0003447128170152,23.647075199100183,3.05337619802253,-0.3870852302829287,-0.5329067043304239,-0.0001069680003675,0.0118951491850977,5.132342064426976,0.0006589889526367,0,1,E001,1,1,E001,stablecoin_depeg,high,1,1035630.0,1346694.0,50357197785.83498,50363951379.5665,13.85052146074908,0.7893725659711956,14.113164000651857,2.0744152561686926,24.642407400945224,0.4261330348155784,24.642541505724555,0.4321660456960191,15639251084.0,23.47304968632628,2.5973990779141833,Ethereum,49520391397.0,24.62565036912835,-3.6098844000913153,0.312744841995299,0.995647253416906,0.9984330112300862,0.1150866196570035,0.934708801253591,0.9802385305127536,0.997867154174284,0.6782184208235397,88.1692347871507,0.9945155393053016,0.9664838513101768,0.946983546617916,0.9817184643510056,0.9317489335770872,0.9817184643510056,0.3497867154174284,0.9926873857404022,0.9975624619134674,0.1212675198049969,0.9804996953077392,0.9981718464351006,0,1,0,0,0,1,1,3,0.35,96.79637851484286,1,0.9792809262644728,event_window_hit_3d,"Alert falls within a tight public incident window. This supports weak-label alignment, not verified fraud detection.",high,"False-alert taxonomy is an error-review framework. Non-event-window alerts are not proof of model failure, and event-window hits are not verified fraud ground truth."
2022-06-13,0.999974012374878,1.0011169910430908,0.9995009899139404,1.0004340410232544,1.0004340410232544,13815639937,USDC,USDC-USD,0.0004339468546971,0.0003849530369084,0.0003849530369084,0,0.0001732206629578,0.0002742630935406,23.349067116217835,3.2999160727958854,1.397145642674025,1.02472054802388,-0.0001519028241296,0.0016153000226756,2.57847822857049,0.0004340410232543,0,0,,0,0,,,,0,732847.0,1013003.0,54844478375.917564,54853958845.57627,13.50469359238029,-1.7191831770285535,13.82843073189035,2.3006451952191576,24.727767350905104,1.2874585908801617,24.727940196935045,1.2906732550001192,8438033870.0,22.85601516474337,2.985161426687413,Ethereum,38005026015.0,24.360984251505688,-3.330734538470226,0.8577522416644903,0.9976495168451291,0.9706624880299468,0.131975276399408,0.8869156437712197,0.9893792983372508,0.9948202315661182,0.7901353704187342,98.00644206494296,0.992078001218769,0.9616087751371116,0.8372943327239488,0.9524680073126144,0.992078001218769,0.9524680073126144,0.8482632541133455,0.9951249238269348,0.971358927483242,0.1803778184034125,0.9896404631322364,0.9939061547836684,1,1,0,0,0,1,1,4,0.55,98.61582658657612,1,0.9923826934795856,multi_method_market_stress_non_event,"Multiple methods agree and market stress variables are elevated, but no event-window label is present.",medium_high,"False-alert taxonomy is an error-review framework. Non-event-window alerts are not proof of model failure, and event-window hits are not verified fraud ground truth."
2022-06-14,1.0005029439926147,1.0012259483337402,0.9995920062065125,1.0007280111312866,1.0007280111312866,9261666900,USDC,USDC-USD,0.0007277462597281,0.0002937994050309,0.0002937994050309,0,0.0001948694173221,0.0002766001508925,22.94914988031161,1.7985648252882482,0.9965293925827926,0.4570813204718371,0.0,0.0016327534645309,2.3268291167217448,0.0007280111312866,0,0,,0,0,,,,0,777276.0,867428.0,54725677541.50178,54754238357.28421,13.563552065175488,-1.279972489334252,13.673288943073311,0.9390560465239622,24.725598861137566,1.186124622937078,24.726120615583493,1.2161460251796568,6030318957.0,22.52006574147732,1.7778914239525574,Ethereum,33069779204.0,24.22188568732272,-4.0052657474429765,0.7570296857316967,0.944807173326369,0.9635239836336728,0.0438756855575868,0.9443718986680596,0.9308783842604684,0.999260033080874,0.7466627491947418,95.20327326543048,0.9683120048750762,0.9622181596587448,0.9305301645338208,0.9670932358318098,0.9768433881779404,0.9670932358318098,0.7404021937842779,0.9500304692260816,0.964046313223644,0.0225472273004265,0.931139549055454,1.0,1,1,0,0,0,1,1,4,0.55,98.61582658657612,1,0.9923826934795856,multi_method_market_stress_non_event,"Multiple methods agree and market stress variables are elevated, but no event-window label is present.",medium_high,"False-alert taxonomy is an error-review framework. Non-event-window alerts are not proof of model failure, and event-window hits are not verified fraud ground truth."
2022-06-15,1.000643014907837,1.0013400316238403,0.9997770190238952,1.000704050064087,1.000704050064087,10865090032,USDC,USDC-USD,0.0007038023371085,-2.394392261962741e-05,2.394392261962741e-05,1,0.0001988445475532,0.000267192886748,23.108820737136806,2.0837069220942532,-0.1049507316558365,-1.081424312389515,-2.3943635966250376e-05,0.0015619129350431,1.8088391664102208,0.0007040500640869,0,0,,0,0,,,,0,874258.0,935491.0,54939798368.19283,54954440691.158264,13.68113194941081,-0.5666508899015174,13.74882787308302,1.5499309875951106,24.72950384758847,1.4887389357439855,24.7297703278549,1.4931062008546785,6364889446.0,22.57406269991256,1.8353893250032012,Ethereum,32133811339.0,24.1931746255103,-3.3388649306177114,0.312744841995299,0.9657874118568816,0.936798119613476,0.0923652824932532,0.9405414816749368,0.933315922347001,0.9950813963611038,0.6559906851223123,85.22677809697919,0.967702620353443,0.9689213893967094,0.9256550883607556,0.967702620353443,0.9006703229737965,0.967702620353443,0.0694698354661791,0.9652650822669104,0.943327239488117,0.0578915295551493,0.9335770871419866,0.9945155393053016,0,1,0,0,0,1,1,3,0.35,96.79637851484286,1,0.9792809262644728,multi_method_market_stress_non_event,"Multiple methods agree and market stress variables are elevated, but no event-window label is present.",medium_high,"False-alert taxonomy is an error-review framework. Non-event-window alerts are not proof of model failure, and event-window hits are not verified fraud ground truth."
2022-10-31,1.000085949897766,1.000378966331482,0.9994519948959352,0.9999960064888,0.9999960064888,5307443271,USDC,USDC-USD,-3.993519174038254e-06,-0.0001190238673463,0.0001190238673463,1,9.051265265522404e-05,6.662196826326661e-05,22.392376063213252,1.7856087223170132,-1.7925501987799073,1.6303439922245355,-0.0001509563768846,0.0009269751374323,2.1228145735522426,3.993511199951172e-06,0,0,,0,0,,,,0,234701.0,559526.0,46242409031.107,46244397678.88369,12.366071903319638,-0.3049018724420929,13.23484706294242,1.261252286637245,24.557163158398676,-1.4558465185393434,24.557206162322107,-1.4549880308719167,2884517508.0,21.782623481672264,1.2893069674875564,Ethereum,30952971413.0,24.155734838383022,1.87517390130034,0.9217376164359712,0.9434142944197788,0.954818490467485,0.1316270566727605,0.5775224166449029,0.860799164272656,0.8594498128318969,0.735022634282232,94.32401845564551,0.829981718464351,0.7355271176112127,0.7812309567336989,0.8202315661182206,0.9707495429616088,0.8202315661182206,0.914686166971359,0.9482023156611822,0.95551492992078,0.1779402803168799,0.8610603290676416,0.8372943327239488,1,0,1,0,0,0,0,2,0.35,96.79637851484286,1,0.9792809262644728,market_stress_non_event,Market stress variables are elevated outside known public incident windows.,medium,"False-alert taxonomy is an error-review framework. Non-event-window alerts are not proof of model failure, and event-window hits are not verified fraud ground truth."
2022-11-08,1.000296950340271,1.0013229846954346,0.9987099766731262,0.9999819993972778,0.9999819993972778,9481272661,USDC,USDC-USD,-1.800076473496137e-05,-0.0003410057676845,0.0003410057676845,1,0.0002398649385031,0.0001216964480302,22.972584391249427,2.993972556479873,-2.799080882244319,2.7890756198713444,-0.0003409476318261,0.0026130550588743,4.801200865981978,1.800060272216797e-05,0,0,,0,0,,,,0,362136.0,1014321.0,45734318762.29642,45731351810.54948,12.799777872251294,1.9551801024221296,13.82973096696422,3.170600078451418,24.546114810640347,-0.8860591593966354,24.546049934895613,-0.8891383096824614,8920042222.0,22.911566517047305,3.146989869478346,Ethereum,30381858109.0,24.137111494521516,0.7211531587320085,0.9758857839296596,0.9950378688952728,0.997127187255158,0.2244276138243231,0.5962827544180378,0.994254374510316,0.4061547836684948,0.7671815965874467,96.79637851484286,0.9926873857404022,0.9439366240097502,0.9384521633150518,0.9719683120048752,0.9853747714808044,0.9719683120048752,0.9780621572212066,0.992078001218769,0.9951249238269348,0.5167580743449116,0.9945155393053016,0.3138330286410725,1,1,1,0,0,1,1,5,0.7000000000000001,99.29050230695567,1,0.9957343083485679,multi_method_market_stress_non_event,"Multiple methods agree and market stress variables are elevated, but no event-window label is present.",medium_high,"False-alert taxonomy is an error-review framework. Non-event-window alerts are not proof of model failure, and event-window hits are not verified fraud ground truth."
2022-11-09,1.0001319646835327,1.0012069940567017,0.9991559982299804,1.0003420114517212,1.0003420114517212,10733960295,USDC,USDC-USD,0.0003419529791364,0.0003599537438714,0.0003599537438714,0,0.0002780718011236,0.0001378398160491,23.09667841179352,2.7714890812878914,2.514428050284996,2.531538839915521,0.0,0.0020502946024878,2.7914679065051926,0.0003420114517211,0,0,,0,0,,,,0,491196.0,1055311.0,45876121154.29532,45876946912.52679,13.104600548304562,2.8630171618026945,13.869347015768604,2.747690938930868,24.549210582374997,-0.7048655435540987,24.549228581952537,-0.7046070642935847,10991379280.0,23.12037710076277,2.927581869113105,Ethereum,26945793811.0,24.017093048354408,-2.5965927041322785,0.9696178288500044,0.9918168364237834,0.9774527726995734,0.0438756855575868,0.85588056063376,0.9881605292939843,0.9660050491860364,0.7932136328022983,98.145729955602,0.9951249238269348,0.9244363193174894,0.8574040219378428,0.9463741620962828,0.9932967702620352,0.9463741620962828,0.9689213893967094,0.987812309567337,0.9780621572212066,0.0225472273004265,0.9884216940889702,0.9536867763558804,1,0,1,0,0,1,1,4,0.5,98.24584312701316,1,0.9887263863497867,multi_method_market_stress_non_event,"Multiple methods agree and market stress variables are elevated, but no event-window label is present.",medium_high,"False-alert taxonomy is an error-review framework. Non-event-window alerts are not proof of model failure, and event-window hits are not verified fraud ground truth."
2022-11-10,1.000359058380127,1.0073299407958984,0.9998570084571838,1.0006920099258425,1.0006920099258425,9392844548,USDC,USDC-USD,0.0006917705973791,0.0003498176182427,0.0003498176182427,0,0.0002993691028512,0.000150498564707,22.9632140181572,2.144086818811881,2.1767187849918717,2.1534745419564807,0.0,0.0074677645715072,4.944339313403038,0.0006920099258425,0,0,,0,0,,,,0,398051.0,1056643.0,46560821665.506,46559752635.51053,12.894337928998512,1.968891670897389,13.870608405851174,2.404469490279695,24.56402528769038,0.022422944870517,24.56400232756576,0.0201627290931982,11684466429.0,23.18152614107908,2.582073474604977,Ethereum,23929889327.0,23.8983941140336,-3.879653565559772,0.9533385566292332,0.9686602246017236,0.9975624619134674,0.0438756855575868,0.9387133281100374,0.9796291459911204,0.9989118133542264,0.8018991033342038,98.52006616174806,0.9963436928702012,0.9658744667885436,0.9414990859232176,0.9804996953077392,0.9969530773918344,0.9804996953077392,0.951249238269348,0.9670932358318098,0.995734308348568,0.0225472273004265,0.979890310786106,0.9993906154783668,1,1,1,0,0,1,1,5,0.7000000000000001,99.29050230695567,1,0.9957343083485679,multi_method_market_stress_non_event,"Multiple methods agree and market stress variables are elevated, but no event-window label is present.",medium_high,"False-alert taxonomy is an error-review framework. Non-event-window alerts are not proof of model failure, and event-window hits are not verified fraud ground truth."
2023-01-13,1.000080943107605,1.000537991523743,0.9996060132980348,1.0002470016479492,1.0002470016479492,3509707746,USDC,USDC-USD,0.0002469711480644,0.0001749713292246,0.0001749713292246,0,0.0001414836163423,0.0001316699268324,21.97879860799467,1.529997535623274,1.2612703820175135,0.8914127137973775,0.0,0.0009317480823962,1.538597988098512,0.0002470016479492,0,0,,0,0,,,,0,317251.0,646098.0,47378124449.551,47377580760.12944,12.66745168973328,0.6515635489953634,13.378708021797031,0.7087296158599026,24.581426449637117,-1.9305570132115344,24.58141497403424,-1.953157817648027,2673320011.0,21.706586987101915,1.9126210731164348,Ethereum,24443127126.0,23.91961491425133,2.5879109586795233,0.8397318708104814,0.918255419169496,0.9187777487594672,0.0438756855575868,0.812091930007835,0.9388003830416992,0.9649603900060938,0.7321855140593714,94.10638112649082,0.878732480195003,0.748933577087142,0.6569165143205362,0.7909811090798293,0.9664838513101768,0.7909811090798293,0.8287629494210847,0.9256550883607556,0.926873857404022,0.0225472273004265,0.9390615478366848,0.9518586227909812,1,0,0,0,0,1,0,2,0.25,95.14668755985026,1,0.9606946983546618,defi_context_shock_non_event,DeFi or chain-context variables are unusual outside known public incident windows.,low,"False-alert taxonomy is an error-review framework. Non-event-window alerts are not proof of model failure, and event-window hits are not verified fraud ground truth."
2023-01-14,1.000180959701538,1.000784993171692,0.9993900060653688,1.0000840425491333,1.0000840425491333,4297415658,USDC,USDC-USD,8.403901775612427e-05,-0.0001629321303082,0.0001629321303082,1,0.0001591776960348,0.0001352275413165,22.181279669432417,1.910124092670432,-1.221886858516744,0.7144515688724016,-0.0001629188575895,0.0013948698779028,3.001329367856898,8.404254913330078e-05,0,0,,0,0,,,,0,395738.0,1107103.0,47662814579.87826,47679706070.183754,12.888510182031627,1.356433401772246,13.917258154884117,1.8222337928507195,24.587417362284096,-1.158981231710382,24.58777169507007,-1.1353971382978068,3616726470.0,22.008835163888424,2.374645238242604,Ethereum,25705194944.0,23.969958946358208,3.458260087192213,0.8096108644554714,0.9544702707408376,0.9807608601027248,0.1361539131191782,0.680029598676765,0.966222686515191,0.9972577696526508,0.7443418647166362,95.02045790894054,0.951249238269348,0.7659963436928702,0.8720292504570384,0.8982327848872639,0.9750152346130408,0.8982327848872639,0.7989031078610603,0.9585618525289458,0.9811090798293725,0.1962218159658744,0.9664838513101768,0.9975624619134674,1,0,0,0,0,1,0,2,0.25,95.14668755985026,1,0.9606946983546618,market_stress_non_event,Market stress variables are elevated outside known public incident windows.,medium,"False-alert taxonomy is an error-review framework. Non-event-window alerts are not proof of model failure, and event-window hits are not verified fraud ground truth."
2023-01-21,1.000298023223877,1.000504970550537,0.9991430044174194,0.9998400211334229,0.9998400211334229,3742948234,USDC,USDC-USD,-0.0001599916645609,-0.000424958808338,0.000424958808338,1,0.0002283295020845,0.0001337736092156,22.043139435957418,1.199306839450771,-3.10941959762422,3.573079937668404,-0.0004248685261328,0.0013621840537786,2.2729944905902055,0.0001599788665771,0,0,,0,0,,,,0,305811.0,678898.0,47252669794.801025,47259614140.732735,12.630725813041384,0.0949184792007974,13.428227647317671,0.3219063329389726,24.57877499290473,-1.3685125464337635,24.578921944087263,-1.3519371175557673,2723308209.0,21.725113231893463,1.2104785115389105,Ethereum,27240855365.0,24.02798371883604,2.2128924459674084,0.9918168364237834,0.8695917123705058,0.9618699399320972,0.2580308174458083,0.7550274223034735,0.8376425524505964,0.9237834073300252,0.7880834856794638,97.92809262644728,0.8750761730652041,0.8494820231566118,0.8927483241925656,0.906764168190128,0.9908592321755028,0.906764168190128,0.991468616697136,0.874466788543571,0.9603900060938452,0.6209628275441804,0.837903717245582,0.9049360146252284,1,0,0,0,0,0,1,2,0.3,95.96500391747192,1,0.9707495429616088,multi_method_market_stress_non_event,"Multiple methods agree and market stress variables are elevated, but no event-window label is present.",medium_high,"False-alert taxonomy is an error-review framework. Non-event-window alerts are not proof of model failure, and event-window hits are not verified fraud ground truth."
2023-02-16,1.000010967254639,1.0004359483718872,0.9994789958000184,0.999858021736145,0.999858021736145,5620785014,USDC,USDC-USD,-0.0001419883437227,-0.0002130345564533,0.0002130345564533,1,9.749571544072689e-05,0.0001547192969914,22.449737173481676,2.360148785216837,-1.3872619939554467,0.9707217236866684,-0.0004068726923471,0.0009570884576263,0.1788075269243784,0.0001419782638549,0,0,,0,0,,,,0,286444.0,783122.0,45504364804.14838,45524745118.26164,12.565301824631144,0.4736530591859787,13.571045050758498,0.8699533285236052,24.54107408808583,-0.91437851453956,24.54152186384615,-0.8889704230378206,4439512353.0,22.21381037717859,2.1360631828292997,Ethereum,28915013745.0,24.08762680394987,2.1803982188433424,0.8517454513798207,0.9778880473578828,0.6859058065639418,0.2509358405153652,0.7384434578218856,0.9564725341690606,0.9178636719770176,0.7291342387046227,93.87133281100374,0.8110907982937233,0.6276660572821451,0.6532602071907374,0.7245581962218159,0.9652650822669104,0.7245581962218159,0.842169408897014,0.9768433881779404,0.6849482023156612,0.5981109079829372,0.9567336989640464,0.8970140158439975,1,0,0,0,0,1,0,2,0.25,95.14668755985026,1,0.9606946983546618,market_stress_non_event,Market stress variables are elevated outside known public incident windows.,medium,"False-alert taxonomy is an error-review framework. Non-event-window alerts are not proof of model failure, and event-window hits are not verified fraud ground truth."
2023-03-10,1.0000009536743164,1.0009150505065918,0.9992179870605468,0.9994789958000184,0.9994789958000184,7610706906,USDC,USDC-USD,-0.0005211399698295,-0.0005291269603334,0.0005291269603334,1,0.0002340977948746,0.0001692761931882,22.75282189635865,2.7173723634950093,-3.0208281675589412,3.613875322798018,-0.0008158064936313,0.0016979480841282,3.753152448375304,0.0005210041999815,0,1,E003,1,1,E003,stablecoin_depeg,high,1,259140.0,826680.0,46357310982.6279,46509722091.51428,12.465127594093316,0.5993186247683849,13.62517416803242,1.3331243506731294,24.559644850794136,0.0524866519007737,24.56292720494449,0.2083697912519264,7088629182.0,22.681757813662877,2.914281026037824,Ethereum,26110607368.0,23.98560748131719,-2.2683330686966587,0.9922521110820928,0.9903369025855314,0.9904239575171934,0.3591886480369113,0.9091146513449988,0.9875511447723514,0.9334465047444938,0.8628123095673368,99.7127187255158,0.9908592321755028,0.9457647775746496,0.9140767824497258,0.964046313223644,0.9987812309567335,0.964046313223644,0.992078001218769,0.9853747714808044,0.9890310786106032,0.8537477148080439,0.987812309567337,0.9177330895795248,1,1,1,0,0,1,1,5,0.7000000000000001,99.29050230695567,1,0.9957343083485679,event_window_hit_3d,"Alert falls within a tight public incident window. This supports weak-label alignment, not verified fraud detection.",high,"False-alert taxonomy is an error-review framework. Non-event-window alerts are not proof of model failure, and event-window hits are not verified fraud ground truth."
2023-03-11,0.9994699954986572,1.0000669956207275,0.8773999810218811,0.9714999794960022,0.9714999794960022,26682206827,USDC,USDC-USD,-0.0289140312701471,-0.0283928913003175,0.0283928913003175,1,0.0106980744351061,0.0051824695353482,24.007262769265814,4.247235213985159,-5.291883585999826,5.293419389105287,-0.0287865702198393,0.1262655864002015,5.294398995235628,0.0285000205039978,1,1,E003,1,1,E003,stablecoin_depeg,high,1,348359.0,1013052.0,43664679634.89224,44985089880.57536,12.760991706806676,1.8881670917008595,13.828479101704238,1.9238828625377824,24.49980536592254,-2.5642179977392177,24.52959693584785,-1.4190125053603198,6829460634.0,22.64451153742546,2.488102934671,Ethereum,25971349070.0,23.980259808557182,-2.1539885627355755,1.0,0.9997388352050144,0.9996517802733524,0.5662923304605206,1.0,0.9753634543396884,0.914642639505528,0.9163232349612604,100.0,1.0,1.0,1.0,1.0,1.0,1.0,1.0,0.9993906154783668,0.9987812309567335,1.0,0.975624619134674,0.8951858622790981,1,1,1,1,1,1,1,7,1.0000000000000002,99.9956472534169,1,0.9996953077391835,event_window_hit_3d,"Alert falls within a tight public incident window. This supports weak-label alignment, not verified fraud detection.",high,"False-alert taxonomy is an error-review framework. Non-event-window alerts are not proof of model failure, and event-window hits are not verified fraud ground truth."
2023-03-12,0.9682999849319458,0.99542498588562,0.947013020515442,0.9920690059661864,0.9920690059661864,9955867537,USDC,USDC-USD,-0.0079626116507066,0.0209514196194405,0.0209514196194405,0,0.0143550323474738,0.0065490416249471,23.02142791662239,1.891513353292975,3.239843988491089,3.0435242821002504,-0.0082236107067468,0.0487989898676746,1.7405323555454009,0.0079309940338135,0,1,E003,1,1,E003,stablecoin_depeg,high,1,222073.0,608484.0,44417685303.693726,44783753066.93756,12.310765938644536,-0.1554575702036094,13.318727540325275,0.2381364086776472,24.51690354475045,-1.7021936775354394,24.525111255858683,-1.5779385021825505,7837276102.0,22.782157175097076,2.5017076595794925,Ethereum,25476418368.0,23.961019091404214,-2.4210787240925464,0.9824149038043004,0.9531644467659092,0.9331418124836772,0.5058762078871768,0.9996517802733524,0.9765822233829546,0.9509445460085314,0.883051710629407,99.88682858883956,0.9993906154783668,0.9987812309567335,0.9987812309567335,0.9987812309567335,0.9993906154783668,0.9987812309567335,0.9835466179159048,0.9567336989640464,0.9408897014015845,0.9817184643510056,0.9768433881779404,0.9372333942717856,1,1,1,1,1,1,1,7,1.0000000000000002,99.9956472534169,1,0.9996953077391835,event_window_hit_3d,"Alert falls within a tight public incident window. This supports weak-label alignment, not verified fraud detection.",high,"False-alert taxonomy is an error-review framework. Non-event-window alerts are not proof of model failure, and event-window hits are not verified fraud ground truth."
2023-03-13,0.9911580085754396,1.0002779960632324,0.9880359768867492,0.998947024345398,0.998947024345398,9184314805,USDC,USDC-USD,-0.0010535304229392,0.0069090812277674,0.0069090812277674,0,0.0146803130315448,0.0066789309806809,22.94076295359295,1.5891808734535489,1.039602296639636,0.7724620488129446,-0.001347621040097,0.0122549233123802,0.2167284401150539,0.001052975654602,0,1,E003,1,1,E003,stablecoin_depeg,high,1,234848.0,812997.0,43584583562.27828,43634444285.44509,12.366698033409032,0.0987429830719218,13.608483928502322,1.134318622398872,24.49796933677622,-2.257548400283806,24.499112681980304,-2.491010476655047,8525750904.0,22.866356938934885,2.3434089224043833,Ethereum,27735899647.0,24.045993427208945,-0.2325606939046424,0.8202315661182206,0.9250457038391224,0.6980934969966048,0.4234351876033777,0.972838861321494,0.9643945329502916,0.2357012274745364,0.745036563071298,95.06398537477148,0.9780621572212066,0.8415600243753809,0.9634369287020108,0.9500304692260816,0.975624619134674,0.9500304692260816,0.8092626447288239,0.931139549055454,0.6983546617915904,0.9274832419256552,0.9646556977452772,0.1078610603290676,1,1,0,0,0,1,1,4,0.55,98.61582658657612,1,0.9923826934795856,event_window_hit_3d,"Alert falls within a tight public incident window. This supports weak-label alignment, not verified fraud detection.",high,"False-alert taxonomy is an error-review framework. Non-event-window alerts are not proof of model failure, and event-window hits are not verified fraud ground truth."
2023-06-12,0.9997379779815674,1.001013994216919,0.9994909763336182,1.000216007232666,1.000216007232666,3482493796,USDC,USDC-USD,0.0002159839064627,0.0002819684251595,0.0002819684251595,0,0.0001524879923397,0.0001292511067239,21.971014482424977,0.7791876254415626,2.1330784828124725,2.317497707677736,0.0,0.0015226889714698,3.5326113720262953,0.000216007232666,0,0,,0,0,,,,0,211580.0,606775.0,32610405386.674618,32610475823.938686,12.26236318287424,-1.2709247063223752,13.315914973927454,-0.9538468780450438,24.2078972580618,-1.5898712104743489,24.20789941802232,-1.5926822490477646,2164034698.0,21.495240232460137,0.8266164934698628,Ethereum,24945676483.0,23.939966356913544,-2.747348614599529,0.9609123356838164,0.7722642987725254,0.988508749020632,0.0438756855575868,0.7937233394271785,0.7322190302080613,0.9763645860538,0.7327879341864715,94.1237921128232,0.9646556977452772,0.9451553930530164,0.9037172455819622,0.9567336989640464,0.967702620353443,0.9567336989640464,0.9591712370505788,0.7745277269957344,0.9859841560024376,0.0225472273004265,0.732480195003047,0.9695307739183424,1,1,0,0,0,1,1,4,0.55,98.61582658657612,1,0.9923826934795856,multi_method_market_stress_non_event,"Multiple methods agree and market stress variables are elevated, but no event-window label is present.",medium_high,"False-alert taxonomy is an error-review framework. Non-event-window alerts are not proof of model failure, and event-window hits are not verified fraud ground truth."
2023-06-15,0.999904990196228,1.0022590160369873,0.999512016773224,1.0000849962234497,1.0000849962234497,6040215579,USDC,USDC-USD,8.499261147537468e-05,3.301871189797444e-05,3.301871189797444e-05,0,0.0001680685237992,0.0001352527144047,22.521705540309167,2.1879889598978473,0.2103696891201614,-0.8843603223629402,-0.0001309827160023,0.0027467657990436,4.5697521202478555,8.499622344970703e-05,0,0,,0,0,,,,0,223935.0,696569.0,32500495862.417152,32500869922.990517,12.31911557572736,-0.4115843669114648,13.45392356966452,-0.0509015205378717,24.204521183501623,-1.4978959334140358,24.204532692815892,-1.4981821916295184,2429293200.0,21.610866188203783,1.0246268057426002,Ethereum,23916467777.0,23.897833086981016,-2.8221061655736817,0.312744841995299,0.9711848176199182,0.9959084182118916,0.1228345085749107,0.6810742578567076,0.783407330025246,0.980630277705232,0.6285431357186384,81.2135457473666,0.9585618525289458,0.9518586227909812,0.9347958561852528,0.9616087751371116,0.8653260207190737,0.9616087751371116,0.1511273613650213,0.9689213893967094,0.9932967702620352,0.149908592321755,0.7836684948202316,0.9762340036563072,0,1,0,0,0,1,0,2,0.25,95.14668755985026,1,0.9606946983546618,market_stress_non_event,Market stress variables are elevated outside known public incident windows.,medium,"False-alert taxonomy is an error-review framework. Non-event-window alerts are not proof of model failure, and event-window hits are not verified fraud ground truth."
2023-06-30,0.9997959733009338,1.000938057899475,0.9994800090789796,1.0002529621124268,1.0002529621124268,6373895760,USDC,USDC-USD,0.0002529301229062,0.0002909586093467,0.0002909586093467,0,0.0001545005445215,0.0001367624594203,22.575476699026847,1.6999222486093757,2.109463985737133,2.309618914892327,-4.898022807597879e-05,0.0014576800826625,1.0278522653425142,0.0002529621124267,0,0,,0,0,,,,0,262864.0,1003415.0,31664128499.435818,31662656534.863937,12.479395871387467,2.030794703182565,13.81892073668949,2.4489251164078696,24.178450284048633,-3.3245860631647597,24.178403796150302,-3.3123514560783134,3774267914.0,22.05147227103926,1.7446919550781397,Ethereum,26051895301.0,23.983356358813953,0.3786059990891927,0.960564115957169,0.9357534604335336,0.8674153390789588,0.0979367981196134,0.8154435448768173,0.9266126926090364,0.2861060329067642,0.7283211456429006,93.79298337250805,0.9859841560024376,0.8634978671541743,0.7915904936014625,0.91102985984156,0.9646556977452772,0.91102985984156,0.9573430834856794,0.9402803168799512,0.8738574040219378,0.0694698354661791,0.926873857404022,0.1687995124923827,1,0,1,0,0,0,1,3,0.4499999999999999,97.83668494820232,1,0.985679463741621,multi_method_consensus_non_event,"Multiple methods agree, but the alert is outside known public incident windows.",medium,"False-alert taxonomy is an error-review framework. Non-event-window alerts are not proof of model failure, and event-window hits are not verified fraud ground truth."
2023-08-17,1.0000170469284058,1.0011550188064575,0.9992259740829468,1.0004370212554932,1.0004370212554932,6519582155,USDC,USDC-USD,0.000436925789517,0.000399971592571,0.000399971592571,0,0.0001694363012104,0.0001776756406773,22.598076124328276,2.571859122459889,2.1639071002625867,2.3158157859097104,0.0,0.0019282020582264,3.348374597076454,0.0004370212554931,0,0,,0,0,,,,0,229594.0,790961.0,30427034612.30342,30410812800.818413,12.344072166186942,0.8741475468201078,13.581005205140691,1.5299189600496148,24.138597346658983,-0.6894451421216822,24.13806406638827,-0.739170086689006,4193605502.0,22.15682670277025,3.161059591409465,Ethereum,23912237121.0,23.897656178322507,-0.4870962798433225,0.9608252807521546,0.98563593627579,0.9860712109340994,0.0438756855575868,0.8886132149386263,0.9948637590319492,0.3254548620179333,0.7646082528075215,96.60485766518671,0.9847653869591712,0.915295551492992,0.8957952468007313,0.9536867763558804,0.9823278488726388,0.9536867763558804,0.9585618525289458,0.9817184643510056,0.9853747714808044,0.0225472273004265,0.9951249238269348,0.2230347349177331,1,1,1,0,0,1,1,5,0.7000000000000001,99.29050230695567,1,0.9957343083485679,multi_method_market_stress_non_event,"Multiple methods agree and market stress variables are elevated, but no event-window label is present.",medium_high,"False-alert taxonomy is an error-review framework. Non-event-window alerts are not proof of model failure, and event-window hits are not verified fraud ground truth."
2023-10-23,1.0003010034561155,1.000586986541748,0.99932599067688,1.0000890493392944,1.0000890493392944,6974709631,USDC,USDC-USD,8.904537463738418e-05,0.0001710647293435,0.0001710647293435,0,0.0001180014882584,0.0001345189158743,22.665556533966505,2.687312409880373,1.244413698986645,0.8128701952348978,-0.0003038642596645,0.0012608835840179,2.285972392636193,8.90493392944336e-05,0,0,,0,0,,,,0,237635.0,889989.0,29821130914.54403,29820479925.599712,12.37849537014488,1.6666634265883338,13.698965505690143,2.0037302956551177,24.11848307029708,0.5838295213798036,24.118461240271525,0.5882572409346155,3754091811.0,22.04611223192407,2.6616968177586497,Ethereum,21427109729.0,23.787922767060767,1.046221026325071,0.8267606859928615,0.9894663532689126,0.9622181596587448,0.2069295725602855,0.6859058065639418,0.982066684077653,0.545181509532515,0.7428271089057196,94.9159919909463,0.91102985984156,0.5978062157221207,0.8068251066422912,0.8062157221206582,0.9744058500914076,0.8062157221206582,0.8147471054235222,0.984156002437538,0.9616087751371116,0.4478976234003656,0.9823278488726388,0.465569774527727,1,0,0,0,0,1,0,2,0.25,95.14668755985026,1,0.9606946983546618,market_stress_non_event,Market stress variables are elevated outside known public incident windows.,medium,"False-alert taxonomy is an error-review framework. Non-event-window alerts are not proof of model failure, and event-window hits are not verified fraud ground truth."
2023-11-10,0.9999079704284668,1.0003900527954102,0.9995319843292236,0.999541997909546,0.999541997909546,5800619880,USDC,USDC-USD,-0.0004581070054468,-0.0004141178100921,0.0004141178100921,1,0.0001556878802927,0.0001525117170115,22.48123062482243,1.1166234126041956,-2.621745860609406,3.2300882655170366,-0.0007717570295313,0.0008584616434137,0.1971205909184313,0.0004580020904539,0,0,,0,0,,,,0,440993.0,1798440.0,28421149801.654537,28421414497.389267,12.996786548894251,1.2495409822137122,14.402430736464344,1.7637904989045727,24.070399416314736,-1.9442647987853936,24.07040872960797,-1.9372166920390388,4093179006.0,22.1325877684136,1.4325010303866572,Ethereum,26294993296.0,23.992644389072304,2.145503522652996,0.9868547053190564,0.8525289457647776,0.6910420475319927,0.3506572647340472,0.8947505876207887,0.8857839296596152,0.9133368155305998,0.7732902411421607,97.1358927483242,0.9305301645338208,0.886654478976234,0.8732480195003047,0.9207800121876905,0.9859841560024376,0.9207800121876905,0.9872029250457038,0.8616697135892748,0.6904326630103595,0.8452163315051797,0.8860450944546009,0.8939670932358318,1,0,0,0,0,0,1,2,0.3,95.96500391747192,1,0.9707495429616088,multi_method_consensus_non_event,"Multiple methods agree, but the alert is outside known public incident windows.",medium,"False-alert taxonomy is an error-review framework. Non-event-window alerts are not proof of model failure, and event-window hits are not verified fraud ground truth."
2023-12-11,1.000095009803772,1.0029670000076294,0.999692976474762,1.0000799894332886,1.0000799894332886,8980651787,USDC,USDC-USD,7.998623430444412e-05,5.1972443649908046e-05,5.1972443649908046e-05,0,0.000224304829243,0.0001690553086578,22.91833829880919,1.89964052858238,0.234473249505987,-0.7212426522004447,-0.000203909193075,0.003273761666527,4.57434068956052,7.998943328857422e-05,0,0,,0,0,,,,0,772159.0,2163320.0,28240310244.326138,28240036507.915585,13.556947061418803,1.9642413269719432,14.587155098917329,1.743994079993986,24.0640162355354,-1.980055524352881,24.064006542379243,-1.973722466467421,6026851947.0,22.519490646353827,2.0692782898950615,Ethereum,28208922450.0,24.062904163818512,1.3648373635979023,0.312744841995299,0.9539479411508662,0.9959954731435536,0.1574823713763384,0.6758509619569949,0.9503786889527291,0.6896926960912335,0.6247632105858797,80.67380517106294,0.9506398537477148,0.902498476538696,0.935405240706886,0.9506398537477148,0.858622790981109,0.9506398537477148,0.2443631931748933,0.9573430834856794,0.9939061547836684,0.2742230347349177,0.9506398537477148,0.6410725167580743,0,1,0,0,0,1,0,2,0.25,95.14668755985026,1,0.9606946983546618,market_stress_non_event,Market stress variables are elevated outside known public incident windows.,medium,"False-alert taxonomy is an error-review framework. Non-event-window alerts are not proof of model failure, and event-window hits are not verified fraud ground truth."
2023-12-28,1.000154972076416,1.0009820461273191,0.999684989452362,1.00075101852417,1.00075101852417,6962497226,USDC,USDC-USD,0.0007507366508773,0.0007897188483565,0.0007897188483565,0,0.000356052419694,0.0002712635401111,22.663804043923253,1.0744181948686429,2.808439299657834,3.2409403699093615,0.0,0.0012960832923957,0.4344538963586266,0.0007510185241699,0,0,,0,0,,,,0,775511.0,1786936.0,28640041562.676964,28634462320.97633,13.561278735366823,0.5036893554991794,14.39601353890343,0.3257594561319057,24.078071630283507,0.0292143568280983,24.07787680566383,0.0053720034165131,6359412591.0,22.57320185028459,1.5211116049599192,Ethereum,29531852945.0,24.108735278651046,1.821394053833124,0.9872029250457038,0.8432140680769565,0.7579002350483155,0.0438756855575868,0.9462871071646208,0.8997997736571777,0.8473491773308958,0.73312048402542,94.17602507182032,0.8732480195003047,0.91102985984156,0.9341864716636198,0.9287020109689214,0.9689213893967094,0.9287020109689214,0.987812309567337,0.8464351005484461,0.7592931139549055,0.0225472273004265,0.9000609384521633,0.8244972577696527,1,0,0,0,0,0,1,2,0.3,95.96500391747192,1,0.9707495429616088,multi_method_consensus_non_event,"Multiple methods agree, but the alert is outside known public incident windows.",medium,"False-alert taxonomy is an error-review framework. Non-event-window alerts are not proof of model failure, and event-window hits are not verified fraud ground truth."
2024-02-29,1.000010967254639,1.0003180503845217,0.9989029765129088,0.999754011631012,0.999754011631012,10631188477,USDC,USDC-USD,-0.0002460186290893,-0.0001980357388847,0.0001980357388847,1,0.0001350773480645,0.000110359371658,23.08705782718988,1.7510859572500468,-1.7032314991082722,1.6776425541048847,-0.0005898234569434,0.0014154220489741,1.414193119654457,0.000245988368988,0,0,,0,0,,,,0,1166883.0,3237556.0,28563715060.88197,28562913107.902267,13.969847506156787,1.5255117047760296,14.99032959101255,2.1065144171232095,24.075403045155777,-0.6312043215393537,24.075374968827617,-0.6307801032943529,8746568548.0,22.89192729457023,2.423989147057596,Ethereum,47838470345.0,24.59109597170469,1.7130350370001337,0.9244363193174894,0.9393227126316706,0.9064159484634804,0.3090450073996691,0.8116131278836947,0.9710977626882564,0.8149647427526769,0.7941660137546792,98.18055192826674,0.8781230956733699,0.7343083485679464,0.6727605118829981,0.7918951858622791,0.9939061547836684,0.7918951858622791,0.918342474101158,0.9439366240097502,0.915295551492992,0.7708714198659354,0.971358927483242,0.7867154174283973,1,0,1,0,0,1,0,3,0.3999999999999999,97.4797597283886,1,0.9844606946983546,multi_method_consensus_non_event,"Multiple methods agree, but the alert is outside known public incident windows.",medium,"False-alert taxonomy is an error-review framework. Non-event-window alerts are not proof of model failure, and event-window hits are not verified fraud ground truth."
2024-03-06,0.9998459815979004,1.0015259981155396,0.9991469979286194,0.999800980091095,0.999800980091095,12709293551,USDC,USDC-USD,-0.0001990397159951,-0.0001970131560193,0.0001970131560193,1,0.0001563939404461,0.0001138669096167,23.265599338541666,1.6786952203183334,-1.6552583381851471,1.6224420649503573,-0.0004199411188561,0.002379473749569,3.1695447923092104,0.000199019908905,0,0,,0,0,,,,0,1308809.0,3157099.0,28838671275.325996,28841029130.471935,14.084628885388229,2.124122077492851,14.965164442679898,1.4862669371643005,24.084983076052357,-0.2047893576208512,24.085064832896812,-0.2019592210200444,12318993413.0,23.23440808830479,2.147994978287424,Ethereum,50616290907.0,24.647539316127094,1.5139309018899114,0.921041176982676,0.9343605815269436,0.9837207277792288,0.2555932793592757,0.7829285279011056,0.9570819186906938,0.7478453904413686,0.7887468442587272,97.9716200922782,0.8848263254113345,0.7513711151736746,0.8817794028031688,0.870201096892139,0.991468616697136,0.870201096892139,0.9134673979280926,0.9384521633150518,0.9835466179159048,0.6124314442413162,0.9573430834856794,0.708714198659354,1,0,1,0,0,1,0,3,0.3999999999999999,97.4797597283886,1,0.9844606946983546,multi_method_market_stress_non_event,"Multiple methods agree and market stress variables are elevated, but no event-window label is present.",medium_high,"False-alert taxonomy is an error-review framework. Non-event-window alerts are not proof of model failure, and event-window hits are not verified fraud ground truth."
2024-05-23,0.999845027923584,1.0015740394592283,0.9993190169334412,1.000082015991211,1.000082015991211,10711191548,USDC,USDC-USD,8.201262808341591e-05,0.0002210203208212,0.0002210203208212,0,0.0001430095321064,0.000161268798099,23.094554970959905,1.6349336702769122,1.3531384689712698,0.9562022592643196,-0.0003698584433534,0.0022548375930469,1.7262764101713128,8.20159912109375e-05,0,0,,0,0,,,,0,1034208.0,2988108.0,32355165933.55166,32367633806.73167,13.849147441285044,0.7631532275272502,14.910151303819829,1.19742901074716,24.20003953400227,-2.5498372808729126,24.20042480390357,-2.520110361935896,10111989619.0,23.036987647847223,2.3786942971886114,Ethereum,59880580591.0,24.815618092376017,2.776775389251781,0.8496561330199356,0.929659615217202,0.9319230434404108,0.2362235570645077,0.6785496648385131,0.9668320710368242,0.9780186297553756,0.7567689562113694,95.94324018455646,0.9579524680073126,0.7556368068251066,0.7154174283973187,0.8476538695917124,0.9786715417428398,0.8476538695917124,0.8391224862888482,0.9360146252285192,0.939670932358318,0.5548446069469836,0.9670932358318098,0.9719683120048752,1,0,0,0,0,1,0,2,0.25,95.14668755985026,1,0.9606946983546618,defi_context_shock_non_event,DeFi or chain-context variables are unusual outside known public incident windows.,low,"False-alert taxonomy is an error-review framework. Non-event-window alerts are not proof of model failure, and event-window hits are not verified fraud ground truth."
2024-08-05,0.9999250173568726,1.0019099712371826,0.9988330006599426,1.0000170469284058,1.0000170469284058,24826261611,USDC,USDC-USD,1.704678310852893e-05,4.607466641907237e-05,4.607466641907237e-05,0,9.75301167420032e-05,9.537657519496143e-05,23.935167865807895,3.7415900594424585,0.4547502952525056,-0.6282836088202943,-0.00016197642224,0.0030769181252369,3.650958138412801,1.704692840576172e-05,0,0,,0,0,,,,0,1246501.0,4344610.0,32805652183.65524,32803937986.65701,14.03585178643704,3.274989304679524,15.284446784480416,3.3154390865881873,24.21386666019356,-0.680862298772621,24.21381440572911,-0.6888568123746905,18224217405.0,23.626017173233283,4.169908207502609,Ethereum,44265555986.0,24.51347269435074,-3.1899143509038654,0.312744841995299,0.9991294506833812,0.9895534082005746,0.135544528597545,0.5945851832506311,0.9997388352050144,0.992208583616262,0.6340040915817882,82.03186210498825,0.9969530773918344,0.9634369287020108,0.9079829372333944,0.969226081657526,0.8750761730652041,0.969226081657526,0.3010359536867764,0.9987812309567335,0.987812309567337,0.194393662400975,1.0,0.9902498476538696,0,1,0,0,0,1,0,2,0.25,95.14668755985026,1,0.9606946983546618,market_stress_non_event,Market stress variables are elevated outside known public incident windows.,medium,"False-alert taxonomy is an error-review framework. Non-event-window alerts are not proof of model failure, and event-window hits are not verified fraud ground truth."
2024-08-06,1.000041961669922,1.0014979839324951,0.9993860125541688,1.0001569986343384,1.0001569986343384,10057433619,USDC,USDC-USD,0.0001569863113425,0.000139939528234,0.000139939528234,0,0.0001096823560649,9.831064716556892e-05,23.031577861716723,1.2533403882712493,1.3369880109694663,1.1015779415507387,-2.2049770503573814e-05,0.002111639853753,1.33581440308527,0.0001569986343383,0,0,,0,0,,,,0,955164.0,3439466.0,33523891678.442123,33525209785.040154,13.76963937940812,0.94934053748187,15.050827075484388,1.762700411898498,24.235524206043205,1.0906631749898117,24.23556352369458,1.0926624435387395,7384186571.0,22.722606600891677,0.6868678945962682,Ethereum,42772547698.0,24.479162324841603,-3.069313529936494,0.8668930094889875,0.8794289196482981,0.8996256637938539,0.0921041176982676,0.7523287194219552,0.6822494994341429,0.9887263863497868,0.7163998433011229,92.62644728823888,0.7605118829981719,0.7349177330895795,0.5764777574649604,0.7178549664838513,0.9591712370505788,0.7178549664838513,0.8634978671541743,0.8897014015843998,0.91102985984156,0.0560633759902498,0.6825106642291285,0.9872029250457038,1,0,0,0,0,1,0,2,0.25,95.14668755985026,1,0.9606946983546618,defi_context_shock_non_event,DeFi or chain-context variables are unusual outside known public incident windows.,low,"False-alert taxonomy is an error-review framework. Non-event-window alerts are not proof of model failure, and event-window hits are not verified fraud ground truth."
2024-10-25,1.0000239610671997,1.0010290145874023,0.9993669986724854,0.9998229742050172,0.9998229742050172,10349261606,USDC,USDC-USD,-0.0001770414658983,-0.0001790680217672,0.0001790680217672,1,0.0001011198444185,0.000100485356567,23.060181011793965,1.5641385427594543,-1.7272764809965455,1.720557394342773,-0.0002920291652506,0.0016623101866993,0.8915958901501203,0.0001770257949827,0,0,,0,0,,,,0,1313157.0,3570562.0,33665478065.706017,33667539337.410954,14.087945481155678,2.315175213382362,15.08823384440323,1.4714203119288891,24.239738759547,-1.1735843392771237,24.239799985726517,-1.178394063818316,7969640239.0,22.798905189457457,1.482409454682312,Ethereum,45985227115.0,24.55158603220374,-0.0849656602300358,0.9279185165839644,0.9216505615043092,0.8484373639766692,0.2002263428223208,0.7677374423261077,0.8949246974841125,0.1834682684774092,0.7202015321667972,92.957256028554,0.7233394271785497,0.6258379037172456,0.684338817794028,0.7032297379646557,0.9609993906154785,0.7032297379646557,0.9207800121876905,0.9280926264472884,0.8525289457647776,0.4290067032297379,0.8951858622790981,0.0329067641681901,1,0,1,0,0,0,0,2,0.35,96.79637851484286,1,0.9792809262644728,isolated_anomaly_review,High score is driven by limited or isolated signals. Treat as likely false-alert candidate for manual review.,low,"False-alert taxonomy is an error-review framework. Non-event-window alerts are not proof of model failure, and event-window hits are not verified fraud ground truth."
2024-11-11,1.000048041343689,1.000458002090454,0.9988660216331482,0.9997779726982116,0.9997779726982116,17333067299,USDC,USDC-USD,-0.0002220519534987,-0.0002160318662556,0.0002160318662556,1,0.0001945905510878,0.000138474418082,23.575881918665026,1.9428618740115065,-1.5246834220033765,1.2875101197067578,-0.0004039863482531,0.0015923339989272,0.5347607119787782,0.0002220273017884,0,0,,0,0,,,,0,1726053.0,4388568.0,36218113402.41218,36222033722.84294,14.361348436347,2.4467070541941833,15.294513763802865,2.1510434937454384,24.31282520089469,1.830406833635742,24.312933437020373,1.831361604132158,15961132954.0,23.49342241360399,2.659682814845403,Ethereum,56697929606.0,24.761003532145708,2.9070172227303352,0.8897014015843998,0.956211369374075,0.7820144511186559,0.2498476538695917,0.7976408113519631,0.98145729955602,0.9853312440149734,0.7635966745016105,96.50909724035868,0.9347958561852528,0.8567946374162096,0.6075563680682511,0.8360755636806825,0.9811090798293725,0.8360755636806825,0.8878732480195003,0.959780621572212,0.7848872638634978,0.5953686776355881,0.9817184643510056,0.9835466179159048,1,0,0,0,0,1,0,2,0.25,95.14668755985026,1,0.9606946983546618,defi_context_shock_non_event,DeFi or chain-context variables are unusual outside known public incident windows.,low,"False-alert taxonomy is an error-review framework. Non-event-window alerts are not proof of model failure, and event-window hits are not verified fraud ground truth."
2024-11-12,0.9998049736022948,1.0005240440368652,0.998188018798828,1.00006103515625,1.00006103515625,19965628237,USDC,USDC-USD,6.103329368063853e-05,0.0002830852471794,0.0002830852471794,0,0.0002271302157432,0.0001461033855968,23.71727804393371,2.062078503065439,1.8780150114182608,1.8970622322984627,-0.0001209754074278,0.0023358826670736,2.364606094307656,6.103515625e-05,0,0,,0,0,,,,0,1759574.0,4708559.0,35732142968.710686,35731902180.58784,14.380582860581276,2.338446766508796,15.36489268676282,2.3685850824544032,24.29931648394532,1.2504830344969704,24.299309745224544,1.2472804439389968,18605314462.0,23.646713100671494,2.68790893911897,Ethereum,59071161794.0,24.80200868617778,2.9010245629566453,0.9393227126316706,0.9647427526769392,0.9645686428136154,0.1194393662400975,0.6552189431531297,0.9832854531209192,0.9848089144250022,0.7655615043092191,96.63967963785149,0.9664838513101768,0.8360755636806825,0.8153564899451554,0.9073735527117612,0.9829372333942716,0.9073735527117612,0.935405240706886,0.964046313223644,0.9652650822669104,0.1371115173674588,0.9835466179159048,0.9823278488726388,1,0,1,0,0,1,1,4,0.5,98.24584312701316,1,0.9887263863497867,multi_method_market_stress_non_event,"Multiple methods agree and market stress variables are elevated, but no event-window label is present.",medium_high,"False-alert taxonomy is an error-review framework. Non-event-window alerts are not proof of model failure, and event-window hits are not verified fraud ground truth."
2024-12-05,1.0000009536743164,1.000641942024231,0.9981669783592224,1.0002399682998655,1.0002399682998655,21397586720,USDC,USDC-USD,0.0002399395120783,0.0003699456927709,0.0003699456927709,0,0.0002712369754539,0.0001859721486826,23.786543982568467,1.7831800153469208,1.9528704602947495,2.0301968664062766,-1.90685467779117e-05,0.0024743698946716,2.2615800535275143,0.0002399682998655,0,0,,0,0,,,,0,1867854.0,5725708.0,39326006046.38366,39319025495.85962,14.440301271631755,0.5934362260450271,15.560476942531452,2.149803646516495,24.395151868459475,1.3643480414800502,24.39497434801336,1.360923651492045,19347710724.0,23.685839940637635,1.4428445229614808,Ethereum,71834954784.0,24.997637029980343,1.785421320543301,0.947679986071211,0.9431531296247933,0.9614346652737876,0.0908853486550013,0.8080003482197267,0.8870026987028815,0.8382084095063985,0.767055366936537,96.76155654217813,0.8683729433272395,0.7641681901279708,0.8049969530773918,0.850091407678245,0.984156002437538,0.850091407678245,0.9445460085313832,0.947592931139549,0.959780621572212,0.0548446069469835,0.8872638634978671,0.8135283363802559,1,0,1,0,0,0,0,2,0.35,96.79637851484286,1,0.9792809262644728,market_stress_non_event,Market stress variables are elevated outside known public incident windows.,medium,"False-alert taxonomy is an error-review framework. Non-event-window alerts are not proof of model failure, and event-window hits are not verified fraud ground truth."
2025-01-19,0.9999719858169556,1.0022950172424316,0.999550998210907,1.000519037246704,1.000519037246704,25940426522,USDC,USDC-USD,0.0005189025934637,0.0004858821654384,0.0004858821654384,0,0.0002280256202275,0.0001477908996681,23.979068458374936,2.9023124272282264,3.1787169031268183,3.6875215735122406,0.0,0.0027425955222959,3.1351644315853986,0.0005190372467041,0,0,,0,0,,,,0,5478691.0,7947736.0,47149914753.32225,47139151061.47106,15.516376944302744,3.7545340170173302,15.8883977920208,2.9677757465141696,24.576598038056527,2.2233864702306425,24.576369725435026,2.2166422749887023,44819611698.0,24.52591164171629,2.957942226423091,Ethereum,66792585049.0,24.9248579090823,-0.0229987124144044,0.992861495603726,0.994254374510316,0.98285017846261,0.0438756855575868,0.9085923217550276,0.9887699138156176,0.1644032384434578,0.7670675546269696,96.7702620353443,0.9975624619134674,0.9585618525289458,0.9000609384521633,0.9646556977452772,0.9847653869591712,0.9646556977452772,0.9926873857404022,0.9908592321755028,0.9829372333942716,0.0225472273004265,0.9890310786106032,0.0091407678244972,1,1,1,0,0,1,1,5,0.7000000000000001,99.29050230695567,1,0.9957343083485679,multi_method_market_stress_non_event,"Multiple methods agree and market stress variables are elevated, but no event-window label is present.",medium_high,"False-alert taxonomy is an error-review framework. Non-event-window alerts are not proof of model failure, and event-window hits are not verified fraud ground truth."
2025-01-20,1.000473976135254,1.0017319917678833,0.999123990535736,1.0001070499420166,1.0001070499420166,26853357037,USDC,USDC-USD,0.0001070442125804,-0.0004118583808832,0.0004118583808832,1,0.0002950103250395,0.0001670536736081,24.013656679434,2.535693268502102,-2.486380337942664,2.525145763550438,-0.0004117735788629,0.0026077220756503,2.4037969151709984,0.0001070499420166,0,0,,0,0,,,,0,5458436.0,9187396.0,47413835845.61459,47412744849.77141,15.51267304300354,2.989520773851287,16.033343211556033,3.0420212778025544,24.58217991855244,2.158056196686057,24.582156908214294,2.158023143514836,43913128175.0,24.505479159611102,2.481981219837828,Ethereum,65316796699.0,24.902515063735944,-0.6961352381970124,0.9695307739183424,0.984156002437538,0.9657003569252198,0.2523287194219552,0.707321319752764,0.9747540698180552,0.3974492905023069,0.7773252372246888,97.30129711848176,0.9872029250457038,0.9165143205362584,0.8171846435100548,0.9293113954905544,0.9872029250457038,0.9293113954905544,0.9683120048750762,0.9804996953077392,0.9664838513101768,0.6029859841560025,0.9750152346130408,0.3034734917733089,1,0,1,0,0,1,1,4,0.5,98.24584312701316,1,0.9887263863497867,multi_method_market_stress_non_event,"Multiple methods agree and market stress variables are elevated, but no event-window label is present.",medium_high,"False-alert taxonomy is an error-review framework. Non-event-window alerts are not proof of model failure, and event-window hits are not verified fraud ground truth."
2025-02-25,0.9998319745063782,1.0017659664154053,0.999002993106842,0.9999930262565612,0.9999930262565612,16057418626,USDC,USDC-USD,-6.973767755493553e-06,0.0001890255108698,0.0001890255108698,0,0.0001475887410399,9.984596779737782e-05,23.49943679948257,1.6728260335208618,1.8891515789219115,1.8412814842997507,-0.0001859927938967,0.0027629925769645,2.053779247492297,6.9737434388317254e-06,0,0,,0,0,,,,0,2235708.0,6073557.0,55153741183.73181,55150476934.76717,14.620068961675075,0.9937408571890028,15.619455152759912,1.857356415114845,24.733390416876983,0.5673063225423908,24.73333123058255,0.5648228720017593,18498605432.0,23.64096118418933,1.1759642262234684,Ethereum,56241808016.0,24.752926232171763,-1.8217341721487876,0.9357534604335336,0.9338382519369722,0.9515974579959956,0.1483416035518412,0.581788108296335,0.8272830155828328,0.8476103421258814,0.7371406807695656,94.47201183947072,0.8433881779402803,0.6983546617915904,0.7684338817794027,0.8022547227300426,0.9719683120048752,0.8022547227300426,0.9317489335770872,0.9378427787934186,0.9506398537477148,0.238878732480195,0.8275441803778184,0.8251066422912858,1,0,1,0,0,0,0,2,0.35,96.79637851484286,1,0.9792809262644728,market_stress_non_event,Market stress variables are elevated outside known public incident windows.,medium,"False-alert taxonomy is an error-review framework. Non-event-window alerts are not proof of model failure, and event-window hits are not verified fraud ground truth."
2025-04-07,1.0000120401382446,1.00129497051239,0.9986079931259156,1.0002410411834717,1.0002410411834717,25379799007,USDC,USDC-USD,0.000241012137713,0.0002979958016563,0.0002979958016563,0,0.0001331619045078,0.0001321556560656,23.957219379894756,2.243727850977954,2.175933331349466,2.5874208499926556,0.0,0.0026863298703431,1.8312600131513197,0.0002410411834716,0,0,,0,0,,,,0,1803801.0,6293631.0,58304691800.73235,58290103906.22017,14.405407217483504,2.149142204845973,15.65504888651456,2.99525381227234,24.78894840393839,0.4357463907632199,24.78869817159312,0.4135880929818611,13404268895.0,23.31883906749761,2.259086875911094,Ethereum,44638694016.0,24.52186689869993,-2.5441766430018427,0.9718812570732132,0.9738835205014365,0.9384521633150518,0.0438756855575868,0.809175589797162,0.9619569948637592,0.961913467397928,0.7754100287281274,97.21424218681987,0.9817184643510056,0.903107861060329,0.8190127970749543,0.9223034734917732,0.9865935405240708,0.9223034734917732,0.9707495429616088,0.9731870810481412,0.9445460085313832,0.0225472273004265,0.9622181596587448,0.9488117001828154,1,0,1,0,0,1,1,4,0.5,98.24584312701316,1,0.9887263863497867,multi_method_market_stress_non_event,"Multiple methods agree and market stress variables are elevated, but no event-window label is present.",medium_high,"False-alert taxonomy is an error-review framework. Non-event-window alerts are not proof of model failure, and event-window hits are not verified fraud ground truth."
2025-05-22,0.9998360276222228,1.0002230405807495,0.9987229704856871,0.9994379878044128,0.9994379878044128,14980112894,USDC,USDC-USD,-0.000562170183638,-0.0004591680529287,0.0004591680529287,1,0.0001781261180964,0.0001112809300623,23.42998935138893,1.0739902151681324,-4.016522470152742,4.583139495310937,-0.0006380191974344,0.0015009136268251,1.4470991485396956,0.0005620121955871,0,0,,0,0,,,,0,2021050.0,5324958.0,58309728706.91444,58313128718.140045,14.519128231099522,1.5366970442802184,15.487915569999604,0.644563027182745,24.789034789587152,-0.5720668194349212,24.789093097388925,-0.5735411529795114,16235649250.0,23.510475232523905,1.1640345194446682,Ethereum,61226591710.0,24.837847437176393,1.2996534846309806,0.9981718464351006,0.8431270131452947,0.9092017062766604,0.3220161922172891,0.9180813093061722,0.8248454774963002,0.6562636023330721,0.7955667276051188,98.25019587359624,0.9238269347958562,0.9177330895795248,0.926873857404022,0.943327239488117,0.995734308348568,0.943327239488117,0.9981718464351006,0.8458257160268129,0.918342474101158,0.7989031078610603,0.8251066422912858,0.6020719073735528,1,0,0,0,0,0,1,2,0.3,95.96500391747192,1,0.9707495429616088,multi_method_consensus_non_event,"Multiple methods agree, but the alert is outside known public incident windows.",medium,"False-alert taxonomy is an error-review framework. Non-event-window alerts are not proof of model failure, and event-window hits are not verified fraud ground truth."
2025-06-23,0.999908983707428,1.001183032989502,0.9992619752883912,1.0004329681396484,1.0004329681396484,14686763043,USDC,USDC-USD,0.0004328744359896,0.0005388571103654,0.0005388571103654,0,0.0002403708867952,0.000164689405324,23.41021245186429,1.3292882951850202,3.1709901284484507,3.8411949050987904,0.0,0.0019202263043,1.566999478334864,0.0004329681396484,0,0,,0,0,,,,0,1698091.0,5459943.0,59103426295.01814,59104401703.66128,14.345015825775542,0.0816662829455355,15.512949091258234,1.0393287974944336,24.80255473422992,1.1279539660780182,24.802571237513323,1.1229438451631168,13685098210.0,23.339573355956965,0.8968738583855973,Ethereum,56239138452.0,24.752878765216973,-2.7248644971257647,0.994254374510316,0.8926612692609036,0.9213893967093236,0.0438756855575868,0.8865674240445721,0.7498911813354227,0.9747105423522242,0.7635122312178985,96.4829807608601,0.9098110907982936,0.8884826325411335,0.9055453991468616,0.9223034734917732,0.9804996953077392,0.9223034734917732,0.9945155393053016,0.9061547836684948,0.9305301645338208,0.0225472273004265,0.7501523461304083,0.9670932358318098,1,0,1,0,0,1,1,4,0.5,98.24584312701316,1,0.9887263863497867,multi_method_consensus_non_event,"Multiple methods agree, but the alert is outside known public incident windows.",medium,"False-alert taxonomy is an error-review framework. Non-event-window alerts are not proof of model failure, and event-window hits are not verified fraud ground truth."
2021-04-03,1.000507950782776,1.0032609701156616,0.9980469942092896,1.003085017204285,1.003085017204285,109584392991,USDT,USDT-USD,0.0030802683031638,0.0025044148514841,0.0025044148514841,0,0.0011818561319937,0.0008356536789049,25.419960801612497,1.417573844537043,2.877037273968816,3.269763970670406,0.0,0.0051979401715161,2.430081913458773,0.0030850172042848,0,0,,0,0,,,,0,368732.0,902088.0,43757401811.611725,43743408982.80325,12.817828083878537,0.4324977374608577,13.712468463800294,1.2671454336483967,24.501926619728255,1.5137952453524894,24.501606786602128,1.508281539255115,3006494514.0,21.824040624061723,0.8702325962430345,Ethereum,49688233582.0,24.629033993186567,2.2068877075995528,0.9880299468964916,0.90454426743275,0.9669626534343172,0.0438756855575868,0.9983024288325932,0.7437973361190912,0.9226516932184208,0.7852202489771046,97.77139374945592,0.9821755027422304,0.9643510054844608,0.9663315051797684,0.992535039609994,0.9801950030469226,0.992535039609994,0.9876599634369287,0.9053930530164532,0.9657221206581352,0.0275746496039,0.7439061547836685,0.9028031687995124,1,1,1,0,0,0,1,4,0.65,98.87699138156177,1,0.9882693479585618,multi_method_market_stress_non_event,"Multiple methods agree and market stress variables are elevated, but no event-window label is present.",medium_high,"False-alert taxonomy is an error-review framework. Non-event-window alerts are not proof of model failure, and event-window hits are not verified fraud ground truth."
2021-04-03,1.000507950782776,1.0032609701156616,0.9980469942092896,1.003085017204285,1.003085017204285,109584392991,USDT,USDT-USD,0.0030802683031638,0.0025044148514841,0.0025044148514841,0,0.0011818561319937,0.0008356536789049,25.419960801612497,1.417573844537043,2.877037273968816,3.269763970670406,0.0,0.0051979401715161,2.430081913458773,0.0030850172042848,0,0,,0,0,,,,0,368732.0,902088.0,43757401811.611725,43743408982.80325,12.817828083878537,0.4324977374608577,13.712468463800294,1.2671454336483967,24.501926619728255,1.5137952453524894,24.501606786602128,1.508281539255115,3006494514.0,21.824040624061723,0.8702325962430345,Ethereum,49688233582.0,24.629033993186567,2.2068877076052553,0.9880299468964916,0.90454426743275,0.9669626534343172,0.0438756855575868,0.9983024288325932,0.7437973361190912,0.9227822756159136,0.7852267780969793,97.7800992426221,0.9821755027422304,0.9646556977452772,0.9663315051797684,0.9931444241316272,0.9804996953077392,0.9931444241316272,0.9876599634369287,0.9053930530164532,0.9657221206581352,0.0275746496039,0.7439061547836685,0.903107861060329,1,1,1,0,0,0,1,4,0.65,98.87699138156177,1,0.9882693479585618,multi_method_market_stress_non_event,"Multiple methods agree and market stress variables are elevated, but no event-window label is present.",medium_high,"False-alert taxonomy is an error-review framework. Non-event-window alerts are not proof of model failure, and event-window hits are not verified fraud ground truth."
2021-04-04,1.0031449794769287,1.011515974998474,1.001081943511963,1.0034019947052002,1.0034019947052002,99459708393,USDT,USDT-USD,0.0033962210122227,0.0003159527090589,0.0003159527090589,0,0.00117240246643,0.0008278840243798,25.323018458336488,0.714012190828418,0.2778566685016984,-0.4554716717504934,0.0,0.0103986553161841,4.0820337348044005,0.0034019947052001,0,0,,0,0,,,,0,377522.0,879258.0,43752707154.42413,43743408982.80325,12.841386772967551,0.5017427182204584,13.68683478628043,1.0746163236833195,24.501819325673942,1.422021494559706,24.501606786602128,1.419230686349748,2635189084.0,21.692220775378463,0.1986588511097384,Ethereum,54931395185.0,24.729350883323004,2.935199146249209,0.312744841995299,0.7508923130495343,0.9924697484112476,0.0438756855575868,0.9986506485592408,0.5445285975450509,0.9862017933315922,0.606854270044398,77.65299904239575,0.9785191956124314,0.9923826934795856,0.9724253503961,0.9954296160877514,0.7656916514320536,0.9954296160877514,0.4026508226691042,0.737812309567337,0.988878732480195,0.0275746496039,0.5446374162096282,0.9844606946983546,0,1,0,0,0,1,0,2,0.25,95.14668755985026,1,0.9546008531383303,market_stress_non_event,Market stress variables are elevated outside known public incident windows.,medium,"False-alert taxonomy is an error-review framework. Non-event-window alerts are not proof of model failure, and event-window hits are not verified fraud ground truth."
2021-04-04,1.0031449794769287,1.011515974998474,1.001081943511963,1.0034019947052002,1.0034019947052002,99459708393,USDT,USDT-USD,0.0033962210122227,0.0003159527090589,0.0003159527090589,0,0.00117240246643,0.0008278840243798,25.323018458336488,0.714012190828418,0.2778566685016984,-0.4554716717504934,0.0,0.0103986553161841,4.0820337348044005,0.0034019947052001,0,0,,0,0,,,,0,377522.0,879258.0,43752707154.42413,43743408982.80325,12.841386772967551,0.5017427182204584,13.68683478628043,1.0746163236833195,24.501819325673942,1.422021494559706,24.501606786602128,1.419230686349748,2635189084.0,21.692220775378463,0.1986588511097384,Ethereum,54931395185.0,24.729350883323004,2.935199146254975,0.312744841995299,0.7508923130495343,0.9924697484112476,0.0438756855575868,0.9986506485592408,0.5445285975450509,0.986332375729085,0.6068607991642726,77.66170453556194,0.9785191956124314,0.9926873857404022,0.9724253503961,0.995734308348568,0.7659963436928702,0.995734308348568,0.4026508226691042,0.737812309567337,0.988878732480195,0.0275746496039,0.5446374162096282,0.9847653869591712,0,1,0,0,0,1,0,2,0.25,95.14668755985026,1,0.9546008531383303,market_stress_non_event,Market stress variables are elevated outside known public incident windows.,medium,"False-alert taxonomy is an error-review framework. Non-event-window alerts are not proof of model failure, and event-window hits are not verified fraud ground truth."
2021-04-05,1.0034379959106443,1.00485098361969,0.9997860193252563,1.0002540349960327,1.0002540349960327,132303093446,USDT,USDT-USD,0.0002540027346066,-0.003142218277616,0.003142218277616,1,0.0017549165133277,0.0010098831322867,25.608361289857456,2.4118061170975413,-3.1135797298771695,3.3064385289120906,-0.0031372866765053,0.0050636779430274,1.2486311784515522,0.0002540349960327,0,0,,0,0,,,,0,394640.0,980731.0,43745038763.53726,43743408982.80325,12.885731769859406,0.6818524463713564,13.79605451060233,1.5654547147523392,24.501644043652085,1.3429693384788364,24.501606786602128,1.344053483257937,3386881196.0,21.943175333993256,1.3567929985094436,Ethereum,55718370912.0,24.743575748406197,2.668034910823823,0.9889875511447724,0.9796726734569512,0.8912248628884827,0.4852006616174806,0.8159223470009576,0.8760337773134849,0.9715330373465656,0.8482824061983112,99.59954731435536,0.9571907373552712,0.987812309567337,0.8919865935405241,0.978823887873248,0.9963436928702012,0.978823887873248,0.988878732480195,0.9803473491773308,0.9060024375380864,0.9547531992687386,0.8761425959780622,0.9616087751371116,1,1,1,1,0,1,1,6,0.8500000000000001,99.80847915034389,1,0.9983241925655089,multi_method_market_stress_non_event,"Multiple methods agree and market stress variables are elevated, but no event-window label is present.",medium_high,"False-alert taxonomy is an error-review framework. Non-event-window alerts are not proof of model failure, and event-window hits are not verified fraud ground truth."
2021-04-05,1.0034379959106443,1.00485098361969,0.9997860193252563,1.0002540349960327,1.0002540349960327,132303093446,USDT,USDT-USD,0.0002540027346066,-0.003142218277616,0.003142218277616,1,0.0017549165133277,0.0010098831322867,25.608361289857456,2.4118061170975413,-3.1135797298771695,3.3064385289120906,-0.0031372866765053,0.0050636779430274,1.2486311784515522,0.0002540349960327,0,0,,0,0,,,,0,394640.0,980731.0,43745038763.53726,43743408982.80325,12.885731769859406,0.6818524463713564,13.79605451060233,1.5654547147523392,24.501644043652085,1.3429693384788364,24.501606786602128,1.344053483257937,3386881196.0,21.943175333993256,1.3567929985094436,Ethereum,55718370912.0,24.743575748406197,2.6680349108195145,0.9889875511447724,0.9796726734569512,0.8912248628884827,0.4852006616174806,0.8159223470009576,0.8760337773134849,0.9714024549490728,0.8482758770784365,99.59084182118916,0.9571907373552712,0.9875076173065204,0.8919865935405241,0.9776051188299816,0.9960390006093846,0.9776051188299816,0.988878732480195,0.9803473491773308,0.9060024375380864,0.9547531992687386,0.8761425959780622,0.961304082876295,1,1,1,1,0,1,1,6,0.8500000000000001,99.80847915034389,1,0.9983241925655089,multi_method_market_stress_non_event,"Multiple methods agree and market stress variables are elevated, but no event-window label is present.",medium_high,"False-alert taxonomy is an error-review framework. Non-event-window alerts are not proof of model failure, and event-window hits are not verified fraud ground truth."
2021-04-06,1.0001059770584106,1.002012014389038,0.9995239973068236,1.0016800165176392,1.0016800165176392,145941395057,USDT,USDT-USD,0.0016786068684911,0.0014246041338844,0.0014246041338844,0,0.0017871520304591,0.0010426689199506,25.706470974358385,2.6561427196991447,1.3228077859786875,0.9484072938122242,-0.0017161398887461,0.0024838441829598,-0.0770468437007703,0.0016800165176391,0,0,,0,0,,,,0,411935.0,1035522.0,44956100255.50773,44943408982.80325,12.92862327645936,0.8715917226626329,13.850417171063135,1.7724446921425292,24.528952300702883,1.7982613412050097,24.52866995716406,1.7948986269396825,3982643376.0,22.10521160085812,1.9414745966217424,Ethereum,56657608209.0,24.760292117432726,2.486177199096749,0.8482197266475145,0.9883781666231392,0.3100896665796117,0.4545573256724993,0.990554539914686,0.941237921128232,0.9567772264298772,0.7357312614259599,94.36754592147643,0.9267215112736136,0.9107251675807434,0.9114868982327848,0.9558196221815966,0.9424131627056672,0.9558196221815966,0.846892138939671,0.989488117001828,0.5708409506398537,0.8645642900670323,0.9413467397928093,0.9436319317489336,0,1,0,0,0,0,1,2,0.3,95.96500391747192,1,0.964503351614869,multi_method_market_stress_non_event,"Multiple methods agree and market stress variables are elevated, but no event-window label is present.",medium_high,"False-alert taxonomy is an error-review framework. Non-event-window alerts are not proof of model failure, and event-window hits are not verified fraud ground truth."
2021-04-06,1.0001059770584106,1.002012014389038,0.9995239973068236,1.0016800165176392,1.0016800165176392,145941395057,USDT,USDT-USD,0.0016786068684911,0.0014246041338844,0.0014246041338844,0,0.0017871520304591,0.0010426689199506,25.706470974358385,2.6561427196991447,1.3228077859786875,0.9484072938122242,-0.0017161398887461,0.0024838441829598,-0.0770468437007703,0.0016800165176391,0,0,,0,0,,,,0,411935.0,1035522.0,44956100255.50773,44943408982.80325,12.92862327645936,0.8715917226626329,13.850417171063135,1.7724446921425292,24.528952300702883,1.7982613412050097,24.52866995716406,1.7948986269396825,3982643376.0,22.10521160085812,1.9414745966217424,Ethereum,56657608209.0,24.760292117432726,2.4861771991001587,0.8482197266475145,0.9883781666231392,0.3100896665796117,0.4545573256724993,0.990554539914686,0.941237921128232,0.95690780882737,0.7357377905458345,94.37625141464264,0.9267215112736136,0.91102985984156,0.9114868982327848,0.9564290067032296,0.942717854966484,0.9564290067032296,0.846892138939671,0.989488117001828,0.5708409506398537,0.8645642900670323,0.9413467397928093,0.9439366240097502,0,1,0,0,0,0,1,2,0.3,95.96500391747192,1,0.964503351614869,multi_method_market_stress_non_event,"Multiple methods agree and market stress variables are elevated, but no event-window label is present.",medium_high,"False-alert taxonomy is an error-review framework. Non-event-window alerts are not proof of model failure, and event-window hits are not verified fraud ground truth."
2021-04-07,1.0016069412231443,1.002588987350464,1.0003700256347656,1.0018550157546997,1.0018550157546997,161005666625,USDT,USDT-USD,0.0018532973377734,0.0001746904692822,0.0001746904692822,0,0.0017337277018656,0.0010428657337202,25.804705397746275,2.697548479925493,0.1220782884172156,-0.7132051053174446,-0.0015417339796648,0.0022148531282512,-0.2452156481347016,0.0018550157546997,0,0,,0,0,,,,0,390955.0,1053011.0,45932493596.79006,45943408982.80325,12.876350300665996,0.5178972916521868,13.867165187062575,1.7414557813880411,24.55043862507515,2.091391584172442,24.55067623658715,2.0982842472182597,4461184370.0,22.218680121761025,2.170987548941786,Ethereum,56898538750.0,24.764535496747175,2.262922256988897,0.312744841995299,0.9896839905980672,0.3100896665796117,0.4409767563332463,0.9932532427962044,0.9583006877339602,0.932575955427875,0.6157382258204928,79.07199442848437,0.9401279707495428,0.9070688604509446,0.9297684338817794,0.9631322364411944,0.783363802559415,0.9631322364411944,0.2429920780012187,0.9919256550883608,0.4660268129189518,0.8249542961608776,0.9584095063985376,0.9162096282754418,0,1,0,0,0,1,0,2,0.25,95.14668755985026,1,0.9546008531383303,market_stress_non_event,Market stress variables are elevated outside known public incident windows.,medium,"False-alert taxonomy is an error-review framework. Non-event-window alerts are not proof of model failure, and event-window hits are not verified fraud ground truth."
2021-04-07,1.0016069412231443,1.002588987350464,1.0003700256347656,1.0018550157546997,1.0018550157546997,161005666625,USDT,USDT-USD,0.0018532973377734,0.0001746904692822,0.0001746904692822,0,0.0017337277018656,0.0010428657337202,25.804705397746275,2.697548479925493,0.1220782884172156,-0.7132051053174446,-0.0015417339796648,0.0022148531282512,-0.2452156481347016,0.0018550157546997,0,0,,0,0,,,,0,390955.0,1053011.0,45932493596.79006,45943408982.80325,12.876350300665996,0.5178972916521868,13.867165187062575,1.7414557813880411,24.55043862507515,2.091391584172442,24.55067623658715,2.0982842472182597,4461184370.0,22.218680121761025,2.170987548941786,Ethereum,56898538750.0,24.764535496747175,2.262922256991678,0.312744841995299,0.9896839905980672,0.3100896665796117,0.4409767563332463,0.9932532427962044,0.9583006877339602,0.9327065378253678,0.6157447549403674,79.08069992165056,0.9401279707495428,0.9073735527117612,0.9297684338817794,0.9634369287020108,0.7836684948202316,0.9634369287020108,0.2429920780012187,0.9919256550883608,0.4660268129189518,0.8249542961608776,0.9584095063985376,0.9165143205362584,0,1,0,0,0,1,0,2,0.25,95.14668755985026,1,0.9546008531383303,market_stress_non_event,Market stress variables are elevated outside known public incident windows.,medium,"False-alert taxonomy is an error-review framework. Non-event-window alerts are not proof of model failure, and event-window hits are not verified fraud ground truth."
2021-04-14,0.999234974384308,1.0026429891586304,0.9990119934082032,1.0015900135040283,1.0015900135040283,172073450566,USDT,USDT-USD,0.0015887507708881,0.0023139849840602,0.0023139849840602,0,0.0017226041071326,0.0012951448096757,25.871187260785245,2.4119303035857302,1.7553941427309685,1.6232274023783948,-0.0018058377507055,0.0036252315832545,0.2638010861801448,0.0015900135040283,0,0,,0,0,,,,0,426218.0,1055377.0,48944622069.93823,48943408982.80325,12.96270857766238,0.8227057996992564,13.869409554559256,1.43380809549563,24.613955334125,2.360762096311831,24.61393054892661,2.354834365355919,4092666733.0,22.132462607735796,1.155435340008692,Ethereum,59391519886.0,24.80741729027831,1.6295136839322988,0.9211717593801688,0.9798467833202752,0.7129363628449552,0.4603900060938452,0.9894228258030816,0.8224079394097675,0.7907634717506746,0.8094067206407243,98.7725254635675,0.863345521023766,0.8753808653260208,0.8938147471054235,0.9201706276660572,0.9875076173065204,0.9201706276660572,0.9206276660572822,0.980956733698964,0.7103900060938452,0.8828458257160268,0.8225167580743449,0.7595978062157221,1,0,1,0,0,0,1,3,0.4499999999999999,97.83668494820232,1,0.9803473491773309,multi_method_market_stress_non_event,"Multiple methods agree and market stress variables are elevated, but no event-window label is present.",medium_high,"False-alert taxonomy is an error-review framework. Non-event-window alerts are not proof of model failure, and event-window hits are not verified fraud ground truth."
2021-04-14,0.999234974384308,1.0026429891586304,0.9990119934082032,1.0015900135040283,1.0015900135040283,172073450566,USDT,USDT-USD,0.0015887507708881,0.0023139849840602,0.0023139849840602,0,0.0017226041071326,0.0012951448096757,25.871187260785245,2.4119303035857302,1.7553941427309685,1.6232274023783948,-0.0018058377507055,0.0036252315832545,0.2638010861801448,0.0015900135040283,0,0,,0,0,,,,0,426218.0,1055377.0,48944622069.93823,48943408982.80325,12.96270857766238,0.8227057996992564,13.869409554559256,1.43380809549563,24.613955334125,2.360762096311831,24.61393054892661,2.354834365355919,4092666733.0,22.132462607735796,1.155435340008692,Ethereum,59391519886.0,24.80741729027831,1.6295136839336624,0.9211717593801688,0.9798467833202752,0.7129363628449552,0.4603900060938452,0.9894228258030816,0.8224079394097675,0.7908940541481675,0.8094132497605989,98.78123095673372,0.863345521023766,0.8756855575868373,0.8938147471054235,0.921084704448507,0.987812309567337,0.921084704448507,0.9206276660572822,0.980956733698964,0.7103900060938452,0.8828458257160268,0.8225167580743449,0.7599024984765387,1,0,1,0,0,0,1,3,0.4499999999999999,97.83668494820232,1,0.9803473491773309,multi_method_market_stress_non_event,"Multiple methods agree and market stress variables are elevated, but no event-window label is present.",medium_high,"False-alert taxonomy is an error-review framework. Non-event-window alerts are not proof of model failure, and event-window hits are not verified fraud ground truth."
2021-04-16,1.0010859966278076,1.0039149522781372,1.0000929832458496,1.0023449659347534,1.0023449659347534,232378434390,USDT,USDT-USD,0.0023422207928078,0.001465582409317,0.001465582409317,0,0.0016602485305135,0.0013123198597273,26.171633062398975,2.897962688914939,1.033991141904465,0.5494452696719322,-0.0010534449562832,0.0038130276124281,0.3326247304517714,0.0023449659347534,0,0,,0,0,,,,0,440453.0,1114678.0,50002883439.00265,49943408982.80325,12.995561292117774,0.9245810372497224,13.924077029050707,1.6363916732640316,24.63534650951183,2.229121437664132,24.634156381058293,2.2123579674385434,3899570182.0,22.08413217452132,0.8711959271369936,Ethereum,63886762035.0,24.880378009982117,1.8086983899921671,0.7784016714546879,0.9941237921128232,0.7313920083572735,0.3978845651606163,0.9969095499260032,0.7444067206407243,0.8432575955427875,0.7724109863323756,97.07495429616088,0.9212370505789153,0.8625837903717246,0.9559719683120048,0.9541438147471054,0.973491773308958,0.9541438147471054,0.7780316879951249,0.9955819622181596,0.7274527726995734,0.7049055453991468,0.7445155393053017,0.8193174893357709,1,1,0,0,0,0,1,3,0.5,98.24584312701316,1,0.9830895795246801,multi_method_market_stress_non_event,"Multiple methods agree and market stress variables are elevated, but no event-window label is present.",medium_high,"False-alert taxonomy is an error-review framework. Non-event-window alerts are not proof of model failure, and event-window hits are not verified fraud ground truth."
2021-04-16,1.0010859966278076,1.0039149522781372,1.0000929832458496,1.0023449659347534,1.0023449659347534,232378434390,USDT,USDT-USD,0.0023422207928078,0.001465582409317,0.001465582409317,0,0.0016602485305135,0.0013123198597273,26.171633062398975,2.897962688914939,1.033991141904465,0.5494452696719322,-0.0010534449562832,0.0038130276124281,0.3326247304517714,0.0023449659347534,0,0,,0,0,,,,0,440453.0,1114678.0,50002883439.00265,49943408982.80325,12.995561292117774,0.9245810372497224,13.924077029050707,1.6363916732640316,24.63534650951183,2.229121437664132,24.634156381058293,2.2123579674385434,3899570182.0,22.08413217452132,0.8711959271369936,Ethereum,63886762035.0,24.880378009982117,1.808698389993432,0.7784016714546879,0.9941237921128232,0.7313920083572735,0.3978845651606163,0.9969095499260032,0.7444067206407243,0.8433881779402803,0.7724175154522502,97.08365978932709,0.9212370505789153,0.8628884826325411,0.9559719683120048,0.9547531992687386,0.9737964655697744,0.9547531992687386,0.7780316879951249,0.9955819622181596,0.7274527726995734,0.7049055453991468,0.7445155393053017,0.8196221815965874,1,1,0,0,0,0,1,3,0.5,98.24584312701316,1,0.9830895795246801,multi_method_market_stress_non_event,"Multiple methods agree and market stress variables are elevated, but no event-window label is present.",medium_high,"False-alert taxonomy is an error-review framework. Non-event-window alerts are not proof of model failure, and event-window hits are not verified fraud ground truth."
2021-04-17,1.002434015274048,1.0118680000305176,0.9995489716529846,1.0115300416946411,1.0115300416946411,178501336545,USDT,USDT-USD,0.0114640773276192,0.0091218565348114,0.0091218565348114,0,0.0037036553859939,0.0020878153940527,25.907861925790733,1.7730205759071478,4.20082057775036,4.664911688430675,0.0,0.0121786085135885,3.631510717450691,0.0115300416946411,1,0,,0,0,,,,0,451140.0,1132088.0,49999844626.29937,49943408982.80325,13.01953520820449,1.3693572512442758,13.939575156562851,1.6457564781715974,24.635285734915715,2.0178729381186855,24.634156381058293,2.005309722212499,3493979334.0,21.97430713421606,0.4332867073928914,Ethereum,64097463408.0,24.883670627687533,1.675088857408248,0.9987377034909029,0.9422390528423435,0.989248715939758,0.0438756855575868,0.9998694176025072,0.6060764342299991,0.8042569861582659,0.7857861060329068,97.80621572212064,0.996800731261426,0.9996953077391836,0.9998476538695916,0.9992382693479586,0.9814137720901888,0.9992382693479586,0.9974101157830592,0.9437842778793418,0.9864411943936624,0.0275746496039,0.6061852528945765,0.7760511882998172,1,1,1,0,1,0,1,5,0.8,99.59954731435536,1,0.9958866544789763,stablecoin_peg_stress_non_event,"Stablecoin price deviates from peg outside the public incident window. Review as peg-stress alert, not confirmed event.",medium_high,"False-alert taxonomy is an error-review framework. Non-event-window alerts are not proof of model failure, and event-window hits are not verified fraud ground truth."
2021-04-17,1.002434015274048,1.0118680000305176,0.9995489716529846,1.0115300416946411,1.0115300416946411,178501336545,USDT,USDT-USD,0.0114640773276192,0.0091218565348114,0.0091218565348114,0,0.0037036553859939,0.0020878153940527,25.907861925790733,1.7730205759071478,4.20082057775036,4.664911688430675,0.0,0.0121786085135885,3.631510717450691,0.0115300416946411,1,0,,0,0,,,,0,451140.0,1132088.0,49999844626.29937,49943408982.80325,13.01953520820449,1.3693572512442758,13.939575156562851,1.6457564781715974,24.635285734915715,2.0178729381186855,24.634156381058293,2.005309722212499,3493979334.0,21.97430713421606,0.4332867073928914,Ethereum,64097463408.0,24.883670627687533,1.675088857409333,0.9987377034909029,0.9422390528423435,0.989248715939758,0.0438756855575868,0.9998694176025072,0.6060764342299991,0.8043875685557587,0.7857926351527813,97.81492121528684,0.996800731261426,1.0,0.9998476538695916,0.9998476538695916,0.9817184643510056,0.9998476538695916,0.9974101157830592,0.9437842778793418,0.9864411943936624,0.0275746496039,0.6061852528945765,0.7763558805606338,1,1,1,0,1,0,1,5,0.8,99.59954731435536,1,0.9958866544789763,stablecoin_peg_stress_non_event,"Stablecoin price deviates from peg outside the public incident window. Review as peg-stress alert, not confirmed event.",medium_high,"False-alert taxonomy is an error-review framework. Non-event-window alerts are not proof of model failure, and event-window hits are not verified fraud ground truth."
2021-04-18,1.011404037475586,1.0280450582504272,0.9998000264167786,1.0001039505004885,1.0001039505004885,226468468195,USDT,USDT-USD,0.0001039450980096,-0.0113601322296096,0.0113601322296096,1,0.0061251322359786,0.002971411696234,26.14587155891574,2.264746111750188,-3.7948219271763497,3.9132578087411183,-0.0112958495775471,0.028242096053629,4.684188441835307,0.0001039505004885,0,0,,0,0,,,,0,425487.0,1114004.0,50043697449.69184,49943408982.80325,12.96099202448272,1.0283954527967307,13.923472187789637,1.4362796421306152,24.63616240971731,1.8615847861416852,24.634156381058293,1.8393420025931804,5734574197.0,22.46977933856386,2.0262742144307273,Ethereum,63250095706.0,24.870362477707047,1.4667984611750946,0.9951684512927658,0.9746234874205624,0.996474275267694,0.5185427004439801,0.7037520675546269,0.9491599199094628,0.7287803604074171,0.8494946461217029,99.61695830068771,0.9937538086532602,0.9993906154783668,0.985222425350396,0.9981718464351006,0.9966483851310176,0.9981718464351006,0.9937538086532602,0.9754722730042656,0.9937538086532602,0.9870505789152956,0.9492687385740404,0.6882998171846435,1,1,1,1,0,0,1,5,0.8,99.59954731435536,1,0.9958866544789763,multi_method_market_stress_non_event,"Multiple methods agree and market stress variables are elevated, but no event-window label is present.",medium_high,"False-alert taxonomy is an error-review framework. Non-event-window alerts are not proof of model failure, and event-window hits are not verified fraud ground truth."
2021-04-18,1.011404037475586,1.0280450582504272,0.9998000264167786,1.0001039505004885,1.0001039505004885,226468468195,USDT,USDT-USD,0.0001039450980096,-0.0113601322296096,0.0113601322296096,1,0.0061251322359786,0.002971411696234,26.14587155891574,2.264746111750188,-3.7948219271763497,3.9132578087411183,-0.0112958495775471,0.028242096053629,4.684188441835307,0.0001039505004885,0,0,,0,0,,,,0,425487.0,1114004.0,50043697449.69184,49943408982.80325,12.96099202448272,1.0283954527967307,13.923472187789637,1.4362796421306152,24.63616240971731,1.8615847861416852,24.634156381058293,1.8393420025931804,5734574197.0,22.46977933856386,2.0262742144307273,Ethereum,63250095706.0,24.870362477707047,1.4667984611759994,0.9951684512927658,0.9746234874205624,0.996474275267694,0.5185427004439801,0.7037520675546269,0.9491599199094628,0.7289109428049099,0.8495011752415775,99.62566379385392,0.9937538086532602,0.9990859232175504,0.985222425350396,0.997867154174284,0.9969530773918344,0.997867154174284,0.9937538086532602,0.9754722730042656,0.9937538086532602,0.9870505789152956,0.9492687385740404,0.68860450944546,1,1,1,1,0,0,1,5,0.8,99.59954731435536,1,0.9958866544789763,multi_method_market_stress_non_event,"Multiple methods agree and market stress variables are elevated, but no event-window label is present.",medium_high,"False-alert taxonomy is an error-review framework. Non-event-window alerts are not proof of model failure, and event-window hits are not verified fraud ground truth."
2021-05-19,1.0006200075149536,1.001999020576477,0.99862802028656,1.0016160011291504,1.0016160011291504,279067455600,USDT,USDT-USD,0.0016146968043302,0.0009349580914452,0.0009349580914452,0,0.0004773603905967,0.000259730193493,26.354719365892255,2.0062126804316036,3.375173284116019,3.5897020518709826,0.0,0.0033655615386703,4.506653059453333,0.0016160011291503,0,0,,0,0,,,,0,540727.0,1499264.0,60566403478.63216,60443408983.80325,13.20067165875282,0.5032476289915949,14.220485545983207,1.3169328968147302,24.8270061782604,1.4895200961546815,24.824973375553277,1.4672837160095222,24638569992.0,23.9275789379292,3.3847732494386524,Ethereum,71855319132.0,24.997920477809917,0.0692110320712679,0.9921215286846,0.9600853138330286,0.9954296160877514,0.0438756855575868,0.9898581004613912,0.9979106816401148,0.1781579176460346,0.7755406111256203,97.23165317315224,0.9907068860450944,0.8226691042047533,0.9419561243144424,0.9585618525289458,0.9741011578305911,0.9585618525289458,0.9913162705667276,0.96084704448507,0.992535039609994,0.0275746496039,0.9980195003046922,0.026508226691042,1,1,1,0,0,1,1,5,0.7000000000000001,99.29050230695567,1,0.9922303473491774,multi_method_market_stress_non_event,"Multiple methods agree and market stress variables are elevated, but no event-window label is present.",medium_high,"False-alert taxonomy is an error-review framework. Non-event-window alerts are not proof of model failure, and event-window hits are not verified fraud ground truth."
2021-05-19,1.0006200075149536,1.001999020576477,0.99862802028656,1.0016160011291504,1.0016160011291504,279067455600,USDT,USDT-USD,0.0016146968043302,0.0009349580914452,0.0009349580914452,0,0.0004773603905967,0.000259730193493,26.354719365892255,2.0062126804316036,3.375173284116019,3.5897020518709826,0.0,0.0033655615386703,4.506653059453333,0.0016160011291503,0,0,,0,0,,,,0,540727.0,1499264.0,60566403478.63216,60443408983.80325,13.20067165875282,0.5032476289915949,14.220485545983207,1.3169328968147302,24.8270061782604,1.4895200961546815,24.824973375553277,1.4672837160095222,24638569992.0,23.9275789379292,3.3847732494386524,Ethereum,71855319132.0,24.997920477809917,0.0692110320713341,0.9921215286846,0.9600853138330286,0.9954296160877514,0.0438756855575868,0.9898581004613912,0.9979106816401148,0.1782885000435274,0.775547140245495,97.24035866631844,0.9907068860450944,0.8223644119439366,0.9419561243144424,0.9582571602681292,0.9744058500914076,0.9582571602681292,0.9913162705667276,0.96084704448507,0.992535039609994,0.0275746496039,0.9980195003046922,0.0268129189518586,1,1,1,0,0,1,1,5,0.7000000000000001,99.29050230695567,1,0.9922303473491774,multi_method_market_stress_non_event,"Multiple methods agree and market stress variables are elevated, but no event-window label is present.",medium_high,"False-alert taxonomy is an error-review framework. Non-event-window alerts are not proof of model failure, and event-window hits are not verified fraud ground truth."
2021-06-22,1.000156044960022,1.0017770528793335,0.9998959898948668,1.0010019540786743,1.0010019540786743,101175206595,USDT,USDT-USD,0.0010014524577259,0.0009124070830885,0.0009124070830885,0,0.0007599545637551,0.0006010089378374,25.340119569673146,0.8921099261287625,1.5553521560499552,1.3087045827913362,-0.0007626654950804,0.0018791801322685,0.1593073189067913,0.0010019540786743,0,0,,0,0,,,,0,425209.0,1164239.0,64458219973.60892,64438885596.29984,12.960338443517688,0.4760225724759954,13.967579071587208,1.4142642060290405,24.88928309853431,0.5146326209562431,24.888983101457292,0.5077960709171531,6315184343.0,22.566222783771735,0.8248604674924744,Ethereum,49885162568.0,24.632989452181985,-2.646084719483149,0.8916601375467921,0.8030382171149996,0.6797684338817794,0.3493949682249499,0.9673108731609644,0.731000261164795,0.9707060154957778,0.7464703577957691,95.17715678593191,0.7042961608775137,0.7535039609993907,0.6317794028031688,0.7443631931748934,0.9521633150517976,0.7443631931748934,0.8871115173674589,0.7987507617306521,0.6750457038391224,0.5641377209018891,0.7311090798293723,0.9600853138330286,1,0,0,0,0,1,0,2,0.25,95.14668755985026,1,0.9546008531383303,defi_context_shock_non_event,DeFi or chain-context variables are unusual outside known public incident windows.,low,"False-alert taxonomy is an error-review framework. Non-event-window alerts are not proof of model failure, and event-window hits are not verified fraud ground truth."
2021-06-22,1.000156044960022,1.0017770528793335,0.9998959898948668,1.0010019540786743,1.0010019540786743,101175206595,USDT,USDT-USD,0.0010014524577259,0.0009124070830885,0.0009124070830885,0,0.0007599545637551,0.0006010089378374,25.340119569673146,0.8921099261287625,1.5553521560499552,1.3087045827913362,-0.0007626654950804,0.0018791801322685,0.1593073189067913,0.0010019540786743,0,0,,0,0,,,,0,425209.0,1164239.0,64458219973.60892,64438885596.29984,12.960338443517688,0.4760225724759954,13.967579071587208,1.4142642060290405,24.88928309853431,0.5146326209562431,24.888983101457292,0.5077960709171531,6315184343.0,22.566222783771735,0.8248604674924744,Ethereum,49885162568.0,24.632989452181985,-2.6460847194917205,0.8916601375467921,0.8030382171149996,0.6797684338817794,0.3493949682249499,0.9673108731609644,0.731000261164795,0.9708365978932708,0.7464768869156437,95.1858622790981,0.7042961608775137,0.7538086532602072,0.6317794028031688,0.7446678854357099,0.9524680073126144,0.7446678854357099,0.8871115173674589,0.7987507617306521,0.6750457038391224,0.5641377209018891,0.7311090798293723,0.9603900060938452,1,0,0,0,0,1,0,2,0.25,95.14668755985026,1,0.9546008531383303,defi_context_shock_non_event,DeFi or chain-context variables are unusual outside known public incident windows.,low,"False-alert taxonomy is an error-review framework. Non-event-window alerts are not proof of model failure, and event-window hits are not verified fraud ground truth."
2021-09-07,1.0000239610671997,1.0013400316238403,0.9996790289878844,1.000493049621582,1.000493049621582,163058669007,USDT,USDT-USD,0.0004929281125557,0.0006209074738975,0.0006209074738975,0,0.0003233052921382,0.0003681947902876,25.817375905557405,4.18025816005867,1.6642724442592065,1.4132668196819822,-0.000731049506101,0.0016601840828221,1.6473171762697307,0.000493049621582,0,0,,0,0,,,,0,548467.0,1429480.0,72042178663.90121,71999203218.97583,13.214884216065716,2.733186699255133,14.172821999295556,3.347853328673132,25.00051759923026,2.810673473376553,24.99992088951201,2.8093063830382317,9966820536.0,23.02252746705075,3.3328027558903752,Ethereum,87287882585.0,25.19247748816495,1.6645025495500825,0.9019326194828936,0.9996082528075216,0.9270044398015148,0.3433011230086184,0.903064333594498,0.9973012971184818,0.8010359536867764,0.8233555323409072,99.16427265604597,0.9919256550883608,0.9387568555758684,0.8414076782449725,0.961913467397928,0.9923826934795856,0.961913467397928,0.8980804387568556,0.9998476538695916,0.932205971968312,0.5458561852528946,0.9974101157830592,0.7705667276051188,1,1,0,0,0,1,1,4,0.55,98.61582658657612,1,0.9858318098720292,multi_method_market_stress_non_event,"Multiple methods agree and market stress variables are elevated, but no event-window label is present.",medium_high,"False-alert taxonomy is an error-review framework. Non-event-window alerts are not proof of model failure, and event-window hits are not verified fraud ground truth."
2021-09-07,1.0000239610671997,1.0013400316238403,0.9996790289878844,1.000493049621582,1.000493049621582,163058669007,USDT,USDT-USD,0.0004929281125557,0.0006209074738975,0.0006209074738975,0,0.0003233052921382,0.0003681947902876,25.817375905557405,4.18025816005867,1.6642724442592065,1.4132668196819822,-0.000731049506101,0.0016601840828221,1.6473171762697307,0.000493049621582,0,0,,0,0,,,,0,548467.0,1429480.0,72042178663.90121,71999203218.97583,13.214884216065716,2.733186699255133,14.172821999295556,3.347853328673132,25.00051759923026,2.810673473376553,24.99992088951201,2.8093063830382317,9966820536.0,23.02252746705075,3.3328027558903752,Ethereum,87287882585.0,25.19247748816495,1.6645025495563446,0.9019326194828936,0.9996082528075216,0.9270044398015148,0.3433011230086184,0.903064333594498,0.9973012971184818,0.8011665360842691,0.8233620614607818,99.17297814921216,0.9919256550883608,0.9390615478366848,0.8414076782449725,0.9622181596587448,0.9926873857404022,0.9622181596587448,0.8980804387568556,0.9998476538695916,0.932205971968312,0.5458561852528946,0.9974101157830592,0.7708714198659354,1,1,0,0,0,1,1,4,0.55,98.61582658657612,1,0.9858318098720292,multi_method_market_stress_non_event,"Multiple methods agree and market stress variables are elevated, but no event-window label is present.",medium_high,"False-alert taxonomy is an error-review framework. Non-event-window alerts are not proof of model failure, and event-window hits are not verified fraud ground truth."
2021-10-15,0.9999769926071168,1.0005890130996704,0.9989669919013976,0.9991520047187804,0.9991520047187804,89456766433,USDT,USDT-USD,-0.0008483550326107,-0.0008823291030074,0.0008823291030074,1,0.0005861790684555,0.0004226492932631,25.21702128891444,1.203653948953,-1.9844345016890843,1.9699050201246973,-0.0018641448263149,0.0016233978319738,0.6567988710655676,0.0008479952812195,0,0,,0,0,,,,0,500693.0,1377888.0,72321535731.96452,72337795458.8818,13.12375041502275,1.2102390103364025,14.136063175787346,2.01353835947285,25.004387788050504,-1.9795139712708971,25.004612588301573,,7843362629.0,22.782933486242214,1.8961162495096664,Ethereum,88238068744.0,25.203304325262756,1.7486633786358463,0.9438930965439192,0.8705057891529555,0.8093932271263167,0.4630887089753634,0.9560807869765824,0.937581613998433,0.8258466092104118,0.8154169931226604,98.96404631322363,0.9285496648385132,0.9838513101767216,0.823126142595978,0.9521633150517976,0.990554539914686,0.9521633150517976,0.9468312004875076,0.8743144424131627,0.818860450944546,0.891377209018891,0.9376904326630104,0.7992078001218769,1,1,0,0,0,0,1,3,0.5,98.24584312701316,1,0.9830895795246801,multi_method_consensus_non_event,"Multiple methods agree, but the alert is outside known public incident windows.",medium,"False-alert taxonomy is an error-review framework. Non-event-window alerts are not proof of model failure, and event-window hits are not verified fraud ground truth."
2021-10-15,0.9999769926071168,1.0005890130996704,0.9989669919013976,0.9991520047187804,0.9991520047187804,89456766433,USDT,USDT-USD,-0.0008483550326107,-0.0008823291030074,0.0008823291030074,1,0.0005861790684555,0.0004226492932631,25.21702128891444,1.203653948953,-1.9844345016890843,1.9699050201246973,-0.0018641448263149,0.0016233978319738,0.6567988710655676,0.0008479952812195,0,0,,0,0,,,,0,500693.0,1377888.0,72321535731.96452,72337795458.8818,13.12375041502275,1.2102390103364025,14.136063175787346,2.01353835947285,25.004387788050504,-1.9795139712708971,25.004612588301573,,7843362629.0,22.782933486242214,1.8961162495096664,Ethereum,88238068744.0,25.203304325262756,1.748663378643111,0.9438930965439192,0.8705057891529555,0.8093932271263167,0.4630887089753634,0.9560807869765824,0.937581613998433,0.8259771916079046,0.815423522242535,98.97275180638984,0.9285496648385132,0.984156002437538,0.823126142595978,0.9524680073126144,0.9908592321755028,0.9524680073126144,0.9468312004875076,0.8743144424131627,0.818860450944546,0.891377209018891,0.9376904326630104,0.7995124923826935,1,1,0,0,0,0,1,3,0.5,98.24584312701316,1,0.9830895795246801,multi_method_consensus_non_event,"Multiple methods agree, but the alert is outside known public incident windows.",medium,"False-alert taxonomy is an error-review framework. Non-event-window alerts are not proof of model failure, and event-window hits are not verified fraud ground truth."
2021-10-27,1.000239014625549,1.001575946807861,0.9995819926261902,1.0007909536361694,1.0007909536361694,124069805053,USDT,USDT-USD,0.0007906409971865,0.000562619625125,0.000562619625125,0,0.000699762188129,0.0004860112906589,25.544110188141797,3.2367818806048123,1.1385725757681742,0.6399231087782485,-0.0002268627395872,0.0019923783028076,1.8870514873695456,0.0007909536361694,0,0,,0,0,,,,0,646620.0,1537416.0,72378625825.2486,72309963267.81355,13.379515621321092,2.3193477591749683,14.245614293465795,1.916236835873578,25.00517686935672,1.4116990797236644,25.00422776116486,-1.7781635068507642,10005144703.0,23.026365268045932,2.3857083460861985,Ethereum,96673228001.0,25.294602344838115,1.3746145392811573,0.7959867676503873,0.9969095499260032,0.9411073387307392,0.1682336554365804,0.9488552276486464,0.9674414555584574,0.6937842778793418,0.770143205362584,96.9791938713328,0.9712065813528336,0.9744058500914076,0.7725472273004266,0.9486593540524072,0.9716636197440583,0.9486593540524072,0.7963132236441195,0.9974101157830592,0.9431748933577088,0.2015539305301645,0.9675502742230347,0.6462522851919561,1,0,0,0,0,1,1,3,0.35,96.79637851484286,1,0.9721206581352834,multi_method_market_stress_non_event,"Multiple methods agree and market stress variables are elevated, but no event-window label is present.",medium_high,"False-alert taxonomy is an error-review framework. Non-event-window alerts are not proof of model failure, and event-window hits are not verified fraud ground truth."
2021-10-27,1.000239014625549,1.001575946807861,0.9995819926261902,1.0007909536361694,1.0007909536361694,124069805053,USDT,USDT-USD,0.0007906409971865,0.000562619625125,0.000562619625125,0,0.000699762188129,0.0004860112906589,25.544110188141797,3.2367818806048123,1.1385725757681742,0.6399231087782485,-0.0002268627395872,0.0019923783028076,1.8870514873695456,0.0007909536361694,0,0,,0,0,,,,0,646620.0,1537416.0,72378625825.2486,72309963267.81355,13.379515621321092,2.3193477591749683,14.245614293465795,1.916236835873578,25.00517686935672,1.4116990797236644,25.00422776116486,-1.7781635068507642,10005144703.0,23.026365268045932,2.3857083460861985,Ethereum,96673228001.0,25.294602344838115,1.3746145392838534,0.7959867676503873,0.9969095499260032,0.9411073387307392,0.1682336554365804,0.9488552276486464,0.9674414555584574,0.6939148602768347,0.7701497344824586,96.987899364499,0.9712065813528336,0.9741011578305911,0.7725472273004266,0.948049969530774,0.9719683120048752,0.948049969530774,0.7963132236441195,0.9974101157830592,0.9431748933577088,0.2015539305301645,0.9675502742230347,0.6465569774527727,1,0,0,0,0,1,1,3,0.35,96.79637851484286,1,0.9721206581352834,multi_method_market_stress_non_event,"Multiple methods agree and market stress variables are elevated, but no event-window label is present.",medium_high,"False-alert taxonomy is an error-review framework. Non-event-window alerts are not proof of model failure, and event-window hits are not verified fraud ground truth."
2021-11-02,1.0003689527511597,1.0014100074768066,0.9999160170555116,1.0008150339126587,1.0008150339126587,149878312204,USDT,USDT-USD,0.0008147019528793,0.0005237544064281,0.0005237544064281,0,0.0004227060293501,0.0005106972820772,25.733089549833046,2.8789261070571963,0.9855086001620016,0.4013655398378145,-0.0002028069530274,0.0014927737600566,0.3821911414870405,0.0008150339126586,0,0,,0,0,,,,0,711128.0,1620207.0,73370065226.50684,73309963267.81355,13.474609126927268,1.9380927126645375,14.298065094028354,1.7269443259877075,25.018781858693412,5.2597788247920665,25.017962361142544,5.279456983279158,8539381378.0,22.86795440406692,1.2436688664453628,Ethereum,94739448479.0,25.27439631301912,0.8537953762552837,0.7427962044049795,0.9937755723861756,0.7454949072864978,0.1566553495255506,0.951902150256812,0.8467833202750936,0.4549926003308087,0.7030369112910246,91.0420475319927,0.969378427787934,0.959780621572212,0.9108775137111518,0.9804996953077392,0.9070688604509446,0.9804996953077392,0.7451249238269348,0.9949725776965264,0.7457343083485679,0.1820536258379037,0.846892138939671,0.3616697135892748,0,1,0,0,0,0,1,2,0.3,95.96500391747192,1,0.964503351614869,multi_method_market_stress_non_event,"Multiple methods agree and market stress variables are elevated, but no event-window label is present.",medium_high,"False-alert taxonomy is an error-review framework. Non-event-window alerts are not proof of model failure, and event-window hits are not verified fraud ground truth."
2021-11-02,1.0003689527511597,1.0014100074768066,0.9999160170555116,1.0008150339126587,1.0008150339126587,149878312204,USDT,USDT-USD,0.0008147019528793,0.0005237544064281,0.0005237544064281,0,0.0004227060293501,0.0005106972820772,25.733089549833046,2.8789261070571963,0.9855086001620016,0.4013655398378145,-0.0002028069530274,0.0014927737600566,0.3821911414870405,0.0008150339126586,0,0,,0,0,,,,0,711128.0,1620207.0,73370065226.50684,73309963267.81355,13.474609126927268,1.9380927126645375,14.298065094028354,1.7269443259877075,25.018781858693412,5.2597788247920665,25.017962361142544,5.279456983279158,8539381378.0,22.86795440406692,1.2436688664453628,Ethereum,94739448479.0,25.27439631301912,0.8537953762583275,0.7427962044049795,0.9937755723861756,0.7454949072864978,0.1566553495255506,0.951902150256812,0.8467833202750936,0.4551231827283015,0.7030434404108993,91.05075302515888,0.969378427787934,0.9594759293113956,0.9108775137111518,0.9801950030469226,0.9073735527117612,0.9801950030469226,0.7451249238269348,0.9949725776965264,0.7457343083485679,0.1820536258379037,0.846892138939671,0.3619744058500914,0,1,0,0,0,0,1,2,0.3,95.96500391747192,1,0.964503351614869,multi_method_market_stress_non_event,"Multiple methods agree and market stress variables are elevated, but no event-window label is present.",medium_high,"False-alert taxonomy is an error-review framework. Non-event-window alerts are not proof of model failure, and event-window hits are not verified fraud ground truth."
2021-11-10,1.0001009702682495,1.0019869804382324,0.9980289936065674,1.0000970363616943,1.0000970363616943,113809197171,USDT,USDT-USD,9.703165397113492e-05,-0.0001048884952823,0.0001048884952823,1,0.0005325056474137,0.0005153008940981,25.457789174107607,1.479298515542268,-0.1648218070799476,-0.8855211576296534,-0.0014537644811082,0.0039576028002882,4.2121544594347835,9.703636169433594e-05,0,0,,0,0,,,,0,669934.0,1562559.0,77353619699.01761,77310169666.66562,13.414935971735524,0.9628918900541804,14.261836059855431,0.9422479606288288,25.071653209250886,2.4728916261796865,25.071091344916997,2.4783758027185265,12230004021.0,23.22715811550889,2.2479524257953605,Ethereum,106641966264.0,25.39274295099084,1.7436285654882258,0.312744841995299,0.9122051014189954,0.9939496822494994,0.4333159223470009,0.6955689039784104,0.961347610342126,0.8241925655088361,0.6765652476712806,87.96900844432837,0.912096282754418,0.9052407068860452,0.9395185862279098,0.9588665447897624,0.8772090188909202,0.9588665447897624,0.1564594759293114,0.9157525898842168,0.9907068860450944,0.8036258379037172,0.9614564290067033,0.7967702620353443,0,1,0,0,0,1,0,2,0.25,95.14668755985026,1,0.9546008531383303,market_stress_non_event,Market stress variables are elevated outside known public incident windows.,medium,"False-alert taxonomy is an error-review framework. Non-event-window alerts are not proof of model failure, and event-window hits are not verified fraud ground truth."
2021-11-10,1.0001009702682495,1.0019869804382324,0.9980289936065674,1.0000970363616943,1.0000970363616943,113809197171,USDT,USDT-USD,9.703165397113492e-05,-0.0001048884952823,0.0001048884952823,1,0.0005325056474137,0.0005153008940981,25.457789174107607,1.479298515542268,-0.1648218070799476,-0.8855211576296534,-0.0014537644811082,0.0039576028002882,4.2121544594347835,9.703636169433594e-05,0,0,,0,0,,,,0,669934.0,1562559.0,77353619699.01761,77310169666.66562,13.414935971735524,0.9628918900541804,14.261836059855431,0.9422479606288288,25.071653209250886,2.4728916261796865,25.071091344916997,2.4783758027185265,12230004021.0,23.22715811550889,2.2479524257953605,Ethereum,106641966264.0,25.39274295099084,1.7436285654940833,0.312744841995299,0.9122051014189954,0.9939496822494994,0.4333159223470009,0.6955689039784104,0.961347610342126,0.8243231479063289,0.6765717767911552,87.97771393749456,0.912096282754418,0.9055453991468616,0.9395185862279098,0.9591712370505788,0.8775137111517367,0.9591712370505788,0.1564594759293114,0.9157525898842168,0.9907068860450944,0.8036258379037172,0.9614564290067033,0.7970749542961609,0,1,0,0,0,1,0,2,0.25,95.14668755985026,1,0.9546008531383303,market_stress_non_event,Market stress variables are elevated outside known public incident windows.,medium,"False-alert taxonomy is an error-review framework. Non-event-window alerts are not proof of model failure, and event-window hits are not verified fraud ground truth."
2021-11-16,1.0014569759368896,1.033018946647644,0.9981600046157836,1.0006749629974363,1.0006749629974363,98954557342,USDT,USDT-USD,0.0006747353123592,-0.0008261748066518,0.0008261748066518,1,0.0007412262257299,0.0005581895240509,25.31792656496319,0.8473264189572358,-1.5036706473838213,1.1673186990372553,-0.0008767340075197,0.0348354294060116,5.20911158430979,0.0006749629974363,0,0,,0,0,,,,0,739544.0,1691375.0,77354437081.23264,77310169666.66562,13.513790411208566,1.2052269496769428,14.341052956800713,1.3789074151398513,25.07166377602074,1.388172333302796,25.071091344916997,1.3844318375417968,12243475744.0,23.22825903981462,1.934815999198031,Ethereum,103746477547.0,25.36521604413628,0.9196030613902196,0.8760773047793158,0.790589361887351,0.998563593627579,0.3702881518238008,0.9363193174893356,0.9406285366065988,0.4845042221641856,0.7837777487594672,97.68433881779404,0.8596892138939671,0.874466788543571,0.9535344302254722,0.9405850091407678,0.9789762340036564,0.9405850091407678,0.8737050578915295,0.7835161486898233,0.9961913467397928,0.6238574040219378,0.940737355271176,0.3945764777574649,1,0,0,0,0,0,1,2,0.3,95.96500391747192,1,0.964503351614869,multi_method_market_stress_non_event,"Multiple methods agree and market stress variables are elevated, but no event-window label is present.",medium_high,"False-alert taxonomy is an error-review framework. Non-event-window alerts are not proof of model failure, and event-window hits are not verified fraud ground truth."
2021-11-16,1.0014569759368896,1.033018946647644,0.9981600046157836,1.0006749629974363,1.0006749629974363,98954557342,USDT,USDT-USD,0.0006747353123592,-0.0008261748066518,0.0008261748066518,1,0.0007412262257299,0.0005581895240509,25.31792656496319,0.8473264189572358,-1.5036706473838213,1.1673186990372553,-0.0008767340075197,0.0348354294060116,5.20911158430979,0.0006749629974363,0,0,,0,0,,,,0,739544.0,1691375.0,77354437081.23264,77310169666.66562,13.513790411208566,1.2052269496769428,14.341052956800713,1.3789074151398513,25.07166377602074,1.388172333302796,25.071091344916997,1.3844318375417968,12243475744.0,23.22825903981462,1.934815999198031,Ethereum,103746477547.0,25.36521604413628,0.9196030613948596,0.8760773047793158,0.790589361887351,0.998563593627579,0.3702881518238008,0.9363193174893356,0.9406285366065988,0.4846348045616784,0.7837842778793418,97.69304431096022,0.8596892138939671,0.8741620962827544,0.9535344302254722,0.939670932358318,0.9792809262644728,0.939670932358318,0.8737050578915295,0.7835161486898233,0.9961913467397928,0.6238574040219378,0.940737355271176,0.3948811700182815,1,0,0,0,0,0,1,2,0.3,95.96500391747192,1,0.964503351614869,multi_method_market_stress_non_event,"Multiple methods agree and market stress variables are elevated, but no event-window label is present.",medium_high,"False-alert taxonomy is an error-review framework. Non-event-window alerts are not proof of model failure, and event-window hits are not verified fraud ground truth."
2022-01-22,1.000182032585144,1.000941038131714,1.000072956085205,1.0001579523086548,1.0001579523086548,90441827607,USDT,USDT-USD,0.0001579398355023,-1.9070292263533923e-05,1.9070292263533923e-05,1,0.0001211600522372,0.0004886977365753,25.22797269211308,2.023828414690557,-0.0233339617401487,-0.8380972783814864,-0.0010427815477433,0.0008679449525999,-0.3843355270724243,0.0001579523086547,0,0,,0,0,,,,0,602899.0,1354800.0,79866648198.77155,79847700586.75854,13.309506624477496,0.9417280768846352,14.119165138041808,0.7040280961684112,25.10362418329801,-2.9494162759310107,25.10338691454607,-2.919567558703541,12093845462.0,23.21596252072671,2.468945022682591,Ethereum,75099034763.0,25.04207354295747,-3.1763237034854916,0.312744841995299,0.961304082876295,0.3100896665796117,0.39666579611735,0.7534169060677287,0.9735353007747888,0.9916862540262906,0.5727940280316881,71.64620875772613,0.9797379646556976,0.9405850091407678,0.9060024375380864,0.9736441194393662,0.7010968921389397,0.9736441194393662,0.1826630103595368,0.9632845825716028,0.3764472882388787,0.7012492382693479,0.9736441194393662,0.9887263863497868,0,1,0,0,0,1,0,2,0.25,95.14668755985026,1,0.9546008531383303,market_stress_non_event,Market stress variables are elevated outside known public incident windows.,medium,"False-alert taxonomy is an error-review framework. Non-event-window alerts are not proof of model failure, and event-window hits are not verified fraud ground truth."
2022-01-22,1.000182032585144,1.000941038131714,1.000072956085205,1.0001579523086548,1.0001579523086548,90441827607,USDT,USDT-USD,0.0001579398355023,-1.9070292263533923e-05,1.9070292263533923e-05,1,0.0001211600522372,0.0004886977365753,25.22797269211308,2.023828414690557,-0.0233339617401487,-0.8380972783814864,-0.0010427815477433,0.0008679449525999,-0.3843355270724243,0.0001579523086547,0,0,,0,0,,,,0,602899.0,1354800.0,79866648198.77155,79847700586.75854,13.309506624477496,0.9417280768846352,14.119165138041808,0.7040280961684112,25.10362418329801,-2.9494162759310107,25.10338691454607,-2.919567558703541,12093845462.0,23.21596252072671,2.468945022682591,Ethereum,75099034763.0,25.04207354295747,-3.1763237034988925,0.312744841995299,0.961304082876295,0.3100896665796117,0.39666579611735,0.7534169060677287,0.9735353007747888,0.9918168364237834,0.5728005571515626,71.6549142508923,0.9797379646556976,0.9408897014015845,0.9060024375380864,0.9742535039609994,0.7014015843997562,0.9742535039609994,0.1826630103595368,0.9632845825716028,0.3764472882388787,0.7012492382693479,0.9736441194393662,0.9890310786106032,0,1,0,0,0,1,0,2,0.25,95.14668755985026,1,0.9546008531383303,market_stress_non_event,Market stress variables are elevated outside known public incident windows.,medium,"False-alert taxonomy is an error-review framework. Non-event-window alerts are not proof of model failure, and event-window hits are not verified fraud ground truth."
2022-05-09,0.9998700022697448,1.000133991241455,0.9997699856758118,0.999908983707428,0.999908983707428,120710294040,USDT,USDT-USD,-9.10204348061207e-05,5.496199516514692e-05,5.496199516514692e-05,0,6.000100945189258e-05,9.972050818687808e-05,25.516659247585565,2.533567958225599,0.705927438795857,-0.581881776110007,-0.0005257822776399,0.000364038699096,0.9974863239797148,9.101629257202148e-05,0,1,E001,1,1,E001,stablecoin_depeg,high,1,904805.0,1920511.0,86409688271.10406,86435082302.18042,13.715475835061795,2.395968859913165,14.468102375121395,2.507233021155645,25.182365639248992,5.157766464463168,25.182659475518086,5.123905040528246,10667028629.0,23.09042338456478,3.1011496912250793,Ethereum,62567656942.0,24.859514319284138,-2.722010035225946,0.312744841995299,0.9839383651083834,0.8636284495516671,0.2899364498998868,0.6882562897188126,0.9930356054670496,0.974188212762253,0.6482715243318533,84.12988595803952,0.9931444241316272,0.9844606946983546,0.9041742839731872,0.9868982327848872,0.8424741011578306,0.9868982327848872,0.3191651432053626,0.984613040828763,0.8749238269347959,0.4233698964046313,0.9931444241316272,0.96617915904936,0,1,0,0,0,1,0,2,0.25,95.14668755985026,1,0.9546008531383303,event_window_hit_3d,"Alert falls within a tight public incident window. This supports weak-label alignment, not verified fraud detection.",high,"False-alert taxonomy is an error-review framework. Non-event-window alerts are not proof of model failure, and event-window hits are not verified fraud ground truth."
2022-05-09,0.9998700022697448,1.000133991241455,0.9997699856758118,0.999908983707428,0.999908983707428,120710294040,USDT,USDT-USD,-9.10204348061207e-05,5.496199516514692e-05,5.496199516514692e-05,0,6.000100945189258e-05,9.972050818687808e-05,25.516659247585565,2.533567958225599,0.705927438795857,-0.581881776110007,-0.0005257822776399,0.000364038699096,0.9974863239797148,9.101629257202148e-05,0,1,E001,1,1,E001,stablecoin_depeg,high,1,904805.0,1920511.0,86409688271.10406,86435082302.18042,13.715475835061795,2.395968859913165,14.468102375121395,2.507233021155645,25.182365639248992,5.157766464463168,25.182659475518086,5.123905040528246,10667028629.0,23.09042338456478,3.1011496912250793,Ethereum,62567656942.0,24.859514319284138,-2.7220100352435623,0.312744841995299,0.9839383651083834,0.8636284495516671,0.2899364498998868,0.6882562897188126,0.9930356054670496,0.9743187951597458,0.648278053451728,84.13859145120571,0.9931444241316272,0.9847653869591712,0.9041742839731872,0.9872029250457038,0.8427787934186471,0.9872029250457038,0.3191651432053626,0.984613040828763,0.8749238269347959,0.4233698964046313,0.9931444241316272,0.9664838513101768,0,1,0,0,0,1,0,2,0.25,95.14668755985026,1,0.9546008531383303,event_window_hit_3d,"Alert falls within a tight public incident window. This supports weak-label alignment, not verified fraud detection.",high,"False-alert taxonomy is an error-review framework. Non-event-window alerts are not proof of model failure, and event-window hits are not verified fraud ground truth."
2022-05-10,0.9999449849128724,1.000133991241455,0.9997090101242064,0.9997910261154176,0.9997910261154176,128692083965,USDT,USDT-USD,-0.000208995722667,-0.0001179752878609,0.0001179752878609,1,5.555721856358762e-05,0.0001008017405577,25.58068844201113,2.416154047133083,-1.0047319796486822,0.6046562505918407,-0.0006436885810335,0.0004250699457664,1.9130250758827692,0.0002089738845824,0,1,E001,1,1,E001,stablecoin_depeg,high,1,870631.0,1934980.0,86398230192.07349,86435082302.16347,13.67697466368489,1.8876030922709357,14.475608065276363,2.381697189803268,25.18223302867016,3.607156166341009,25.18265947551789,3.618592831800232,11178635052.0,23.137270208937338,2.7167419437225964,Ethereum,57448531034.0,24.774155271462575,-3.452101231886351,0.7894576477757465,0.9801079481152608,0.9425002176373292,0.3238878732480195,0.7899364498998869,0.9845042221641856,0.9969966048576652,0.7877161138678506,97.90197614694873,0.9900975015234612,0.9783668494820232,0.7311090798293723,0.9436319317489336,0.982023156611822,0.9436319317489336,0.7902193784277879,0.9815661182205973,0.944393662400975,0.4971054235222425,0.984613040828763,0.9966483851310176,1,0,0,0,0,1,1,3,0.35,96.79637851484286,1,0.9721206581352834,event_window_hit_3d,"Alert falls within a tight public incident window. This supports weak-label alignment, not verified fraud detection.",high,"False-alert taxonomy is an error-review framework. Non-event-window alerts are not proof of model failure, and event-window hits are not verified fraud ground truth."
2022-05-10,0.9999449849128724,1.000133991241455,0.9997090101242064,0.9997910261154176,0.9997910261154176,128692083965,USDT,USDT-USD,-0.000208995722667,-0.0001179752878609,0.0001179752878609,1,5.555721856358762e-05,0.0001008017405577,25.58068844201113,2.416154047133083,-1.0047319796486822,0.6046562505918407,-0.0006436885810335,0.0004250699457664,1.9130250758827692,0.0002089738845824,0,1,E001,1,1,E001,stablecoin_depeg,high,1,870631.0,1934980.0,86398230192.07349,86435082302.16347,13.67697466368489,1.8876030922709357,14.475608065276363,2.381697189803268,25.18223302867016,3.607156166341009,25.18265947551789,3.618592831800232,11178635052.0,23.137270208937338,2.7167419437225964,Ethereum,57448531034.0,24.774155271462575,-3.4521012319007154,0.7894576477757465,0.9801079481152608,0.9425002176373292,0.3238878732480195,0.7899364498998869,0.9845042221641856,0.997127187255158,0.7877226429877252,97.91068164011492,0.9900975015234612,0.9786715417428398,0.7311090798293723,0.9439366240097502,0.9823278488726388,0.9439366240097502,0.7902193784277879,0.9815661182205973,0.944393662400975,0.4971054235222425,0.984613040828763,0.9969530773918344,1,0,0,0,0,1,1,3,0.35,96.79637851484286,1,0.9721206581352834,event_window_hit_3d,"Alert falls within a tight public incident window. This supports weak-label alignment, not verified fraud detection.",high,"False-alert taxonomy is an error-review framework. Non-event-window alerts are not proof of model failure, and event-window hits are not verified fraud ground truth."
2022-05-11,0.9997900128364564,0.9999960064888,0.9934589862823486,0.9958720207214355,0.9958720207214355,159700404396,USDT,USDT-USD,-0.0041365229050746,-0.0039275271824075,0.0039275271824075,1,0.0014698980181551,0.0007205128972823,25.79656542439335,2.661228037617444,-5.243550883759034,5.280209692420096,-0.0045609899696827,0.0065641167443541,5.2883494176288615,0.0041279792785644,0,1,E001,1,1,E001,stablecoin_depeg,high,1,998287.0,2211830.0,86039521807.97215,86434753178.49458,13.813797090817532,2.635758199252673,14.609331237258967,2.958360802425839,25.17807258355472,1.9860660342863976,25.18265566775504,2.9170347337768328,17216121822.0,23.56911209705084,3.274289373971136,Ethereum,57813732385.0,24.78049216893888,-2.802849274297959,0.9998694176025072,0.9889004962131104,0.9995211978758596,0.4923391660137546,0.999172978149212,0.9966919125968486,0.9799338382519368,0.9052237311743708,99.98258901366762,0.9998476538695916,0.9960390006093846,0.9803473491773308,0.9972577696526508,0.9996953077391836,0.9972577696526508,0.9998476538695916,0.9907068860450944,0.9992382693479586,0.9663315051797684,0.996800731261426,0.9747105423522242,1,1,1,1,0,1,1,6,0.8500000000000001,99.80847915034389,1,0.9983241925655089,event_window_hit_3d,"Alert falls within a tight public incident window. This supports weak-label alignment, not verified fraud detection.",high,"False-alert taxonomy is an error-review framework. Non-event-window alerts are not proof of model failure, and event-window hits are not verified fraud ground truth."
2022-05-11,0.9997900128364564,0.9999960064888,0.9934589862823486,0.9958720207214355,0.9958720207214355,159700404396,USDT,USDT-USD,-0.0041365229050746,-0.0039275271824075,0.0039275271824075,1,0.0014698980181551,0.0007205128972823,25.79656542439335,2.661228037617444,-5.243550883759034,5.280209692420096,-0.0045609899696827,0.0065641167443541,5.2883494176288615,0.0041279792785644,0,1,E001,1,1,E001,stablecoin_depeg,high,1,998287.0,2211830.0,86039521807.97215,86434753178.49458,13.813797090817532,2.635758199252673,14.609331237258967,2.958360802425839,25.17807258355472,1.9860660342863976,25.18265566775504,2.9170347337768328,17216121822.0,23.56911209705084,3.274289373971136,Ethereum,57813732385.0,24.78049216893888,-2.802849274306976,0.9998694176025072,0.9889004962131104,0.9995211978758596,0.4923391660137546,0.999172978149212,0.9966919125968486,0.9800644206494298,0.9052302602942456,99.9912945068338,0.9998476538695916,0.9963436928702012,0.9803473491773308,0.9975624619134674,1.0,0.9975624619134674,0.9998476538695916,0.9907068860450944,0.9992382693479586,0.9663315051797684,0.996800731261426,0.9750152346130408,1,1,1,1,0,1,1,6,0.8500000000000001,99.80847915034389,1,0.9983241925655089,event_window_hit_3d,"Alert falls within a tight public incident window. This supports weak-label alignment, not verified fraud detection.",high,"False-alert taxonomy is an error-review framework. Non-event-window alerts are not proof of model failure, and event-window hits are not verified fraud ground truth."
2022-05-12,0.9958789944648744,0.9977359771728516,0.9484859704971312,0.99760901927948,0.99760901927948,141052751792,USDT,USDT-USD,-0.0023938436793529,0.0017426792257216,0.0017426792257216,0,0.0017164457608397,0.0007984468122346,25.672399783548315,2.050687145807687,2.3006800921224433,1.9481493156966951,-0.0027340781033746,0.0493680447188528,5.251685977167206,0.00239098072052,0,1,E001,1,1,E001,stablecoin_depeg,high,1,1069825.0,2331984.0,83204558596.24736,83434753178.48105,13.883006576392107,2.6593579897497888,14.662230394184837,2.789218021380649,25.144567974104913,-4.44016549324981,25.147330764303724,-4.079841109264027,15639251084.0,23.47304968632628,2.5973990779141833,Ethereum,49520391397.0,24.62565036912835,-3.6098844000913153,0.942587272568991,0.963480456167842,0.999172978149212,0.4810220248977104,0.9970836597893272,0.9802385305127536,0.997867154174284,0.8857277792286934,99.89553408200574,0.9992382693479586,0.9972577696526508,0.9571907373552712,0.9966483851310176,0.9984765386959172,0.9966483851310176,0.9450030469226082,0.9663315051797684,0.9980195003046922,0.9431748933577088,0.9803473491773308,0.997867154174284,1,1,1,1,0,1,1,6,0.8500000000000001,99.80847915034389,1,0.9983241925655089,event_window_hit_3d,"Alert falls within a tight public incident window. This supports weak-label alignment, not verified fraud detection.",high,"False-alert taxonomy is an error-review framework. Non-event-window alerts are not proof of model failure, and event-window hits are not verified fraud ground truth."
2022-05-12,0.9958789944648744,0.9977359771728516,0.9484859704971312,0.99760901927948,0.99760901927948,141052751792,USDT,USDT-USD,-0.0023938436793529,0.0017426792257216,0.0017426792257216,0,0.0017164457608397,0.0007984468122346,25.672399783548315,2.050687145807687,2.3006800921224433,1.9481493156966951,-0.0027340781033746,0.0493680447188528,5.251685977167206,0.00239098072052,0,1,E001,1,1,E001,stablecoin_depeg,high,1,1069825.0,2331984.0,83204558596.24736,83434753178.48105,13.883006576392107,2.6593579897497888,14.662230394184837,2.789218021380649,25.144567974104913,-4.44016549324981,25.147330764303724,-4.079841109264027,15639251084.0,23.47304968632628,2.5973990779141833,Ethereum,49520391397.0,24.62565036912835,-3.609884400097608,0.942587272568991,0.963480456167842,0.999172978149212,0.4810220248977104,0.9970836597893272,0.9802385305127536,0.9979977365717768,0.885734308348568,99.90423957517194,0.9992382693479586,0.9975624619134674,0.9571907373552712,0.9969530773918344,0.9987812309567335,0.9969530773918344,0.9450030469226082,0.9663315051797684,0.9980195003046922,0.9431748933577088,0.9803473491773308,0.9981718464351006,1,1,1,1,0,1,1,6,0.8500000000000001,99.80847915034389,1,0.9983241925655089,event_window_hit_3d,"Alert falls within a tight public incident window. This supports weak-label alignment, not verified fraud detection.",high,"False-alert taxonomy is an error-review framework. Non-event-window alerts are not proof of model failure, and event-window hits are not verified fraud ground truth."
2022-05-13,0.997527003288269,0.999193012714386,0.996945023536682,0.9982389807701112,0.9982389807701112,87009885196,USDT,USDT-USD,-0.0017625716470782,0.0006312720322747,0.0006312720322747,0,0.0017536277717009,0.0008091986409829,25.18928757210042,0.6930298796652048,0.8640528037678173,0.4549566413984201,-0.0021043332689029,0.0022519549136116,0.0040974573750997,0.0017610192298888,0,0,,0,1,E001,stablecoin_depeg,high,1,924896.0,1915617.0,83291553833.64755,83434753178.48105,13.73743765894319,1.5244564542474628,14.465550843940168,1.313816237028723,25.145612986436387,-3.2550731033508087,25.147330764303724,-3.1679010109273182,7513961026.0,22.74002859736661,0.8415475658375229,Ethereum,45109975238.0,24.532369239463883,-3.4232099032048677,0.7564638286758945,0.7451466875598503,0.6223992339166013,0.4701401584399756,0.9912509793679812,0.7352659528162271,0.9963001654043702,0.7225589797162009,93.20100983720728,0.9833942717854968,0.990554539914686,0.9194088970140158,0.9887263863497868,0.9302254722730042,0.9887263863497868,0.7603595368677636,0.7335466179159049,0.6153260207190737,0.9133150517976844,0.7353747714808044,0.9954296160877514,0,1,0,0,0,1,1,3,0.35,96.79637851484286,1,0.9721206581352834,event_window_hit_7d,Alert falls within a wider public incident window. This is weak-label evidence only.,high,"False-alert taxonomy is an error-review framework. Non-event-window alerts are not proof of model failure, and event-window hits are not verified fraud ground truth."
2022-05-13,0.997527003288269,0.999193012714386,0.996945023536682,0.9982389807701112,0.9982389807701112,87009885196,USDT,USDT-USD,-0.0017625716470782,0.0006312720322747,0.0006312720322747,0,0.0017536277717009,0.0008091986409829,25.18928757210042,0.6930298796652048,0.8640528037678173,0.4549566413984201,-0.0021043332689029,0.0022519549136116,0.0040974573750997,0.0017610192298888,0,0,,0,1,E001,stablecoin_depeg,high,1,924896.0,1915617.0,83291553833.64755,83434753178.48105,13.73743765894319,1.5244564542474628,14.465550843940168,1.313816237028723,25.145612986436387,-3.2550731033508087,25.147330764303724,-3.1679010109273182,7513961026.0,22.74002859736661,0.8415475658375229,Ethereum,45109975238.0,24.532369239463883,-3.423209903208402,0.7564638286758945,0.7451466875598503,0.6223992339166013,0.4701401584399756,0.9912509793679812,0.7352659528162271,0.996430747801863,0.7225655088360756,93.20971533037348,0.9833942717854968,0.9908592321755028,0.9194088970140158,0.9890310786106032,0.9305301645338208,0.9890310786106032,0.7603595368677636,0.7335466179159049,0.6153260207190737,0.9133150517976844,0.7353747714808044,0.995734308348568,0,1,0,0,0,1,1,3,0.35,96.79637851484286,1,0.9721206581352834,event_window_hit_7d,Alert falls within a wider public incident window. This is weak-label evidence only.,high,"False-alert taxonomy is an error-review framework. Non-event-window alerts are not proof of model failure, and event-window hits are not verified fraud ground truth."
2022-05-14,0.9982420206069946,0.9989709854125975,0.9977909922599792,0.9987800121307372,0.9987800121307372,60781876668,USDT,USDT-USD,-0.0012207326602823,0.0005418389867958,0.0005418389867958,0,0.0017790303653882,0.0008166118664338,24.830557500381556,-0.2928135805104012,0.7185319743120131,0.319282223856215,-0.0015634879796136,0.0011814344883624,-0.1181586073149638,0.0012199878692628,0,0,,0,1,E001,stablecoin_depeg,high,1,836481.0,1748036.0,79325052902.24893,79434753178.48091,13.636960280946772,0.8008373520856468,14.374004002021652,0.6456965349393528,25.09681984133318,-4.618470355254908,25.09820180691247,-4.638125941434661,5078686845.0,22.34831857023935,-0.0660155176254249,Ethereum,45551768072.0,24.54211527599126,-2.764690281432396,0.7214677461478193,0.2590319491599199,0.3100896665796117,0.4429790197614695,0.9801950030469226,0.2401410289892922,0.9771480804387568,0.5389927744406722,65.24767128057805,0.9791285801340646,0.9698354661791592,0.948049969530774,0.98933577087142,0.621267519804997,0.98933577087142,0.7225776965265083,0.4209323583180987,0.5531687995124924,0.8304387568555759,0.4611517367458866,0.9704448507007922,0,1,0,0,0,1,0,2,0.25,95.14668755985026,1,0.9546008531383303,event_window_hit_7d,Alert falls within a wider public incident window. This is weak-label evidence only.,high,"False-alert taxonomy is an error-review framework. Non-event-window alerts are not proof of model failure, and event-window hits are not verified fraud ground truth."
2022-05-14,0.9982420206069946,0.9989709854125975,0.9977909922599792,0.9987800121307372,0.9987800121307372,60781876668,USDT,USDT-USD,-0.0012207326602823,0.0005418389867958,0.0005418389867958,0,0.0017790303653882,0.0008166118664338,24.830557500381556,-0.2928135805104012,0.7185319743120131,0.319282223856215,-0.0015634879796136,0.0011814344883624,-0.1181586073149638,0.0012199878692628,0,0,,0,1,E001,stablecoin_depeg,high,1,836481.0,1748036.0,79325052902.24893,79434753178.48091,13.636960280946772,0.8008373520856468,14.374004002021652,0.6456965349393528,25.09681984133318,-4.618470355254908,25.09820180691247,-4.638125941434661,5078686845.0,22.34831857023935,-0.0660155176254249,Ethereum,45551768072.0,24.54211527599126,-2.7646902814345222,0.7214677461478193,0.2590319491599199,0.3100896665796117,0.4429790197614695,0.9801950030469226,0.2401410289892922,0.9772786628362496,0.5389993035605468,65.25637677374422,0.9791285801340646,0.9701401584399756,0.948049969530774,0.9896404631322364,0.6215722120658135,0.9896404631322364,0.7225776965265083,0.4209323583180987,0.5531687995124924,0.8304387568555759,0.4611517367458866,0.9707495429616088,0,1,0,0,0,1,0,2,0.25,95.14668755985026,1,0.9546008531383303,event_window_hit_7d,Alert falls within a wider public incident window. This is weak-label evidence only.,high,"False-alert taxonomy is an error-review framework. Non-event-window alerts are not proof of model failure, and event-window hits are not verified fraud ground truth."
2022-06-13,0.9990689754486084,0.9991260170936584,0.9975469708442688,0.9985939860343932,0.9985939860343932,107410569162,USDT,USDT-USD,-0.0014070033307253,-0.0004865821810005,0.0004865821810005,1,0.0002019724198404,0.0001679263367548,25.399924423518215,2.6835891298823595,-2.860618339777576,3.431233032171291,-0.0008205215064843,0.0015812695364412,4.599644238721725,0.0014060139656068,0,0,,0,0,,,,0,799298.0,1875107.0,79314302224.1465,79434753165.49886,13.59149037251862,2.00260729421279,14.444176815727833,2.646347001210032,25.096684305253746,-2.00520539639693,25.09820180674904,,8438033870.0,22.85601516474337,2.985161426687413,Ethereum,38005026015.0,24.360984251505688,-3.330734538470226,0.9901192652563768,0.98933577087142,0.9961260555410464,0.3606250544093323,0.9857665186732828,0.9893792983372508,0.9948202315661182,0.8773391660137547,99.82589013667624,0.9974101157830592,0.969226081657526,0.9425655088360756,0.9911639244363192,0.9972577696526508,0.9911639244363192,0.989488117001828,0.9913162705667276,0.9931444241316272,0.5970444850700792,0.989488117001828,0.993601462522852,1,1,1,0,0,1,1,5,0.7000000000000001,99.29050230695567,1,0.9922303473491774,multi_method_market_stress_non_event,"Multiple methods agree and market stress variables are elevated, but no event-window label is present.",medium_high,"False-alert taxonomy is an error-review framework. Non-event-window alerts are not proof of model failure, and event-window hits are not verified fraud ground truth."
2022-06-13,0.9990689754486084,0.9991260170936584,0.9975469708442688,0.9985939860343932,0.9985939860343932,107410569162,USDT,USDT-USD,-0.0014070033307253,-0.0004865821810005,0.0004865821810005,1,0.0002019724198404,0.0001679263367548,25.399924423518215,2.6835891298823595,-2.860618339777576,3.431233032171291,-0.0008205215064843,0.0015812695364412,4.599644238721725,0.0014060139656068,0,0,,0,0,,,,0,799298.0,1875107.0,79314302224.1465,79434753165.49886,13.59149037251862,2.00260729421279,14.444176815727833,2.646347001210032,25.096684305253746,-2.00520539639693,25.09820180674904,,8438033870.0,22.85601516474337,2.985161426687413,Ethereum,38005026015.0,24.360984251505688,-3.3307345384927394,0.9901192652563768,0.98933577087142,0.9961260555410464,0.3606250544093323,0.9857665186732828,0.9893792983372508,0.9949508139636112,0.8773456951336294,99.83459562984244,0.9974101157830592,0.9695307739183424,0.9425655088360756,0.991468616697136,0.9975624619134674,0.991468616697136,0.989488117001828,0.9913162705667276,0.9931444241316272,0.5970444850700792,0.989488117001828,0.9939061547836684,1,1,1,0,0,1,1,5,0.7000000000000001,99.29050230695567,1,0.9922303473491774,multi_method_market_stress_non_event,"Multiple methods agree and market stress variables are elevated, but no event-window label is present.",medium_high,"False-alert taxonomy is an error-review framework. Non-event-window alerts are not proof of model failure, and event-window hits are not verified fraud ground truth."
2022-06-14,0.9986019730567932,0.9991080164909364,0.9985550045967102,0.9989539980888368,0.9989539980888368,81024425505,USDT,USDT-USD,-0.0010465493529456,0.0003604539777797,0.0003604539777797,0,0.0002605636421032,0.0001726807678296,25.11801649561874,1.52316596649167,2.1096173785022483,2.104767303948271,-0.0004602983709147,0.0005535909514193,0.3861441975254288,0.0010460019111632,0,0,,0,0,,,,0,737320.0,1711597.0,79340661795.06882,79434753165.49886,13.510778625872414,1.2129079234366893,14.352937995026805,1.5667236375612756,25.097016593264115,-0.5188774132300912,25.09820180674904,,6030318957.0,22.52006574147732,1.7778914239525574,Ethereum,33069779204.0,24.22188568732272,-4.0052657474429765,0.9505963262818838,0.9172542874553844,0.7466266213981022,0.271132584660921,0.972098894402368,0.9308783842604684,0.999260033080874,0.7900343866980063,97.9890310786106,0.9456124314442412,0.9564290067032296,0.7518281535648994,0.9283973187081048,0.9826325411334552,0.9283973187081048,0.9541438147471054,0.920018281535649,0.7469530773918343,0.3843692870201097,0.9309872029250456,0.9996953077391836,1,0,1,0,0,1,1,4,0.5,98.24584312701316,1,0.9830895795246801,multi_method_consensus_non_event,"Multiple methods agree, but the alert is outside known public incident windows.",medium,"False-alert taxonomy is an error-review framework. Non-event-window alerts are not proof of model failure, and event-window hits are not verified fraud ground truth."
2022-06-14,0.9986019730567932,0.9991080164909364,0.9985550045967102,0.9989539980888368,0.9989539980888368,81024425505,USDT,USDT-USD,-0.0010465493529456,0.0003604539777797,0.0003604539777797,0,0.0002605636421032,0.0001726807678296,25.11801649561874,1.52316596649167,2.1096173785022483,2.104767303948271,-0.0004602983709147,0.0005535909514193,0.3861441975254288,0.0010460019111632,0,0,,0,0,,,,0,737320.0,1711597.0,79340661795.06882,79434753165.49886,13.510778625872414,1.2129079234366893,14.352937995026805,1.5667236375612756,25.097016593264115,-0.5188774132300912,25.09820180674904,,6030318957.0,22.52006574147732,1.7778914239525574,Ethereum,33069779204.0,24.22188568732272,-4.005265747454716,0.9505963262818838,0.9172542874553844,0.7466266213981022,0.271132584660921,0.972098894402368,0.9308783842604684,0.9993906154783668,0.7900409158178809,97.9977365717768,0.9456124314442412,0.9567336989640464,0.7518281535648994,0.9287020109689214,0.9829372333942716,0.9287020109689214,0.9541438147471054,0.920018281535649,0.7469530773918343,0.3843692870201097,0.9309872029250456,1.0,1,0,1,0,0,1,1,4,0.5,98.24584312701316,1,0.9830895795246801,multi_method_consensus_non_event,"Multiple methods agree, but the alert is outside known public incident windows.",medium,"False-alert taxonomy is an error-review framework. Non-event-window alerts are not proof of model failure, and event-window hits are not verified fraud ground truth."
2022-06-18,0.9990180134773254,0.9990450143814088,0.998453974723816,0.9986670017242432,0.9986670017242432,61973128141,USDT,USDT-USD,-0.0013338875082765,-0.0003694366550804,0.0003694366550804,1,0.0002885050362514,0.0001730892724153,24.849966710974662,0.5309253166859683,-2.0757605560254073,2.079604310591991,-0.0007474630063066,0.0005918285640481,0.4993204718987275,0.0013329982757568,0,0,,0,0,,,,0,634300.0,1432616.0,79313653607.52203,79434753165.43558,13.360278884161817,-0.2859719093418837,14.17501339962845,-0.3065454691831292,25.096676127418743,-1.9199629979674395,25.098201806748246,,4070134188.0,22.12694180612768,0.5708130334886881,Ethereum,29996416161.0,24.124343750205835,-2.376649147005859,0.9500739966919126,0.6950030469226082,0.7743971445982415,0.3474797597283886,0.983503090450074,0.6450770436145208,0.9465917994254376,0.753328545312092,95.60372595107512,0.879189518586228,0.9747105423522242,0.8249542961608776,0.9369287020109688,0.9558196221815966,0.9369287020109688,0.9535344302254722,0.6823583180987203,0.7798598415600244,0.5586532602071907,0.6451858622790981,0.9320536258379036,1,0,0,0,0,0,1,2,0.3,95.96500391747192,1,0.964503351614869,multi_method_consensus_non_event,"Multiple methods agree, but the alert is outside known public incident windows.",medium,"False-alert taxonomy is an error-review framework. Non-event-window alerts are not proof of model failure, and event-window hits are not verified fraud ground truth."
2022-06-18,0.9990180134773254,0.9990450143814088,0.998453974723816,0.9986670017242432,0.9986670017242432,61973128141,USDT,USDT-USD,-0.0013338875082765,-0.0003694366550804,0.0003694366550804,1,0.0002885050362514,0.0001730892724153,24.849966710974662,0.5309253166859683,-2.0757605560254073,2.079604310591991,-0.0007474630063066,0.0005918285640481,0.4993204718987275,0.0013329982757568,0,0,,0,0,,,,0,634300.0,1432616.0,79313653607.52203,79434753165.43558,13.360278884161817,-0.2859719093418837,14.17501339962845,-0.3065454691831292,25.096676127418743,-1.9199629979674395,25.098201806748246,,4070134188.0,22.12694180612768,0.5708130334886881,Ethereum,29996416161.0,24.124343750205835,-2.3766491470076896,0.9500739966919126,0.6950030469226082,0.7743971445982415,0.3474797597283886,0.983503090450074,0.6450770436145208,0.9467223818229302,0.7533350744319667,95.61243144424132,0.879189518586228,0.9750152346130408,0.8249542961608776,0.9372333942717856,0.9561243144424132,0.9372333942717856,0.9535344302254722,0.6823583180987203,0.7798598415600244,0.5586532602071907,0.6451858622790981,0.9323583180987204,1,0,0,0,0,0,1,2,0.3,95.96500391747192,1,0.964503351614869,multi_method_consensus_non_event,"Multiple methods agree, but the alert is outside known public incident windows.",medium,"False-alert taxonomy is an error-review framework. Non-event-window alerts are not proof of model failure, and event-window hits are not verified fraud ground truth."
2022-09-13,1.000161051750183,1.0003399848937988,0.9999920129776,1.0000250339508057,1.0000250339508057,71413926112,USDT,USDT-USD,2.5033637461547075e-05,-0.0001789126585001,0.0001789126585001,1,0.0001004613921456,6.166538479061024e-05,24.99175873087286,1.6750551203578856,-2.768429105174177,3.242795602023421,-0.000255870451134,0.000347963205305,2.842517961278057,2.5033950805664062e-05,0,0,,0,0,,,,0,709781.0,1510528.0,68880138936.38312,68878913346.62462,13.472713159616854,0.9674501923089994,14.227970478565314,0.9055346851982544,24.955633714157106,-0.4765160572806869,24.955615920919733,-0.7128319656096105,3869621013.0,22.076422409993757,1.5061479255639254,Ethereum,32120858393.0,24.192771450263145,-0.4263305896505801,0.9873335074431968,0.9339688343344652,0.9786280142770089,0.182162444502481,0.6067728736832941,0.8985810046139113,0.3016888656742404,0.7392317402280839,94.63741620962828,0.9334247410115784,0.9259597806215722,0.8895490554539914,0.9561243144424132,0.9466788543570992,0.9561243144424132,0.9858318098720292,0.9382998171846436,0.9760816575258988,0.2234917733089579,0.8986898232784887,0.1898232784887263,0,1,1,0,0,0,1,3,0.4499999999999999,97.83668494820232,1,0.9803473491773309,multi_method_market_stress_non_event,"Multiple methods agree and market stress variables are elevated, but no event-window label is present.",medium_high,"False-alert taxonomy is an error-review framework. Non-event-window alerts are not proof of model failure, and event-window hits are not verified fraud ground truth."
2022-09-13,1.000161051750183,1.0003399848937988,0.9999920129776,1.0000250339508057,1.0000250339508057,71413926112,USDT,USDT-USD,2.5033637461547075e-05,-0.0001789126585001,0.0001789126585001,1,0.0001004613921456,6.166538479061024e-05,24.99175873087286,1.6750551203578856,-2.768429105174177,3.242795602023421,-0.000255870451134,0.000347963205305,2.842517961278057,2.5033950805664062e-05,0,0,,0,0,,,,0,709781.0,1510528.0,68880138936.38312,68878913346.62462,13.472713159616854,0.9674501923089994,14.227970478565314,0.9055346851982544,24.955633714157106,-0.4765160572806869,24.955615920919733,-0.7128319656096105,3869621013.0,22.076422409993757,1.5061479255639254,Ethereum,32120858393.0,24.192771450263145,-0.426330589653639,0.9873335074431968,0.9339688343344652,0.9786280142770089,0.182162444502481,0.6067728736832941,0.8985810046139113,0.3018194480717333,0.7392382693479586,94.64612170279446,0.9334247410115784,0.9262644728823888,0.8895490554539914,0.9567336989640464,0.946983546617916,0.9567336989640464,0.9858318098720292,0.9382998171846436,0.9760816575258988,0.2234917733089579,0.8986898232784887,0.1901279707495429,0,1,1,0,0,0,1,3,0.4499999999999999,97.83668494820232,1,0.9803473491773309,multi_method_market_stress_non_event,"Multiple methods agree and market stress variables are elevated, but no event-window label is present.",medium_high,"False-alert taxonomy is an error-review framework. Non-event-window alerts are not proof of model failure, and event-window hits are not verified fraud ground truth."
2022-09-15,1.0001380443572998,1.0002750158309937,0.9999390244483948,1.0000029802322388,1.0000029802322388,60606622307,USDT,USDT-USD,2.980227797886256e-06,-0.0001389879580972,0.0001389879580972,1,0.0001215070810154,6.746505489542346e-05,24.827670003061066,0.8737102190850424,-2.0047853558327735,1.9822590544681349,-0.0002779179748694,0.0003359903812695,2.4198922796380096,2.9802322387695312e-06,0,0,,0,0,,,,0,690512.0,1476731.0,69873435100.92427,69878913346.34834,13.445190078591262,0.6419758694870297,14.205342096166806,0.591663145820973,24.969951372491806,5.290410029066385,24.97002977182445,5.294625182041422,3401190266.0,21.947391285834748,0.9341127633499552,Ethereum,29418973754.0,24.10490566894841,-2.239214150910879,0.944763645860538,0.7985984156002438,0.9666144337076696,0.1927831461652302,0.5765648123966223,0.7559850265517541,0.928223208844781,0.7252167667798379,93.48829111169148,0.9669408897014016,0.9485070079219988,0.9145338208409508,0.9753199268738574,0.9344911639244364,0.9753199268738574,0.9474405850091407,0.79448507007922,0.9651127361365022,0.2417733089579524,0.7560938452163315,0.9095063985374772,0,1,0,0,0,0,1,2,0.3,95.96500391747192,1,0.964503351614869,multi_method_market_stress_non_event,"Multiple methods agree and market stress variables are elevated, but no event-window label is present.",medium_high,"False-alert taxonomy is an error-review framework. Non-event-window alerts are not proof of model failure, and event-window hits are not verified fraud ground truth."
2022-09-15,1.0001380443572998,1.0002750158309937,0.9999390244483948,1.0000029802322388,1.0000029802322388,60606622307,USDT,USDT-USD,2.980227797886256e-06,-0.0001389879580972,0.0001389879580972,1,0.0001215070810154,6.746505489542346e-05,24.827670003061066,0.8737102190850424,-2.0047853558327735,1.9822590544681349,-0.0002779179748694,0.0003359903812695,2.4198922796380096,2.9802322387695312e-06,0,0,,0,0,,,,0,690512.0,1476731.0,69873435100.92427,69878913346.34834,13.445190078591262,0.6419758694870297,14.205342096166806,0.591663145820973,24.969951372491806,5.290410029066385,24.97002977182445,5.294625182041422,3401190266.0,21.947391285834748,0.9341127633499552,Ethereum,29418973754.0,24.10490566894841,-2.239214150929467,0.944763645860538,0.7985984156002438,0.9666144337076696,0.1927831461652302,0.5765648123966223,0.7559850265517541,0.928353791242274,0.7252232958997126,93.49699660485766,0.9669408897014016,0.9488117001828154,0.9145338208409508,0.975624619134674,0.9347958561852528,0.975624619134674,0.9474405850091407,0.79448507007922,0.9651127361365022,0.2417733089579524,0.7560938452163315,0.9098110907982936,0,1,0,0,0,0,1,2,0.3,95.96500391747192,1,0.964503351614869,multi_method_market_stress_non_event,"Multiple methods agree and market stress variables are elevated, but no event-window label is present.",medium_high,"False-alert taxonomy is an error-review framework. Non-event-window alerts are not proof of model failure, and event-window hits are not verified fraud ground truth."
2022-10-25,1.0000460147857666,1.0002549886703491,1.0000150203704834,1.000208020210266,1.000208020210266,64740988487,USDT,USDT-USD,0.0002079985770619,0.0001510181600715,0.0001510181600715,0,8.789283030855122e-05,7.678703543411091e-05,24.893660353909965,1.5838195710403886,1.9002774677701184,1.8711788321563612,-4.3023752210102906e-05,0.0002399183919913,1.9237799111969809,0.0002080202102658,0,0,,0,0,,,,0,831115.0,2015540.0,70881150523.62459,70863896842.1182,13.63052465495008,0.7091435680833721,14.516398203679268,1.323993473306046,24.984270375118054,3.706025742504336,24.98402692842398,3.678061476634646,3176223535.0,21.87895876072608,1.9674099117624535,Ethereum,28779734664.0,24.082937318939923,-0.871023078874725,0.9379733611909116,0.9243927918516583,0.9431096021589624,0.0961521720205449,0.7890223731174371,0.9430660746931314,0.4632628188386872,0.7405915382606424,94.7679986071211,0.9114868982327848,0.9344911639244364,0.7603595368677636,0.9101157830591105,0.9478976234003657,0.9101157830591105,0.9401279707495428,0.9285496648385132,0.9450030469226082,0.074192565508836,0.9431748933577088,0.3720292504570384,0,0,1,0,0,0,1,2,0.25,95.14668755985026,1,0.9546008531383303,multi_method_consensus_non_event,"Multiple methods agree, but the alert is outside known public incident windows.",medium,"False-alert taxonomy is an error-review framework. Non-event-window alerts are not proof of model failure, and event-window hits are not verified fraud ground truth."
2022-10-25,1.0000460147857666,1.0002549886703491,1.0000150203704834,1.000208020210266,1.000208020210266,64740988487,USDT,USDT-USD,0.0002079985770619,0.0001510181600715,0.0001510181600715,0,8.789283030855122e-05,7.678703543411091e-05,24.893660353909965,1.5838195710403886,1.9002774677701184,1.8711788321563612,-4.3023752210102906e-05,0.0002399183919913,1.9237799111969809,0.0002080202102658,0,0,,0,0,,,,0,831115.0,2015540.0,70881150523.62459,70863896842.1182,13.63052465495008,0.7091435680833721,14.516398203679268,1.323993473306046,24.984270375118054,3.706025742504336,24.98402692842398,3.678061476634646,3176223535.0,21.87895876072608,1.9674099117624535,Ethereum,28779734664.0,24.082937318939923,-0.8710230789250943,0.9379733611909116,0.9243927918516583,0.9431096021589624,0.0961521720205449,0.7890223731174371,0.9430660746931314,0.46339340123618,0.740598067380517,94.77670410028728,0.9114868982327848,0.9347958561852528,0.7603595368677636,0.9104204753199268,0.9482023156611822,0.9104204753199268,0.9401279707495428,0.9285496648385132,0.9450030469226082,0.074192565508836,0.9431748933577088,0.3723339427178549,0,0,1,0,0,0,1,2,0.25,95.14668755985026,1,0.9546008531383303,multi_method_consensus_non_event,"Multiple methods agree, but the alert is outside known public incident windows.",medium,"False-alert taxonomy is an error-review framework. Non-event-window alerts are not proof of model failure, and event-window hits are not verified fraud ground truth."
2022-10-31,1.0001850128173828,1.0002520084381104,0.9999189972877502,0.9999470114707948,0.9999470114707948,67168423338,USDT,USDT-USD,-5.2989933146920334e-05,-0.0002320262580928,0.0002320262580928,1,0.0001277657405338,8.952660369135542e-05,24.930469083253552,1.4441317522292223,-2.555949441850492,2.878038723469553,-0.0003039669806406,0.0003330287970662,3.299631883101364,5.298852920521124e-05,0,0,,0,0,,,,0,873940.0,2149605.0,71860004641.33032,71863896842.06464,13.680768146638234,1.4248814118722777,14.580795127496494,1.392908886650146,24.99798568323421,3.1379617747156767,24.998039845425673,3.1676729031441,2884517508.0,21.782623481672264,1.2893069674875564,Ethereum,30952971413.0,24.155734838383022,1.87517390130034,0.9784539044136852,0.9082876294942108,0.985679463741621,0.2071472098894402,0.6444676590928876,0.860799164272656,0.8594498128318969,0.7696983546617916,96.94437189866804,0.9590188909201708,0.9637416209628276,0.8962522851919561,0.971358927483242,0.9710542352224254,0.971358927483242,0.9736441194393662,0.9090493601462524,0.9821755027422304,0.2673674588665448,0.8609079829372334,0.8369896404631323,1,1,1,0,0,0,1,4,0.65,98.87699138156177,1,0.9882693479585618,multi_method_market_stress_non_event,"Multiple methods agree and market stress variables are elevated, but no event-window label is present.",medium_high,"False-alert taxonomy is an error-review framework. Non-event-window alerts are not proof of model failure, and event-window hits are not verified fraud ground truth."
2022-10-31,1.0001850128173828,1.0002520084381104,0.9999189972877502,0.9999470114707948,0.9999470114707948,67168423338,USDT,USDT-USD,-5.2989933146920334e-05,-0.0002320262580928,0.0002320262580928,1,0.0001277657405338,8.952660369135542e-05,24.930469083253552,1.4441317522292223,-2.555949441850492,2.878038723469553,-0.0003039669806406,0.0003330287970662,3.299631883101364,5.298852920521124e-05,0,0,,0,0,,,,0,873940.0,2149605.0,71860004641.33032,71863896842.06464,13.680768146638234,1.4248814118722777,14.580795127496494,1.392908886650146,24.99798568323421,3.1379617747156767,24.998039845425673,3.1676729031441,2884517508.0,21.782623481672264,1.2893069674875564,Ethereum,30952971413.0,24.155734838383022,1.8751739013408903,0.9784539044136852,0.9082876294942108,0.985679463741621,0.2071472098894402,0.6444676590928876,0.860799164272656,0.8595803952293898,0.7697048837816662,96.95307739183426,0.9590188909201708,0.964046313223644,0.8962522851919561,0.9722730042656916,0.971358927483242,0.9722730042656916,0.9736441194393662,0.9090493601462524,0.9821755027422304,0.2673674588665448,0.8609079829372334,0.8372943327239488,1,1,1,0,0,0,1,4,0.65,98.87699138156177,1,0.9882693479585618,multi_method_market_stress_non_event,"Multiple methods agree and market stress variables are elevated, but no event-window label is present.",medium_high,"False-alert taxonomy is an error-review framework. Non-event-window alerts are not proof of model failure, and event-window hits are not verified fraud ground truth."
2022-11-08,1.0000940561294556,1.0005149841308594,1.0000139474868774,1.0000319480895996,1.0000319480895996,162734866334,USDT,USDT-USD,3.194757927026418e-05,-6.210412718489616e-05,6.210412718489616e-05,1,4.9931725125680706e-05,8.15930832644107e-05,25.815388126522578,2.7972665054467547,-0.7096727197187752,0.0194691274833628,-0.0001940288688262,0.0005010206373297,4.168551829036944,3.1948089599609375e-05,0,0,,0,0,,,,0,1065156.0,2498025.0,72959261120.39954,72863896841.57442,13.878632764101097,2.670083064244,14.731011377940154,2.3821817694430374,25.013167055487408,2.331096273056079,25.01185911107375,2.2586620120382386,8920042222.0,22.911566517047305,3.146989869478346,Ethereum,30381858109.0,24.137111494521516,0.7211531587320085,0.6318011665360843,0.992208583616262,0.99351440759119,0.1521284930791329,0.6167841908244102,0.994254374510316,0.4061547836684948,0.6801797684338817,88.40428310263776,0.9840036563071298,0.935405240706886,0.9370810481413772,0.9821755027422304,0.8808653260207191,0.9821755027422304,0.6348263254113345,0.9937538086532602,0.9900975015234612,0.175350396099939,0.9943631931748934,0.3135283363802559,0,1,0,0,0,1,0,2,0.25,95.14668755985026,1,0.9546008531383303,market_stress_non_event,Market stress variables are elevated outside known public incident windows.,medium,"False-alert taxonomy is an error-review framework. Non-event-window alerts are not proof of model failure, and event-window hits are not verified fraud ground truth."
2022-11-08,1.0000940561294556,1.0005149841308594,1.0000139474868774,1.0000319480895996,1.0000319480895996,162734866334,USDT,USDT-USD,3.194757927026418e-05,-6.210412718489616e-05,6.210412718489616e-05,1,4.9931725125680706e-05,8.15930832644107e-05,25.815388126522578,2.7972665054467547,-0.7096727197187752,0.0194691274833628,-0.0001940288688262,0.0005010206373297,4.168551829036944,3.1948089599609375e-05,0,0,,0,0,,,,0,1065156.0,2498025.0,72959261120.39954,72863896841.57442,13.878632764101097,2.670083064244,14.731011377940154,2.3821817694430374,25.013167055487408,2.331096273056079,25.01185911107375,2.2586620120382386,8920042222.0,22.911566517047305,3.146989869478346,Ethereum,30381858109.0,24.137111494521516,0.7211531587426456,0.6318011665360843,0.992208583616262,0.99351440759119,0.1521284930791329,0.6167841908244102,0.994254374510316,0.4062853660659876,0.6801862975537564,88.41298859580395,0.9840036563071298,0.9351005484460696,0.9370810481413772,0.9815661182205973,0.8811700182815356,0.9815661182205973,0.6348263254113345,0.9937538086532602,0.9900975015234612,0.175350396099939,0.9943631931748934,0.3138330286410725,0,1,0,0,0,1,0,2,0.25,95.14668755985026,1,0.9546008531383303,market_stress_non_event,Market stress variables are elevated outside known public incident windows.,medium,"False-alert taxonomy is an error-review framework. Non-event-window alerts are not proof of model failure, and event-window hits are not verified fraud ground truth."
2022-11-09,1.0000430345535278,1.0000430345535278,0.9985259771347046,0.9986000061035156,0.9986000061035156,143975136007,USDT,USDT-USD,-0.0014009748035556,-0.0014329223828259,0.0014329223828259,1,0.0005455748761079,0.0002729255174178,25.692906455002703,2.2017089993849397,-5.0769280246352215,5.188812076395838,-0.0016256472793532,0.0015191842675254,5.066891053910359,0.0013999938964843,0,0,,0,0,,,,0,1142201.0,2648673.0,72722754256.30054,72863896841.21333,13.948468536218195,2.767926505435557,14.789569695373388,2.5125211946453985,25.00992016092377,1.8852755936726344,25.0118591110688,2.0207111404498708,10991379280.0,23.12037710076277,2.927581869113105,Ethereum,26945793811.0,24.017093048354408,-2.5965927041322785,0.9996953077391836,0.972098894402368,0.9980412640376076,0.4476799860712109,0.9852441890833116,0.9881605292939843,0.9660050491860364,0.8907830591102986,99.94776704100288,0.9980195003046922,0.9418037781840342,0.9529250457038392,0.9881170018281537,0.9990859232175504,0.9881170018281537,0.9992382693479586,0.9742535039609994,0.9949725776965264,0.8444546008531383,0.9882693479585618,0.953382084095064,1,1,1,0,0,1,1,5,0.7000000000000001,99.29050230695567,1,0.9922303473491774,multi_method_market_stress_non_event,"Multiple methods agree and market stress variables are elevated, but no event-window label is present.",medium_high,"False-alert taxonomy is an error-review framework. Non-event-window alerts are not proof of model failure, and event-window hits are not verified fraud ground truth."
2022-11-09,1.0000430345535278,1.0000430345535278,0.9985259771347046,0.9986000061035156,0.9986000061035156,143975136007,USDT,USDT-USD,-0.0014009748035556,-0.0014329223828259,0.0014329223828259,1,0.0005455748761079,0.0002729255174178,25.692906455002703,2.2017089993849397,-5.0769280246352215,5.188812076395838,-0.0016256472793532,0.0015191842675254,5.066891053910359,0.0013999938964843,0,0,,0,0,,,,0,1142201.0,2648673.0,72722754256.30054,72863896841.21333,13.948468536218195,2.767926505435557,14.789569695373388,2.5125211946453985,25.00992016092377,1.8852755936726344,25.0118591110688,2.0207111404498708,10991379280.0,23.12037710076277,2.927581869113105,Ethereum,26945793811.0,24.017093048354408,-2.59659270416137,0.9996953077391836,0.972098894402368,0.9980412640376076,0.4476799860712109,0.9852441890833116,0.9881605292939843,0.9661356315835292,0.8907895882301733,99.95647253416908,0.9980195003046922,0.9421084704448508,0.9529250457038392,0.9884216940889702,0.9993906154783668,0.9884216940889702,0.9992382693479586,0.9742535039609994,0.9949725776965264,0.8444546008531383,0.9882693479585618,0.9536867763558804,1,1,1,0,0,1,1,5,0.7000000000000001,99.29050230695567,1,0.9922303473491774,multi_method_market_stress_non_event,"Multiple methods agree and market stress variables are elevated, but no event-window label is present.",medium_high,"False-alert taxonomy is an error-review framework. Non-event-window alerts are not proof of model failure, and event-window hits are not verified fraud ground truth."
2022-11-10,0.9986339807510376,0.9989749789237976,0.9815250039100648,0.9978349804878236,0.9978349804878236,114807119109,USDT,USDT-USD,-0.0021673665551282,-0.0007663917515725,0.0007663917515725,1,0.0005739496963446,0.0003027654100574,25.46651933206245,1.5713010431474863,-2.3035870361588544,2.2618284001255287,-0.0023905000224063,0.0174878365210265,5.277570570814031,0.0021650195121764,0,0,,0,0,,,,0,1117530.0,2604895.0,72673305008.75485,72863896841.21333,13.926632345577271,2.259895522591601,14.772903309148084,2.113996608700389,25.009239960240176,1.681723315469729,25.0118591110688,1.8331866754695312,11684466429.0,23.18152614107908,2.582073474604977,Ethereum,23929889327.0,23.8983941140336,-3.879653565559772,0.9585183250631149,0.9226516932184208,0.999347088012536,0.4765822233829546,0.9954296160877514,0.9796291459911204,0.9989118133542264,0.8809058065639419,99.8520066161748,0.9955819622181596,0.9808043875685558,0.9547531992687386,0.994210847044485,0.997867154174284,0.994210847044485,0.96084704448507,0.9267215112736136,0.9986288848263254,0.9315965874466788,0.9797379646556976,0.9990859232175504,1,1,1,1,0,1,1,6,0.8500000000000001,99.80847915034389,1,0.9983241925655089,multi_method_market_stress_non_event,"Multiple methods agree and market stress variables are elevated, but no event-window label is present.",medium_high,"False-alert taxonomy is an error-review framework. Non-event-window alerts are not proof of model failure, and event-window hits are not verified fraud ground truth."
2022-11-10,0.9986339807510376,0.9989749789237976,0.9815250039100648,0.9978349804878236,0.9978349804878236,114807119109,USDT,USDT-USD,-0.0021673665551282,-0.0007663917515725,0.0007663917515725,1,0.0005739496963446,0.0003027654100574,25.46651933206245,1.5713010431474863,-2.3035870361588544,2.2618284001255287,-0.0023905000224063,0.0174878365210265,5.277570570814031,0.0021650195121764,0,0,,0,0,,,,0,1117530.0,2604895.0,72673305008.75485,72863896841.21333,13.926632345577271,2.259895522591601,14.772903309148084,2.113996608700389,25.009239960240176,1.681723315469729,25.0118591110688,1.8331866754695312,11684466429.0,23.18152614107908,2.582073474604977,Ethereum,23929889327.0,23.8983941140336,-3.8796535655799858,0.9585183250631149,0.9226516932184208,0.999347088012536,0.4765822233829546,0.9954296160877514,0.9796291459911204,0.9990423957517194,0.8809123356838165,99.860712109341,0.9955819622181596,0.9811090798293725,0.9547531992687386,0.9945155393053016,0.9981718464351006,0.9945155393053016,0.96084704448507,0.9267215112736136,0.9986288848263254,0.9315965874466788,0.9797379646556976,0.9993906154783668,1,1,1,1,0,1,1,6,0.8500000000000001,99.80847915034389,1,0.9983241925655089,multi_method_market_stress_non_event,"Multiple methods agree and market stress variables are elevated, but no event-window label is present.",medium_high,"False-alert taxonomy is an error-review framework. Non-event-window alerts are not proof of model failure, and event-window hits are not verified fraud ground truth."
2023-01-14,1.0002069473266602,1.0004030466079712,1.0001189708709717,1.0001569986343384,1.0001569986343384,53708266585,USDT,USDT-USD,0.0001569863113425,-5.6971472801877165e-05,5.6971472801877165e-05,1,7.744246064937645e-05,7.5223823382291e-05,24.70683276676264,2.6255281591878243,-0.7923778126742828,-0.0697688995870159,-5.696984995828824e-05,0.0002840311444977,2.4309717818756607,0.0001569986343383,0,0,,0,0,,,,0,1001703.0,2476569.0,72865820821.57635,72856787261.25871,13.817213107803424,-0.3701774064936373,14.72238509630852,0.8108292119969867,25.011885515845997,1.0728123161617469,25.01176153288346,-1.2543115673469036,3616726470.0,22.008835163888424,2.374645238242604,Ethereum,25705194944.0,23.969958946358208,3.4582600872357796,0.312744841995299,0.9869852877165493,0.9671367632976408,0.1010272481936101,0.7523287194219552,0.966222686515191,0.9973883520501436,0.6422373117437102,83.32898058675023,0.9547531992687386,0.9737964655697744,0.8085009140767825,0.9530773918342474,0.8336380255941499,0.9530773918342474,0.5982632541133455,0.9876599634369287,0.9663315051797684,0.0857708714198659,0.9663315051797684,0.9975624619134674,0,1,0,0,0,1,0,2,0.25,95.14668755985026,1,0.9546008531383303,market_stress_non_event,Market stress variables are elevated outside known public incident windows.,medium,"False-alert taxonomy is an error-review framework. Non-event-window alerts are not proof of model failure, and event-window hits are not verified fraud ground truth."
2023-01-14,1.0002069473266602,1.0004030466079712,1.0001189708709717,1.0001569986343384,1.0001569986343384,53708266585,USDT,USDT-USD,0.0001569863113425,-5.6971472801877165e-05,5.6971472801877165e-05,1,7.744246064937645e-05,7.5223823382291e-05,24.70683276676264,2.6255281591878243,-0.7923778126742828,-0.0697688995870159,-5.696984995828824e-05,0.0002840311444977,2.4309717818756607,0.0001569986343383,0,0,,0,0,,,,0,1001703.0,2476569.0,72865820821.57635,72856787261.25871,13.817213107803424,-0.3701774064936373,14.72238509630852,0.8108292119969867,25.011885515845997,1.0728123161617469,25.01176153288346,-1.2543115673469036,3616726470.0,22.008835163888424,2.374645238242604,Ethereum,25705194944.0,23.969958946358208,3.458260087192213,0.312744841995299,0.9869852877165493,0.9671367632976408,0.1010272481936101,0.7523287194219552,0.966222686515191,0.9972577696526508,0.6422307826238356,83.32027509358404,0.9547531992687386,0.973491773308958,0.8085009140767825,0.9527726995734308,0.8333333333333334,0.9527726995734308,0.5982632541133455,0.9876599634369287,0.9663315051797684,0.0857708714198659,0.9663315051797684,0.9972577696526508,0,1,0,0,0,1,0,2,0.25,95.14668755985026,1,0.9546008531383303,market_stress_non_event,Market stress variables are elevated outside known public incident windows.,medium,"False-alert taxonomy is an error-review framework. Non-event-window alerts are not proof of model failure, and event-window hits are not verified fraud ground truth."
2023-01-15,1.0001440048217771,1.0005029439926147,1.0001139640808103,1.0003739595413208,1.0003739595413208,30028224816,USDT,USDT-USD,0.0003738896358788,0.0002169033245362,0.0002169033245362,0,0.0001034502018421,8.377759775810881e-05,24.12540360354135,1.07102427974517,2.5027360455453076,2.903236933278192,0.0,0.0003888345034318,3.529070802606036,0.0003739595413208,0,0,,0,0,,,,0,947993.0,2429703.0,72878371052.41743,72856787261.12738,13.762103452103206,-0.8206754500982962,14.703279997197615,0.6342091579615708,25.01205773857008,1.7574200315404132,25.01176153288166,-1.1831920671775986,2256015482.0,21.536866033590588,1.262405432891986,Ethereum,25629472563.0,23.967008798257737,2.7947510236913127,0.9799338382519368,0.8422999912945068,0.9883781666231392,0.0438756855575868,0.8680682510664229,0.8559240880995909,0.9789762340036564,0.7662797074954296,96.6919125968486,0.9638939670932358,0.9600853138330286,0.9127056672760512,0.9776051188299816,0.9667885435709932,0.9776051188299816,0.976691042047532,0.8420170627666057,0.9858318098720292,0.0275746496039,0.8560329067641682,0.9728823887873248,1,1,0,0,0,1,1,4,0.55,98.61582658657612,1,0.9858318098720292,multi_method_market_stress_non_event,"Multiple methods agree and market stress variables are elevated, but no event-window label is present.",medium_high,"False-alert taxonomy is an error-review framework. Non-event-window alerts are not proof of model failure, and event-window hits are not verified fraud ground truth."
2023-01-15,1.0001440048217771,1.0005029439926147,1.0001139640808103,1.0003739595413208,1.0003739595413208,30028224816,USDT,USDT-USD,0.0003738896358788,0.0002169033245362,0.0002169033245362,0,0.0001034502018421,8.377759775810881e-05,24.12540360354135,1.07102427974517,2.5027360455453076,2.903236933278192,0.0,0.0003888345034318,3.529070802606036,0.0003739595413208,0,0,,0,0,,,,0,947993.0,2429703.0,72878371052.41743,72856787261.12738,13.762103452103206,-0.8206754500982962,14.703279997197615,0.6342091579615708,25.01205773857008,1.7574200315404132,25.01176153288166,-1.1831920671775986,2256015482.0,21.536866033590588,1.262405432891986,Ethereum,25629472563.0,23.967008798257737,2.794751023716935,0.9799338382519368,0.8422999912945068,0.9883781666231392,0.0438756855575868,0.8680682510664229,0.8559240880995909,0.9791068164011492,0.7662862366153043,96.7006180900148,0.9638939670932358,0.9603900060938452,0.9127056672760512,0.978823887873248,0.9670932358318098,0.978823887873248,0.976691042047532,0.8420170627666057,0.9858318098720292,0.0275746496039,0.8560329067641682,0.9731870810481412,1,1,0,0,0,1,1,4,0.55,98.61582658657612,1,0.9858318098720292,multi_method_market_stress_non_event,"Multiple methods agree and market stress variables are elevated, but no event-window label is present.",medium_high,"False-alert taxonomy is an error-review framework. Non-event-window alerts are not proof of model failure, and event-window hits are not verified fraud ground truth."
2023-01-16,1.0003479719161987,1.0004520416259766,1.0000900030136108,1.0001260042190552,1.0001260042190552,35957366329,USDT,USDT-USD,0.0001259962811903,-0.0002478933546884,0.0002478933546884,1,0.0001562171013061,9.586338806739964e-05,24.305599804991203,1.4547492996367115,-2.57371741472317,2.8737338170922513,-0.0002478626316695,0.0003619929997204,2.6073392213634516,0.0001260042190551,0,0,,0,0,,,,0,1198238.0,2954759.0,72860540854.64102,72856787261.03831,13.996363536925497,1.2923360307395797,14.89892798724984,2.0656023808112076,25.01181305171697,0.7441410683066385,25.01176153288044,-1.1206902264651788,2440783129.0,21.615584779674546,1.3663918672139077,Ethereum,25919512335.0,23.978261894055965,2.5955671968697085,0.9782797945503612,0.9089840689475058,0.9716636197440583,0.1782449725776965,0.724514668755985,0.8772525463567511,0.9657438843910509,0.7794041089927743,97.40576303647602,0.9578001218769044,0.961304082876295,0.8535953686776356,0.9625228519195612,0.9759293113954906,0.9625228519195612,0.9730347349177332,0.9102681291895186,0.9699878123095672,0.2167885435709933,0.8773613650213284,0.9527726995734308,1,1,1,0,0,1,1,5,0.7000000000000001,99.29050230695567,1,0.9922303473491774,multi_method_market_stress_non_event,"Multiple methods agree and market stress variables are elevated, but no event-window label is present.",medium_high,"False-alert taxonomy is an error-review framework. Non-event-window alerts are not proof of model failure, and event-window hits are not verified fraud ground truth."
2023-01-16,1.0003479719161987,1.0004520416259766,1.0000900030136108,1.0001260042190552,1.0001260042190552,35957366329,USDT,USDT-USD,0.0001259962811903,-0.0002478933546884,0.0002478933546884,1,0.0001562171013061,9.586338806739964e-05,24.305599804991203,1.4547492996367115,-2.57371741472317,2.8737338170922513,-0.0002478626316695,0.0003619929997204,2.6073392213634516,0.0001260042190551,0,0,,0,0,,,,0,1198238.0,2954759.0,72860540854.64102,72856787261.03831,13.996363536925497,1.2923360307395797,14.89892798724984,2.0656023808112076,25.01181305171697,0.7441410683066385,25.01176153288044,-1.1206902264651788,2440783129.0,21.615584779674546,1.3663918672139077,Ethereum,25919512335.0,23.978261894055965,2.595567196888149,0.9782797945503612,0.9089840689475058,0.9716636197440583,0.1782449725776965,0.724514668755985,0.8772525463567511,0.9658744667885436,0.779410638112649,97.4144685296422,0.9578001218769044,0.9616087751371116,0.8535953686776356,0.962827544180378,0.9762340036563072,0.962827544180378,0.9730347349177332,0.9102681291895186,0.9699878123095672,0.2167885435709933,0.8773613650213284,0.9530773918342474,1,1,1,0,0,1,1,5,0.7000000000000001,99.29050230695567,1,0.9922303473491774,multi_method_market_stress_non_event,"Multiple methods agree and market stress variables are elevated, but no event-window label is present.",medium_high,"False-alert taxonomy is an error-review framework. Non-event-window alerts are not proof of model failure, and event-window hits are not verified fraud ground truth."
2023-02-13,1.0002130270004272,1.0024960041046145,1.0001670122146606,1.000933051109314,1.000933051109314,41054083637,USDT,USDT-USD,0.0009326160877049,0.0007225913762502,0.0007225913762502,0,0.000267789474618,0.0001571834805288,24.43815614750731,1.042229305144974,4.432635338187804,4.742201157526729,0.0,0.0023268208471811,5.222135692817666,0.0009330511093139,0,0,,0,0,,,,0,915655.0,1972835.0,72894848077.36255,72846970395.95378,13.727396027269736,-0.3003309504769849,14.494982659400904,-0.2469024992781993,25.012283802385003,0.5278801332223694,25.011626781858816,0.4831915333106253,3280777989.0,21.91134642329004,1.159434329797579,Ethereum,26790043629.0,24.01129614909436,-0.3691390838344776,0.9989118133542264,0.8367284756681466,0.9987377034909029,0.0438756855575868,0.9630451815095326,0.8236267084530339,0.2834943849569078,0.748224514668756,95.37738312875425,0.9742535039609994,0.8982327848872639,0.9541438147471054,0.9742535039609994,0.9539914686166971,0.9742535039609994,0.9980195003046922,0.8365326020719074,0.996800731261426,0.0275746496039,0.8237355271176112,0.1654478976234003,1,1,0,0,0,0,1,3,0.5,98.24584312701316,1,0.9830895795246801,multi_method_market_stress_non_event,"Multiple methods agree and market stress variables are elevated, but no event-window label is present.",medium_high,"False-alert taxonomy is an error-review framework. Non-event-window alerts are not proof of model failure, and event-window hits are not verified fraud ground truth."
2023-02-13,1.0002130270004272,1.0024960041046145,1.0001670122146606,1.000933051109314,1.000933051109314,41054083637,USDT,USDT-USD,0.0009326160877049,0.0007225913762502,0.0007225913762502,0,0.000267789474618,0.0001571834805288,24.43815614750731,1.042229305144974,4.432635338187804,4.742201157526729,0.0,0.0023268208471811,5.222135692817666,0.0009330511093139,0,0,,0,0,,,,0,915655.0,1972835.0,72894848077.36255,72846970395.95378,13.727396027269736,-0.3003309504769849,14.494982659400904,-0.2469024992781993,25.012283802385003,0.5278801332223694,25.011626781858816,0.4831915333106253,3280777989.0,21.91134642329004,1.159434329797579,Ethereum,26790043629.0,24.01129614909436,-0.3691390838408688,0.9989118133542264,0.8367284756681466,0.9987377034909029,0.0438756855575868,0.9630451815095326,0.8236267084530339,0.2836249673544006,0.7482310437886306,95.38608862192042,0.9742535039609994,0.8979280926264472,0.9541438147471054,0.9736441194393662,0.9542961608775136,0.9736441194393662,0.9980195003046922,0.8365326020719074,0.996800731261426,0.0275746496039,0.8237355271176112,0.1657525898842169,1,1,0,0,0,0,1,3,0.5,98.24584312701316,1,0.9830895795246801,multi_method_market_stress_non_event,"Multiple methods agree and market stress variables are elevated, but no event-window label is present.",medium_high,"False-alert taxonomy is an error-review framework. Non-event-window alerts are not proof of model failure, and event-window hits are not verified fraud ground truth."
2023-03-10,0.9999790191650392,1.0034199953079224,0.9998660087585448,1.003046989440918,1.003046989440918,55191206438,USDT,USDT-USD,0.0030423567766585,0.003056363966281,0.003056363966281,0,0.001162937757682,0.0005856406709288,24.734069473897986,1.5261712602356523,5.053130645166781,5.092836985350693,0.0,0.0035431904853814,4.377183390816884,0.0030469894409179,0,1,E003,1,1,E003,stablecoin_depeg,high,1,993458.0,2222867.0,76129434615.91896,75845925957.9762,13.808948071878868,1.344650174949068,14.614308811966044,1.615315700280669,25.055700815689196,1.5652236960014236,25.05196982948532,1.4108599464031375,7088629182.0,22.681757813662877,2.914281026037824,Ethereum,26110607368.0,23.98560748131719,-2.2683330686966587,0.9995211978758596,0.9177766170453556,0.9943849569078088,0.0438756855575868,0.9981283189692696,0.9875511447723514,0.9334465047444938,0.8077692173761643,98.7115870114042,0.9961913467397928,0.9722730042656916,0.9657221206581352,0.9948202315661182,0.9868982327848872,0.9948202315661182,0.9986288848263254,0.9206276660572822,0.9913162705667276,0.0275746496039,0.9876599634369287,0.917428397318708,1,1,1,0,0,1,1,5,0.7000000000000001,99.29050230695567,1,0.9922303473491774,event_window_hit_3d,"Alert falls within a tight public incident window. This supports weak-label alignment, not verified fraud detection.",high,"False-alert taxonomy is an error-review framework. Non-event-window alerts are not proof of model failure, and event-window hits are not verified fraud ground truth."
2023-03-10,0.9999790191650392,1.0034199953079224,0.9998660087585448,1.003046989440918,1.003046989440918,55191206438,USDT,USDT-USD,0.0030423567766585,0.003056363966281,0.003056363966281,0,0.001162937757682,0.0005856406709288,24.734069473897986,1.5261712602356523,5.053130645166781,5.092836985350693,0.0,0.0035431904853814,4.377183390816884,0.0030469894409179,0,1,E003,1,1,E003,stablecoin_depeg,high,1,993458.0,2222867.0,76129434615.91896,75845925957.9762,13.808948071878868,1.344650174949068,14.614308811966044,1.615315700280669,25.055700815689196,1.5652236960014236,25.05196982948532,1.4108599464031375,7088629182.0,22.681757813662877,2.914281026037824,Ethereum,26110607368.0,23.98560748131719,-2.2683330687297825,0.9995211978758596,0.9177766170453556,0.9943849569078088,0.0438756855575868,0.9981283189692696,0.9875511447723514,0.9335770871419866,0.8077757464960389,98.72029250457038,0.9961913467397928,0.9725776965265084,0.9657221206581352,0.9951249238269348,0.9872029250457038,0.9951249238269348,0.9986288848263254,0.9206276660572822,0.9913162705667276,0.0275746496039,0.9876599634369287,0.9177330895795248,1,1,1,0,0,1,1,5,0.7000000000000001,99.29050230695567,1,0.9922303473491774,event_window_hit_3d,"Alert falls within a tight public incident window. This supports weak-label alignment, not verified fraud detection.",high,"False-alert taxonomy is an error-review framework. Non-event-window alerts are not proof of model failure, and event-window hits are not verified fraud ground truth."
2023-03-11,1.0030250549316406,1.029628038406372,1.0027960538864136,1.0076899528503418,1.0076899528503418,65038416671,USDT,USDT-USD,0.0076605358767656,0.004618179100107,0.004618179100107,0,0.0019383354104316,0.0010116534701325,24.89824395797821,1.9305533120565168,4.317810842823075,4.344063983134248,0.0,0.0266272224348985,5.236116456733806,0.0076899528503417,0,1,E003,1,1,E003,stablecoin_depeg,high,1,886293.0,2196650.0,76440486205.43475,75845925957.96422,13.694804002986777,0.1912028907890053,14.602444485766938,1.41818021771887,25.059778316926653,1.6517986095700867,25.051969829485163,1.3402967140539193,6829460634.0,22.64451153742546,2.488102934671,Ethereum,25971349070.0,23.980259808557182,-2.1539885627618274,0.997170714720989,0.9556455123182728,0.9989118133542264,0.0438756855575868,0.9995211978758596,0.9753634543396884,0.9147732219030208,0.8135353007747889,98.9292243405589,0.9986288848263254,0.9987812309567335,0.9992382693479586,0.9998476538695916,0.9902498476538696,0.9998476538695916,0.9949725776965264,0.9559719683120048,0.9974101157830592,0.0275746496039,0.9754722730042656,0.8951858622790981,1,1,1,0,1,1,1,6,0.8500000000000001,99.80847915034389,1,0.9983241925655089,event_window_hit_3d,"Alert falls within a tight public incident window. This supports weak-label alignment, not verified fraud detection.",high,"False-alert taxonomy is an error-review framework. Non-event-window alerts are not proof of model failure, and event-window hits are not verified fraud ground truth."
2023-03-11,1.0030250549316406,1.029628038406372,1.0027960538864136,1.0076899528503418,1.0076899528503418,65038416671,USDT,USDT-USD,0.0076605358767656,0.004618179100107,0.004618179100107,0,0.0019383354104316,0.0010116534701325,24.89824395797821,1.9305533120565168,4.317810842823075,4.344063983134248,0.0,0.0266272224348985,5.236116456733806,0.0076899528503417,0,1,E003,1,1,E003,stablecoin_depeg,high,1,886293.0,2196650.0,76440486205.43475,75845925957.96422,13.694804002986777,0.1912028907890053,14.602444485766938,1.41818021771887,25.059778316926653,1.6517986095700867,25.051969829485163,1.3402967140539193,6829460634.0,22.64451153742546,2.488102934671,Ethereum,25971349070.0,23.980259808557182,-2.1539885627355755,0.997170714720989,0.9556455123182728,0.9989118133542264,0.0438756855575868,0.9995211978758596,0.9753634543396884,0.914642639505528,0.8135287716549142,98.9205188473927,0.9986288848263254,0.9984765386959172,0.9992382693479586,0.9992382693479586,0.9899451553930532,0.9992382693479586,0.9949725776965264,0.9559719683120048,0.9974101157830592,0.0275746496039,0.9754722730042656,0.8948811700182815,1,1,1,0,1,1,1,6,0.8500000000000001,99.80847915034389,1,0.9983241925655089,event_window_hit_3d,"Alert falls within a tight public incident window. This supports weak-label alignment, not verified fraud detection.",high,"False-alert taxonomy is an error-review framework. Non-event-window alerts are not proof of model failure, and event-window hits are not verified fraud ground truth."
2023-03-12,1.0076899528503418,1.0162919759750366,1.00593900680542,1.0071489810943604,1.0071489810943604,48442153750,USDT,USDT-USD,0.0071235482696007,-0.0005369876071648,0.0005369876071648,1,0.0019972464665601,0.001020889929345,24.603636216884837,0.9698960286435916,-0.7535987964224341,0.187716438930374,-0.0005368434551235,0.010279481351773,1.6972124274478937,0.0071489810943603,0,1,E003,1,1,E003,stablecoin_depeg,high,1,771136.0,1789576.0,76405386187.02515,75845925957.95189,13.555621328070222,-1.242594597233993,14.397489837041494,-0.7161066179162695,25.05931903047715,1.5505666123219035,25.051969829485,1.2837151555045807,7837276102.0,22.782157175097076,2.5017076595794925,Ethereum,25476418368.0,23.961019091404214,-2.4210787240925464,0.6839470706015496,0.8215809175589797,0.9295290328197092,0.2942891964829807,0.999347088012536,0.9765822233829546,0.9509445460085314,0.7549251327587708,95.72560285540176,0.9913162705667276,0.997867154174284,0.9986288848263254,0.9984765386959172,0.957647775746496,0.9984765386959172,0.6841864716636198,0.8194698354661791,0.9352528945764778,0.434338817794028,0.976691042047532,0.9369287020109688,1,1,0,0,1,1,1,5,0.7000000000000001,99.29050230695567,1,0.9922303473491774,event_window_hit_3d,"Alert falls within a tight public incident window. This supports weak-label alignment, not verified fraud detection.",high,"False-alert taxonomy is an error-review framework. Non-event-window alerts are not proof of model failure, and event-window hits are not verified fraud ground truth."
2023-03-12,1.0076899528503418,1.0162919759750366,1.00593900680542,1.0071489810943604,1.0071489810943604,48442153750,USDT,USDT-USD,0.0071235482696007,-0.0005369876071648,0.0005369876071648,1,0.0019972464665601,0.001020889929345,24.603636216884837,0.9698960286435916,-0.7535987964224341,0.187716438930374,-0.0005368434551235,0.010279481351773,1.6972124274478937,0.0071489810943603,0,1,E003,1,1,E003,stablecoin_depeg,high,1,771136.0,1789576.0,76405386187.02515,75845925957.95189,13.555621328070222,-1.242594597233993,14.397489837041494,-0.7161066179162695,25.05931903047715,1.5505666123219035,25.051969829485,1.2837151555045807,7837276102.0,22.782157175097076,2.5017076595794925,Ethereum,25476418368.0,23.961019091404214,-2.421078724117058,0.6839470706015496,0.8215809175589797,0.9295290328197092,0.2942891964829807,0.999347088012536,0.9765822233829546,0.9510751284060242,0.7549316618786455,95.73430834856794,0.9913162705667276,0.9981718464351006,0.9986288848263254,0.9987812309567335,0.9579524680073126,0.9987812309567335,0.6841864716636198,0.8194698354661791,0.9352528945764778,0.434338817794028,0.976691042047532,0.9372333942717856,1,1,0,0,1,1,1,5,0.7000000000000001,99.29050230695567,1,0.9922303473491774,event_window_hit_3d,"Alert falls within a tight public incident window. This supports weak-label alignment, not verified fraud detection.",high,"False-alert taxonomy is an error-review framework. Non-event-window alerts are not proof of model failure, and event-window hits are not verified fraud ground truth."
2023-03-13,1.0073659420013428,1.0115959644317627,1.0012919902801514,1.0038700103759766,1.0038700103759766,72852500939,USDT,USDT-USD,0.0038625411502734,-0.0032610071193272,0.0032610071193272,1,0.0025649143146439,0.0012037549544189,25.011702698991503,2.0108723682417726,-2.8114750025868163,2.5094856324897115,-0.0037907914667206,0.0102642513922217,1.5584183020795246,0.0038700103759765,0,1,E003,1,1,E003,stablecoin_depeg,high,1,1006554.0,2290299.0,76162440005.64282,75845925957.95093,13.822044167377753,1.5247487029139108,14.644193371316913,1.7000002314919638,25.056134264818667,1.3476929002284792,25.051969829484985,1.2430314598060297,8525750904.0,22.866356938934885,2.3434089224043833,Ethereum,27735899647.0,24.045993427208945,-0.2325606939046424,0.9687037520675548,0.9602594236963524,0.9208235396535214,0.4887699138156176,0.9988247584225648,0.9643945329502916,0.2357012274745364,0.839528597545051,99.4167319578654,0.992535039609994,0.9753199268738574,0.9791285801340646,0.9960390006093846,0.994210847044485,0.9960390006093846,0.9699878123095672,0.9614564290067033,0.9285496648385132,0.96084704448507,0.964503351614869,0.107556368068251,1,1,1,1,0,1,1,6,0.8500000000000001,99.80847915034389,1,0.9983241925655089,event_window_hit_3d,"Alert falls within a tight public incident window. This supports weak-label alignment, not verified fraud detection.",high,"False-alert taxonomy is an error-review framework. Non-event-window alerts are not proof of model failure, and event-window hits are not verified fraud ground truth."
2023-03-13,1.0073659420013428,1.0115959644317627,1.0012919902801514,1.0038700103759766,1.0038700103759766,72852500939,USDT,USDT-USD,0.0038625411502734,-0.0032610071193272,0.0032610071193272,1,0.0025649143146439,0.0012037549544189,25.011702698991503,2.0108723682417726,-2.8114750025868163,2.5094856324897115,-0.0037907914667206,0.0102642513922217,1.5584183020795246,0.0038700103759765,0,1,E003,1,1,E003,stablecoin_depeg,high,1,1006554.0,2290299.0,76162440005.64282,75845925957.95093,13.822044167377753,1.5247487029139108,14.644193371316913,1.7000002314919638,25.056134264818667,1.3476929002284792,25.051969829484985,1.2430314598060297,8525750904.0,22.866356938934885,2.3434089224043833,Ethereum,27735899647.0,24.045993427208945,-0.23256069390713,0.9687037520675548,0.9602594236963524,0.9208235396535214,0.4887699138156176,0.9988247584225648,0.9643945329502916,0.2358318098720292,0.8395351266649257,99.4254374510316,0.992535039609994,0.975624619134674,0.9791285801340646,0.9963436928702012,0.9945155393053016,0.9963436928702012,0.9699878123095672,0.9614564290067033,0.9285496648385132,0.96084704448507,0.964503351614869,0.1078610603290676,1,1,1,1,0,1,1,6,0.8500000000000001,99.80847915034389,1,0.9983241925655089,event_window_hit_3d,"Alert falls within a tight public incident window. This supports weak-label alignment, not verified fraud detection.",high,"False-alert taxonomy is an error-review framework. Non-event-window alerts are not proof of model failure, and event-window hits are not verified fraud ground truth."
2023-03-14,1.0040520429611206,1.0064820051193235,1.001852035522461,1.0032470226287842,1.0032470226287842,74778462453,USDT,USDT-USD,0.0032417624343793,-0.000620778715894,0.000620778715894,1,0.0025976921894655,0.0012113650879048,25.03779574535862,1.8944694528836863,-0.5958869437454644,0.126766191835188,-0.0044090250269841,0.0046149846373137,0.4710364222875839,0.0032470226287841,0,1,E003,1,1,E003,stablecoin_depeg,high,1,999126.0,2183022.0,78121607409.05492,77845925957.9431,13.814637176677849,1.3749670166606716,14.596221171436266,1.210825623885021,25.08153251890878,2.437648459831742,25.07799740192312,2.450455783239907,6031029322.0,22.520183533449536,1.461003050409338,Ethereum,27933681512.0,24.053099020354527,-0.0735876130228822,0.6667972490641595,0.953382084095064,0.7681291895185862,0.4917297814921215,0.9984765386959172,0.8918777748759468,0.1796378514842866,0.738441281448594,94.53295029163402,0.9724253503961,0.9631322364411944,0.969378427787934,0.9899451553930532,0.9448507007922,0.9899451553930532,0.6701706276660573,0.9535344302254722,0.7719378427787934,0.9657221206581352,0.8919865935405241,0.0289457647775746,0,1,0,0,0,0,1,2,0.3,95.96500391747192,1,0.964503351614869,event_window_hit_3d,"Alert falls within a tight public incident window. This supports weak-label alignment, not verified fraud detection.",high,"False-alert taxonomy is an error-review framework. Non-event-window alerts are not proof of model failure, and event-window hits are not verified fraud ground truth."
2023-03-14,1.0040520429611206,1.0064820051193235,1.001852035522461,1.0032470226287842,1.0032470226287842,74778462453,USDT,USDT-USD,0.0032417624343793,-0.000620778715894,0.000620778715894,1,0.0025976921894655,0.0012113650879048,25.03779574535862,1.8944694528836863,-0.5958869437454644,0.126766191835188,-0.0044090250269841,0.0046149846373137,0.4710364222875839,0.0032470226287841,0,1,E003,1,1,E003,stablecoin_depeg,high,1,999126.0,2183022.0,78121607409.05492,77845925957.9431,13.814637176677849,1.3749670166606716,14.596221171436266,1.210825623885021,25.08153251890878,2.437648459831742,25.07799740192312,2.450455783239907,6031029322.0,22.520183533449536,1.461003050409338,Ethereum,27933681512.0,24.053099020354527,-0.0735876130236972,0.6667972490641595,0.953382084095064,0.7681291895185862,0.4917297814921215,0.9984765386959172,0.8918777748759468,0.1797684338817794,0.7384478105684686,94.5416557848002,0.9724253503961,0.9634369287020108,0.969378427787934,0.9902498476538696,0.9451553930530164,0.9902498476538696,0.6701706276660573,0.9535344302254722,0.7719378427787934,0.9657221206581352,0.8919865935405241,0.0292504570383912,0,1,0,0,0,0,1,2,0.3,95.96500391747192,1,0.964503351614869,event_window_hit_3d,"Alert falls within a tight public incident window. This supports weak-label alignment, not verified fraud detection.",high,"False-alert taxonomy is an error-review framework. Non-event-window alerts are not proof of model failure, and event-window hits are not verified fraud ground truth."
2023-03-15,1.0031709671020508,1.0054069757461548,1.001278042793274,1.0039459466934204,1.0039459466934204,62575628923,USDT,USDT-USD,0.0039381818654622,0.0006964194310828,0.0006964194310828,0,0.0025901919760255,0.0012109113776215,24.859641724936875,1.313448607760894,0.492384427280476,0.1955096321352338,-0.0037154346397233,0.0041127044403932,0.3651006179699433,0.0039459466934204,0,0,,0,1,E003,stablecoin_depeg,high,1,988018.0,2152130.0,78149476158.57747,77845925956.97137,13.803457207314327,1.2000523385646973,14.581969072017037,1.0053420534180448,25.081889190778988,2.174311237587368,25.077997401910636,2.172579225423218,4842955043.0,22.300790917648392,0.9494349847676724,Ethereum,28023844471.0,24.05632157301175,-0.0270576714718598,0.6862104988247584,0.8897449290502307,0.7398363367284757,0.4883346391573082,0.9989988682858884,0.7608601027248194,0.1651867328284147,0.7183533559676155,92.78314616523026,0.9535344302254722,0.9771480804387568,0.9797379646556976,0.9917733089579523,0.9265691651432052,0.9917733089579523,0.6872333942717855,0.8919865935405241,0.7384216940889702,0.9602376599634368,0.7609689213893968,0.0100548446069469,0,1,0,0,0,0,1,2,0.3,95.96500391747192,1,0.964503351614869,event_window_hit_7d,Alert falls within a wider public incident window. This is weak-label evidence only.,high,"False-alert taxonomy is an error-review framework. Non-event-window alerts are not proof of model failure, and event-window hits are not verified fraud ground truth."
2023-03-15,1.0031709671020508,1.0054069757461548,1.001278042793274,1.0039459466934204,1.0039459466934204,62575628923,USDT,USDT-USD,0.0039381818654622,0.0006964194310828,0.0006964194310828,0,0.0025901919760255,0.0012109113776215,24.859641724936875,1.313448607760894,0.492384427280476,0.1955096321352338,-0.0037154346397233,0.0041127044403932,0.3651006179699433,0.0039459466934204,0,0,,0,1,E003,stablecoin_depeg,high,1,988018.0,2152130.0,78149476158.57747,77845925956.97137,13.803457207314327,1.2000523385646973,14.581969072017037,1.0053420534180448,25.081889190778988,2.174311237587368,25.077997401910636,2.172579225423218,4842955043.0,22.300790917648392,0.9494349847676724,Ethereum,28023844471.0,24.05632157301175,-0.0270576714721764,0.6862104988247584,0.8897449290502307,0.7398363367284757,0.4883346391573082,0.9989988682858884,0.7608601027248194,0.1653173152259075,0.7183598850874902,92.79185165839644,0.9535344302254722,0.9774527726995734,0.9797379646556976,0.992078001218769,0.926873857404022,0.992078001218769,0.6872333942717855,0.8919865935405241,0.7384216940889702,0.9602376599634368,0.7609689213893968,0.0103595368677635,0,1,0,0,0,0,1,2,0.3,95.96500391747192,1,0.964503351614869,event_window_hit_7d,Alert falls within a wider public incident window. This is weak-label evidence only.,high,"False-alert taxonomy is an error-review framework. Non-event-window alerts are not proof of model failure, and event-window hits are not verified fraud ground truth."
2023-03-16,1.0039459466934204,1.0044480562210083,1.0011290311813354,1.0021339654922483,1.0021339654922483,46345690965,USDT,USDT-USD,0.0021316918219353,-0.0018064900435268,0.0018064900435268,1,0.0027406664877761,0.0012554485039632,24.559394157344208,0.4816542442176546,-1.4847940597869635,1.1278398118507142,-0.0055135881253731,0.0033119574367909,0.2000231220800451,0.0021339654922483,0,0,,0,1,E003,stablecoin_depeg,high,1,983428.0,2024891.0,79020404956.04082,78845925956.95341,13.798800723051302,1.108467270700491,14.52102692376717,0.3295503975294492,25.092971946657613,2.347564469814616,25.090761480763835,2.4289197218772114,2707717626.0,21.71937191292589,-0.2587631298133635,Ethereum,27168817310.0,24.025335730213836,-0.9290989276797156,0.8705928440846173,0.6791590493601463,0.691520849656133,0.4954731435535823,0.9948202315661182,0.2401410289892922,0.489205188473927,0.7031801166536084,91.06816401149123,0.9389092017062768,0.9192565508836076,0.96084704448507,0.971358927483242,0.9076782449725777,0.971358927483242,0.8694393662400975,0.6695612431444241,0.6866240097501524,0.9687690432663012,0.3953382084095064,0.4018890920170627,0,1,0,0,0,0,1,2,0.3,95.96500391747192,1,0.964503351614869,event_window_hit_7d,Alert falls within a wider public incident window. This is weak-label evidence only.,high,"False-alert taxonomy is an error-review framework. Non-event-window alerts are not proof of model failure, and event-window hits are not verified fraud ground truth."
2023-03-16,1.0039459466934204,1.0044480562210083,1.0011290311813354,1.0021339654922483,1.0021339654922483,46345690965,USDT,USDT-USD,0.0021316918219353,-0.0018064900435268,0.0018064900435268,1,0.0027406664877761,0.0012554485039632,24.559394157344208,0.4816542442176546,-1.4847940597869635,1.1278398118507142,-0.0055135881253731,0.0033119574367909,0.2000231220800451,0.0021339654922483,0,0,,0,1,E003,stablecoin_depeg,high,1,983428.0,2024891.0,79020404956.04082,78845925956.95341,13.798800723051302,1.108467270700491,14.52102692376717,0.3295503975294492,25.092971946657613,2.347564469814616,25.090761480763835,2.4289197218772114,2707717626.0,21.71937191292589,-0.2587631298133635,Ethereum,27168817310.0,24.025335730213836,-0.9290989276909314,0.8705928440846173,0.6791590493601463,0.691520849656133,0.4954731435535823,0.9948202315661182,0.2401410289892922,0.4893357708714199,0.703186645773483,91.07686950465744,0.9389092017062768,0.919561243144424,0.96084704448507,0.9722730042656916,0.9079829372333944,0.9722730042656916,0.8694393662400975,0.6695612431444241,0.6866240097501524,0.9687690432663012,0.3953382084095064,0.4021937842778793,0,1,0,0,0,0,1,2,0.3,95.96500391747192,1,0.964503351614869,event_window_hit_7d,Alert falls within a wider public incident window. This is weak-label evidence only.,high,"False-alert taxonomy is an error-review framework. Non-event-window alerts are not proof of model failure, and event-window hits are not verified fraud ground truth."
2023-06-10,1.0000120401382446,1.0011110305786133,0.9997209906578064,1.0004390478134155,1.0004390478134155,39594900162,USDT,USDT-USD,0.0004389514601257,0.0004899743376982,0.0004899743376982,0,0.0002807861719286,0.0001879564727957,24.40196616315088,2.304903319643837,2.657179354232909,2.8943749627886475,-0.000141895818684,0.0013894298946497,2.135922968757166,0.0004390478134155,0,0,,0,0,,,,0,1238733.0,2422754.0,85881647939.85034,85840659902.71991,14.029600448296703,1.5831419734620165,14.700415880365176,0.5633865605131279,25.176235998650977,1.4526617511712712,25.17575862284089,-2.1985596022587273,3833760696.0,22.067112063607297,2.5000864407569785,Ethereum,25902531217.0,23.97760653130131,-1.9701213227814995,0.9794985635936276,0.9761034212588144,0.9554714024549492,0.1278401671454687,0.8893967093235832,0.9759728388613216,0.8819970401323235,0.8035984156002437,98.5810046139114,0.9718159658744668,0.9710542352224254,0.855423522242535,0.9675502742230347,0.985679463741621,0.9675502742230347,0.9754722730042656,0.976691042047532,0.9559719683120048,0.134521633150518,0.9760816575258988,0.8613650213284583,1,1,1,0,0,1,1,5,0.7000000000000001,99.29050230695567,1,0.9922303473491774,multi_method_market_stress_non_event,"Multiple methods agree and market stress variables are elevated, but no event-window label is present.",medium_high,"False-alert taxonomy is an error-review framework. Non-event-window alerts are not proof of model failure, and event-window hits are not verified fraud ground truth."
2023-06-10,1.0000120401382446,1.0011110305786133,0.9997209906578064,1.0004390478134155,1.0004390478134155,39594900162,USDT,USDT-USD,0.0004389514601257,0.0004899743376982,0.0004899743376982,0,0.0002807861719286,0.0001879564727957,24.40196616315088,2.304903319643837,2.657179354232909,2.8943749627886475,-0.000141895818684,0.0013894298946497,2.135922968757166,0.0004390478134155,0,0,,0,0,,,,0,1238733.0,2422754.0,85881647939.85034,85840659902.71991,14.029600448296703,1.5831419734620165,14.700415880365176,0.5633865605131279,25.176235998650977,1.4526617511712712,25.17575862284089,-2.1985596022587273,3833760696.0,22.067112063607297,2.5000864407569785,Ethereum,25902531217.0,23.97760653130131,-1.9701213229037648,0.9794985635936276,0.9761034212588144,0.9554714024549492,0.1278401671454687,0.8893967093235832,0.9759728388613216,0.8821276225298164,0.8036049447201183,98.58971010707756,0.9718159658744668,0.971358927483242,0.855423522242535,0.968159658744668,0.9859841560024376,0.968159658744668,0.9754722730042656,0.976691042047532,0.9559719683120048,0.134521633150518,0.9760816575258988,0.8616697135892748,1,1,1,0,0,1,1,5,0.7000000000000001,99.29050230695567,1,0.9922303473491774,multi_method_market_stress_non_event,"Multiple methods agree and market stress variables are elevated, but no event-window label is present.",medium_high,"False-alert taxonomy is an error-review framework. Non-event-window alerts are not proof of model failure, and event-window hits are not verified fraud ground truth."
2023-06-12,1.0001850128173828,1.0011130571365356,0.9994829893112184,1.000054955482483,1.000054955482483,21083018568,USDT,USDT-USD,5.495397248570419e-05,-0.0002599473838705,0.0002599473838705,1,0.0002983653979684,0.0001930755742948,23.771733746240887,0.1643846524690461,-1.259361664190586,0.9193620026898096,-0.0004577672752635,0.0016299782490761,2.74367574855185,5.495548248291016e-05,0,0,,0,0,,,,0,1242540.0,2240521.0,86842641529.4241,86840659902.71176,14.032669034396427,1.4944392570881229,14.622219432396903,-0.1063946833426602,25.18736359985435,5.283071008454795,25.187340781003076,5.294427306096703,2164034698.0,21.495240232460137,0.8266164934698628,Ethereum,24945676483.0,23.939966356913544,-2.747348614599529,0.8435187603377732,0.57599895534082,0.975581091668843,0.2706973100026116,0.6467310873160964,0.7322190302080613,0.9763645860538,0.6895555845738661,89.44023678941412,0.984613040828763,0.9673979280926264,0.9133150517976844,0.9840036563071298,0.8912248628884827,0.9840036563071298,0.8420170627666057,0.5751066422912858,0.9736441194393662,0.3837599024984765,0.7323278488726387,0.969226081657526,0,1,0,0,0,1,0,2,0.25,95.14668755985026,1,0.9546008531383303,market_stress_non_event,Market stress variables are elevated outside known public incident windows.,medium,"False-alert taxonomy is an error-review framework. Non-event-window alerts are not proof of model failure, and event-window hits are not verified fraud ground truth."
2023-06-12,1.0001850128173828,1.0011130571365356,0.9994829893112184,1.000054955482483,1.000054955482483,21083018568,USDT,USDT-USD,5.495397248570419e-05,-0.0002599473838705,0.0002599473838705,1,0.0002983653979684,0.0001930755742948,23.771733746240887,0.1643846524690461,-1.259361664190586,0.9193620026898096,-0.0004577672752635,0.0016299782490761,2.74367574855185,5.495548248291016e-05,0,0,,0,0,,,,0,1242540.0,2240521.0,86842641529.4241,86840659902.71176,14.032669034396427,1.4944392570881229,14.622219432396903,-0.1063946833426602,25.18736359985435,5.283071008454795,25.187340781003076,5.294427306096703,2164034698.0,21.495240232460137,0.8266164934698628,Ethereum,24945676483.0,23.939966356913544,-2.7473486146747237,0.8435187603377732,0.57599895534082,0.975581091668843,0.2706973100026116,0.6467310873160964,0.7322190302080613,0.9764951684512928,0.6895621136937408,89.4576477757465,0.984613040828763,0.967702620353443,0.9133150517976844,0.984613040828763,0.8915295551492992,0.984613040828763,0.8420170627666057,0.5751066422912858,0.9736441194393662,0.3837599024984765,0.7323278488726387,0.9695307739183424,0,1,0,0,0,1,0,2,0.25,95.14668755985026,1,0.9546008531383303,market_stress_non_event,Market stress variables are elevated outside known public incident windows.,medium,"False-alert taxonomy is an error-review framework. Non-event-window alerts are not proof of model failure, and event-window hits are not verified fraud ground truth."
2023-06-15,0.9998120069503784,1.000116944313049,0.995760977268219,0.9991829991340636,0.9991829991340636,26724033220,USDT,USDT-USD,-0.0008173347930354,-0.0006543028005815,0.0006543028005815,1,0.0003507551180515,0.0002228428839313,24.00882911812367,0.9107630258692444,-2.796554083643634,3.2472538693914,-0.0013203522623342,0.0043595287836213,4.843098100038836,0.0008170008659363,0,0,,0,0,,,,0,1297094.0,2490043.0,87008151453.46205,87090659902.68304,14.075637706568424,1.6853330162280822,14.727810938967496,1.0497511356714864,25.189267646090777,2.874191339903848,25.190215480883612,2.997334469513721,2429293200.0,21.610866188203783,1.0246268057426002,Ethereum,23916467777.0,23.897833086981016,-2.8221061655736817,0.9875946722381824,0.8080003482197267,0.9973448245843128,0.4213023417776617,0.9522503699834596,0.783407330025246,0.980630277705232,0.8395843127013145,99.4341429441978,0.9870505789152956,0.9442413162705668,0.9456124314442412,0.985679463741621,0.9948202315661182,0.985679463741621,0.9864411943936624,0.8042352224253504,0.9943631931748934,0.770109689213894,0.7835161486898233,0.9759293113954906,1,1,0,0,0,1,1,4,0.55,98.61582658657612,1,0.9858318098720292,multi_method_market_stress_non_event,"Multiple methods agree and market stress variables are elevated, but no event-window label is present.",medium_high,"False-alert taxonomy is an error-review framework. Non-event-window alerts are not proof of model failure, and event-window hits are not verified fraud ground truth."
2023-06-15,0.9998120069503784,1.000116944313049,0.995760977268219,0.9991829991340636,0.9991829991340636,26724033220,USDT,USDT-USD,-0.0008173347930354,-0.0006543028005815,0.0006543028005815,1,0.0003507551180515,0.0002228428839313,24.00882911812367,0.9107630258692444,-2.796554083643634,3.2472538693914,-0.0013203522623342,0.0043595287836213,4.843098100038836,0.0008170008659363,0,0,,0,0,,,,0,1297094.0,2490043.0,87008151453.46205,87090659902.68304,14.075637706568424,1.6853330162280822,14.727810938967496,1.0497511356714864,25.189267646090777,2.874191339903848,25.190215480883612,2.997334469513721,2429293200.0,21.610866188203783,1.0246268057426002,Ethereum,23916467777.0,23.897833086981016,-2.8221061656083464,0.9875946722381824,0.8080003482197267,0.9973448245843128,0.4213023417776617,0.9522503699834596,0.783407330025246,0.9807608601027248,0.8395908418211891,99.44284843736398,0.9870505789152956,0.9445460085313832,0.9456124314442412,0.9859841560024376,0.9951249238269348,0.9859841560024376,0.9864411943936624,0.8042352224253504,0.9943631931748934,0.770109689213894,0.7835161486898233,0.9762340036563072,1,1,0,0,0,1,1,4,0.55,98.61582658657612,1,0.9858318098720292,multi_method_market_stress_non_event,"Multiple methods agree and market stress variables are elevated, but no event-window label is present.",medium_high,"False-alert taxonomy is an error-review framework. Non-event-window alerts are not proof of model failure, and event-window hits are not verified fraud ground truth."
2023-08-01,0.9999150037765504,1.0004949569702148,0.9989889860153198,0.9995219707489014,0.9995219707489014,27115449240,USDT,USDT-USD,-0.0004781435435059,-0.000389149849035,0.000389149849035,1,0.0003578663975883,0.0002598979128822,24.023369485090385,0.9431070231220644,-1.42509279802008,1.2019328826766995,-0.0012021885263185,0.0015066911973597,1.8322369349816816,0.0004780292510986,0,0,,0,0,,,,0,1182631.0,2322668.0,86441835406.45424,86486388381.64789,13.98325302102527,1.077393742564526,14.658227513438284,1.3660034955753164,25.182737601671267,0.5399946622465162,25.183252878763728,0.6420481178614205,2603283271.0,21.6800392822395,1.208674744626249,Ethereum,22986733048.0,23.8581830624921,-3.14603285139982,0.8803429964307478,0.8158352920692957,0.9385827457125446,0.4119874640898407,0.8994950813963611,0.8370331679289632,0.990554539914686,0.8009371463393401,98.46783320275094,0.8206886045094455,0.8144424131627057,0.6799207800121877,0.8217550274223034,0.9844606946983546,0.8217550274223034,0.8773613650213284,0.8133759902498476,0.9413467397928093,0.7432967702620353,0.8371419865935406,0.9881170018281537,1,0,0,0,0,1,0,2,0.25,95.14668755985026,1,0.9546008531383303,defi_context_shock_non_event,DeFi or chain-context variables are unusual outside known public incident windows.,low,"False-alert taxonomy is an error-review framework. Non-event-window alerts are not proof of model failure, and event-window hits are not verified fraud ground truth."
2023-08-01,0.9999150037765504,1.0004949569702148,0.9989889860153198,0.9995219707489014,0.9995219707489014,27115449240,USDT,USDT-USD,-0.0004781435435059,-0.000389149849035,0.000389149849035,1,0.0003578663975883,0.0002598979128822,24.023369485090385,0.9431070231220644,-1.42509279802008,1.2019328826766995,-0.0012021885263185,0.0015066911973597,1.8322369349816816,0.0004780292510986,0,0,,0,0,,,,0,1182631.0,2322668.0,86441835406.45424,86486388381.64789,13.98325302102527,1.077393742564526,14.658227513438284,1.3660034955753164,25.182737601671267,0.5399946622465162,25.183252878763728,0.6420481178614205,2603283271.0,21.6800392822395,1.208674744626249,Ethereum,22986733048.0,23.8581830624921,-3.14603285143325,0.8803429964307478,0.8158352920692957,0.9385827457125446,0.4119874640898407,0.8994950813963611,0.8370331679289632,0.990685122312179,0.8009436754592147,98.47653869591711,0.8206886045094455,0.8147471054235222,0.6799207800121877,0.8220597196831201,0.9847653869591712,0.8220597196831201,0.8773613650213284,0.8133759902498476,0.9413467397928093,0.7432967702620353,0.8371419865935406,0.9884216940889702,1,0,0,0,0,1,0,2,0.25,95.14668755985026,1,0.9546008531383303,defi_context_shock_non_event,DeFi or chain-context variables are unusual outside known public incident windows.,low,"False-alert taxonomy is an error-review framework. Non-event-window alerts are not proof of model failure, and event-window hits are not verified fraud ground truth."
2023-08-08,0.9988409876823424,1.0006239414215088,0.9984819889068604,0.9997180104255676,0.9997180104255676,25874561718,USDT,USDT-USD,-0.0002820293409684,0.0009006895058532,0.0009006895058532,0,0.0006157209705435,0.0003701693290724,23.976526149992353,0.8114981052583153,2.476943986819494,2.684177084693991,-0.0010062908814979,0.0021425566932985,3.399445897931333,0.0002819895744323,0,0,,0,0,,,,0,1296936.0,2311834.0,86455088093.25658,86486388381.57024,14.075515888487386,1.4845920718126415,14.653552139445669,1.1397472632165848,25.182890903263452,0.2079467012154085,25.18325287876283,0.2605637864017789,2128807014.0,21.478827572906052,0.7220928034265229,Ethereum,23572421143.0,23.883343270044502,-1.0537810212257062,0.9743623226255768,0.781883868721163,0.9867241229215636,0.3926612692609036,0.8304605205884913,0.6901714982153739,0.5490989814572995,0.7816161748063027,97.51893444763648,0.8316575258988421,0.913162705667276,0.9005179768433882,0.9259597806215722,0.9771480804387568,0.9259597806215722,0.9712065813528336,0.7749847653869592,0.9833942717854968,0.6890615478366849,0.6902803168799513,0.4689213893967093,1,0,0,0,0,0,1,2,0.3,95.96500391747192,1,0.964503351614869,multi_method_market_stress_non_event,"Multiple methods agree and market stress variables are elevated, but no event-window label is present.",medium_high,"False-alert taxonomy is an error-review framework. Non-event-window alerts are not proof of model failure, and event-window hits are not verified fraud ground truth."
2023-08-08,0.9988409876823424,1.0006239414215088,0.9984819889068604,0.9997180104255676,0.9997180104255676,25874561718,USDT,USDT-USD,-0.0002820293409684,0.0009006895058532,0.0009006895058532,0,0.0006157209705435,0.0003701693290724,23.976526149992353,0.8114981052583153,2.476943986819494,2.684177084693991,-0.0010062908814979,0.0021425566932985,3.399445897931333,0.0002819895744323,0,0,,0,0,,,,0,1296936.0,2311834.0,86455088093.25658,86486388381.57024,14.075515888487386,1.4845920718126415,14.653552139445669,1.1397472632165848,25.182890903263452,0.2079467012154085,25.18325287876283,0.2605637864017789,2128807014.0,21.478827572906052,0.7220928034265229,Ethereum,23572421143.0,23.883343270044502,-1.0537810212305867,0.9743623226255768,0.781883868721163,0.9867241229215636,0.3926612692609036,0.8304605205884913,0.6901714982153739,0.5492295638547924,0.7816227039261774,97.52763994080264,0.8316575258988421,0.9134673979280926,0.9005179768433882,0.9262644728823888,0.9774527726995734,0.9262644728823888,0.9712065813528336,0.7749847653869592,0.9833942717854968,0.6890615478366849,0.6902803168799513,0.4692260816575259,1,0,0,0,0,0,1,2,0.3,95.96500391747192,1,0.964503351614869,multi_method_market_stress_non_event,"Multiple methods agree and market stress variables are elevated, but no event-window label is present.",medium_high,"False-alert taxonomy is an error-review framework. Non-event-window alerts are not proof of model failure, and event-window hits are not verified fraud ground truth."
2023-08-17,0.9988430142402648,1.0006979703903198,0.9983569979667664,1.0003859996795654,1.0003859996795654,46202367641,USDT,USDT-USD,0.0003859252008543,0.0015305720062986,0.0015305720062986,0,0.0006344077673416,0.0004631943697756,24.556296881383325,3.026326276669369,3.2879771290350153,3.7333599465278033,0.0,0.0023400691576084,3.163231529005887,0.0003859996795654,0,0,,0,0,,,,0,1140952.0,2222297.0,86489774464.92886,86486388381.56032,13.947374436058904,0.551190024456294,14.614052353600654,0.7386427957155295,25.18329202962967,1.0518934135597937,25.183252878762715,-0.3306975954073455,4193605502.0,22.15682670277025,3.161059591409465,Ethereum,23912237121.0,23.897656178322507,-0.4870962798433225,0.993601462522852,0.9954296160877514,0.9833289805867502,0.0438756855575868,0.8719857229912075,0.9948637590319492,0.3254548620179333,0.7707604248280665,96.9966048576652,0.980956733698964,0.8918342474101157,0.91636197440585,0.965569774527727,0.9722730042656916,0.965569774527727,0.9919256550883608,0.9961913467397928,0.9797379646556976,0.0275746496039,0.9949725776965264,0.2227300426569165,1,1,1,0,0,1,1,5,0.7000000000000001,99.29050230695567,1,0.9922303473491774,multi_method_market_stress_non_event,"Multiple methods agree and market stress variables are elevated, but no event-window label is present.",medium_high,"False-alert taxonomy is an error-review framework. Non-event-window alerts are not proof of model failure, and event-window hits are not verified fraud ground truth."
2023-08-17,0.9988430142402648,1.0006979703903198,0.9983569979667664,1.0003859996795654,1.0003859996795654,46202367641,USDT,USDT-USD,0.0003859252008543,0.0015305720062986,0.0015305720062986,0,0.0006344077673416,0.0004631943697756,24.556296881383325,3.026326276669369,3.2879771290350153,3.7333599465278033,0.0,0.0023400691576084,3.163231529005887,0.0003859996795654,0,0,,0,0,,,,0,1140952.0,2222297.0,86489774464.92886,86486388381.56032,13.947374436058904,0.551190024456294,14.614052353600654,0.7386427957155295,25.18329202962967,1.0518934135597937,25.183252878762715,-0.3306975954073455,4193605502.0,22.15682670277025,3.161059591409465,Ethereum,23912237121.0,23.897656178322507,-0.4870962798471627,0.993601462522852,0.9954296160877514,0.9833289805867502,0.0438756855575868,0.8719857229912075,0.9948637590319492,0.3255854444154261,0.7707669539479411,97.00531035083138,0.980956733698964,0.8921389396709324,0.91636197440585,0.9658744667885436,0.9725776965265084,0.9658744667885436,0.9919256550883608,0.9961913467397928,0.9797379646556976,0.0275746496039,0.9949725776965264,0.2230347349177331,1,1,1,0,0,1,1,5,0.7000000000000001,99.29050230695567,1,0.9922303473491774,multi_method_market_stress_non_event,"Multiple methods agree and market stress variables are elevated, but no event-window label is present.",medium_high,"False-alert taxonomy is an error-review framework. Non-event-window alerts are not proof of model failure, and event-window hits are not verified fraud ground truth."
2023-09-28,0.999455988407135,1.0008209943771362,0.9989879727363586,1.0000170469284058,1.0000170469284058,23496469874,USDT,USDT-USD,1.704678310852893e-05,0.0006312227964208,0.0006312227964208,0,0.0003187975960929,0.0002132170659907,23.880116028727553,0.6028166764828021,2.9637502767039567,3.266790961828722,-0.0003258064573791,0.0018329903939215,4.091607290936675,1.704692840576172e-05,0,0,,0,0,,,,0,1338578.0,2461585.0,86289641035.05136,86283842384.63866,14.107119161493348,1.9159458577733508,14.71631641561598,1.4720899797167664,25.18097539348638,1.4161409428339575,25.180908191384415,1.3896348054252907,2072227996.0,21.451890192452165,1.3084775677825795,Ethereum,20951798145.0,23.76549030998934,-1.131989622709337,0.987855837033168,0.716679724906416,0.9926438582745712,0.2163750326455993,0.5945851832506311,0.8675023940106207,0.5815704709671803,0.7196496039000608,92.91372856272308,0.9437842778793418,0.8595368677635588,0.9352528945764778,0.953382084095064,0.9277879341864717,0.953382084095064,0.9870505789152956,0.7030773918342474,0.989488117001828,0.2813833028641072,0.867611212675198,0.5097501523461304,0,1,0,0,0,0,1,2,0.3,95.96500391747192,1,0.964503351614869,multi_method_market_stress_non_event,"Multiple methods agree and market stress variables are elevated, but no event-window label is present.",medium_high,"False-alert taxonomy is an error-review framework. Non-event-window alerts are not proof of model failure, and event-window hits are not verified fraud ground truth."
2023-09-28,0.999455988407135,1.0008209943771362,0.9989879727363586,1.0000170469284058,1.0000170469284058,23496469874,USDT,USDT-USD,1.704678310852893e-05,0.0006312227964208,0.0006312227964208,0,0.0003187975960929,0.0002132170659907,23.880116028727553,0.6028166764828021,2.9637502767039567,3.266790961828722,-0.0003258064573791,0.0018329903939215,4.091607290936675,1.704692840576172e-05,0,0,,0,0,,,,0,1338578.0,2461585.0,86289641035.05136,86283842384.63866,14.107119161493348,1.9159458577733508,14.71631641561598,1.4720899797167664,25.18097539348638,1.4161409428339575,25.180908191384415,1.3896348054252907,2072227996.0,21.451890192452165,1.3084775677825795,Ethereum,20951798145.0,23.76549030998934,-1.131989622739865,0.987855837033168,0.716679724906416,0.9926438582745712,0.2163750326455993,0.5945851832506311,0.8675023940106207,0.5817010533646731,0.7196561330199355,92.92243405588928,0.9437842778793418,0.8598415600243754,0.9352528945764778,0.9536867763558804,0.9280926264472884,0.9536867763558804,0.9870505789152956,0.7030773918342474,0.989488117001828,0.2813833028641072,0.867611212675198,0.5100548446069469,0,1,0,0,0,0,1,2,0.3,95.96500391747192,1,0.964503351614869,multi_method_market_stress_non_event,"Multiple methods agree and market stress variables are elevated, but no event-window label is present.",medium_high,"False-alert taxonomy is an error-review framework. Non-event-window alerts are not proof of model failure, and event-window hits are not verified fraud ground truth."
2023-10-02,1.0000269412994385,1.001006007194519,0.9998019933700562,1.000332951545715,1.000332951545715,33775951107,USDT,USDT-USD,0.0003328961296494,0.0004388788040253,0.0004388788040253,0,0.0003552941911748,0.0002161964093914,24.243014880514615,1.4421607930859155,1.999184714496831,1.9020520000003631,-1.0010147191041874e-05,0.0012036130796275,1.1708626271233036,0.0003329515457151,0,0,,0,0,,,,0,1172324.0,2290196.0,86309585962.6196,86283842384.6114,13.974499514431782,0.8615190887801905,14.644148398031254,0.7668230105632896,25.18120650608177,1.108090877408345,25.1809081913841,1.0505312437619485,2780366793.0,21.745848696233377,2.132095177814336,Ethereum,22052866253.0,23.816708419234985,1.739970723532995,0.939714459824149,0.9078523548359014,0.8828675894489423,0.0890136676242709,0.8526595281622704,0.9552537651257944,0.8225385218072604,0.7533511795943241,95.6211369374075,0.6183729433272395,0.5152346130408287,0.6982023156611822,0.6267519804996953,0.9564290067032296,0.6267519804996953,0.9419561243144424,0.9084399756246192,0.8962522851919561,0.0571297989031078,0.9553625837903718,0.7949421084704449,1,0,1,0,0,1,0,3,0.3999999999999999,97.4797597283886,1,0.9769957343083485,multi_method_consensus_non_event,"Multiple methods agree, but the alert is outside known public incident windows.",medium,"False-alert taxonomy is an error-review framework. Non-event-window alerts are not proof of model failure, and event-window hits are not verified fraud ground truth."
2023-10-02,1.0000269412994385,1.001006007194519,0.9998019933700562,1.000332951545715,1.000332951545715,33775951107,USDT,USDT-USD,0.0003328961296494,0.0004388788040253,0.0004388788040253,0,0.0003552941911748,0.0002161964093914,24.243014880514615,1.4421607930859155,1.999184714496831,1.9020520000003631,-1.0010147191041874e-05,0.0012036130796275,1.1708626271233036,0.0003329515457151,0,0,,0,0,,,,0,1172324.0,2290196.0,86309585962.6196,86283842384.6114,13.974499514431782,0.8615190887801905,14.644148398031254,0.7668230105632896,25.18120650608177,1.108090877408345,25.1809081913841,1.0505312437619485,2780366793.0,21.745848696233377,2.132095177814336,Ethereum,22052866253.0,23.816708419234985,1.7399707236222424,0.939714459824149,0.9078523548359014,0.8828675894489423,0.0890136676242709,0.8526595281622704,0.9552537651257944,0.8226691042047533,0.7533577087141987,95.6298424305737,0.6183729433272395,0.5155393053016454,0.6982023156611822,0.6270566727605119,0.9567336989640464,0.6270566727605119,0.9419561243144424,0.9084399756246192,0.8962522851919561,0.0571297989031078,0.9553625837903718,0.7952468007312614,1,0,1,0,0,1,0,3,0.3999999999999999,97.4797597283886,1,0.9769957343083485,multi_method_consensus_non_event,"Multiple methods agree, but the alert is outside known public incident windows.",medium,"False-alert taxonomy is an error-review framework. Non-event-window alerts are not proof of model failure, and event-window hits are not verified fraud ground truth."
2023-11-09,1.0003859996795654,1.0008169412612915,0.9995779991149902,1.0000929832458496,1.0000929832458496,71681797266,USDT,USDT-USD,9.297892317556044e-05,-0.0002619633416474,0.0002619633416474,1,0.0003034366964367,0.000246348428993,24.995502678778102,2.0341631651137897,-1.0640628829062542,0.4176999286157108,-0.0006875390105727,0.0012388269561498,1.5684631391011188,9.298324584960938e-05,0,0,,0,0,,,,0,1082410.0,2257894.0,89489163989.15031,89481787273.81778,13.894701518388702,0.0026485414397923,14.629943521281914,0.2310915913053292,25.217383382161575,2.462276799478255,25.217300947383364,2.5192429811450014,5468248377.0,22.422224178697473,2.2370451072135564,Ethereum,24418890887.0,23.918622886415715,1.427725002488628,0.7472360059197354,0.961913467397928,0.9216070340384784,0.332854531209193,0.6912161573953165,0.9607382258204928,0.7147209889440237,0.7438826499521198,94.9856359362758,0.7402498476538696,0.6630103595368677,0.5805911029859842,0.6995734308348568,0.9500304692260816,0.6995734308348568,0.75,0.9638939670932358,0.9297684338817794,0.5184338817794027,0.96084704448507,0.6715417428397319,1,0,0,0,0,1,0,2,0.25,95.14668755985026,1,0.9546008531383303,market_stress_non_event,Market stress variables are elevated outside known public incident windows.,medium,"False-alert taxonomy is an error-review framework. Non-event-window alerts are not proof of model failure, and event-window hits are not verified fraud ground truth."
2023-12-04,1.0003069639205933,1.00102698802948,0.999090015888214,0.999912977218628,0.999912977218628,74534917166,USDT,USDT-USD,-8.702656807388596e-05,-0.0003959693188629,0.0003959693188629,1,0.0002511242913768,0.0002813585441633,25.03453353933794,2.4035810802977675,-1.304539329994343,1.0290946556095408,-0.000856336226977,0.001937140716639,3.527046056636371,8.702278137195929e-05,0,0,,0,0,,,,0,1139850.0,2287205.0,92443883234.19373,92468082382.36,13.946408110074074,1.0042742595934913,14.642841543281657,1.0394988508343117,25.24986762963983,1.1792239751577098,25.25012936660448,1.2206234975117125,4210403738.0,22.16082438004259,1.1065873019130044,Ethereum,27496805731.0,24.0373356796724,2.1965641332802215,0.857969878993645,0.979237398798642,0.9882040567598156,0.3671541742839732,0.6823800818316358,0.8108296334987377,0.9208235396535214,0.7910964568642813,98.04996953077392,0.8639549055453991,0.8296770262035345,0.912096282754418,0.9095063985374772,0.9832419256550884,0.9095063985374772,0.8560329067641682,0.9797379646556976,0.985222425350396,0.6165447897623401,0.8109384521633151,0.8997562461913468,1,0,0,0,0,0,1,2,0.3,95.96500391747192,1,0.964503351614869,multi_method_market_stress_non_event,"Multiple methods agree and market stress variables are elevated, but no event-window label is present.",medium_high,"False-alert taxonomy is an error-review framework. Non-event-window alerts are not proof of model failure, and event-window hits are not verified fraud ground truth."
2023-12-04,1.0003069639205933,1.00102698802948,0.999090015888214,0.999912977218628,0.999912977218628,74534917166,USDT,USDT-USD,-8.702656807388596e-05,-0.0003959693188629,0.0003959693188629,1,0.0002511242913768,0.0002813585441633,25.03453353933794,2.4035810802977675,-1.304539329994343,1.0290946556095408,-0.000856336226977,0.001937140716639,3.527046056636371,8.702278137195929e-05,0,0,,0,0,,,,0,1139850.0,2287205.0,92443883234.19373,92468082382.36,13.946408110074074,1.0042742595934913,14.642841543281657,1.0394988508343117,25.24986762963983,1.1792239751577098,25.25012936660448,1.2206234975117125,4210403738.0,22.16082438004259,1.1065873019130044,Ethereum,27496805731.0,24.0373356796724,2.196564133309847,0.857969878993645,0.979237398798642,0.9882040567598156,0.3671541742839732,0.6823800818316358,0.8108296334987377,0.9209541220510142,0.791102985984156,98.05867502394013,0.8639549055453991,0.829981718464351,0.912096282754418,0.9098110907982936,0.9835466179159048,0.9098110907982936,0.8560329067641682,0.9797379646556976,0.985222425350396,0.6165447897623401,0.8109384521633151,0.9000609384521633,1,0,0,0,0,0,1,2,0.3,95.96500391747192,1,0.964503351614869,multi_method_market_stress_non_event,"Multiple methods agree and market stress variables are elevated, but no event-window label is present.",medium_high,"False-alert taxonomy is an error-review framework. Non-event-window alerts are not proof of model failure, and event-window hits are not verified fraud ground truth."
2023-12-05,0.999974012374878,1.0007489919662476,0.9993069767951964,1.0005459785461426,1.0005459785461426,59504264657,USDT,USDT-USD,0.0005458295540846,0.0006328561221585,0.0006328561221585,0,0.0003208932770585,0.0003060884710486,24.80931382185384,1.4757169736124127,2.0869293257235584,2.175906132319968,-0.0002238219182765,0.0014412282913239,1.5811920072225831,0.0005459785461425,0,0,,0,0,,,,0,1132808.0,2269885.0,92477143879.05312,92467211104.72946,13.940210946805283,0.8772282177626125,14.635240167932189,0.9036729316256248,25.250227357743626,1.1486289144706427,25.25011994409119,1.1640510356019191,4209538299.0,22.160618811168355,1.034843201697642,Ethereum,27869170014.0,24.050786897408372,2.3378921586303067,0.9546879080699922,0.9115957168973622,0.9225646382867588,0.1662313920083572,0.9133803429964308,0.7858448681117786,0.9426743275006528,0.7844010620701662,97.7191607904588,0.6659049360146252,0.6145642900670323,0.7688909201706277,0.7279098110907983,0.9795856185252896,0.7279098110907983,0.9578001218769044,0.9145338208409508,0.9303778184034126,0.1985070079219987,0.7859536867763559,0.9277879341864717,1,0,1,0,0,0,0,2,0.35,96.79637851484286,1,0.9721206581352834,defi_context_shock_non_event,DeFi or chain-context variables are unusual outside known public incident windows.,low,"False-alert taxonomy is an error-review framework. Non-event-window alerts are not proof of model failure, and event-window hits are not verified fraud ground truth."
2023-12-05,0.999974012374878,1.0007489919662476,0.9993069767951964,1.0005459785461426,1.0005459785461426,59504264657,USDT,USDT-USD,0.0005458295540846,0.0006328561221585,0.0006328561221585,0,0.0003208932770585,0.0003060884710486,24.80931382185384,1.4757169736124127,2.0869293257235584,2.175906132319968,-0.0002238219182765,0.0014412282913239,1.5811920072225831,0.0005459785461425,0,0,,0,0,,,,0,1132808.0,2269885.0,92477143879.05312,92467211104.72946,13.940210946805283,0.8772282177626125,14.635240167932189,0.9036729316256248,25.250227357743626,1.1486289144706427,25.25011994409119,1.1640510356019191,4209538299.0,22.160618811168355,1.034843201697642,Ethereum,27869170014.0,24.050786897408372,2.3378921586588137,0.9546879080699922,0.9115957168973622,0.9225646382867588,0.1662313920083572,0.9133803429964308,0.7858448681117786,0.9428049098981456,0.7844075911900409,97.72786628362496,0.6659049360146252,0.6148689823278489,0.7688909201706277,0.7282145033516149,0.979890310786106,0.7282145033516149,0.9578001218769044,0.9145338208409508,0.9303778184034126,0.1985070079219987,0.7859536867763559,0.9280926264472884,1,0,1,0,0,0,0,2,0.35,96.79637851484286,1,0.9721206581352834,defi_context_shock_non_event,DeFi or chain-context variables are unusual outside known public incident windows.,low,"False-alert taxonomy is an error-review framework. Non-event-window alerts are not proof of model failure, and event-window hits are not verified fraud ground truth."
2023-12-11,1.000072002410889,1.0007729530334473,0.9988499879837036,0.999547004699707,0.999547004699707,73473005079,USDT,USDT-USD,-0.0004530979336601,-0.0004970851940506,0.0004970851940506,1,0.000481140647757,0.0003395444268429,25.020183897879058,2.042639575405415,-1.4358930078369498,1.158197926289352,-0.0012220271738152,0.0019238365386541,2.781754104473004,0.0004529953002929,0,0,,0,0,,,,0,1215391.0,2393600.0,93412538725.7262,93467211102.97668,14.010577216466569,1.3244566673924618,14.688309484542955,1.2891142380777196,25.26029142078029,1.799167495074708,25.26087652835733,1.8635271686390729,6026851947.0,22.519490646353827,2.0692782898950615,Ethereum,28208922450.0,24.062904163818512,1.3648373635979023,0.8754679202576826,0.962696961782885,0.9769739705754332,0.4132932880647689,0.893836510838339,0.9503786889527291,0.6896926960912335,0.8232771829024114,99.1468616697136,0.8139853747714808,0.7461913467397928,0.8481109079829372,0.8503960999390615,0.9917733089579523,0.8503960999390615,0.8730956733698964,0.9651127361365022,0.9754722730042656,0.7475624619134674,0.9504875076173064,0.6407678244972578,1,0,0,0,0,1,0,2,0.25,95.14668755985026,1,0.9546008531383303,market_stress_non_event,Market stress variables are elevated outside known public incident windows.,medium,"False-alert taxonomy is an error-review framework. Non-event-window alerts are not proof of model failure, and event-window hits are not verified fraud ground truth."
2023-12-11,1.000072002410889,1.0007729530334473,0.9988499879837036,0.999547004699707,0.999547004699707,73473005079,USDT,USDT-USD,-0.0004530979336601,-0.0004970851940506,0.0004970851940506,1,0.000481140647757,0.0003395444268429,25.020183897879058,2.042639575405415,-1.4358930078369498,1.158197926289352,-0.0012220271738152,0.0019238365386541,2.781754104473004,0.0004529953002929,0,0,,0,0,,,,0,1215391.0,2393600.0,93412538725.7262,93467211102.97668,14.010577216466569,1.3244566673924618,14.688309484542955,1.2891142380777196,25.26029142078029,1.799167495074708,25.26087652835733,1.8635271686390729,6026851947.0,22.519490646353827,2.0692782898950615,Ethereum,28208922450.0,24.062904163818512,1.3648373636065494,0.8754679202576826,0.962696961782885,0.9769739705754332,0.4132932880647689,0.893836510838339,0.9503786889527291,0.6898232784887264,0.823283712022286,99.15556716287978,0.8139853747714808,0.7464960390006093,0.8481109079829372,0.8507007921998782,0.992078001218769,0.8507007921998782,0.8730956733698964,0.9651127361365022,0.9754722730042656,0.7475624619134674,0.9504875076173064,0.6410725167580743,1,0,0,0,0,1,0,2,0.25,95.14668755985026,1,0.9546008531383303,market_stress_non_event,Market stress variables are elevated outside known public incident windows.,medium,"False-alert taxonomy is an error-review framework. Non-event-window alerts are not proof of model failure, and event-window hits are not verified fraud ground truth."
2024-02-27,1.000730037689209,1.0011969804763794,0.999351978302002,1.0003540515899658,1.0003540515899658,81780866102,USDT,USDT-USD,0.0003539889284914,-0.0003637509855457,0.0003637509855457,1,0.0005135064250272,0.0004005285651457,25.127309142472463,1.8667185673907272,-0.937558166993802,0.3062871296414008,-0.0005894103597833,0.0018443491796179,2.220236004120667,0.0003540515899658,0,0,,0,0,,,,0,1376174.0,2554378.0,101519205397.97504,101458207924.25468,14.134818469621264,1.5271621800826698,14.75331969924024,1.3974463097929375,25.34351383328266,2.0730677523767818,25.34291280605941,2.022944011314217,6564049331.0,22.60487352568532,2.473164148530836,Ethereum,44809336196.0,24.525682351910124,1.5216663115444686,0.7174632192913729,0.9513798206668408,0.959824149038043,0.3083050404805432,0.8612779663967963,0.974144685296422,0.7506746757203796,0.7641734134238706,96.5439192130234,0.7682815356489945,0.489945155393053,0.7798598415600244,0.7215112736136502,0.9658744667885436,0.7215112736136502,0.717702620353443,0.952315661182206,0.9602376599634368,0.4581048141377209,0.9742535039609994,0.712370505789153,1,0,0,0,0,1,0,2,0.25,95.14668755985026,1,0.9546008531383303,market_stress_non_event,Market stress variables are elevated outside known public incident windows.,medium,"False-alert taxonomy is an error-review framework. Non-event-window alerts are not proof of model failure, and event-window hits are not verified fraud ground truth."
2024-02-27,1.000730037689209,1.0011969804763794,0.999351978302002,1.0003540515899658,1.0003540515899658,81780866102,USDT,USDT-USD,0.0003539889284914,-0.0003637509855457,0.0003637509855457,1,0.0005135064250272,0.0004005285651457,25.127309142472463,1.8667185673907272,-0.937558166993802,0.3062871296414008,-0.0005894103597833,0.0018443491796179,2.220236004120667,0.0003540515899658,0,0,,0,0,,,,0,1376174.0,2554378.0,101519205397.97504,101458207924.25468,14.134818469621264,1.5271621800826698,14.75331969924024,1.3974463097929375,25.34351383328266,2.0730677523767818,25.34291280605941,2.022944011314217,6564049331.0,22.60487352568532,2.473164148530836,Ethereum,44809336196.0,24.525682351910124,1.5216663115433604,0.7174632192913729,0.9513798206668408,0.959824149038043,0.3083050404805432,0.8612779663967963,0.974144685296422,0.7505440933228867,0.7641668843039959,96.53521371985724,0.7682815356489945,0.4896404631322364,0.7798598415600244,0.7212065813528337,0.965569774527727,0.7212065813528337,0.717702620353443,0.952315661182206,0.9602376599634368,0.4581048141377209,0.9742535039609994,0.7120658135283364,1,0,0,0,0,1,0,2,0.25,95.14668755985026,1,0.9546008531383303,market_stress_non_event,Market stress variables are elevated outside known public incident windows.,medium,"False-alert taxonomy is an error-review framework. Non-event-window alerts are not proof of model failure, and event-window hits are not verified fraud ground truth."
2024-02-28,1.0004889965057373,1.001575946807861,0.999023973941803,1.001060962677002,1.001060962677002,128007189181,USDT,USDT-USD,0.0010604002538724,0.0007064113253809,0.0007064113253809,0,0.0005635015512874,0.0004198062369396,25.57535226477318,2.659087171477686,1.6084390409728817,1.3940643054321562,0.0,0.0025492681876573,3.3628541374526653,0.0010609626770019,0,0,,0,0,,,,0,1462401.0,2806894.0,101593433358.21011,101458207924.254,14.195590847295968,1.908876200297692,14.847589448160589,2.015692285984004,25.344244737710795,1.9425351198734973,25.3429128060594,1.828001212730308,9470118462.0,22.97140725335866,3.079686331150701,Ethereum,45920075053.0,24.550168223407606,1.5742110297039549,0.899582136328023,0.9886393314181248,0.986375903194916,0.0438756855575868,0.9733176634456342,0.9918168364237834,0.7716113867850614,0.7857443196657089,97.78880473578828,0.9754722730042656,0.7184643510054844,0.8992992078001218,0.9049360146252284,0.9808043875685558,0.9049360146252284,0.8950335161486899,0.9900975015234612,0.9827848872638636,0.0275746496039,0.9919256550883608,0.7376599634369287,1,0,0,0,0,1,1,3,0.35,96.79637851484286,1,0.9721206581352834,multi_method_market_stress_non_event,"Multiple methods agree and market stress variables are elevated, but no event-window label is present.",medium_high,"False-alert taxonomy is an error-review framework. Non-event-window alerts are not proof of model failure, and event-window hits are not verified fraud ground truth."
2024-02-28,1.0004889965057373,1.001575946807861,0.999023973941803,1.001060962677002,1.001060962677002,128007189181,USDT,USDT-USD,0.0010604002538724,0.0007064113253809,0.0007064113253809,0,0.0005635015512874,0.0004198062369396,25.57535226477318,2.659087171477686,1.6084390409728817,1.3940643054321562,0.0,0.0025492681876573,3.3628541374526653,0.0010609626770019,0,0,,0,0,,,,0,1462401.0,2806894.0,101593433358.21011,101458207924.254,14.195590847295968,1.908876200297692,14.847589448160589,2.015692285984004,25.344244737710795,1.9425351198734973,25.3429128060594,1.828001212730308,9470118462.0,22.97140725335866,3.079686331150701,Ethereum,45920075053.0,24.550168223407606,1.5742110297050766,0.899582136328023,0.9886393314181248,0.986375903194916,0.0438756855575868,0.9733176634456342,0.9918168364237834,0.7717419691825542,0.7857508487855835,97.79751022895448,0.9754722730042656,0.7181596587446679,0.8992992078001218,0.904631322364412,0.9811090798293725,0.904631322364412,0.8950335161486899,0.9900975015234612,0.9827848872638636,0.0275746496039,0.9919256550883608,0.7379646556977453,1,0,0,0,0,1,1,3,0.35,96.79637851484286,1,0.9721206581352834,multi_method_market_stress_non_event,"Multiple methods agree and market stress variables are elevated, but no event-window label is present.",medium_high,"False-alert taxonomy is an error-review framework. Non-event-window alerts are not proof of model failure, and event-window hits are not verified fraud ground truth."
2024-02-29,1.001134991645813,1.0012340545654297,0.9989709854125975,1.0004019737243652,1.0004019737243652,111968615893,USDT,USDT-USD,0.0004018929545718,-0.0006585072993005,0.0006585072993005,1,0.0005645440781717,0.0004378474727315,25.44148445374174,2.058531792466295,-1.5324284822564476,1.1494610609180205,-0.0006582905309527,0.0022621598240225,2.3211515789733137,0.0004019737243652,0,0,,0,0,,,,0,1512770.0,2921086.0,101521891936.13548,101458207924.25388,14.229453626391187,2.011895490876056,14.887466365246771,2.1165644306042557,25.34354029628149,1.6934201281292385,25.3429128060594,1.6688134602865137,8746568548.0,22.89192729457023,2.423989147057596,Ethereum,47838470345.0,24.59109597170469,1.7130350370001337,0.87442326107774,0.9642639505527988,0.9632192913728562,0.3266736310611996,0.8764255245059632,0.9710977626882564,0.8149647427526769,0.8101240532776182,98.78993644989988,0.9224558196221816,0.8010359536867764,0.7896099939061548,0.8826934795856185,0.9881170018281537,0.8826934795856185,0.8724862888482633,0.9675502742230347,0.9626751980499696,0.5038086532602072,0.9712065813528336,0.7864107251675807,1,0,0,0,0,1,0,2,0.25,95.14668755985026,1,0.9546008531383303,market_stress_non_event,Market stress variables are elevated outside known public incident windows.,medium,"False-alert taxonomy is an error-review framework. Non-event-window alerts are not proof of model failure, and event-window hits are not verified fraud ground truth."
2024-02-29,1.001134991645813,1.0012340545654297,0.9989709854125975,1.0004019737243652,1.0004019737243652,111968615893,USDT,USDT-USD,0.0004018929545718,-0.0006585072993005,0.0006585072993005,1,0.0005645440781717,0.0004378474727315,25.44148445374174,2.058531792466295,-1.5324284822564476,1.1494610609180205,-0.0006582905309527,0.0022621598240225,2.3211515789733137,0.0004019737243652,0,0,,0,0,,,,0,1512770.0,2921086.0,101521891936.13548,101458207924.25388,14.229453626391187,2.011895490876056,14.887466365246771,2.1165644306042557,25.34354029628149,1.6934201281292385,25.3429128060594,1.6688134602865137,8746568548.0,22.89192729457023,2.423989147057596,Ethereum,47838470345.0,24.59109597170469,1.7130350370012988,0.87442326107774,0.9642639505527988,0.9632192913728562,0.3266736310611996,0.8764255245059632,0.9710977626882564,0.8150953251501698,0.8101305823974928,98.79864194306607,0.9224558196221816,0.8013406459475929,0.7896099939061548,0.8829981718464351,0.9884216940889702,0.8829981718464351,0.8724862888482633,0.9675502742230347,0.9626751980499696,0.5038086532602072,0.9712065813528336,0.7867154174283973,1,0,0,0,0,1,0,2,0.25,95.14668755985026,1,0.9546008531383303,market_stress_non_event,Market stress variables are elevated outside known public incident windows.,medium,"False-alert taxonomy is an error-review framework. Non-event-window alerts are not proof of model failure, and event-window hits are not verified fraud ground truth."
2024-03-04,1.000465989112854,1.002100944519043,0.9996619820594788,1.001291036605835,1.001291036605835,123818816561,USDT,USDT-USD,0.0012902039346717,0.0008393368481431,0.0008393368481431,0,0.0005519479414523,0.0004636713759955,25.54208517726286,1.977802678640331,1.703783115443329,1.610342077458788,0.0,0.00243581772971,2.3013756266612075,0.0012910366058349,0,0,,0,0,,,,0,1521268.0,2881704.0,103808563752.24112,103658207924.21924,14.23505541293472,1.9101499050006865,14.873892690829928,1.7361464633229189,25.365814306714764,2.787397709105185,25.36436486155177,2.7464426753982343,8511600414.0,22.864695824717305,1.854711313239648,Ethereum,49871484098.0,24.632715215415963,1.5700744624479717,0.9200400452685644,0.9579089405414816,0.9626099068512232,0.0438756855575868,0.982719596065117,0.9345346913902672,0.7694785409593453,0.7787812309567337,97.37094106381127,0.9425655088360756,0.8403412553321146,0.8133759902498476,0.9066118220597196,0.9750152346130408,0.9066118220597196,0.9181901279707496,0.9584095063985376,0.9620658135283364,0.0275746496039,0.9346435100548446,0.7349177330895795,1,0,1,0,0,0,1,3,0.4499999999999999,97.83668494820232,1,0.9803473491773309,multi_method_market_stress_non_event,"Multiple methods agree and market stress variables are elevated, but no event-window label is present.",medium_high,"False-alert taxonomy is an error-review framework. Non-event-window alerts are not proof of model failure, and event-window hits are not verified fraud ground truth."
2024-03-04,1.000465989112854,1.002100944519043,0.9996619820594788,1.001291036605835,1.001291036605835,123818816561,USDT,USDT-USD,0.0012902039346717,0.0008393368481431,0.0008393368481431,0,0.0005519479414523,0.0004636713759955,25.54208517726286,1.977802678640331,1.703783115443329,1.610342077458788,0.0,0.00243581772971,2.3013756266612075,0.0012910366058349,0,0,,0,0,,,,0,1521268.0,2881704.0,103808563752.24112,103658207924.21924,14.23505541293472,1.9101499050006865,14.873892690829928,1.7361464633229189,25.365814306714764,2.787397709105185,25.36436486155177,2.7464426753982343,8511600414.0,22.864695824717305,1.854711313239648,Ethereum,49871484098.0,24.632715215415963,1.5700744624468823,0.9200400452685644,0.9579089405414816,0.9626099068512232,0.0438756855575868,0.982719596065117,0.9345346913902672,0.7693479585618526,0.778774701836859,97.36223557064508,0.9425655088360756,0.840036563071298,0.8133759902498476,0.9060024375380864,0.9747105423522242,0.9060024375380864,0.9181901279707496,0.9584095063985376,0.9620658135283364,0.0275746496039,0.9346435100548446,0.734613040828763,1,0,1,0,0,0,1,3,0.4499999999999999,97.83668494820232,1,0.9803473491773309,multi_method_market_stress_non_event,"Multiple methods agree and market stress variables are elevated, but no event-window label is present.",medium_high,"False-alert taxonomy is an error-review framework. Non-event-window alerts are not proof of model failure, and event-window hits are not verified fraud ground truth."
2024-03-05,1.0012880563735962,1.002133011817932,0.9986519813537598,1.0013079643249512,1.0013079643249512,189867087465,USDT,USDT-USD,0.0013071096847582,1.6905750086508966e-05,1.6905750086508966e-05,0,0.0005184736599886,0.0004629735741623,25.969590124662236,2.6392999512353525,-0.0777581469904769,-1.0550321815015755,0.0,0.0034764833479767,3.4001616666214063,0.0013079643249511,0,0,,0,0,,,,0,1647541.0,3117080.0,103776657401.57114,103658207924.21169,14.314795038205324,2.2131746299668253,14.952407544937335,2.0397416242652096,25.365506901874056,2.3883950876212547,25.3643648615517,2.3762661419839977,13802678591.0,23.348128511143997,2.68400608813542,Ethereum,51718474482.0,24.66908089472674,1.722057455868416,0.312744841995299,0.987681727169844,0.9868982327848872,0.0438756855575868,0.9830678157917646,0.982676068599286,0.8172281709758857,0.6597505876207888,85.81875163227997,0.985222425350396,0.9472882388787324,0.9011273613650214,0.9765386959171236,0.8589274832419257,0.9765386959171236,0.0650517976843388,0.988878732480195,0.9840036563071298,0.0275746496039,0.9827848872638636,0.7894576477757465,0,1,0,0,0,1,0,2,0.25,95.14668755985026,1,0.9546008531383303,market_stress_non_event,Market stress variables are elevated outside known public incident windows.,medium,"False-alert taxonomy is an error-review framework. Non-event-window alerts are not proof of model failure, and event-window hits are not verified fraud ground truth."
2024-03-05,1.0012880563735962,1.002133011817932,0.9986519813537598,1.0013079643249512,1.0013079643249512,189867087465,USDT,USDT-USD,0.0013071096847582,1.6905750086508966e-05,1.6905750086508966e-05,0,0.0005184736599886,0.0004629735741623,25.969590124662236,2.6392999512353525,-0.0777581469904769,-1.0550321815015755,0.0,0.0034764833479767,3.4001616666214063,0.0013079643249511,0,0,,0,0,,,,0,1647541.0,3117080.0,103776657401.57114,103658207924.21169,14.314795038205324,2.2131746299668253,14.952407544937335,2.0397416242652096,25.365506901874056,2.3883950876212547,25.3643648615517,2.3762661419839977,13802678591.0,23.348128511143997,2.68400608813542,Ethereum,51718474482.0,24.66908089472674,1.7220574558696498,0.312744841995299,0.987681727169844,0.9868982327848872,0.0438756855575868,0.9830678157917646,0.982676068599286,0.8173587533733786,0.6597571167406634,85.82745712544616,0.985222425350396,0.947592931139549,0.9011273613650214,0.9768433881779404,0.8592321755027422,0.9768433881779404,0.0650517976843388,0.988878732480195,0.9840036563071298,0.0275746496039,0.9827848872638636,0.7897623400365631,0,1,0,0,0,1,0,2,0.25,95.14668755985026,1,0.9546008531383303,market_stress_non_event,Market stress variables are elevated outside known public incident windows.,medium,"False-alert taxonomy is an error-review framework. Non-event-window alerts are not proof of model failure, and event-window hits are not verified fraud ground truth."
2024-03-06,1.0011279582977295,1.0024980306625366,0.9995570182800292,1.000445008277893,1.000445008277893,128487768220,USDT,USDT-USD,0.0004449092910749,-0.0008622003936833,0.0008622003936833,1,0.0005675856401652,0.000458469075818,25.579099547809296,1.6501415546558402,-2.000620200672442,1.7083917760260112,-0.000861828805726,0.0029397041898084,2.201365419271974,0.000445008277893,0,0,,0,0,,,,0,1492432.0,2816774.0,103727785255.51596,103655252004.88864,14.21591823211898,1.4279575909339348,14.851103171464082,1.302968103851767,25.3650358551212,2.0935392942019124,25.36433634512711,2.1064053539197483,12318993413.0,23.23440808830479,2.147994978287424,Ethereum,50616290907.0,24.647539316127094,1.5139309018899114,0.9270044398015148,0.931183076521285,0.959127709584748,0.3676765038739444,0.8908766431618351,0.9570819186906938,0.7478453904413686,0.8203477844519892,99.08592321755027,0.7676721511273613,0.7541133455210237,0.7774223034734917,0.8115478366849482,0.9911639244363192,0.8115478366849482,0.92794028031688,0.9340341255332114,0.9596282754418036,0.6171541742839732,0.9571907373552712,0.7084095063985375,1,0,1,0,0,1,0,3,0.3999999999999999,97.4797597283886,1,0.9769957343083485,multi_method_market_stress_non_event,"Multiple methods agree and market stress variables are elevated, but no event-window label is present.",medium_high,"False-alert taxonomy is an error-review framework. Non-event-window alerts are not proof of model failure, and event-window hits are not verified fraud ground truth."
2024-03-06,1.0011279582977295,1.0024980306625366,0.9995570182800292,1.000445008277893,1.000445008277893,128487768220,USDT,USDT-USD,0.0004449092910749,-0.0008622003936833,0.0008622003936833,1,0.0005675856401652,0.000458469075818,25.579099547809296,1.6501415546558402,-2.000620200672442,1.7083917760260112,-0.000861828805726,0.0029397041898084,2.201365419271974,0.000445008277893,0,0,,0,0,,,,0,1492432.0,2816774.0,103727785255.51596,103655252004.88864,14.21591823211898,1.4279575909339348,14.851103171464082,1.302968103851767,25.3650358551212,2.0935392942019124,25.36433634512711,2.1064053539197483,12318993413.0,23.23440808830479,2.147994978287424,Ethereum,50616290907.0,24.647539316127094,1.5139309018910954,0.9270044398015148,0.931183076521285,0.959127709584748,0.3676765038739444,0.8908766431618351,0.9570819186906938,0.7479759728388613,0.8203543135718638,99.09462871071646,0.7676721511273613,0.7544180377818404,0.7774223034734917,0.8121572212065814,0.991468616697136,0.8121572212065814,0.92794028031688,0.9340341255332114,0.9596282754418036,0.6171541742839732,0.9571907373552712,0.708714198659354,1,0,1,0,0,1,0,3,0.3999999999999999,97.4797597283886,1,0.9769957343083485,multi_method_market_stress_non_event,"Multiple methods agree and market stress variables are elevated, but no event-window label is present.",medium_high,"False-alert taxonomy is an error-review framework. Non-event-window alerts are not proof of model failure, and event-window hits are not verified fraud ground truth."
2024-03-08,1.0014660358428955,1.0036189556121826,0.9997000098228456,1.0021899938583374,1.0021899938583374,108030960578,USDT,USDT-USD,0.0021875993171706,0.0007876321578546,0.0007876321578546,0,0.0006688486371,0.0004585205449128,25.405683695015835,1.1425901468385096,1.5459385369139116,1.4702571902443924,0.0,0.0039103820766055,2.746664461943202,0.0021899938583374,0,0,,0,0,,,,0,1459488.0,2697402.0,104898682307.52628,104655252004.84792,14.193596932420224,1.108944348645161,14.807800016246375,0.9057252503944412,25.376260790863917,2.301607417248909,25.37393747097041,2.244368535820135,8360842896.0,22.84682508396052,1.0969069820041504,Ethereum,54383764669.0,24.71933150269899,1.8008682941691136,0.9071559153826064,0.8580569339253069,0.9757552015321668,0.0438756855575868,0.9957778358143988,0.8059545573256724,0.8418647166361974,0.7593579698789936,96.18699399320973,0.9139244363193176,0.7608165752589884,0.9468312004875076,0.916819012797075,0.961913467397928,0.916819012797075,0.9047836684948204,0.8578610603290676,0.9742535039609994,0.0275746496039,0.8060633759902498,0.8174893357708715,1,0,0,0,0,0,1,2,0.3,95.96500391747192,1,0.964503351614869,multi_method_market_stress_non_event,"Multiple methods agree and market stress variables are elevated, but no event-window label is present.",medium_high,"False-alert taxonomy is an error-review framework. Non-event-window alerts are not proof of model failure, and event-window hits are not verified fraud ground truth."
2024-03-08,1.0014660358428955,1.0036189556121826,0.9997000098228456,1.0021899938583374,1.0021899938583374,108030960578,USDT,USDT-USD,0.0021875993171706,0.0007876321578546,0.0007876321578546,0,0.0006688486371,0.0004585205449128,25.405683695015835,1.1425901468385096,1.5459385369139116,1.4702571902443924,0.0,0.0039103820766055,2.746664461943202,0.0021899938583374,0,0,,0,0,,,,0,1459488.0,2697402.0,104898682307.52628,104655252004.84792,14.193596932420224,1.108944348645161,14.807800016246375,0.9057252503944412,25.376260790863917,2.301607417248909,25.37393747097041,2.244368535820135,8360842896.0,22.84682508396052,1.0969069820041504,Ethereum,54383764669.0,24.71933150269899,1.8008682941705565,0.9071559153826064,0.8580569339253069,0.9757552015321668,0.0438756855575868,0.9957778358143988,0.8059545573256724,0.8419952990336903,0.7593644989988683,96.1956994863759,0.9139244363193176,0.761121267519805,0.9468312004875076,0.9171237050578916,0.9622181596587448,0.9171237050578916,0.9047836684948204,0.8578610603290676,0.9742535039609994,0.0275746496039,0.8060633759902498,0.817794028031688,1,0,0,0,0,0,1,2,0.3,95.96500391747192,1,0.964503351614869,multi_method_market_stress_non_event,"Multiple methods agree and market stress variables are elevated, but no event-window label is present.",medium_high,"False-alert taxonomy is an error-review framework. Non-event-window alerts are not proof of model failure, and event-window hits are not verified fraud ground truth."
2024-04-13,1.000445008277893,1.0032010078430176,0.999114990234375,1.0012129545211792,1.0012129545211792,118933111448,USDT,USDT-USD,0.0012122194861599,0.0007643312929213,0.0007643312929213,0,0.000424034530301,0.0004023982618317,25.501827083363025,1.384915205654765,1.7724311788149174,1.9531320191723869,0.0,0.0040810674594164,2.8993447611589076,0.0012129545211791,0,0,,0,0,,,,0,1382287.0,2445221.0,110968088497.84093,110799177836.79692,14.139250655231232,-0.4640616800751316,14.709646474315274,-0.5508187731949181,25.432508505923852,1.4278588976850473,25.430985190995575,1.3449051826296807,9845487663.0,23.01027908199051,1.0957478860765706,Ethereum,50464730139.0,24.644540516154393,-0.7023413778727021,0.9431966570906242,0.9014102898929224,0.9795856185252896,0.0438756855575868,0.9795856185252896,0.8053451728040394,0.4001479933838252,0.751396796378515,95.54278749891182,0.8773613650213284,0.917428397318708,0.8596892138939671,0.9291590493601464,0.9552102376599636,0.9291590493601464,0.9462218159658744,0.9041742839731872,0.976691042047532,0.0275746496039,0.8054539914686167,0.3068251066422913,1,0,1,0,0,0,1,3,0.4499999999999999,97.83668494820232,1,0.9803473491773309,multi_method_market_stress_non_event,"Multiple methods agree and market stress variables are elevated, but no event-window label is present.",medium_high,"False-alert taxonomy is an error-review framework. Non-event-window alerts are not proof of model failure, and event-window hits are not verified fraud ground truth."
2024-04-13,1.000445008277893,1.0032010078430176,0.999114990234375,1.0012129545211792,1.0012129545211792,118933111448,USDT,USDT-USD,0.0012122194861599,0.0007643312929213,0.0007643312929213,0,0.000424034530301,0.0004023982618317,25.501827083363025,1.384915205654765,1.7724311788149174,1.9531320191723869,0.0,0.0040810674594164,2.8993447611589076,0.0012129545211791,0,0,,0,0,,,,0,1382287.0,2445221.0,110968088497.84093,110799177836.79692,14.139250655231232,-0.4640616800751316,14.709646474315274,-0.5508187731949181,25.432508505923852,1.4278588976850473,25.430985190995575,1.3449051826296807,9845487663.0,23.01027908199051,1.0957478860765706,Ethereum,50464730139.0,24.644540516154393,-0.7023413778788161,0.9431966570906242,0.9014102898929224,0.9795856185252896,0.0438756855575868,0.9795856185252896,0.8053451728040394,0.400278575781318,0.7514033254983896,95.551492992078,0.8773613650213284,0.9177330895795248,0.8596892138939671,0.9297684338817794,0.95551492992078,0.9297684338817794,0.9462218159658744,0.9041742839731872,0.976691042047532,0.0275746496039,0.8054539914686167,0.3071297989031079,1,0,1,0,0,0,1,3,0.4499999999999999,97.83668494820232,1,0.9803473491773309,multi_method_market_stress_non_event,"Multiple methods agree and market stress variables are elevated, but no event-window label is present.",medium_high,"False-alert taxonomy is an error-review framework. Non-event-window alerts are not proof of model failure, and event-window hits are not verified fraud ground truth."
2024-05-01,0.9991369843482972,1.0017950534820557,0.9980720281600952,0.9985569715499878,0.9985569715499878,76859530069,USDT,USDT-USD,-0.0014440706182722,-0.0006057376144388,0.0006057376144388,1,0.0003352247724592,0.0003361424131033,25.065245307960858,0.6608659601389391,-1.6179804271092553,1.620996992127603,-0.0026527652875422,0.0037284055171949,2.53664733043157,0.0014430284500122,0,0,,0,0,,,,0,1309193.0,2394878.0,112760469568.58096,112948679683.9876,14.08492223864724,-0.0305961989871123,14.68884326563021,0.0097548368179631,25.448531667511254,0.9233126791043822,25.450199390416163,1.0611362763022474,6694315970.0,22.624524640742862,0.4435447023340673,Ethereum,48299070880.0,24.600678161001696,-1.387033894158343,0.9205623748585358,0.7348742056237486,0.9696613563158352,0.4799773657177679,0.9865500130582396,0.6103421258814312,0.6993122660398712,0.7993357708714198,98.38077827108906,0.8481109079829372,0.8452163315051797,0.8578610603290676,0.894576477757465,0.984156002437538,0.894576477757465,0.9194088970140158,0.7219683120048751,0.9687690432663012,0.9401279707495428,0.6104509445460086,0.6514320536258379,1,0,0,1,0,0,0,2,0.35,96.79637851484286,1,0.9721206581352834,market_stress_non_event,Market stress variables are elevated outside known public incident windows.,medium,"False-alert taxonomy is an error-review framework. Non-event-window alerts are not proof of model failure, and event-window hits are not verified fraud ground truth."
2024-05-01,0.9991369843482972,1.0017950534820557,0.9980720281600952,0.9985569715499878,0.9985569715499878,76859530069,USDT,USDT-USD,-0.0014440706182722,-0.0006057376144388,0.0006057376144388,1,0.0003352247724592,0.0003361424131033,25.065245307960858,0.6608659601389391,-1.6179804271092553,1.620996992127603,-0.0026527652875422,0.0037284055171949,2.53664733043157,0.0014430284500122,0,0,,0,0,,,,0,1309193.0,2394878.0,112760469568.58096,112948679683.9876,14.08492223864724,-0.0305961989871123,14.68884326563021,0.0097548368179631,25.448531667511254,0.9233126791043822,25.450199390416163,1.0611362763022474,6694315970.0,22.624524640742862,0.4435447023340673,Ethereum,48299070880.0,24.600678161001696,-1.3870338941461846,0.9205623748585358,0.7348742056237486,0.9696613563158352,0.4799773657177679,0.9865500130582396,0.6103421258814312,0.6991816836423783,0.7993292417515452,98.37207277792288,0.8481109079829372,0.8449116392443632,0.8578610603290676,0.8942717854966484,0.9838513101767216,0.8942717854966484,0.9194088970140158,0.7219683120048751,0.9687690432663012,0.9401279707495428,0.6104509445460086,0.6511273613650214,1,0,0,1,0,0,0,2,0.35,96.79637851484286,1,0.9721206581352834,market_stress_non_event,Market stress variables are elevated outside known public incident windows.,medium,"False-alert taxonomy is an error-review framework. Non-event-window alerts are not proof of model failure, and event-window hits are not verified fraud ground truth."
2024-08-02,0.9990779757499696,1.00101900100708,0.9985719919204712,0.9986749887466432,0.9986749887466432,67773726855,USDT,USDT-USD,-0.0013258898569597,-0.0004335082938832,0.0004335082938832,1,0.0002309803716938,0.0003293376644573,24.939440447293027,0.808925649000307,-1.2982612071892026,0.8771984773547176,-0.0021163132529545,0.0024502557029889,1.815475208743454,0.0013250112533568,0,0,,0,0,,,,0,1367369.0,2747283.0,116795718088.79665,116935194477.11807,14.12839974477403,0.8544182959255265,14.826123345244964,0.8898088308719864,25.48369224647844,0.4635750077452208,25.48488572493916,0.7432853132548112,6805528723.0,22.641001166431337,0.7366269563008504,Ethereum,53063001368.0,24.694745749623515,-0.1545604114117457,0.8375119700531035,0.7810133194045442,0.9372769217376165,0.4706624880299469,0.9833289805867502,0.6950465743884391,0.2085400887960302,0.7611095151040306,96.31757639070253,0.6074040219378428,0.6081657525898843,0.8243449116392444,0.7233394271785497,0.9637416209628276,0.7233394271785497,0.8340950639853748,0.7731566118220597,0.9401279707495428,0.9151432053625838,0.6951553930530164,0.0673369896404631,1,0,0,1,0,0,0,2,0.35,96.79637851484286,1,0.9721206581352834,isolated_anomaly_review,High score is driven by limited or isolated signals. Treat as likely false-alert candidate for manual review.,low,"False-alert taxonomy is an error-review framework. Non-event-window alerts are not proof of model failure, and event-window hits are not verified fraud ground truth."
2024-08-02,0.9990779757499696,1.00101900100708,0.9985719919204712,0.9986749887466432,0.9986749887466432,67773726855,USDT,USDT-USD,-0.0013258898569597,-0.0004335082938832,0.0004335082938832,1,0.0002309803716938,0.0003293376644573,24.939440447293027,0.808925649000307,-1.2982612071892026,0.8771984773547176,-0.0021163132529545,0.0024502557029889,1.815475208743454,0.0013250112533568,0,0,,0,0,,,,0,1367369.0,2747283.0,116795718088.79665,116935194477.11807,14.12839974477403,0.8544182959255265,14.826123345244964,0.8898088308719864,25.48369224647844,0.4635750077452208,25.48488572493916,0.7432853132548112,6805528723.0,22.641001166431337,0.7366269563008504,Ethereum,53063001368.0,24.694745749623515,-0.1545604114129202,0.8375119700531035,0.7810133194045442,0.9372769217376165,0.4706624880299469,0.9833289805867502,0.6950465743884391,0.2086706711935231,0.7611160442239052,96.32628188386872,0.6074040219378428,0.6078610603290676,0.8243449116392444,0.7230347349177331,0.964046313223644,0.7230347349177331,0.8340950639853748,0.7731566118220597,0.9401279707495428,0.9151432053625838,0.6951553930530164,0.0676416819012797,1,0,0,1,0,0,0,2,0.35,96.79637851484286,1,0.9721206581352834,isolated_anomaly_review,High score is driven by limited or isolated signals. Treat as likely false-alert candidate for manual review.,low,"False-alert taxonomy is an error-review framework. Non-event-window alerts are not proof of model failure, and event-window hits are not verified fraud ground truth."
2024-08-05,0.9996060132980348,1.002500057220459,0.9986519813537598,1.0003650188446045,1.0003650188446045,188926094526,USDT,USDT-USD,0.0003649522414331,0.0006850207957076,0.0006850207957076,0,0.0005589042879864,0.0003563394664441,25.964621741283548,3.9198260415812154,1.8974095186541773,1.8087077301785677,-0.0004276222535096,0.0038466717590181,3.466931563284617,0.0003650188446044,0,0,,0,0,,,,0,1694711.0,3389257.0,116992169350.36842,116935194475.27805,14.343023372855669,3.0235647804700476,15.036121576343067,2.7393977358184003,25.485372840883564,0.7256913866168734,25.484885724923423,0.58835694579661,18224217405.0,23.626017173233283,4.169908207502609,Ethereum,44265555986.0,24.51347269435074,-3.189914350918452,0.93327239488117,0.999347088012536,0.9875076173065204,0.2594672238182293,0.8645425263341169,0.9997388352050144,0.9923391660137548,0.8302977278662835,99.2687385740402,0.9943631931748934,0.9542961608775136,0.907830591102986,0.9821755027422304,0.9932967702620352,0.9821755027422304,0.9352528945764778,0.9992382693479586,0.984613040828763,0.3606032906764168,0.9998476538695916,0.9902498476538696,1,1,1,0,0,1,1,5,0.7000000000000001,99.29050230695567,1,0.9922303473491774,multi_method_market_stress_non_event,"Multiple methods agree and market stress variables are elevated, but no event-window label is present.",medium_high,"False-alert taxonomy is an error-review framework. Non-event-window alerts are not proof of model failure, and event-window hits are not verified fraud ground truth."
2024-08-05,0.9996060132980348,1.002500057220459,0.9986519813537598,1.0003650188446045,1.0003650188446045,188926094526,USDT,USDT-USD,0.0003649522414331,0.0006850207957076,0.0006850207957076,0,0.0005589042879864,0.0003563394664441,25.964621741283548,3.9198260415812154,1.8974095186541773,1.8087077301785677,-0.0004276222535096,0.0038466717590181,3.466931563284617,0.0003650188446044,0,0,,0,0,,,,0,1694711.0,3389257.0,116992169350.36842,116935194475.27805,14.343023372855669,3.0235647804700476,15.036121576343067,2.7393977358184003,25.485372840883564,0.7256913866168734,25.484885724923423,0.58835694579661,18224217405.0,23.626017173233283,4.169908207502609,Ethereum,44265555986.0,24.51347269435074,-3.1899143509038654,0.93327239488117,0.999347088012536,0.9875076173065204,0.2594672238182293,0.8645425263341169,0.9997388352050144,0.992208583616262,0.830291198746409,99.26003308087404,0.9943631931748934,0.9539914686166971,0.907830591102986,0.9815661182205973,0.9929920780012188,0.9815661182205973,0.9352528945764778,0.9992382693479586,0.984613040828763,0.3606032906764168,0.9998476538695916,0.9899451553930532,1,1,1,0,0,1,1,5,0.7000000000000001,99.29050230695567,1,0.9922303473491774,multi_method_market_stress_non_event,"Multiple methods agree and market stress variables are elevated, but no event-window label is present.",medium_high,"False-alert taxonomy is an error-review framework. Non-event-window alerts are not proof of model failure, and event-window hits are not verified fraud ground truth."
2024-10-25,0.9995309710502625,1.0001790523529053,0.9969260096549988,0.9981629848480223,0.9981629848480223,78091841017,USDT,USDT-USD,-0.0018387045335753,-0.0013455929571064,0.0013455929571064,1,0.0005459873001249,0.0003471862402881,25.08115141993536,1.2638824742866706,-3.713099609438919,4.277245436174034,-0.0020794584826961,0.0032590295846342,3.2106363896929104,0.0018370151519776,0,0,,0,0,,,,0,1579485.0,3582372.0,121000373902.73596,121216075166.9484,14.272610035620575,1.3573810693149,15.09153598795142,2.1712258590723534,25.519059472651897,-3.330076762831359,25.520840535185503,-2.054148892580143,7969640239.0,22.798905189457457,1.482409454682312,Ethereum,45985227115.0,24.55158603220374,-0.0849656602300358,0.9969095499260032,0.8813876556106903,0.9844606946983546,0.4691825541916949,0.9926873857404022,0.8949246974841125,0.1834682684774092,0.8325215460955863,99.32097153303737,0.9949725776965264,0.995734308348568,0.9389092017062768,0.9939061547836684,0.993601462522852,0.9939061547836684,0.9943631931748934,0.8840645947592931,0.980956733698964,0.9102681291895186,0.8950335161486899,0.0326020719073735,1,1,0,1,0,0,1,4,0.65,98.87699138156177,1,0.9882693479585618,multi_method_market_stress_non_event,"Multiple methods agree and market stress variables are elevated, but no event-window label is present.",medium_high,"False-alert taxonomy is an error-review framework. Non-event-window alerts are not proof of model failure, and event-window hits are not verified fraud ground truth."
2024-10-25,0.9995309710502625,1.0001790523529053,0.9969260096549988,0.9981629848480223,0.9981629848480223,78091841017,USDT,USDT-USD,-0.0018387045335753,-0.0013455929571064,0.0013455929571064,1,0.0005459873001249,0.0003471862402881,25.08115141993536,1.2638824742866706,-3.713099609438919,4.277245436174034,-0.0020794584826961,0.0032590295846342,3.2106363896929104,0.0018370151519776,0,0,,0,0,,,,0,1579485.0,3582372.0,121000373902.73596,121216075166.9484,14.272610035620575,1.3573810693149,15.09153598795142,2.1712258590723534,25.519059472651897,-3.330076762831359,25.520840535185503,-2.054148892580143,7969640239.0,22.798905189457457,1.482409454682312,Ethereum,45985227115.0,24.55158603220374,-0.084965660231014,0.9969095499260032,0.8813876556106903,0.9844606946983546,0.4691825541916949,0.9926873857404022,0.8949246974841125,0.183598850874902,0.8325280752154609,99.32967702620353,0.9949725776965264,0.9954296160877514,0.9389092017062768,0.993601462522852,0.9939061547836684,0.993601462522852,0.9943631931748934,0.8840645947592931,0.980956733698964,0.9102681291895186,0.8950335161486899,0.0329067641681901,1,1,0,1,0,0,1,4,0.65,98.87699138156177,1,0.9882693479585618,multi_method_market_stress_non_event,"Multiple methods agree and market stress variables are elevated, but no event-window label is present.",medium_high,"False-alert taxonomy is an error-review framework. Non-event-window alerts are not proof of model failure, and event-window hits are not verified fraud ground truth."
2024-11-06,0.9999759793281556,1.0017520189285278,0.9989140033721924,1.000830054283142,1.000830054283142,174263401161,USDT,USDT-USD,0.0008297099786,0.0008287563047384,0.0008287563047384,0,0.0006344495536114,0.0004767832886491,25.883833791302685,3.2162099961998085,1.6781874037748024,1.4915186763512045,0.0,0.0028356618031102,1.9991256876281611,0.000830054283142,0,0,,0,0,,,,0,1762396.0,3201476.0,122822135637.9357,122714425734.17212,14.382185372244582,2.044563212837014,14.97912282378275,1.1010129070538424,25.534003094061053,2.597227474634392,25.533125750906372,2.372506279621517,12774459413.0,23.270713656211285,3.0580814709813473,Ethereum,45493151744.0,24.540827640476483,-0.4078999493891301,0.9090711238791678,0.9966483851310176,0.9470270740837468,0.0438756855575868,0.9542526334116828,0.9905980673805173,0.2963785148428658,0.7556990511012449,95.79524680073126,0.9657221206581352,0.7151127361365022,0.7390310786106032,0.8540524070688604,0.9588665447897624,0.8540524070688604,0.9060024375380864,0.996800731261426,0.9474405850091407,0.0275746496039,0.9907068860450944,0.1819012797074954,1,0,1,0,0,1,0,3,0.3999999999999999,97.4797597283886,1,0.9769957343083485,multi_method_market_stress_non_event,"Multiple methods agree and market stress variables are elevated, but no event-window label is present.",medium_high,"False-alert taxonomy is an error-review framework. Non-event-window alerts are not proof of model failure, and event-window hits are not verified fraud ground truth."
2024-11-06,0.9999759793281556,1.0017520189285278,0.9989140033721924,1.000830054283142,1.000830054283142,174263401161,USDT,USDT-USD,0.0008297099786,0.0008287563047384,0.0008287563047384,0,0.0006344495536114,0.0004767832886491,25.883833791302685,3.2162099961998085,1.6781874037748024,1.4915186763512045,0.0,0.0028356618031102,1.9991256876281611,0.000830054283142,0,0,,0,0,,,,0,1762396.0,3201476.0,122822135637.9357,122714425734.17212,14.382185372244582,2.044563212837014,14.97912282378275,1.1010129070538424,25.534003094061053,2.597227474634392,25.533125750906372,2.372506279621517,12774459413.0,23.270713656211285,3.0580814709813473,Ethereum,45493151744.0,24.540827640476483,-0.4078999493970768,0.9090711238791678,0.9966483851310176,0.9470270740837468,0.0438756855575868,0.9542526334116828,0.9905980673805173,0.2965090972403587,0.7557055802211196,95.80395229389744,0.9657221206581352,0.7154174283973187,0.7390310786106032,0.8543570993296771,0.9591712370505788,0.8543570993296771,0.9060024375380864,0.996800731261426,0.9474405850091407,0.0275746496039,0.9907068860450944,0.182205971968312,1,0,1,0,0,1,0,3,0.3999999999999999,97.4797597283886,1,0.9769957343083485,multi_method_market_stress_non_event,"Multiple methods agree and market stress variables are elevated, but no event-window label is present.",medium_high,"False-alert taxonomy is an error-review framework. Non-event-window alerts are not proof of model failure, and event-window hits are not verified fraud ground truth."
2024-11-14,1.0012530088424685,1.0014770030975342,0.999355971813202,1.0000189542770386,1.0000189542770386,191362214233,USDT,USDT-USD,1.8954097408535023e-05,-0.001251248299049,0.001251248299049,1,0.000563637190473,0.0005160724229351,25.977433878680618,1.538221776426922,-2.43818544218974,2.4682156381500175,-0.001250465814291,0.0021209910824795,0.3659010643835164,1.895427703857422e-05,0,0,,0,0,,,,0,1942304.0,3323525.0,129736141466.70416,129713549581.62416,14.479385970084532,1.861798559150821,15.016536825511254,1.0567636470060051,25.588768543790405,2.9979953989388783,25.588594391452464,3.067558083933364,14784858386.0,23.416869412051447,1.5808898762830594,Ethereum,57559208795.0,24.776079973144903,1.9618784682017871,0.967659092887612,0.9194306607469314,0.7402716113867851,0.4148602768346827,0.5979367981196134,0.9065030033951424,0.8799077217724384,0.7593379472447116,96.16958300687732,0.9066118220597196,0.9314442413162706,0.8097196831200487,0.9265691651432052,0.961304082876295,0.9265691651432052,0.969378427787934,0.9218464351005484,0.7390310786106032,0.7518281535648994,0.9066118220597196,0.8583180987202925,1,0,1,0,0,0,1,3,0.4499999999999999,97.83668494820232,1,0.9803473491773309,multi_method_consensus_non_event,"Multiple methods agree, but the alert is outside known public incident windows.",medium,"False-alert taxonomy is an error-review framework. Non-event-window alerts are not proof of model failure, and event-window hits are not verified fraud ground truth."
2024-11-14,1.0012530088424685,1.0014770030975342,0.999355971813202,1.0000189542770386,1.0000189542770386,191362214233,USDT,USDT-USD,1.8954097408535023e-05,-0.001251248299049,0.001251248299049,1,0.000563637190473,0.0005160724229351,25.977433878680618,1.538221776426922,-2.43818544218974,2.4682156381500175,-0.001250465814291,0.0021209910824795,0.3659010643835164,1.895427703857422e-05,0,0,,0,0,,,,0,1942304.0,3323525.0,129736141466.70416,129713549581.62416,14.479385970084532,1.861798559150821,15.016536825511254,1.0567636470060051,25.588768543790405,2.9979953989388783,25.588594391452464,3.067558083933364,14784858386.0,23.416869412051447,1.5808898762830594,Ethereum,57559208795.0,24.776079973144903,1.9618784682056956,0.967659092887612,0.9194306607469314,0.7402716113867851,0.4148602768346827,0.5979367981196134,0.9065030033951424,0.8800383041699312,0.7593444763645862,96.17828850004354,0.9066118220597196,0.9317489335770872,0.8097196831200487,0.926873857404022,0.9616087751371116,0.926873857404022,0.969378427787934,0.9218464351005484,0.7390310786106032,0.7518281535648994,0.9066118220597196,0.858622790981109,1,0,1,0,0,0,1,3,0.4499999999999999,97.83668494820232,1,0.9803473491773309,multi_method_consensus_non_event,"Multiple methods agree, but the alert is outside known public incident windows.",medium,"False-alert taxonomy is an error-review framework. Non-event-window alerts are not proof of model failure, and event-window hits are not verified fraud ground truth."
2024-12-05,1.0012669563293457,1.0026079416275024,0.9994329810142516,1.0022239685058594,1.0022239685058594,300668571420,USDT,USDT-USD,0.0022214991484062,0.0008853408140629,0.0008853408140629,0,0.0004089758459742,0.0005505260308301,26.429274403423964,2.0051931067347075,1.4737225601388482,1.3126066585498026,0.0,0.0031679152694623,1.843329436980412,0.0022239685058593,0,0,,0,0,,,,0,1891171.0,3275368.0,139282161730.86813,139071784981.44427,14.452707300669765,0.4239146031938191,15.001941092460228,0.6212605837056665,25.65976765304888,1.3858101794878634,25.658256075491146,1.3660248990847177,19347710724.0,23.685839940637635,1.4428445229614808,Ethereum,71834954784.0,24.997637029980343,1.785421320545732,0.8921824671367633,0.9599112039697048,0.9392791851658396,0.0438756855575868,0.9961260555410464,0.8870026987028815,0.8383389919038914,0.7717567685209367,97.04013232349612,0.8932053625837904,0.7726995734308348,0.9486593540524072,0.9128580134064594,0.9731870810481412,0.9128580134064594,0.887720901889092,0.9602376599634368,0.9419561243144424,0.0275746496039,0.8871115173674589,0.8135283363802559,1,0,0,0,0,0,1,2,0.3,95.96500391747192,1,0.964503351614869,multi_method_market_stress_non_event,"Multiple methods agree and market stress variables are elevated, but no event-window label is present.",medium_high,"False-alert taxonomy is an error-review framework. Non-event-window alerts are not proof of model failure, and event-window hits are not verified fraud ground truth."
2024-12-05,1.0012669563293457,1.0026079416275024,0.9994329810142516,1.0022239685058594,1.0022239685058594,300668571420,USDT,USDT-USD,0.0022214991484062,0.0008853408140629,0.0008853408140629,0,0.0004089758459742,0.0005505260308301,26.429274403423964,2.0051931067347075,1.4737225601388482,1.3126066585498026,0.0,0.0031679152694623,1.843329436980412,0.0022239685058593,0,0,,0,0,,,,0,1891171.0,3275368.0,139282161730.86813,139071784981.44427,14.452707300669765,0.4239146031938191,15.001941092460228,0.6212605837056665,25.65976765304888,1.3858101794878634,25.658256075491146,1.3660248990847177,19347710724.0,23.685839940637635,1.4428445229614808,Ethereum,71834954784.0,24.997637029980343,1.785421320543301,0.8921824671367633,0.9599112039697048,0.9392791851658396,0.0438756855575868,0.9961260555410464,0.8870026987028815,0.8382084095063985,0.771750239401062,97.03142683032992,0.8932053625837904,0.7723948811700183,0.9486593540524072,0.9125533211456428,0.9728823887873248,0.9125533211456428,0.887720901889092,0.9602376599634368,0.9419561243144424,0.0275746496039,0.8871115173674589,0.8132236441194394,1,0,0,0,0,0,1,2,0.3,95.96500391747192,1,0.964503351614869,multi_method_market_stress_non_event,"Multiple methods agree and market stress variables are elevated, but no event-window label is present.",medium_high,"False-alert taxonomy is an error-review framework. Non-event-window alerts are not proof of model failure, and event-window hits are not verified fraud ground truth."
2025-01-02,0.997842013835907,1.0006059408187866,0.9976199865341188,0.999114990234375,0.999114990234375,105203615172,USDT,USDT-USD,-0.0008854016179801,0.0012739008837146,0.0012739008837146,0,0.0005618218396406,0.0004695930204562,25.379163501421925,-0.6961946476570289,2.845579090684932,3.170866646789645,-0.003102079344719,0.0029885992241667,1.315351700103056,0.000885009765625,0,0,,0,0,,,,0,1718794.0,2927960.0,141157974505.9508,141315240921.6437,14.357134021872463,0.174347448839135,14.8898168343025,0.1599606557436113,25.67314548673406,-0.8157653656605993,25.674258982976195,-0.7006276216675938,12837741573.0,23.2756552298624,0.0559148582704268,Ethereum,66095457182.0,24.91436585501263,-0.9483815559584338,0.9855924088099592,0.2590319491599199,0.8975798728997998,0.4850265517541569,0.9586053799947768,0.4982153739009315,0.4989553408200574,0.6963885261600069,90.1714982153739,0.9072212065813527,0.9716636197440583,0.8785801340645948,0.9594759293113956,0.8991468616697136,0.9594759293113956,0.9827848872638636,0.2734613040828763,0.912096282754418,0.9541438147471054,0.4983241925655088,0.4152955514929921,0,1,0,1,0,0,0,2,0.35,96.79637851484286,1,0.9721206581352834,multi_method_consensus_non_event,"Multiple methods agree, but the alert is outside known public incident windows.",medium,"False-alert taxonomy is an error-review framework. Non-event-window alerts are not proof of model failure, and event-window hits are not verified fraud ground truth."
2025-01-02,0.997842013835907,1.0006059408187866,0.9976199865341188,0.999114990234375,0.999114990234375,105203615172,USDT,USDT-USD,-0.0008854016179801,0.0012739008837146,0.0012739008837146,0,0.0005618218396406,0.0004695930204562,25.379163501421925,-0.6961946476570289,2.845579090684932,3.170866646789645,-0.003102079344719,0.0029885992241667,1.315351700103056,0.000885009765625,0,0,,0,0,,,,0,1718794.0,2927960.0,141157974505.9508,141315240921.6437,14.357134021872463,0.174347448839135,14.8898168343025,0.1599606557436113,25.67314548673406,-0.8157653656605993,25.674258982976195,-0.7006276216675938,12837741573.0,23.2756552298624,0.0559148582704268,Ethereum,66095457182.0,24.91436585501263,-0.9483815559631552,0.9855924088099592,0.2590319491599199,0.8975798728997998,0.4850265517541569,0.9586053799947768,0.4982153739009315,0.4990859232175503,0.6963950552798815,90.18020370854008,0.9072212065813527,0.9719683120048752,0.8785801340645948,0.959780621572212,0.8994515539305301,0.959780621572212,0.9827848872638636,0.2734613040828763,0.912096282754418,0.9541438147471054,0.4983241925655088,0.4156002437538086,0,1,0,1,0,0,0,2,0.35,96.79637851484286,1,0.9721206581352834,multi_method_consensus_non_event,"Multiple methods agree, but the alert is outside known public incident windows.",medium,"False-alert taxonomy is an error-review framework. Non-event-window alerts are not proof of model failure, and event-window hits are not verified fraud ground truth."
2025-01-18,1.0003149509429932,1.0005569458007812,0.99857497215271,0.9990590214729308,0.9990590214729308,142636119598,USDT,USDT-USD,-0.0009414215252864,-0.0012383277845314,0.0012383277845314,1,0.000546252291439,0.0004614683440391,25.683562605973936,0.9126938430936544,-2.6732599835931334,2.915178816263683,-0.0013674023109582,0.0019838403992881,0.0079765077066581,0.0009409785270692,0,0,,0,0,,,,0,2989976.0,3849549.0,141113727012.39615,141313594039.94467,14.91077625302959,3.931259034391498,15.16346681631572,2.4776297874328717,25.672831976781215,-0.8306786692656981,25.674247328951587,-0.697080106949559,48457866071.0,24.60396051653238,3.796099559751253,Ethereum,69603997492.0,24.966087837881695,1.2805493506209498,0.9803691129102464,0.8085226778096979,0.6240532776181771,0.4259162531557413,0.96339340123618,0.9991294506833812,0.6460781753286323,0.767345259858971,96.80508400800906,0.989488117001828,0.9948202315661182,0.8572516758074344,0.9808043875685558,0.9680073126142597,0.9808043875685558,0.9773004265691652,0.8054539914686167,0.6177635588056063,0.7829067641681902,0.9992382693479586,0.58897014015844,1,1,0,0,0,1,1,4,0.55,98.61582658657612,1,0.9858318098720292,multi_method_consensus_non_event,"Multiple methods agree, but the alert is outside known public incident windows.",medium,"False-alert taxonomy is an error-review framework. Non-event-window alerts are not proof of model failure, and event-window hits are not verified fraud ground truth."
2025-01-18,1.0003149509429932,1.0005569458007812,0.99857497215271,0.9990590214729308,0.9990590214729308,142636119598,USDT,USDT-USD,-0.0009414215252864,-0.0012383277845314,0.0012383277845314,1,0.000546252291439,0.0004614683440391,25.683562605973936,0.9126938430936544,-2.6732599835931334,2.915178816263683,-0.0013674023109582,0.0019838403992881,0.0079765077066581,0.0009409785270692,0,0,,0,0,,,,0,2989976.0,3849549.0,141113727012.39615,141313594039.94467,14.91077625302959,3.931259034391498,15.16346681631572,2.4776297874328717,25.672831976781215,-0.8306786692656981,25.674247328951587,-0.697080106949559,48457866071.0,24.60396051653238,3.796099559751253,Ethereum,69603997492.0,24.966087837881695,1.2805493506396206,0.9803691129102464,0.8085226778096979,0.6240532776181771,0.4259162531557413,0.96339340123618,0.9991294506833812,0.6462087577261252,0.7673517889788456,96.81378950117524,0.989488117001828,0.9951249238269348,0.8572516758074344,0.9811090798293725,0.9683120048750762,0.9811090798293725,0.9773004265691652,0.8054539914686167,0.6177635588056063,0.7829067641681902,0.9992382693479586,0.5892748324192566,1,1,0,0,0,1,1,4,0.55,98.61582658657612,1,0.9858318098720292,multi_method_consensus_non_event,"Multiple methods agree, but the alert is outside known public incident windows.",medium,"False-alert taxonomy is an error-review framework. Non-event-window alerts are not proof of model failure, and event-window hits are not verified fraud ground truth."
2025-01-20,0.998986005783081,1.001001000404358,0.99760901927948,0.998951017856598,0.998951017856598,273447339459,USDT,USDT-USD,-0.0010495327102274,-8.203908233096052e-05,8.203908233096052e-05,1,0.0005454079584527,0.0004546818073603,26.334374897161783,2.548380094720249,-0.1203538030820622,-0.7543681176450666,-0.0014753598286024,0.0033955429888403,2.602703207043452,0.0010489821434019,0,0,,0,0,,,,0,2769572.0,4071576.0,141163324844.2468,141313593975.22305,14.83420371465639,2.3035593721468137,15.219540951659408,2.3419289872070412,25.673183389211196,-0.6734592402209315,25.674247328493585,-0.5946878672391511,43913128175.0,24.505479159611102,2.481981219837828,Ethereum,65316796699.0,24.902515063735944,-0.6961352382069973,0.312744841995299,0.9847218594933403,0.971315400017411,0.4349699660485766,0.9723600591973536,0.9747540698180552,0.3975798728997998,0.703932271263167,91.18133542265169,0.9876599634369287,0.9780621572212066,0.8255636806825106,0.9664838513101768,0.9092017062766604,0.9664838513101768,0.2265386959171237,0.9858318098720292,0.969378427787934,0.8078915295551493,0.9748628884826326,0.3034734917733089,0,1,0,0,0,1,1,3,0.35,96.79637851484286,1,0.9721206581352834,multi_method_market_stress_non_event,"Multiple methods agree and market stress variables are elevated, but no event-window label is present.",medium_high,"False-alert taxonomy is an error-review framework. Non-event-window alerts are not proof of model failure, and event-window hits are not verified fraud ground truth."
2025-01-20,0.998986005783081,1.001001000404358,0.99760901927948,0.998951017856598,0.998951017856598,273447339459,USDT,USDT-USD,-0.0010495327102274,-8.203908233096052e-05,8.203908233096052e-05,1,0.0005454079584527,0.0004546818073603,26.334374897161783,2.548380094720249,-0.1203538030820622,-0.7543681176450666,-0.0014753598286024,0.0033955429888403,2.602703207043452,0.0010489821434019,0,0,,0,0,,,,0,2769572.0,4071576.0,141163324844.2468,141313593975.22305,14.83420371465639,2.3035593721468137,15.219540951659408,2.3419289872070412,25.673183389211196,-0.6734592402209315,25.674247328493585,-0.5946878672391511,43913128175.0,24.505479159611102,2.481981219837828,Ethereum,65316796699.0,24.902515063735944,-0.6961352381970124,0.312744841995299,0.9847218594933403,0.971315400017411,0.4349699660485766,0.9723600591973536,0.9747540698180552,0.3974492905023069,0.7039257421432924,91.17262992948552,0.9876599634369287,0.97775746496039,0.8255636806825106,0.96617915904936,0.908897014015844,0.96617915904936,0.2265386959171237,0.9858318098720292,0.969378427787934,0.8078915295551493,0.9748628884826326,0.3031687995124923,0,1,0,0,0,1,1,3,0.35,96.79637851484286,1,0.9721206581352834,multi_method_market_stress_non_event,"Multiple methods agree and market stress variables are elevated, but no event-window label is present.",medium_high,"False-alert taxonomy is an error-review framework. Non-event-window alerts are not proof of model failure, and event-window hits are not verified fraud ground truth."
2025-02-03,0.9997239708900452,1.0025149583816528,0.9975860118865968,1.0010509490966797,1.0010509490966797,292831861639,USDT,USDT-USD,0.0010503972362953,0.0012904539521136,0.0012904539521136,0,0.0005728399165899,0.0004690128520898,26.40286443018992,2.1702498613804493,2.6755651926752604,2.889376502532027,0.0,0.0049237718614659,3.6821335942512143,0.0010509490966796,0,0,,0,0,,,,0,2018205.0,3683607.0,142672959779.5634,142451043201.6844,14.517719555954336,0.5752050558079577,15.11940326461546,1.4017816096740556,25.68382085349868,2.31073137826597,25.68226422115368,1.950318608482166,28777581691.0,24.08286250749501,1.1125852908492342,Ethereum,59266578587.0,24.80531138521527,-2.8707674264146044,0.979237398798642,0.9704448507007922,0.9897710455297292,0.0438756855575868,0.9726212239923392,0.8132671715852703,0.9829807608601028,0.8021480804387568,98.52877165491424,0.9803473491773308,0.8820840950639853,0.9169713589274832,0.9637416209628276,0.9850700792199878,0.9637416209628276,0.9748628884826326,0.9730347349177332,0.9870505789152956,0.0275746496039,0.8133759902498476,0.9789762340036564,1,1,1,0,0,1,1,5,0.7000000000000001,99.29050230695567,1,0.9922303473491774,multi_method_market_stress_non_event,"Multiple methods agree and market stress variables are elevated, but no event-window label is present.",medium_high,"False-alert taxonomy is an error-review framework. Non-event-window alerts are not proof of model failure, and event-window hits are not verified fraud ground truth."
2025-02-03,0.9997239708900452,1.0025149583816528,0.9975860118865968,1.0010509490966797,1.0010509490966797,292831861639,USDT,USDT-USD,0.0010503972362953,0.0012904539521136,0.0012904539521136,0,0.0005728399165899,0.0004690128520898,26.40286443018992,2.1702498613804493,2.6755651926752604,2.889376502532027,0.0,0.0049237718614659,3.6821335942512143,0.0010509490966796,0,0,,0,0,,,,0,2018205.0,3683607.0,142672959779.5634,142451043201.6844,14.517719555954336,0.5752050558079577,15.11940326461546,1.4017816096740556,25.68382085349868,2.31073137826597,25.68226422115368,1.950318608482166,28777581691.0,24.08286250749501,1.1125852908492342,Ethereum,59266578587.0,24.80531138521527,-2.8707674264429857,0.979237398798642,0.9704448507007922,0.9897710455297292,0.0438756855575868,0.9726212239923392,0.8132671715852703,0.9831113432575956,0.8021546095586314,98.53747714808044,0.9803473491773308,0.882388787324802,0.9169713589274832,0.964503351614869,0.9853747714808044,0.964503351614869,0.9748628884826326,0.9730347349177332,0.9870505789152956,0.0275746496039,0.8133759902498476,0.9792809262644728,1,1,1,0,0,1,1,5,0.7000000000000001,99.29050230695567,1,0.9922303473491774,multi_method_market_stress_non_event,"Multiple methods agree and market stress variables are elevated, but no event-window label is present.",medium_high,"False-alert taxonomy is an error-review framework. Non-event-window alerts are not proof of model failure, and event-window hits are not verified fraud ground truth."
2025-02-25,0.999692976474762,1.00177800655365,0.9980869889259338,0.9989879727363586,0.9989879727363586,170041838176,USDT,USDT-USD,-0.0010125397090008,-0.0007625265781344,0.0007625265781344,1,0.0006206082448515,0.0004492025674167,25.85931035064086,1.5878077103051251,-1.648351915459066,1.4143511975645042,-0.0020608105533316,0.0036947568223528,2.106938658019852,0.0010120272636413,0,0,,0,0,,,,0,2061047.0,3722590.0,144300770585.30963,144443694929.17725,14.538725149266607,2.0440524797794675,15.129930489178374,2.0980196115002743,25.695165642880443,1.07213446906927,25.696155614101432,1.2236506260525208,18498605432.0,23.64096118418933,1.1759642262234684,Ethereum,56241808016.0,24.752926232171763,-1.8217341721487876,0.9022808392095412,0.9249151214416296,0.9539044136850352,0.468399059806738,0.967659092887612,0.8272830155828328,0.8476103421258814,0.840218072603813,99.46025942369636,0.9297684338817794,0.823583180987203,0.7560938452163315,0.8808653260207191,0.9954296160877514,0.8808653260207191,0.8992992078001218,0.9297684338817794,0.9541438147471054,0.907830591102986,0.8273918342474101,0.8248019500304692,1,0,0,1,0,0,0,2,0.35,96.79637851484286,1,0.9721206581352834,market_stress_non_event,Market stress variables are elevated outside known public incident windows.,medium,"False-alert taxonomy is an error-review framework. Non-event-window alerts are not proof of model failure, and event-window hits are not verified fraud ground truth."
2025-02-25,0.999692976474762,1.00177800655365,0.9980869889259338,0.9989879727363586,0.9989879727363586,170041838176,USDT,USDT-USD,-0.0010125397090008,-0.0007625265781344,0.0007625265781344,1,0.0006206082448515,0.0004492025674167,25.85931035064086,1.5878077103051251,-1.648351915459066,1.4143511975645042,-0.0020608105533316,0.0036947568223528,2.106938658019852,0.0010120272636413,0,0,,0,0,,,,0,2061047.0,3722590.0,144300770585.30963,144443694929.17725,14.538725149266607,2.0440524797794675,15.129930489178374,2.0980196115002743,25.695165642880443,1.07213446906927,25.696155614101432,1.2236506260525208,18498605432.0,23.64096118418933,1.1759642262234684,Ethereum,56241808016.0,24.752926232171763,-1.821734172163987,0.9022808392095412,0.9249151214416296,0.9539044136850352,0.468399059806738,0.967659092887612,0.8272830155828328,0.8477409245233742,0.8402246017236876,99.46896491686256,0.9297684338817794,0.8238878732480195,0.7560938452163315,0.8811700182815356,0.995734308348568,0.8811700182815356,0.8992992078001218,0.9297684338817794,0.9541438147471054,0.907830591102986,0.8273918342474101,0.8251066422912858,1,0,0,1,0,0,0,2,0.35,96.79637851484286,1,0.9721206581352834,market_stress_non_event,Market stress variables are elevated outside known public incident windows.,medium,"False-alert taxonomy is an error-review framework. Non-event-window alerts are not proof of model failure, and event-window hits are not verified fraud ground truth."
2025-02-27,0.998515009880066,1.0012309551239014,0.9981889724731444,0.9989799857139589,0.9989799857139589,98043035762,USDT,USDT-USD,-0.0010205348546347,-0.0012175683978786,0.0012175683978786,1,0.000871008061418,0.0005446930957292,25.308672359661816,0.2343667598994133,-2.194360502271862,2.1566654874192426,-0.0020687891905897,0.0030450886847176,1.202951905620001,0.0010200142860411,0,0,,0,0,,,,0,1752426.0,3140173.0,144263902697.85187,144442371035.7992,14.376512242244411,0.6290444674603318,14.959788770361875,0.778589534793484,25.694910116885257,1.0055835311702583,25.696146448596178,1.1825326955642774,10867872611.0,23.10907680705794,-0.5509328628464341,Ethereum,52131840561.0,24.677041742258332,-2.894016476896045,0.9534691390267258,0.5973274135979804,0.8869591712370506,0.4688343344650474,0.9688778619308784,0.2401410289892922,0.9843736397666928,0.7581936101680161,96.03900060938452,0.8456733698964046,0.5810481413772091,0.7652346130408287,0.779098110907983,0.9594759293113956,0.779098110907983,0.956581352833638,0.5927787934186471,0.9017367458866544,0.9090493601462524,0.3081962218159659,0.9814137720901888,1,0,0,1,0,1,0,3,0.3999999999999999,97.4797597283886,1,0.9769957343083485,multi_method_consensus_non_event,"Multiple methods agree, but the alert is outside known public incident windows.",medium,"False-alert taxonomy is an error-review framework. Non-event-window alerts are not proof of model failure, and event-window hits are not verified fraud ground truth."
2025-02-27,0.998515009880066,1.0012309551239014,0.9981889724731444,0.9989799857139589,0.9989799857139589,98043035762,USDT,USDT-USD,-0.0010205348546347,-0.0012175683978786,0.0012175683978786,1,0.000871008061418,0.0005446930957292,25.308672359661816,0.2343667598994133,-2.194360502271862,2.1566654874192426,-0.0020687891905897,0.0030450886847176,1.202951905620001,0.0010200142860411,0,0,,0,0,,,,0,1752426.0,3140173.0,144263902697.85187,144442371035.7992,14.376512242244411,0.6290444674603318,14.959788770361875,0.778589534793484,25.694910116885257,1.0055835311702583,25.696146448596178,1.1825326955642774,10867872611.0,23.10907680705794,-0.5509328628464341,Ethereum,52131840561.0,24.677041742258332,-2.8940164769143832,0.9534691390267258,0.5973274135979804,0.8869591712370506,0.4688343344650474,0.9688778619308784,0.2401410289892922,0.9845042221641856,0.7582001392878908,96.0477061025507,0.8456733698964046,0.5813528336380256,0.7652346130408287,0.7794028031687995,0.959780621572212,0.7794028031687995,0.956581352833638,0.5927787934186471,0.9017367458866544,0.9090493601462524,0.3081962218159659,0.9817184643510056,1,0,0,1,0,1,0,3,0.3999999999999999,97.4797597283886,1,0.9769957343083485,multi_method_consensus_non_event,"Multiple methods agree, but the alert is outside known public incident windows.",medium,"False-alert taxonomy is an error-review framework. Non-event-window alerts are not proof of model failure, and event-window hits are not verified fraud ground truth."
2025-02-28,0.9989320039749146,1.0014599561691284,0.9980700016021729,0.9995290040969848,0.9995290040969848,146908454227,USDT,USDT-USD,-0.000471106856426,0.0005494279982087,0.0005494279982087,0,0.0008620584035544,0.0005466920860376,25.71307546937563,1.2077034885432,1.042261823603386,0.4450815070936503,-0.0015203471921866,0.0033915519740402,1.4956762780290422,0.0004709959030152,0,0,,0,0,,,,0,1952850.0,3544128.0,143355522193.6331,143442371030.8303,14.48480091406562,1.489258005506329,15.080802989593192,1.5547302270458427,25.688593550993765,-0.372019278108562,25.689199195887976,-0.2431943202719982,13886886904.99,23.35421084375421,0.325179586802208,Ethereum,51784661212.0,24.670359826781823,-2.5806888397245835,0.7538521807260381,0.8722468877861931,0.9149038043005135,0.4384521633150518,0.8980151475581092,0.5798728997997736,0.9645251153477844,0.7693980151475581,96.9182554191695,0.8219073735527117,0.9223034734917732,0.547684338817794,0.8101767215112736,0.9704448507007922,0.8101767215112736,0.7573126142595978,0.8773613650213284,0.9267215112736136,0.8170322973796466,0.579981718464351,0.9509445460085314,1,0,0,0,0,1,0,2,0.25,95.14668755985026,1,0.9546008531383303,defi_context_shock_non_event,DeFi or chain-context variables are unusual outside known public incident windows.,low,"False-alert taxonomy is an error-review framework. Non-event-window alerts are not proof of model failure, and event-window hits are not verified fraud ground truth."
2025-02-28,0.9989320039749146,1.0014599561691284,0.9980700016021729,0.9995290040969848,0.9995290040969848,146908454227,USDT,USDT-USD,-0.000471106856426,0.0005494279982087,0.0005494279982087,0,0.0008620584035544,0.0005466920860376,25.71307546937563,1.2077034885432,1.042261823603386,0.4450815070936503,-0.0015203471921866,0.0033915519740402,1.4956762780290422,0.0004709959030152,0,0,,0,0,,,,0,1952850.0,3544128.0,143355522193.6331,143442371030.8303,14.48480091406562,1.489258005506329,15.080802989593192,1.5547302270458427,25.688593550993765,-0.372019278108562,25.689199195887976,-0.2431943202719982,13886886904.99,23.35421084375421,0.325179586802208,Ethereum,51784661212.0,24.670359826781823,-2.580688839737564,0.7538521807260381,0.8722468877861931,0.9149038043005135,0.4384521633150518,0.8980151475581092,0.5798728997997736,0.9646556977452772,0.7694045442674328,96.92696091233567,0.8219073735527117,0.92260816575259,0.547684338817794,0.8104814137720902,0.9707495429616088,0.8104814137720902,0.7573126142595978,0.8773613650213284,0.9267215112736136,0.8170322973796466,0.579981718464351,0.951249238269348,1,0,0,0,0,1,0,2,0.25,95.14668755985026,1,0.9546008531383303,defi_context_shock_non_event,DeFi or chain-context variables are unusual outside known public incident windows.,low,"False-alert taxonomy is an error-review framework. Non-event-window alerts are not proof of model failure, and event-window hits are not verified fraud ground truth."
2025-04-07,0.99930602312088,1.001006007194519,0.9979379773139954,0.9997730255126952,0.9997730255126952,159480342752,USDT,USDT-USD,-0.0002270002499121,0.0004972795975108,0.0004972795975108,0,0.0002866876740077,0.0002711265395766,25.795186508648374,2.700466835072722,1.8274827714202515,1.681815274584333,-0.0005847506515734,0.0030687264031257,1.533867169035202,0.0002269744873047,0,0,,0,0,,,,0,1894180.0,3782373.0,147704576823.50543,147754597120.8794,14.454297113104044,2.07460233380812,15.145862412787766,2.168822566829628,25.718480013305648,1.359400807025346,25.71881860694066,1.360729750649847,13404268895.0,23.31883906749761,2.259086875911094,Ethereum,44638694016.0,24.52186689869993,-2.5441766430018427,0.9248280665099676,0.9898581004613912,0.9181248367720032,0.3070862714372769,0.8013841734134238,0.9619569948637592,0.961913467397928,0.8105619395838775,98.83346391573082,0.956581352833638,0.9454600853138332,0.6305606337599025,0.8893967093235832,0.9887263863497868,0.8893967093235832,0.9248933577087142,0.992535039609994,0.92794028031688,0.4556672760511883,0.9620658135283364,0.9485070079219988,1,0,1,0,0,1,0,3,0.3999999999999999,97.4797597283886,1,0.9769957343083485,multi_method_market_stress_non_event,"Multiple methods agree and market stress variables are elevated, but no event-window label is present.",medium_high,"False-alert taxonomy is an error-review framework. Non-event-window alerts are not proof of model failure, and event-window hits are not verified fraud ground truth."
2025-04-07,0.99930602312088,1.001006007194519,0.9979379773139954,0.9997730255126952,0.9997730255126952,159480342752,USDT,USDT-USD,-0.0002270002499121,0.0004972795975108,0.0004972795975108,0,0.0002866876740077,0.0002711265395766,25.795186508648374,2.700466835072722,1.8274827714202515,1.681815274584333,-0.0005847506515734,0.0030687264031257,1.533867169035202,0.0002269744873047,0,0,,0,0,,,,0,1894180.0,3782373.0,147704576823.50543,147754597120.8794,14.454297113104044,2.07460233380812,15.145862412787766,2.168822566829628,25.718480013305648,1.359400807025346,25.71881860694066,1.360729750649847,13404268895.0,23.31883906749761,2.259086875911094,Ethereum,44638694016.0,24.52186689869993,-2.544176643028593,0.9248280665099676,0.9898581004613912,0.9181248367720032,0.3070862714372769,0.8013841734134238,0.9619569948637592,0.9620440497954208,0.8105684687037521,98.84216940889702,0.956581352833638,0.9457647775746496,0.6305606337599025,0.8897014015843998,0.9890310786106032,0.8897014015843998,0.9248933577087142,0.992535039609994,0.92794028031688,0.4556672760511883,0.9620658135283364,0.9488117001828154,1,0,1,0,0,1,0,3,0.3999999999999999,97.4797597283886,1,0.9769957343083485,multi_method_market_stress_non_event,"Multiple methods agree and market stress variables are elevated, but no event-window label is present.",medium_high,"False-alert taxonomy is an error-review framework. Non-event-window alerts are not proof of model failure, and event-window hits are not verified fraud ground truth."
2025-04-09,0.9990320205688475,1.000512957572937,0.9983850121498108,0.9996860027313232,0.9996860027313232,139544979611,USDT,USDT-USD,-0.000314046576141,0.0007115001934266,0.0007115001934266,0,0.0005066623511765,0.0003359381848683,25.661652820731625,2.147813280762015,2.1173522179415034,2.1183777002236255,-0.0006717422912001,0.0021286138020461,0.2210469965909214,0.0003139972686767,0,0,,0,0,,,,0,1735287.0,3479631.0,148666985973.22028,148738319121.53473,14.36668395182389,1.1847362971492106,15.062437099032598,1.2913138676452085,25.724974648104716,1.8390339210955624,25.725454351381423,1.8345791435174237,11726500316.0,23.185117101898697,1.8026424135223424,Ethereum,43069343882.0,24.486077302160616,-2.6464905170068835,0.9511186558718552,0.969051971794202,0.6991816836423783,0.329981718464351,0.845085749107687,0.9314877687821016,0.9709671802907636,0.7823596239226953,97.58857839296596,0.859079829372334,0.9082876294942108,0.7567032297379647,0.8871115173674589,0.9783668494820232,0.8871115173674589,0.9547531992687386,0.9718159658744668,0.6939366240097502,0.5117306520414382,0.9315965874466788,0.9606946983546618,1,0,1,0,0,1,0,3,0.3999999999999999,97.4797597283886,1,0.9769957343083485,multi_method_market_stress_non_event,"Multiple methods agree and market stress variables are elevated, but no event-window label is present.",medium_high,"False-alert taxonomy is an error-review framework. Non-event-window alerts are not proof of model failure, and event-window hits are not verified fraud ground truth."
2025-04-09,0.9990320205688475,1.000512957572937,0.9983850121498108,0.9996860027313232,0.9996860027313232,139544979611,USDT,USDT-USD,-0.000314046576141,0.0007115001934266,0.0007115001934266,0,0.0005066623511765,0.0003359381848683,25.661652820731625,2.147813280762015,2.1173522179415034,2.1183777002236255,-0.0006717422912001,0.0021286138020461,0.2210469965909214,0.0003139972686767,0,0,,0,0,,,,0,1735287.0,3479631.0,148666985973.22028,148738319121.53473,14.36668395182389,1.1847362971492106,15.062437099032598,1.2913138676452085,25.724974648104716,1.8390339210955624,25.725454351381423,1.8345791435174237,11726500316.0,23.185117101898697,1.8026424135223424,Ethereum,43069343882.0,24.486077302160616,-2.6464905170253994,0.9511186558718552,0.969051971794202,0.6991816836423783,0.329981718464351,0.845085749107687,0.9314877687821016,0.9710977626882564,0.78236615304257,97.59728388613216,0.859079829372334,0.9085923217550276,0.7567032297379647,0.887720901889092,0.9786715417428398,0.887720901889092,0.9547531992687386,0.9718159658744668,0.6939366240097502,0.5117306520414382,0.9315965874466788,0.9609993906154785,1,0,1,0,0,1,0,3,0.3999999999999999,97.4797597283886,1,0.9769957343083485,multi_method_market_stress_non_event,"Multiple methods agree and market stress variables are elevated, but no event-window label is present.",medium_high,"False-alert taxonomy is an error-review framework. Non-event-window alerts are not proof of model failure, and event-window hits are not verified fraud ground truth."
2025-05-22,1.0002650022506714,1.0007059574127195,0.9988610148429872,0.9995790123939514,0.9995790123939514,110975437486,USDT,USDT-USD,-0.0004210762462092,-0.0007559982572082,0.0007559982572082,1,0.0003196544694724,0.0001877245193926,25.43257472987095,1.1949159142416463,-3.9034041492334657,4.409764694667168,-0.0010223790390315,0.0018457195948059,1.651993411757309,0.0004209876060485,0,0,,0,0,,,,0,1876137.0,3413595.0,155924780243.60077,155884649464.71927,14.444725966610438,1.3350331308063252,15.043276839071789,0.2777992452454589,25.772639549991567,1.3482022324446348,25.77238214418354,1.336886823369252,16235649250.0,23.510475232523905,1.1640345194446682,Ethereum,61226591710.0,24.837847437176393,1.2996534846309806,0.9973448245843128,0.8688517454513798,0.927526769391486,0.3946635326891268,0.8831287542439279,0.8248454774963002,0.6562636023330721,0.811496909549926,98.8595803952294,0.7938756855575868,0.9357099329677028,0.9401279707495428,0.9346435100548446,0.98933577087142,0.9346435100548446,0.9955819622181596,0.8730956733698964,0.9334247410115784,0.6951553930530164,0.8249542961608776,0.6017672151127361,1,0,0,0,0,0,1,2,0.3,95.96500391747192,1,0.964503351614869,multi_method_consensus_non_event,"Multiple methods agree, but the alert is outside known public incident windows.",medium,"False-alert taxonomy is an error-review framework. Non-event-window alerts are not proof of model failure, and event-window hits are not verified fraud ground truth."
2025-05-22,1.0002650022506714,1.0007059574127195,0.9988610148429872,0.9995790123939514,0.9995790123939514,110975437486,USDT,USDT-USD,-0.0004210762462092,-0.0007559982572082,0.0007559982572082,1,0.0003196544694724,0.0001877245193926,25.43257472987095,1.1949159142416463,-3.9034041492334657,4.409764694667168,-0.0010223790390315,0.0018457195948059,1.651993411757309,0.0004209876060485,0,0,,0,0,,,,0,1876137.0,3413595.0,155924780243.60077,155884649464.71927,14.444725966610438,1.3350331308063252,15.043276839071789,0.2777992452454589,25.772639549991567,1.3482022324446348,25.77238214418354,1.336886823369252,16235649250.0,23.510475232523905,1.1640345194446682,Ethereum,61226591710.0,24.837847437176393,1.2996534846330217,0.9973448245843128,0.8688517454513798,0.927526769391486,0.3946635326891268,0.8831287542439279,0.8248454774963002,0.656394184730565,0.8115034386698007,98.86828588839558,0.7938756855575868,0.9360146252285192,0.9401279707495428,0.9351005484460696,0.9896404631322364,0.9351005484460696,0.9955819622181596,0.8730956733698964,0.9334247410115784,0.6951553930530164,0.8249542961608776,0.6020719073735528,1,0,0,0,0,0,1,2,0.3,95.96500391747192,1,0.964503351614869,multi_method_consensus_non_event,"Multiple methods agree, but the alert is outside known public incident windows.",medium,"False-alert taxonomy is an error-review framework. Non-event-window alerts are not proof of model failure, and event-window hits are not verified fraud ground truth."
2025-06-22,1.0004899501800537,1.0020819902420044,0.9995229840278624,1.000251054763794,1.000251054763794,99454507418,USDT,USDT-USD,0.0002510232548202,0.0001910627798414,0.0001910627798414,0,0.0002332665285445,0.0002089378357151,25.322966164688395,1.1916506041463395,0.8815701910910637,0.2701244501907205,-0.0004167157083952,0.0025583639246911,2.6505464747585195,0.0002510547637939,0,0,,0,0,,,,0,1514638.0,2848601.0,159693153857.24823,159644543727.436,14.230687684703122,-1.1196802173069478,14.862338905581652,-0.6595176811895155,25.7965200224836,3.51629415320745,25.796215579064896,3.507295859399441,13293736517.0,23.310558822751517,0.8224542912329021,Ethereum,57724199463.0,24.778942323992062,-2.241445092345958,0.7071907373552712,0.8678941412030992,0.9733176634456342,0.2545921476451641,0.8147035779576913,0.7297814921215287,0.9290937581613998,0.7298289370592843,93.94097675633326,0.9529250457038392,0.9759293113954906,0.8347044485070079,0.9606946983546618,0.9387568555758684,0.9606946983546618,0.7085618525289458,0.8718769043266301,0.9718159658744668,0.3526812918951859,0.729890310786106,0.9113345521023766,0,1,0,0,0,0,1,2,0.3,95.96500391747192,1,0.964503351614869,multi_method_market_stress_non_event,"Multiple methods agree and market stress variables are elevated, but no event-window label is present.",medium_high,"False-alert taxonomy is an error-review framework. Non-event-window alerts are not proof of model failure, and event-window hits are not verified fraud ground truth."
2025-06-22,1.0004899501800537,1.0020819902420044,0.9995229840278624,1.000251054763794,1.000251054763794,99454507418,USDT,USDT-USD,0.0002510232548202,0.0001910627798414,0.0001910627798414,0,0.0002332665285445,0.0002089378357151,25.322966164688395,1.1916506041463395,0.8815701910910637,0.2701244501907205,-0.0004167157083952,0.0025583639246911,2.6505464747585195,0.0002510547637939,0,0,,0,0,,,,0,1514638.0,2848601.0,159693153857.24823,159644543727.436,14.230687684703122,-1.1196802173069478,14.862338905581652,-0.6595176811895155,25.7965200224836,3.51629415320745,25.796215579064896,3.507295859399441,13293736517.0,23.310558822751517,0.8224542912329021,Ethereum,57724199463.0,24.778942323992062,-2.241445092395302,0.7071907373552712,0.8678941412030992,0.9733176634456342,0.2545921476451641,0.8147035779576913,0.7297814921215287,0.9292243405588928,0.729835466179159,93.94968224949945,0.9529250457038392,0.9762340036563072,0.8347044485070079,0.9609993906154785,0.9390615478366848,0.9609993906154785,0.7085618525289458,0.8718769043266301,0.9718159658744668,0.3526812918951859,0.729890310786106,0.9116392443631932,0,1,0,0,0,0,1,2,0.3,95.96500391747192,1,0.964503351614869,multi_method_market_stress_non_event,"Multiple methods agree and market stress variables are elevated, but no event-window label is present.",medium_high,"False-alert taxonomy is an error-review framework. Non-event-window alerts are not proof of model failure, and event-window hits are not verified fraud ground truth."
2025-06-23,1.0003010034561155,1.001863956451416,0.9997829794883728,1.0015660524368286,1.0015660524368286,98542704157,USDT,USDT-USD,0.0015648274554677,0.0013138042006474,0.0013138042006474,0,0.0005308268951804,0.0003143010279623,25.31375583592235,1.0798810246217092,4.048380392345184,4.450649710571294,0.0,0.0020777231396572,1.3729083657053367,0.0015660524368286,0,0,,0,0,,,,0,1707360.0,3258526.0,159774357489.58005,159644543727.11313,14.35045946154978,0.3186157065212955,14.996785810741418,0.7007583048920769,25.79702839113579,2.9187917517065025,25.79621557906287,2.860747548269128,13685098210.0,23.339573355956965,0.8968738583855973,Ethereum,56239138452.0,24.752878765216973,-2.7248644971257647,0.9976059893792985,0.8446504744493776,0.903238443457822,0.0438756855575868,0.989248715939758,0.7498911813354227,0.9747105423522242,0.7667158527030555,96.71802907634718,0.9760816575258988,0.98933577087142,0.940737355271176,0.990554539914686,0.9673979280926264,0.990554539914686,0.9961913467397928,0.8450639853747715,0.9187995124923828,0.0275746496039,0.75,0.9667885435709932,1,1,0,0,0,1,1,4,0.55,98.61582658657612,1,0.9858318098720292,multi_method_consensus_non_event,"Multiple methods agree, but the alert is outside known public incident windows.",medium,"False-alert taxonomy is an error-review framework. Non-event-window alerts are not proof of model failure, and event-window hits are not verified fraud ground truth."
2025-06-23,1.0003010034561155,1.001863956451416,0.9997829794883728,1.0015660524368286,1.0015660524368286,98542704157,USDT,USDT-USD,0.0015648274554677,0.0013138042006474,0.0013138042006474,0,0.0005308268951804,0.0003143010279623,25.31375583592235,1.0798810246217092,4.048380392345184,4.450649710571294,0.0,0.0020777231396572,1.3729083657053367,0.0015660524368286,0,0,,0,0,,,,0,1707360.0,3258526.0,159774357489.58005,159644543727.11313,14.35045946154978,0.3186157065212955,14.996785810741418,0.7007583048920769,25.79702839113579,2.9187917517065025,25.79621557906287,2.860747548269128,13685098210.0,23.339573355956965,0.8968738583855973,Ethereum,56239138452.0,24.752878765216973,-2.7248644971703597,0.9976059893792985,0.8446504744493776,0.903238443457822,0.0438756855575868,0.989248715939758,0.7498911813354227,0.9748411247497172,0.7667223818229302,96.72673456951335,0.9760816575258988,0.9896404631322364,0.940737355271176,0.9908592321755028,0.967702620353443,0.9908592321755028,0.9961913467397928,0.8450639853747715,0.9187995124923828,0.0275746496039,0.75,0.9670932358318098,1,1,0,0,0,1,1,4,0.55,98.61582658657612,1,0.9858318098720292,multi_method_consensus_non_event,"Multiple methods agree, but the alert is outside known public incident windows.",medium,"False-alert taxonomy is an error-review framework. Non-event-window alerts are not proof of model failure, and event-window hits are not verified fraud ground truth."
