date,asset,coinmetrics_asset,AdrActCnt,CapMrktCurUSD,SplyCur,TxCnt
2021-01-01,BTC,btc,1001890.0,546123272590.4994,18587827.69247703,261318.0
2021-01-01,ETH,eth,510102.0,83392527577.60791,114093437.79937296,1136712.0
2021-01-01,USDC,usdc,22634.0,4129174966.9594254,4129508909.107182,39828.0
2021-01-01,USDT,usdt,179447.0,21731590208.02136,21680408541.51808,405298.0
2021-01-02,BTC,btc,1140633.0,595262299159.9148,18588771.44247703,297595.0
2021-01-02,ETH,eth,514898.0,88467283101.45692,114107659.6241192,1170839.0
2021-01-02,USDC,usdc,23527.0,4119730823.507957,4120162702.360362,45857.0
2021-01-02,USDT,usdt,190235.0,21897792148.855877,21880408541.51808,436464.0
2021-01-03,BTC,btc,1184688.0,618626936448.978,18589758.94247703,359641.0
2021-01-03,ETH,eth,583017.0,113022171397.96152,114121696.8626844,1234419.0
2021-01-03,USDC,usdc,23570.0,4222780368.6000266,4222978732.598121,44031.0
2021-01-03,USDT,usdt,200499.0,22711593268.157097,22680408541.51808,445300.0
2021-01-04,BTC,btc,1270082.0,591228627330.5771,18590840.19247703,370865.0
2021-01-04,ETH,eth,622704.0,117596170885.09988,114135751.92716204,1275169.0
2021-01-04,USDC,usdc,24427.0,4344881407.706186,4343135947.941849,45738.0
2021-01-04,USDT,usdt,226355.0,22698291509.617672,22680408541.51808,492437.0
2021-01-05,BTC,btc,1230529.0,632366860903.1603,18591821.44241151,355008.0
2021-01-05,ETH,eth,590568.0,125742960421.83228,114149916.15282346,1258441.0
2021-01-05,USDC,usdc,25168.0,4378258244.130702,4378107725.291158,45569.0
2021-01-05,USDT,usdt,222722.0,22947830325.614407,22880408541.51808,489523.0
2021-01-06,BTC,btc,1344921.0,681305813105.2504,18592927.69241151,398455.0
2021-01-06,ETH,eth,615398.0,136922869199.13203,114164001.52767552,1280434.0
2021-01-06,USDC,usdc,27594.0,4421303302.253339,4420846433.255425,46680.0
2021-01-06,USDT,usdt,242861.0,23631366267.646553,23578711738.31808,516813.0
2021-01-07,BTC,btc,1292297.0,729174942657.4891,18593977.69238421,402123.0
2021-01-07,ETH,eth,657941.0,139321539857.9189,114177935.59232162,1298568.0
2021-01-07,USDC,usdc,27131.0,4475379769.397701,4477456106.351074,45303.0
2021-01-07,USDT,usdt,229201.0,24005261399.599613,23978711738.31808,522361.0
2021-01-08,BTC,btc,1237271.0,758214680099.2676,18594902.69238421,358440.0
2021-01-08,ETH,eth,625530.0,139300816746.43192,114192161.84317848,1288953.0
2021-01-08,USDC,usdc,27241.0,4576363910.557401,4576604854.954835,47715.0
2021-01-08,USDT,usdt,219892.0,24302887914.713913,24278711738.31808,521889.0
2021-01-09,BTC,btc,1094947.0,750723981944.4558,18595771.44238421,318922.0
2021-01-09,ETH,eth,611578.0,146979958226.2945,114206184.09273615,1231759.0
2021-01-09,USDC,usdc,29926.0,4753609393.816788,4752966691.300085,47203.0
2021-01-09,USDT,usdt,211896.0,24769997788.2136,24678711738.31808,476325.0
2021-01-10,BTC,btc,1177151.0,712801739056.71,18596765.19238421,332604.0
2021-01-10,ETH,eth,616426.0,144538541298.19492,114220324.64996868,1210603.0
2021-01-10,USDC,usdc,26965.0,4800374592.537362,4800313277.143937,44639.0
2021-01-10,USDT,usdt,224455.0,24676100828.696377,24678711738.31808,507167.0
2021-01-11,BTC,btc,1211948.0,655932811964.7596,18597727.69238421,333441.0
2021-01-11,ETH,eth,639489.0,123705180159.74075,114234491.34013228,1280285.0
2021-01-11,USDC,usdc,24928.0,4783383265.381044,4787834692.582272,50708.0
2021-01-11,USDT,usdt,233712.0,24692707135.40629,24678222879.17873,517572.0
2021-01-12,BTC,btc,1202314.0,627006493875.7682,18598652.69235145,336350.0
2021-01-12,ETH,eth,560454.0,118686042564.31136,114248689.9782246,1165508.0
2021-01-12,USDC,usdc,23037.0,4757257515.7843275,4756631791.89536,43960.0
2021-01-12,USDT,usdt,209634.0,25071202149.337048,25078222879.17873,458921.0
2021-01-13,BTC,btc,1163164.0,693700965812.7666,18599602.69235145,320071.0
2021-01-13,ETH,eth,544430.0,128880200418.3336,114262915.53581774,1126532.0
2021-01-13,USDC,usdc,22189.0,4751118646.062977,4752580565.560553,41131.0
2021-01-13,USDT,usdt,229907.0,25085129446.90333,25078222879.17873,480949.0
2021-01-14,BTC,btc,1167975.0,726267001112.6581,18600521.44232415,338553.0
2021-01-14,ETH,eth,569396.0,138574331450.75235,114276871.90908568,1184604.0
2021-01-14,USDC,usdc,24237.0,4817973493.048217,4817464807.126442,46948.0
2021-01-14,USDT,usdt,231327.0,25049940462.62227,25078222879.17873,493409.0
2021-01-15,BTC,btc,1209589.0,682866609536.3408,18601490.19232415,345053.0
2021-01-15,ETH,eth,585279.0,133451671351.64732,114291124.27394523,1227187.0
2021-01-15,USDC,usdc,24357.0,4875620215.519012,4875333459.493774,45563.0
2021-01-15,USDT,usdt,214179.0,25074081176.226147,25078222879.17873,469685.0
2021-01-16,BTC,btc,1115276.0,672984205338.4072,18602408.94228047,308421.0
2021-01-16,ETH,eth,574480.0,140768055176.6807,114305252.15033612,1193339.0
2021-01-16,USDC,usdc,22154.0,5036270652.908028,5038074767.82913,42862.0
2021-01-16,USDT,usdt,204271.0,25078882300.129776,25078222879.17873,441342.0
2021-01-17,BTC,btc,1002014.0,671017747596.7164,18603240.19158081,268872.0
2021-01-17,ETH,eth,548826.0,141990281349.43542,114319365.62495185,1133096.0
2021-01-17,USDC,usdc,22435.0,5076349554.854583,5078796604.784198,40768.0
2021-01-17,USDT,usdt,201512.0,25071163894.420784,25078222879.17873,430621.0
2021-01-18,BTC,btc,1077578.0,680805649185.9204,18604146.44158081,313873.0
2021-01-18,ETH,eth,556478.0,143163465450.51593,114333529.20761508,1217953.0
2021-01-18,USDC,usdc,22401.0,5131232493.935811,5132432299.441427,42167.0
2021-01-18,USDT,usdt,238472.0,25083815777.24953,25078222879.17873,503125.0
2021-01-19,BTC,btc,1095890.0,674436786184.2588,18605077.69158081,326366.0
2021-01-19,ETH,eth,601609.0,158495706458.95572,114347720.57902925,1252236.0
2021-01-19,USDC,usdc,23505.0,5147836893.399428,5150926224.262999,43988.0
2021-01-19,USDT,usdt,239772.0,25490145321.53139,25478222879.17873,514104.0
2021-01-20,BTC,btc,1107233.0,660799562908.8003,18605958.94155351,315516.0
2021-01-20,ETH,eth,565813.0,156426920284.49405,114361957.46044996,1213930.0
2021-01-20,USDC,usdc,23861.0,5295747272.757427,5294692611.909175,44253.0
2021-01-20,USDT,usdt,240769.0,25489683999.38487,25478222879.17873,529706.0
2021-01-21,BTC,btc,1059467.0,577236765327.8912,18606765.19154805,288464.0
2021-01-21,ETH,eth,540818.0,129553109550.88303,114376045.20779017,1178190.0
2021-01-21,USDC,usdc,23002.0,5370162477.796975,5369174738.678023,43631.0
2021-01-21,USDT,usdt,260079.0,25456407921.439285,25478222879.17873,526271.0
2021-01-22,BTC,btc,1115180.0,613799933930.6252,18607646.44154805,326671.0
2021-01-22,ETH,eth,532997.0,141314431408.77155,114390180.38825588,1182794.0
2021-01-22,USDC,usdc,24534.0,5507218265.797594,5507917471.15955,46858.0
2021-01-22,USDT,usdt,237437.0,25480734566.864407,25457438838.038746,496892.0
2021-01-23,BTC,btc,1128728.0,596151049200.8364,18608621.44154805,303320.0
2021-01-23,ETH,eth,513612.0,141033354246.51135,114404388.73433496,1140666.0
2021-01-23,USDC,usdc,19860.0,5594151442.55296,5593940033.96955,37039.0
2021-01-23,USDT,usdt,207285.0,25476995715.696407,25457438838.038746,430814.0
2021-01-24,BTC,btc,1004162.0,599525276803.4537,18609490.19154805,254109.0
2021-01-24,ETH,eth,514921.0,158724870354.96936,114418543.75316437,1117744.0
2021-01-24,USDC,usdc,18610.0,5598439103.820426,5597493953.75955,35343.0
2021-01-24,USDT,usdt,207168.0,25483627643.503258,25457438838.038746,448765.0
2021-01-25,BTC,btc,1121794.0,603342567061.9476,18610365.19154805,312958.0
2021-01-25,ETH,eth,545219.0,151692919224.5062,114432747.61961314,1207263.0
2021-01-25,USDC,usdc,22314.0,5534832619.571764,5534745206.73955,42198.0
2021-01-25,USDT,usdt,239040.0,25458956258.752804,25457417434.68129,521432.0
2021-01-26,BTC,btc,1182517.0,607487059172.2292,18611371.44153713,335923.0
2021-01-26,ETH,eth,561115.0,155859496260.0438,114446973.14136796,1194595.0
2021-01-26,USDC,usdc,26981.0,5431873152.296213,5429633873.62955,45919.0
2021-01-26,USDT,usdt,225130.0,25886537254.213356,25857417434.68129,475879.0
2021-01-27,BTC,btc,1106142.0,565048354264.0006,18612258.94153713,323598.0
2021-01-27,ETH,eth,502563.0,142611355859.2653,114461023.44302812,1140980.0
2021-01-27,USDC,usdc,24079.0,5501126814.085276,5500989842.44955,45371.0
2021-01-27,USDT,usdt,210437.0,25906823962.330353,25857417434.68129,468239.0
2021-01-28,BTC,btc,1097896.0,623751131789.6173,18613165.19153713,325159.0
2021-01-28,ETH,eth,554633.0,153599979312.1924,114475238.6206074,1190834.0
2021-01-28,USDC,usdc,26515.0,5675456052.018928,5675842414.00955,47003.0
2021-01-28,USDT,usdt,228875.0,26320921865.80953,26257417434.68129,520032.0
2021-01-29,BTC,btc,1208741.0,635972641065.8976,18614115.19153712,339577.0
2021-01-29,ETH,eth,629039.0,158385543266.2682,114489319.67611746,1293963.0
2021-01-29,USDC,usdc,33183.0,5844953298.773984,5845368036.78955,54980.0
2021-01-29,USDT,usdt,279011.0,27166581723.10606,27155372759.73819,630837.0
2021-01-30,BTC,btc,1087755.0,639422511060.5605,18614965.19153712,313065.0
2021-01-30,ETH,eth,602900.0,157999493481.5328,114503294.06729588,1218241.0
2021-01-30,USDC,usdc,25328.0,5849791601.299419,5850991957.26955,41446.0
2021-01-30,USDT,usdt,238322.0,27185297948.777233,27155372759.73819,510305.0
2021-01-31,BTC,btc,1063553.0,617261741250.7816,18615865.19153712,287082.0
2021-01-31,ETH,eth,571051.0,150859483437.80832,114517705.85218447,1244924.0
2021-01-31,USDC,usdc,23636.0,5906373075.632852,5906919700.95955,39578.0
2021-01-31,USDT,usdt,238353.0,27180379223.57862,27155372759.73819,529208.0
2021-02-01,BTC,btc,999221.0,624964623033.4149,18616608.94150982,283467.0
2021-02-01,ETH,eth,577466.0,156903551687.74548,114531902.45232137,1300451.0
2021-02-01,USDC,usdc,26239.0,5896073210.424816,5896397535.46955,43155.0
2021-02-01,USDT,usdt,260748.0,27514319712.336113,27505285696.898598,549657.0
2021-02-02,BTC,btc,1202183.0,662713622887.4319,18617565.19150436,363397.0
2021-02-02,ETH,eth,606119.0,174587545206.45605,114546110.63370408,1302891.0
2021-02-02,USDC,usdc,26643.0,5949975197.591397,5951959526.10955,44207.0
2021-02-02,USDT,usdt,260223.0,27929423605.932854,27905285696.898598,536975.0
2021-02-03,BTC,btc,1187019.0,699653042694.9592,18618502.69150435,345764.0
2021-02-03,ETH,eth,631088.0,190115116680.58093,114560300.84226143,1314906.0
2021-02-03,USDC,usdc,27802.0,6102359887.270986,6101351589.45955,48257.0
2021-02-03,USDT,usdt,266208.0,28341825471.609695,28305285696.898598,545796.0
2021-02-04,BTC,btc,1226684.0,691327294031.8643,18619502.69150435,367536.0
2021-02-04,ETH,eth,636306.0,184281491645.1748,114574593.00113586,1309863.0
2021-02-04,USDC,usdc,30514.0,6222856346.049964,6224085249.11955,50973.0
2021-02-04,USDT,usdt,275656.0,28337551406.5558,28305285696.898598,559085.0
2021-02-05,BTC,btc,1257476.0,708426864829.8851,18620558.89630735,360061.0
2021-02-05,ETH,eth,608628.0,197147391264.52365,114588700.26111294,1316904.0
2021-02-05,USDC,usdc,29545.0,6335627465.350747,6335987616.99955,48843.0
2021-02-05,USDT,usdt,280738.0,29077239707.74923,29055285696.898598,576810.0
2021-02-06,BTC,btc,1147256.0,732604037089.1453,18621552.52046635,328082.0
2021-02-06,ETH,eth,631037.0,192957815798.47928,114602911.80480865,1227828.0
2021-02-06,USDC,usdc,32100.0,6454589937.25396,6452304605.11955,51777.0
2021-02-06,USDT,usdt,276684.0,29599918375.807903,29555285696.898598,551976.0
2021-02-07,BTC,btc,1159518.0,726334667736.0048,18622527.52046635,286807.0
2021-02-07,ETH,eth,617267.0,185226378182.62643,114617257.67331114,1230638.0
2021-02-07,USDC,usdc,26546.0,6504030102.818996,6503429667.22955,45127.0
2021-02-07,USDT,usdt,262529.0,30002080230.025192,29955285696.898598,542326.0
2021-02-08,BTC,btc,1249543.0,858953685019.9965,18623540.02046635,340919.0
2021-02-08,ETH,eth,628031.0,199865012211.00156,114631418.24778636,1275739.0
2021-02-08,USDC,usdc,26749.0,6526184823.933139,6529191550.60955,44253.0
2021-02-08,USDT,usdt,304531.0,30980341567.30618,30955285696.898598,626289.0
2021-02-09,BTC,btc,1174227.0,866933160142.6617,18624433.77046635,359788.0
2021-02-09,ETH,eth,602871.0,203018236061.66705,114645625.32560392,1327544.0
2021-02-09,USDC,usdc,28983.0,6623247568.372759,6623679022.04955,47713.0
2021-02-09,USDT,usdt,328129.0,30996923957.442898,30955285696.898598,680728.0
2021-02-10,BTC,btc,1191329.0,839594904533.2678,18625327.52046635,340736.0
2021-02-10,ETH,eth,615259.0,200449828250.74097,114659921.39350842,1320357.0
2021-02-10,USDC,usdc,32228.0,6792237277.621506,6792605645.07955,52003.0
2021-02-10,USDT,usdt,321222.0,32076083113.801228,32055285696.898598,681958.0
2021-02-11,BTC,btc,1052110.0,892058461589.62,18626133.77046635,301861.0
2021-02-11,ETH,eth,612148.0,204760269802.63745,114674176.19248906,1270521.0
2021-02-11,USDC,usdc,31330.0,6947706279.9717,6948317692.48955,50658.0
2021-02-11,USDT,usdt,276598.0,32074665917.9586,32055285696.898598,558461.0
2021-02-12,BTC,btc,1157108.0,885253081022.2079,18627021.25844379,347247.0
2021-02-12,ETH,eth,594587.0,211767007287.84375,114688470.05293392,1290300.0
2021-02-12,USDC,usdc,33741.0,7056358057.933806,7055695786.52955,55002.0
2021-02-12,USDT,usdt,240350.0,32125767326.58022,32055285696.898598,488302.0
2021-02-13,BTC,btc,1217682.0,879402263106.5962,18627999.91744133,333184.0
2021-02-13,ETH,eth,563729.0,208691337249.8214,114702577.08500494,1252364.0
2021-02-13,USDC,usdc,33563.0,7211864445.269861,7213375543.89955,56098.0
2021-02-13,USDT,usdt,238015.0,33096085385.895,33055285696.898598,493845.0
2021-02-14,BTC,btc,1122976.0,909647017116.4133,18628921.36853781,297041.0
2021-02-14,ETH,eth,555363.0,207817376822.734,114716934.9066156,1206665.0
2021-02-14,USDC,usdc,27016.0,7463355524.23117,7461731658.142914,45335.0
2021-02-14,USDT,usdt,237338.0,33089495889.07067,33055285696.898598,492113.0
2021-02-15,BTC,btc,1140491.0,896287524856.9435,18629869.49477421,312281.0
2021-02-15,ETH,eth,570429.0,205085473631.30057,114731166.62547565,1210500.0
2021-02-15,USDC,usdc,26188.0,7449460247.744799,7445445357.7129135,43835.0
2021-02-15,USDT,usdt,276246.0,33465148612.328426,33455285696.898598,575457.0
2021-02-16,BTC,btc,989854.0,915516034419.288,18630624.85277421,293716.0
2021-02-16,ETH,eth,569472.0,204317874330.4668,114745361.87830085,1217916.0
2021-02-16,USDC,usdc,35469.0,7442402933.278694,7441916154.489313,52912.0
2021-02-16,USDT,usdt,270744.0,33459189074.270683,33455285696.898598,550067.0
2021-02-17,BTC,btc,1134666.0,973028220227.9847,18631485.96697421,318209.0
2021-02-17,ETH,eth,583486.0,211759190997.1492,114759704.810388,1258503.0
2021-02-17,USDC,usdc,29010.0,7266480533.576145,7267726819.635914,48978.0
2021-02-17,USDT,usdt,278845.0,34475903130.020355,34455285696.8986,581618.0
2021-02-18,BTC,btc,1138881.0,962361657680.0498,18632339.87172421,317446.0
2021-02-18,ETH,eth,601009.0,221790387317.9811,114773889.65333748,1298425.0
2021-02-18,USDC,usdc,29747.0,7344900257.498449,7343779969.789313,49501.0
2021-02-18,USDT,usdt,375975.0,34864010416.96557,34855285696.8986,742926.0
2021-02-19,BTC,btc,1248515.0,1040119985987.2585,18633296.08170618,340244.0
2021-02-19,ETH,eth,628240.0,225102701693.4766,114788329.15051717,1323618.0
2021-02-19,USDC,usdc,32946.0,7530379210.985952,7530075649.50805,53232.0
2021-02-19,USDT,usdt,351724.0,34879477587.49976,34855285696.8986,708121.0
2021-02-20,BTC,btc,1187083.0,1040940814716.2908,18634208.55512618,321732.0
2021-02-20,ETH,eth,643509.0,219594687146.4184,114802591.0363146,1337507.0
2021-02-20,USDC,usdc,34446.0,7718855627.232285,7718285323.07805,56078.0
2021-02-20,USDT,usdt,352964.0,35684943309.254074,35655285696.8986,732454.0
2021-02-21,BTC,btc,1047141.0,1071530978098.8726,18635089.27512617,272006.0
2021-02-21,ETH,eth,604276.0,222042492338.9616,114816871.04986608,1233518.0
2021-02-21,USDC,usdc,29000.0,7843889068.906501,7843831970.44805,47893.0
2021-02-21,USDT,usdt,319772.0,35691507174.36188,35655285696.8986,677348.0
2021-02-22,BTC,btc,1094544.0,1005448041778.174,18635920.52512617,284119.0
2021-02-22,ETH,eth,621855.0,203389892374.4104,114831134.25990903,1312178.0
2021-02-22,USDC,usdc,31364.0,8006531820.821947,8003947798.751403,54698.0
2021-02-22,USDT,usdt,352826.0,35680341193.380745,35655285696.8986,753676.0
2021-02-23,BTC,btc,1054613.0,905007959206.9448,18636714.27512617,288011.0
2021-02-23,ETH,eth,627533.0,179508700934.97287,114845464.62120388,1302882.0
2021-02-23,USDC,usdc,35257.0,8114805453.160144,8113189230.174793,62064.0
2021-02-23,USDT,usdt,337529.0,35663843590.63172,35655285696.8986,730702.0
2021-02-24,BTC,btc,1230122.0,923821685553.8049,18637707.40012617,354258.0
2021-02-24,ETH,eth,623762.0,185678047442.98767,114859706.24874929,1285208.0
2021-02-24,USDC,usdc,35391.0,8393700364.712944,8390184298.804793,59619.0
2021-02-24,USDT,usdt,332181.0,35686132520.35233,35655285696.8986,707438.0
2021-02-25,BTC,btc,1217040.0,886607289246.5886,18638682.40012617,328850.0
2021-02-25,ETH,eth,617443.0,171330441592.1106,114874015.0622244,1232758.0
2021-02-25,USDC,usdc,29013.0,8463600456.021645,8466722464.248193,51081.0
2021-02-25,USDT,usdt,321686.0,35649883264.691505,35655285696.8986,686825.0
2021-02-26,BTC,btc,1114180.0,861739395614.1508,18639551.13009887,305149.0
2021-02-26,ETH,eth,605208.0,165703892104.9274,114888395.85307148,1236241.0
2021-02-26,USDC,usdc,34035.0,8819884051.258478,8820053817.098192,59038.0
2021-02-26,USDT,usdt,291336.0,35660115104.14192,35655285696.8986,639649.0
2021-02-27,BTC,btc,1202477.0,854379730435.3794,18640532.38009887,322758.0
2021-02-27,ETH,eth,566704.0,167072208668.00745,114902690.76618028,1202432.0
2021-02-27,USDC,usdc,29697.0,8867418264.44365,8869764485.038193,51340.0
2021-02-27,USDT,usdt,271246.0,35688328414.99307,35655285696.8986,597140.0
2021-02-28,BTC,btc,1033508.0,845561698558.5696,18641351.13009877,252499.0
2021-02-28,ETH,eth,581313.0,163800981512.8203,114916939.57014044,1179859.0
2021-02-28,USDC,usdc,28545.0,9040844537.174316,9043830625.198193,51383.0
2021-02-28,USDT,usdt,297211.0,35723424927.55701,35655285696.8986,647107.0
2021-03-01,BTC,btc,1073523.0,925293484700.9192,18642163.63009877,278708.0
2021-03-01,ETH,eth,579329.0,179664587381.82205,114931200.17630067,1185925.0
2021-03-01,USDC,usdc,29613.0,8998426411.067053,8997092156.928192,48963.0
2021-03-01,USDT,usdt,391023.0,36428712530.16034,36405285696.89859,768092.0
2021-03-02,BTC,btc,1119669.0,900547396139.7251,18643057.38009877,340722.0
2021-03-02,ETH,eth,595816.0,171255085933.43988,114945641.9568904,1240182.0
2021-03-02,USDC,usdc,28162.0,8901296648.779749,8900444338.118103,46646.0
2021-03-02,USDT,usdt,300786.0,36834068247.73062,36805285696.89859,558253.0
2021-03-03,BTC,btc,1185450.0,945073444270.1716,18644007.38009877,332985.0
2021-03-03,ETH,eth,559291.0,182104024499.242,114959798.9823311,1235048.0
2021-03-03,USDC,usdc,29139.0,8835264386.660479,8832015104.078814,49499.0
2021-03-03,USDT,usdt,298513.0,37568071548.28586,37555285696.89859,575028.0
2021-03-04,BTC,btc,1042797.0,903765934807.9712,18644807.38007147,290966.0
2021-03-04,ETH,eth,598760.0,176832941731.48395,114974202.22868381,1234903.0
2021-03-04,USDC,usdc,27873.0,8824321743.098425,8823707622.891687,47707.0
2021-03-04,USDT,usdt,271472.0,37546874037.23005,37555285696.89859,537632.0
2021-03-05,BTC,btc,1154593.0,909927285417.9523,18645738.63007147,315193.0
2021-03-05,ETH,eth,523337.0,176029141469.01932,114988573.53696272,1208640.0
2021-03-05,USDC,usdc,29334.0,8877875452.948944,8877782087.122871,52354.0
2021-03-05,USDT,usdt,263690.0,37571058477.90493,37555285696.89859,517570.0
2021-03-06,BTC,btc,1147083.0,913138122157.5787,18646688.63007147,288073.0
2021-03-06,ETH,eth,540483.0,190886424481.5056,115003021.1929501,1160519.0
2021-03-06,USDC,usdc,24004.0,9014389123.002487,9008960006.172873,39629.0
2021-03-06,USDT,usdt,230435.0,37572822193.52566,37555285696.89859,454103.0
2021-03-07,BTC,btc,1043256.0,952640081754.0469,18647601.13007147,259265.0
2021-03-07,ETH,eth,499682.0,197733228967.94928,115017308.27594449,1180104.0
2021-03-07,USDC,usdc,23126.0,9153170053.211716,9156700608.891,40012.0
2021-03-07,USDT,usdt,241836.0,37564278552.59864,37555285696.89859,479059.0
2021-03-08,BTC,btc,1164249.0,971375568436.1802,18648569.88007147,294249.0
2021-03-08,ETH,eth,533767.0,210062199817.27927,115031662.32957508,1216417.0
2021-03-08,USDC,usdc,25836.0,9124215279.831823,9125620037.265038,42031.0
2021-03-08,USDT,usdt,271470.0,37568358053.124405,37555285696.89859,541161.0
2021-03-09,BTC,btc,1088598.0,1020854485706.3766,18649444.88006601,299423.0
2021-03-09,ETH,eth,574925.0,214218817196.6424,115045930.52644908,1275347.0
2021-03-09,USDC,usdc,30214.0,9162761036.038893,9161613179.56529,50607.0
2021-03-09,USDT,usdt,305792.0,37570098634.16225,37555285696.89859,612381.0
2021-03-10,BTC,btc,1165773.0,1046585269945.1644,18650376.13006601,342661.0
2021-03-10,ETH,eth,582840.0,207502588302.76328,115060314.07771511,1256065.0
2021-03-10,USDC,usdc,28317.0,9212807971.624413,9215580732.153168,46717.0
2021-03-10,USDT,usdt,313395.0,38960652897.42162,38955285696.89859,609278.0
2021-03-11,BTC,btc,1084417.0,1078920786628.1328,18651201.13006601,293471.0
2021-03-11,ETH,eth,623452.0,210323158993.04175,115074470.62438644,1284767.0
2021-03-11,USDC,usdc,28498.0,9341315653.644968,9339885986.053167,46945.0
2021-03-11,USDT,usdt,349071.0,38962462257.74265,38955285696.89859,663748.0
2021-03-12,BTC,btc,1186618.0,1069413682211.764,18652138.63006601,320069.0
2021-03-12,ETH,eth,592345.0,203534962497.01135,115088800.14238603,1325679.0
2021-03-12,USDC,usdc,31463.0,9320193450.589111,9319333665.830763,50816.0
2021-03-12,USDT,usdt,309281.0,38954100304.175186,38955285696.89859,610199.0
2021-03-13,BTC,btc,1104466.0,1143221861398.156,18653032.38006601,276253.0
2021-03-13,ETH,eth,591290.0,221827734371.98212,115103187.76949795,1293352.0
2021-03-13,USDC,usdc,27276.0,9434180515.058962,9438065729.164146,44852.0
2021-03-13,USDT,usdt,297747.0,38935256897.09156,38955285696.89859,586804.0
2021-03-14,BTC,btc,1155175.0,1117480223465.9624,18654013.630066,305716.0
2021-03-14,ETH,eth,586583.0,215747658136.0233,115117661.93842895,1277890.0
2021-03-14,USDC,usdc,23196.0,9457556086.357155,9461815408.604565,37768.0
2021-03-14,USDT,usdt,307693.0,38955115213.45074,38955285696.89859,582631.0
2021-03-15,BTC,btc,1167577.0,1046936085343.0632,18654938.630066,295380.0
2021-03-15,ETH,eth,592457.0,206881134242.69308,115131919.38681845,1321388.0
2021-03-15,USDC,usdc,26624.0,9520521499.81416,9525088088.666529,45605.0
2021-03-15,USDT,usdt,353105.0,40058442128.32491,40055285696.89859,673470.0
2021-03-16,BTC,btc,1161912.0,1054064969221.1396,18655869.88006054,319854.0
2021-03-16,ETH,eth,587910.0,206912348624.15817,115146303.24993183,1308992.0
2021-03-16,USDC,usdc,31949.0,9468521819.680025,9468711275.976528,51878.0
2021-03-16,USDT,usdt,348737.0,40560783533.55391,40555285696.89859,659805.0
2021-03-17,BTC,btc,1110541.0,1094833523737.9852,18656719.88006054,290856.0
2021-03-17,ETH,eth,568873.0,209461979346.26627,115160665.02329336,1272298.0
2021-03-17,USDC,usdc,29308.0,9582267020.943935,9585434349.624323,46785.0
2021-03-17,USDT,usdt,322146.0,40558087342.749275,40553455005.25067,623566.0
2021-03-18,BTC,btc,1219716.0,1077134892562.373,18657669.88006054,335857.0
2021-03-18,ETH,eth,593538.0,205201027897.62503,115175023.13605444,1299760.0
2021-03-18,USDC,usdc,29071.0,9998280674.141861,10000377783.247446,311414.0
2021-03-18,USDT,usdt,618587.0,40568820517.78904,40573454736.68958,989782.0
2021-03-19,BTC,btc,1158820.0,1085335421881.5612,18658594.88006054,315088.0
2021-03-19,ETH,eth,594704.0,208535831644.5682,115189375.619033,1291231.0
2021-03-19,USDC,usdc,30131.0,10266176803.60087,10266158241.857447,312881.0
2021-03-19,USDT,usdt,498234.0,40642311609.87274,40643408981.91525,871602.0
2021-03-20,BTC,btc,1124513.0,1086879746950.0336,18659557.38006054,281882.0
2021-03-20,ETH,eth,578798.0,208835099586.78943,115203794.8942325,1262309.0
2021-03-20,USDC,usdc,27527.0,10355719262.594557,10354771090.447447,276003.0
2021-03-20,USDT,usdt,336605.0,41644068753.70399,41643408981.91525,741391.0
2021-03-21,BTC,btc,1112554.0,1072009014284.5457,18660532.38005508,240660.0
2021-03-21,ETH,eth,586232.0,205632497854.8996,115217988.34709004,1206064.0
2021-03-21,USDC,usdc,30432.0,10505460178.51776,10505294582.987446,268184.0
2021-03-21,USDT,usdt,318335.0,41656263433.37866,41643408981.91525,702623.0
2021-03-22,BTC,btc,1144113.0,1016175922879.4512,18661476.13005508,295471.0
2021-03-22,ETH,eth,569908.0,194640513772.7654,115232329.21525893,1307460.0
2021-03-22,USDC,usdc,40950.0,10530028894.770811,10529089652.117447,317281.0
2021-03-22,USDT,usdt,364378.0,41655021676.08661,41643408981.91525,791961.0
2021-03-23,BTC,btc,1234149.0,1018292446531.0492,18662482.38005508,316687.0
2021-03-23,ETH,eth,600963.0,192663932774.56393,115246709.5689118,1298959.0
2021-03-23,USDC,usdc,34843.0,10625119135.864777,10625204545.065355,331338.0
2021-03-23,USDT,usdt,336988.0,41641442322.64032,41643408981.91525,718909.0
2021-03-24,BTC,btc,1153475.0,981610902742.6876,18663432.38005508,301818.0
2021-03-24,ETH,eth,598324.0,182905748148.4972,115261059.43707877,1309468.0
2021-03-24,USDC,usdc,36280.0,10695725267.65148,10698904695.602932,325528.0
2021-03-24,USDT,usdt,383959.0,41629995471.9456,41643408981.91525,773567.0
2021-03-25,BTC,btc,1218346.0,962095893978.6095,18664394.88004862,320449.0
2021-03-25,ETH,eth,631922.0,183164846643.80432,115275438.06403448,1349663.0
2021-03-25,USDC,usdc,41070.0,10876212845.485712,10879915624.60802,356920.0
2021-03-25,USDT,usdt,336154.0,41649674416.1925,41643408981.91525,726123.0
2021-03-26,BTC,btc,1085835.0,1023188726799.0096,18665244.88004862,293636.0
2021-03-26,ETH,eth,583328.0,195493459310.30396,115289865.14971688,1265836.0
2021-03-26,USDC,usdc,31013.0,11125701019.228312,11125931103.439297,278697.0
2021-03-26,USDT,usdt,322021.0,41671420514.67085,41643408981.91525,719582.0
2021-03-27,BTC,btc,1149403.0,1045679651161.9392,18666238.63004862,286113.0
2021-03-27,ETH,eth,585374.0,198106342507.31107,115304197.16392764,1230764.0
2021-03-27,USDC,usdc,27872.0,11229452591.776669,11230536146.739296,260467.0
2021-03-27,USDT,usdt,294819.0,42452042779.98451,42443408981.91525,664032.0
2021-03-28,BTC,btc,1063472.0,1040008229552.0004,18667232.38004862,244181.0
2021-03-28,ETH,eth,572639.0,194330488098.80048,115318544.6868576,1211918.0
2021-03-28,USDC,usdc,23474.0,11303942490.044617,11304993609.519297,268946.0
2021-03-28,USDT,usdt,279121.0,42434781433.513016,42443408981.91525,633815.0
2021-03-29,BTC,btc,1115525.0,1074749924159.922,18668176.13004862,307500.0
2021-03-29,ETH,eth,576265.0,208884494339.3977,115332951.98525187,1269901.0
2021-03-29,USDC,usdc,32075.0,11102966975.924112,11100497026.809296,289691.0
2021-03-29,USDT,usdt,346828.0,42438695555.76641,42443408981.91525,766438.0
2021-03-30,BTC,btc,1154381.0,1095587035147.4468,18669088.63004316,323613.0
2021-03-30,ETH,eth,575014.0,212339971941.29132,115347368.86504686,1300973.0
2021-03-30,USDC,usdc,31345.0,11217117760.537369,11221415345.69114,290570.0
2021-03-30,USDT,usdt,393624.0,42459985378.084045,42443408981.91525,876325.0
2021-03-31,BTC,btc,1234495.0,1097654385790.0288,18670069.87932678,330775.0
2021-03-31,ETH,eth,604979.0,221134428982.1195,115361643.27299725,1354603.0
2021-03-31,USDC,usdc,31586.0,11146521376.401476,11146223769.04114,306333.0
2021-03-31,USDT,usdt,408708.0,42458781582.78794,42443408981.91525,926063.0
2021-04-01,BTC,btc,1145125.0,1098207717359.3289,18670976.12932678,315091.0
2021-04-01,ETH,eth,650310.0,227433887911.43073,115376005.77306493,1368006.0
2021-04-01,USDC,usdc,33242.0,11208392579.033625,11206348463.542864,272836.0
2021-04-01,USDT,usdt,413510.0,43731572440.72796,43743408982.80325,910470.0
2021-04-02,BTC,btc,1103476.0,1102228015142.824,18671851.12932678,302587.0
2021-04-02,ETH,eth,658068.0,246250783766.11475,115390271.93813512,1358619.0
2021-04-02,USDC,usdc,41154.0,11260354872.230291,11258263708.502865,265561.0
2021-04-02,USDT,usdt,416443.0,43748584076.07606,43743408982.80325,969357.0
2021-04-03,BTC,btc,1020968.0,1069615151362.5052,18672669.87932678,278911.0
2021-04-03,ETH,eth,599989.0,233711682648.3249,115404692.03878376,1293333.0
2021-04-03,USDC,usdc,33051.0,11189914226.211802,11176011619.182863,267979.0
2021-04-03,USDT,usdt,368732.0,43757401811.611725,43743408982.80325,902088.0
2021-04-04,BTC,btc,1032167.0,1086843565004.3844,18673582.37932678,247000.0
2021-04-04,ETH,eth,598828.0,239771287366.7548,115419176.53931703,1197875.0
2021-04-04,USDC,usdc,24373.0,11395813396.642185,11394681065.032864,273763.0
2021-04-04,USDT,usdt,377522.0,43752707154.42413,43743408982.80325,879258.0
2021-04-05,BTC,btc,1229289.0,1097239539433.6884,18674557.37932678,289931.0
2021-04-05,ETH,eth,615639.0,242355891780.9951,115433551.67759894,1296946.0
2021-04-05,USDC,usdc,32394.0,11366620932.379065,11367782378.822865,272463.0
2021-04-05,USDT,usdt,394640.0,43745038763.53726,43743408982.80325,980731.0
2021-04-06,BTC,btc,1180036.0,1084746506903.4188,18675457.37932678,310254.0
2021-04-06,ETH,eth,618992.0,244391805183.87085,115447899.98932712,1335799.0
2021-04-06,USDC,usdc,36049.0,11260640359.210213,11259570938.594795,327443.0
2021-04-06,USDT,usdt,411935.0,44956100255.50773,44943408982.80325,1035522.0
2021-04-07,BTC,btc,1246138.0,1050864084696.7625,18676438.62932678,318898.0
2021-04-07,ETH,eth,613189.0,229238587439.5982,115462290.17623387,1312638.0
2021-04-07,USDC,usdc,32840.0,11357931667.319586,11356372321.764795,391704.0
2021-04-07,USDT,usdt,390955.0,45932493596.79006,45943408982.80325,1053011.0
2021-04-08,BTC,btc,1092604.0,1082597392462.6053,18677276.12932678,280374.0
2021-04-08,ETH,eth,623896.0,240023894711.67648,115476601.74689,1284449.0
2021-04-08,USDC,usdc,34765.0,11541638352.095137,11541620772.734797,316716.0
2021-04-08,USDT,usdt,370062.0,45938245706.22434,45943408982.80325,920336.0
2021-04-09,BTC,btc,1222362.0,1084303948234.4208,18678226.12932678,322101.0
2021-04-09,ETH,eth,604996.0,238610252683.2422,115490833.4407436,1300882.0
2021-04-09,USDC,usdc,32791.0,11572149036.986109,11571559687.1669,309521.0
2021-04-09,USDT,usdt,370879.0,45927935237.28752,45943408982.80325,894974.0
2021-04-10,BTC,btc,1163952.0,1114243840831.5618,18679207.37932132,300140.0
2021-04-10,ETH,eth,686486.0,246047990498.5826,115505305.03423546,1315016.0
2021-04-10,USDC,usdc,34581.0,11552693222.964048,11549962488.0169,328211.0
2021-04-10,USDT,usdt,346880.0,45922597558.346634,45943408982.80325,862896.0
2021-04-11,BTC,btc,1043812.0,1119553954624.0093,18680113.62932132,254567.0
2021-04-11,ETH,eth,648055.0,247717304501.33264,115519737.7440412,1256904.0
2021-04-11,USDC,usdc,34765.0,11637908037.736853,11636894537.771976,323891.0
2021-04-11,USDT,usdt,355408.0,45906648724.148735,45943408982.80325,849045.0
2021-04-12,BTC,btc,1126723.0,1119103609635.15,18681013.55832031,291473.0
2021-04-12,ETH,eth,647933.0,247569923868.10352,115534153.8722941,1347983.0
2021-04-12,USDC,usdc,45151.0,11390896282.015917,11386117344.421976,345807.0
2021-04-12,USDT,usdt,437781.0,46924126408.26155,46943408982.80325,1013357.0
2021-04-13,BTC,btc,1178027.0,1185285134032.0027,18681901.00252031,310996.0
2021-04-13,ETH,eth,639677.0,265517905596.9076,115548485.85614005,1350467.0
2021-04-13,USDC,usdc,51664.0,11529318678.635693,11529293086.491976,358448.0
2021-04-13,USDT,usdt,404282.0,46947783801.23453,46943408982.80325,987290.0
2021-04-14,BTC,btc,1149773.0,1174574736641.0183,18682744.71851931,295564.0
2021-04-14,ETH,eth,660253.0,280852111298.9362,115562784.47176564,1386341.0
2021-04-14,USDC,usdc,45031.0,11859856045.960333,11856937053.181976,379314.0
2021-04-14,USDT,usdt,426218.0,48944622069.93823,48943408982.80325,1055377.0
2021-04-15,BTC,btc,1366494.0,1181399636375.8345,18683819.50551931,358905.0
2021-04-15,ETH,eth,603417.0,291206073188.7431,115577124.96343836,1197340.0
2021-04-15,USDC,usdc,34193.0,12008280855.755001,12004342493.691977,321461.0
2021-04-15,USDT,usdt,422236.0,48997321678.17305,48943408982.80325,1019577.0
2021-04-16,BTC,btc,933121.0,1150423144089.1687,18684463.25551931,218612.0
2021-04-16,ETH,eth,679755.0,280696668526.2164,115591384.87129287,1426977.0
2021-04-16,USDC,usdc,54641.0,12465833819.776743,12467263809.271976,376807.0
2021-04-16,USDT,usdt,440453.0,50002883439.00265,49943408982.80325,1114678.0
2021-04-17,BTC,btc,828375.0,1126350100665.6367,18685032.00551931,195677.0
2021-04-17,ETH,eth,690474.0,270767114997.47928,115605699.00666273,1453000.0
2021-04-17,USDC,usdc,40202.0,12795977382.565693,12796995635.991976,357795.0
2021-04-17,USDT,usdt,451140.0,49999844626.29937,49943408982.80325,1132088.0
2021-04-18,BTC,btc,1057891.0,1053684397565.066,18685807.00551931,276174.0
2021-04-18,ETH,eth,671586.0,259391685368.7708,115620104.07112196,1396766.0
2021-04-18,USDC,usdc,42736.0,13136958491.64614,13139981631.26286,454484.0
2021-04-18,USDT,usdt,425487.0,50043697449.69184,49943408982.80325,1114004.0
2021-04-19,BTC,btc,884672.0,1042667048311.7,18686413.25551931,207290.0
2021-04-19,ETH,eth,714304.0,250767422737.01404,115634290.51837532,1476842.0
2021-04-19,USDC,usdc,39776.0,13285912296.267763,13282203139.620249,401932.0
2021-04-19,USDT,usdt,487061.0,51997091478.97711,51943408982.80325,1181524.0
2021-04-20,BTC,btc,1126908.0,1055348665899.2487,18687213.25551931,280365.0
2021-04-20,ETH,eth,765456.0,269288971632.49823,115648864.42610165,1555560.0
2021-04-20,USDC,usdc,48409.0,13470623187.874594,13470374793.670248,410588.0
2021-04-20,USDT,usdt,505681.0,51997536704.16452,51943408982.80325,1195924.0
2021-04-21,BTC,btc,918079.0,1009625741734.94,18687844.50551931,226747.0
2021-04-21,ETH,eth,769062.0,273427535736.55576,115663319.35665736,1565355.0
2021-04-21,USDC,usdc,48691.0,13535344083.909243,13531639035.620249,404052.0
2021-04-21,USDT,usdt,500589.0,51954721778.61527,51943408983.80325,1124420.0
2021-04-22,BTC,btc,1114976.0,969610235958.1946,18688738.25551931,269958.0
2021-04-22,ETH,eth,765288.0,279905680451.03577,115677594.6733434,1577266.0
2021-04-22,USDC,usdc,47654.0,13564265353.64648,13568926716.730247,471306.0
2021-04-22,USDT,usdt,401073.0,51951309391.122604,51943408983.80325,1056448.0
2021-04-23,BTC,btc,1114180.0,952325970164.5905,18689582.00551385,296653.0
2021-04-23,ETH,eth,752703.0,272700345641.16995,115691928.92185576,1537100.0
2021-04-23,USDC,usdc,53279.0,13717001673.56656,13709368403.460249,492816.0
2021-04-23,USDT,usdt,417606.0,51994543642.10585,51943408983.80325,1146025.0
2021-04-24,BTC,btc,1125210.0,939756772128.2933,18690487.98110839,291934.0
2021-04-24,ETH,eth,896809.0,258787233934.0595,115706336.77235287,1389103.0
2021-04-24,USDC,usdc,36405.0,14042507692.046398,14044671212.610245,496918.0
2021-04-24,USDT,usdt,316223.0,52000153894.57808,51943408983.80325,901062.0
2021-04-25,BTC,btc,1026103.0,914885342157.6127,18691369.23110839,241657.0
2021-04-25,ETH,eth,901912.0,266223290830.88727,115721254.91526663,1389350.0
2021-04-25,USDC,usdc,36732.0,14134007956.632036,14135037470.800243,508351.0
2021-04-25,USDT,usdt,324408.0,51997150254.05138,51943408983.80325,858536.0
2021-04-26,BTC,btc,943203.0,1008313501251.2382,18692081.63110839,241837.0
2021-04-26,ETH,eth,746504.0,292354997614.4536,115735622.8086386,1448466.0
2021-04-26,USDC,usdc,43201.0,14240518376.842125,14236778701.730244,561241.0
2021-04-26,USDT,usdt,409819.0,51984829526.38024,51943408983.80325,1041897.0
2021-04-27,BTC,btc,1092574.0,1028618591575.4897,18692969.13110839,297541.0
2021-04-27,ETH,eth,763976.0,306314914674.97174,115749991.94652195,1448293.0
2021-04-27,USDC,usdc,41590.0,14376720646.762972,14378915100.660244,524989.0
2021-04-27,USDT,usdt,391540.0,52000514189.36377,51943408983.80325,984434.0
2021-04-28,BTC,btc,1113474.0,1024187402746.428,18693856.63110839,276370.0
2021-04-28,ETH,eth,733612.0,317221220058.33405,115764423.2905686,1517604.0
2021-04-28,USDC,usdc,41108.0,14390103336.027752,14394635930.300243,554432.0
2021-04-28,USDT,usdt,366579.0,52492803870.60291,52443408983.80325,958428.0
2021-04-29,BTC,btc,986056.0,1001416180883.3396,18694619.13110839,256358.0
2021-04-29,ETH,eth,732181.0,319608177770.0839,115778785.439822,1530717.0
2021-04-29,USDC,usdc,46755.0,14630600678.611893,14630812748.640242,807044.0
2021-04-29,USDT,usdt,386273.0,52473699573.47512,52443408983.80325,966715.0
2021-04-30,BTC,btc,1122022.0,1079506639631.2823,18695525.38110838,292939.0
2021-04-30,ETH,eth,718365.0,320780430149.63416,115793084.26523468,1441230.0
2021-04-30,USDC,usdc,38226.0,14798721353.932928,14797476822.580242,768529.0
2021-04-30,USDT,usdt,404899.0,53504619959.67556,53443408983.80325,963104.0
2021-05-01,BTC,btc,1040203.0,1081840491823.9226,18696394.13110838,260173.0
2021-05-01,ETH,eth,805199.0,341553299412.55615,115807527.44558656,1427568.0
2021-05-01,USDC,usdc,32940.0,14854173126.719978,14854374326.100243,509989.0
2021-05-01,USDT,usdt,361383.0,53486957084.79972,53443408983.80325,857931.0
2021-05-02,BTC,btc,1248724.0,1057768979625.265,18697550.38110838,235137.0
2021-05-02,ETH,eth,769733.0,341961340071.94617,115821855.21815532,1417458.0
2021-05-02,USDC,usdc,33467.0,14834848773.354704,14832562768.800241,440579.0
2021-05-02,USDT,usdt,333888.0,53483484031.2323,53443408983.80325,802713.0
2021-05-03,BTC,btc,1268856.0,1070367974740.327,18698656.54793575,288071.0
2021-05-03,ETH,eth,770331.0,397393607999.9643,115836301.5524254,1488804.0
2021-05-03,USDC,usdc,38756.0,14796651226.427011,14802202982.290241,439946.0
2021-05-03,USDT,usdt,388267.0,54491479045.594635,54443408983.80325,916274.0
2021-05-04,BTC,btc,1293836.0,1004629436534.239,18699787.79793575,300350.0
2021-05-04,ETH,eth,783366.0,379398576174.061,115850730.5895827,1536119.0
2021-05-04,USDC,usdc,40995.0,15124810573.482555,15130798911.990242,463088.0
2021-05-04,USDT,usdt,455637.0,54468959393.37214,54443408983.80325,1042647.0
2021-05-05,BTC,btc,1208973.0,1072339978638.4128,18700769.04793575,309762.0
2021-05-05,ETH,eth,787176.0,408531934419.14014,115865209.48076296,1518877.0
2021-05-05,USDC,usdc,38519.0,15283918094.692871,15285866631.760242,440710.0
2021-05-05,USDT,usdt,442801.0,56498228366.47272,56443408983.80325,1058380.0
2021-05-06,BTC,btc,1228892.0,1057165033263.2084,18701831.54793575,310841.0
2021-05-06,ETH,eth,771567.0,405641461471.4884,115879579.08707862,1532197.0
2021-05-06,USDC,usdc,37990.0,15326467793.557938,15329915636.440243,437317.0
2021-05-06,USDT,usdt,489838.0,56477908607.28402,56443408983.80325,1141332.0
2021-05-07,BTC,btc,1187763.0,1072444644671.5032,18702906.54793575,306397.0
2021-05-07,ETH,eth,753950.0,403615942703.01306,115893926.52385236,1527890.0
2021-05-07,USDC,usdc,41372.0,15387094412.96845,15387860311.30024,435968.0
2021-05-07,USDT,usdt,504692.0,56489932735.8136,56443408983.80325,1254396.0
2021-05-08,BTC,btc,1169650.0,1098599047838.2188,18703975.29793575,275777.0
2021-05-08,ETH,eth,843893.0,450508612743.56635,115908314.84110685,1710882.0
2021-05-08,USDC,usdc,29512.0,15648960064.266169,15647430161.05024,418804.0
2021-05-08,USDT,usdt,593485.0,56521936313.6503,56443408983.80325,1349488.0
2021-05-09,BTC,btc,1234486.0,1090293033441.2048,18705137.79793575,246707.0
2021-05-09,ETH,eth,890714.0,453962679013.81714,115922686.76607051,1716600.0
2021-05-09,USDC,usdc,40039.0,15873430720.276209,15879194326.51024,418370.0
2021-05-09,USDT,usdt,572797.0,56501603787.893234,56443408983.80325,1260228.0
2021-05-10,BTC,btc,1315147.0,1045734857476.9222,18706262.79793575,305887.0
2021-05-10,ETH,eth,853625.0,458448519293.4827,115937200.49837314,1716489.0
2021-05-10,USDC,usdc,35126.0,15925313197.698515,15922505508.11024,486340.0
2021-05-10,USDT,usdt,838088.0,58498424350.39905,58443408983.80325,1777522.0
2021-05-11,BTC,btc,1258920.0,1059061727701.456,18707337.79793575,309496.0
2021-05-11,ETH,eth,864612.0,481868354039.0687,115951585.96528912,1716051.0
2021-05-11,USDC,usdc,29748.0,15968286425.134705,15962797165.85024,489924.0
2021-05-11,USDT,usdt,849068.0,58525944159.59418,58443408983.80325,1713750.0
2021-05-12,BTC,btc,1245595.0,953611860142.7771,18708412.79793575,301570.0
2021-05-12,ETH,eth,838261.0,461022908425.01294,115965952.7215982,1624077.0
2021-05-12,USDC,usdc,30979.0,16014699302.244596,16027284993.7397,532736.0
2021-05-12,USDT,usdt,727780.0,59428495671.27236,59443408983.80325,1552250.0
2021-05-13,BTC,btc,1187747.0,923658096009.8989,18709419.04793575,274151.0
2021-05-13,ETH,eth,878850.0,427638705839.8692,115980540.95333074,1588560.0
2021-05-13,USDC,usdc,46993.0,16199287095.48338,16200375821.5397,596117.0
2021-05-13,USDT,usdt,619139.0,59451337886.85886,59443408983.80325,1413581.0
2021-05-14,BTC,btc,1066269.0,935464104038.4888,18710256.54793575,267317.0
2021-05-14,ETH,eth,805756.0,474037688752.9072,115994948.52185516,1531689.0
2021-05-14,USDC,usdc,35007.0,16466768410.101727,16468573262.1997,534814.0
2021-05-14,USDT,usdt,612968.0,59497464617.29625,59443408983.80325,1382983.0
2021-05-15,BTC,btc,953308.0,880315632142.708,18711025.29793575,231360.0
2021-05-15,ETH,eth,768274.0,426056388086.0336,116009417.24242368,1472680.0
2021-05-15,USDC,usdc,31446.0,16664251268.829817,16670000897.8897,555323.0
2021-05-15,USDT,usdt,500169.0,59459713675.11053,59443408983.80325,1222198.0
2021-05-16,BTC,btc,971649.0,861166199739.012,18711850.29793575,219486.0
2021-05-16,ETH,eth,745202.0,413722726911.7529,116023820.11101766,1425115.0
2021-05-16,USDC,usdc,30021.0,16666521017.860529,16665643195.7097,575950.0
2021-05-16,USDT,usdt,455745.0,59463149024.71136,59443408983.80325,1136538.0
2021-05-17,BTC,btc,962984.0,813856084507.0173,18712606.54793575,252917.0
2021-05-17,ETH,eth,726563.0,380608795495.6198,116038195.75241923,1446627.0
2021-05-17,USDC,usdc,35943.0,16995092480.5852,16996755816.949696,613472.0
2021-05-17,USDT,usdt,518096.0,60470154997.98386,60443408983.80325,1280635.0
2021-05-18,BTC,btc,856695.0,800735611047.6813,18713231.54793575,220564.0
2021-05-18,ETH,eth,687605.0,390893107166.11835,116052641.8059586,1425053.0
2021-05-18,USDC,usdc,31683.0,17118901388.674032,17130520960.739697,595903.0
2021-05-18,USDT,usdt,510953.0,60484113433.57994,60443408983.80325,1219298.0
2021-05-19,BTC,btc,1031147.0,704442601059.3656,18714012.79793575,264932.0
2021-05-19,ETH,eth,793162.0,294315407960.5034,116067043.50243,1461174.0
2021-05-19,USDC,usdc,49967.0,17740385046.085934,17771964955.979694,863243.0
2021-05-19,USDT,usdt,540727.0,60566403478.63216,60443408983.80325,1499264.0
2021-05-20,BTC,btc,943686.0,763549093519.3398,18714712.79793575,226451.0
2021-05-20,ETH,eth,764072.0,322465830669.5401,116081539.07477143,1459146.0
2021-05-20,USDC,usdc,39548.0,18599070993.02054,18602207469.039696,647772.0
2021-05-20,USDT,usdt,478902.0,60560667819.5035,60443408983.80325,1273699.0
2021-05-21,BTC,btc,942736.0,695732487370.7543,18715400.29793575,225921.0
2021-05-21,ETH,eth,697499.0,280253633151.00726,116095876.5972846,1367394.0
2021-05-21,USDC,usdc,37596.0,19701718062.35519,19702077939.56342,778491.0
2021-05-21,USDT,usdt,434793.0,60548344111.40663,60443408983.80325,1241871.0
2021-05-22,BTC,btc,918673.0,704538961588.9666,18716125.29793575,221219.0
2021-05-22,ETH,eth,686947.0,269473781561.84692,116110341.91460145,1283663.0
2021-05-22,USDC,usdc,35895.0,20055403211.413155,20067278298.11342,472420.0
2021-05-22,USDT,usdt,356459.0,61511443283.74801,61443408983.80325,894235.0
2021-05-23,BTC,btc,957018.0,650864282818.4021,18716869.04793575,195260.0
2021-05-23,ETH,eth,751221.0,244512106465.54172,116124754.461518,1264253.0
2021-05-23,USDC,usdc,36441.0,20616740846.915615,20612983459.56342,547461.0
2021-05-23,USDT,usdt,360190.0,61536948009.250984,61443408983.80325,1009762.0
2021-05-24,BTC,btc,975836.0,723070720338.2714,18717656.29293575,236897.0
2021-05-24,ETH,eth,693847.0,305001169847.08673,116139224.89039916,1312739.0
2021-05-24,USDC,usdc,37795.0,20914698397.211452,20922405574.282867,492839.0
2021-05-24,USDT,usdt,618678.0,62518744091.86359,62443408983.80325,1236222.0
2021-05-25,BTC,btc,968674.0,716349841273.0486,18718425.04293575,232254.0
2021-05-25,ETH,eth,652514.0,313217954899.5232,116153503.2716966,1289446.0
2021-05-25,USDC,usdc,33248.0,21103009534.58795,21101789563.82287,526310.0
2021-05-25,USDT,usdt,373890.0,62505500943.3257,62443408983.80325,1007091.0
2021-05-26,BTC,btc,933622.0,733695914430.8075,18719187.54293575,228063.0
2021-05-26,ETH,eth,685336.0,333253006663.9831,116167859.2011944,1326432.0
2021-05-26,USDC,usdc,37857.0,21712842237.501846,21728834064.70287,489432.0
2021-05-26,USDT,usdt,391072.0,62526240877.477806,62443408983.80325,1014836.0
2021-05-27,BTC,btc,864432.0,720920116468.6368,18719918.79293575,217523.0
2021-05-27,ETH,eth,720290.0,318699807057.73645,116182209.1447829,1291385.0
2021-05-27,USDC,usdc,34504.0,22102841091.264034,22110102291.192867,446320.0
2021-05-27,USDT,usdt,331191.0,62504525059.7745,62443408983.80325,896955.0
2021-05-28,BTC,btc,972164.0,666394144397.1611,18720662.54293575,217451.0
2021-05-28,ETH,eth,644047.0,280650177206.9773,116196674.676151,1305078.0
2021-05-28,USDC,usdc,34137.0,22291412157.187183,22282384301.00287,473021.0
2021-05-28,USDT,usdt,346156.0,63463496553.86909,63443408983.80325,974222.0
2021-05-29,BTC,btc,863265.0,649291762343.003,18721387.54293575,192912.0
2021-05-29,ETH,eth,794192.0,265990903596.22772,116211179.68621004,1293425.0
2021-05-29,USDC,usdc,31201.0,22390398643.398994,22391175347.52287,428500.0
2021-05-29,USDT,usdt,608303.0,63486217525.9845,63443408983.80325,1144283.0
2021-05-30,BTC,btc,990443.0,667490155247.0142,18722287.54293575,182281.0
2021-05-30,ETH,eth,734624.0,277978165597.6894,116225596.97858672,1280282.0
2021-05-30,USDC,usdc,26929.0,22599536802.890553,22598448716.992867,394273.0
2021-05-30,USDT,usdt,931544.0,63477099992.47441,63443408983.80325,1434198.0
2021-05-31,BTC,btc,977895.0,698617127163.4668,18723168.79293575,229620.0
2021-05-31,ETH,eth,733140.0,313756612486.7813,116239971.8185434,1297889.0
2021-05-31,USDC,usdc,28632.0,22807066825.212,22810926591.832867,441002.0
2021-05-31,USDT,usdt,352541.0,64464446687.20615,64443408983.80325,892203.0
2021-06-01,BTC,btc,914351.0,686449707666.8109,18724056.29293575,231423.0
2021-06-01,ETH,eth,677920.0,305307516839.5111,116254412.02208716,1274354.0
2021-06-01,USDC,usdc,30797.0,22830749748.004463,22834797998.32287,428891.0
2021-06-01,USDT,usdt,375225.0,64437737135.200745,64443408983.80325,944622.0
2021-06-02,BTC,btc,1090605.0,704802337797.4122,18725093.79293575,252343.0
2021-06-02,ETH,eth,648077.0,315456282852.2753,116268962.4680578,1314178.0
2021-06-02,USDC,usdc,34770.0,22916501675.670704,22917078181.262867,387604.0
2021-06-02,USDT,usdt,433392.0,64452598666.65452,64443408983.80325,969000.0
2021-06-03,BTC,btc,1015474.0,733313467820.9949,18726012.54293575,253523.0
2021-06-03,ETH,eth,683741.0,332407619081.8725,116283321.55685912,1337711.0
2021-06-03,USDC,usdc,34011.0,22977331309.58434,22978770898.07287,398808.0
2021-06-03,USDT,usdt,413328.0,64452897343.587395,64443408983.80325,977875.0
2021-06-04,BTC,btc,907519.0,690727440913.3344,18726831.29293575,235300.0
2021-06-04,ETH,eth,711636.0,312757374481.50543,116297921.33678068,1301803.0
2021-06-04,USDC,usdc,34822.0,22952829678.26481,22963265325.892868,418783.0
2021-06-04,USDT,usdt,411018.0,64485159348.75044,64443408983.80325,1040851.0
2021-06-05,BTC,btc,762659.0,663137983379.5408,18727650.0429314,192819.0
2021-06-05,ETH,eth,826004.0,302990056642.4116,116312277.72619916,1176676.0
2021-06-05,USDC,usdc,23852.0,23002655703.892887,23007367623.942867,387842.0
2021-06-05,USDT,usdt,341547.0,64465830469.11497,64443408983.80325,845193.0
2021-06-06,BTC,btc,737174.0,668996465742.4116,18728587.5429314,188480.0
2021-06-06,ETH,eth,801579.0,314791964111.42474,116326866.63781676,1134526.0
2021-06-06,USDC,usdc,22444.0,23087431828.839554,23090248542.47287,336545.0
2021-06-06,USDT,usdt,296853.0,64462252183.860596,64443408983.80325,697729.0
2021-06-07,BTC,btc,910652.0,631647921036.1149,18729418.7929314,237064.0
2021-06-07,ETH,eth,655320.0,302505824025.3855,116341274.1182905,1225549.0
2021-06-07,USDC,usdc,31551.0,23196738836.432007,23196890082.75287,396273.0
2021-06-07,USDT,usdt,358325.0,64460330638.989426,64438885596.29984,870249.0
2021-06-08,BTC,btc,998834.0,626999384040.2214,18730350.0429314,245071.0
2021-06-08,ETH,eth,614894.0,293106829361.7027,116355745.59876268,1221063.0
2021-06-08,USDC,usdc,34972.0,23250758297.930843,23255814290.207516,466400.0
2021-06-08,USDT,usdt,375741.0,64496153575.07363,64438885596.29984,1009130.0
2021-06-09,BTC,btc,817282.0,700038595389.863,18731137.5429314,213689.0
2021-06-09,ETH,eth,626011.0,303217707297.0373,116370159.52094495,1194275.0
2021-06-09,USDC,usdc,29052.0,23389662687.07369,23391649397.787518,417719.0
2021-06-09,USDT,usdt,378714.0,64475691460.77434,64438885596.29984,937269.0
2021-06-10,BTC,btc,948298.0,689820071889.26,18731875.0429314,252966.0
2021-06-10,ETH,eth,653958.0,288794342352.6786,116384533.71310613,1188556.0
2021-06-10,USDC,usdc,30937.0,23337564818.158447,23342384433.847515,387184.0
2021-06-10,USDT,usdt,353196.0,64464860116.4253,64438885596.29984,878137.0
2021-06-11,BTC,btc,874050.0,696576540388.2318,18732531.2929314,212379.0
2021-06-11,ETH,eth,612641.0,272959286750.81235,116398989.141472,1183286.0
2021-06-11,USDC,usdc,31735.0,23571146265.319447,23566090908.367516,378109.0
2021-06-11,USDT,usdt,358820.0,64444922363.67133,64438885596.29984,936022.0
2021-06-12,BTC,btc,1013611.0,668203294293.8063,18733356.2929314,223896.0
2021-06-12,ETH,eth,689502.0,277161699942.1983,116413392.37091751,1131777.0
2021-06-12,USDC,usdc,25275.0,23692051843.495213,23693459356.807514,373294.0
2021-06-12,USDT,usdt,305152.0,64451743545.48377,64438885596.29984,801283.0
2021-06-13,BTC,btc,799859.0,729235864486.0723,18734181.2929314,182420.0
2021-06-13,ETH,eth,668513.0,291610564458.41095,116427838.025454,1124736.0
2021-06-13,USDC,usdc,24483.0,23779801252.71667,23781292250.366535,334888.0
2021-06-13,USDT,usdt,269395.0,64446827660.70344,64438885596.29984,709015.0
2021-06-14,BTC,btc,972587.0,757936603874.648,18735025.0429314,248537.0
2021-06-14,ETH,eth,632306.0,300077164363.5303,116442357.35029544,1188556.0
2021-06-14,USDC,usdc,37924.0,23863819224.537186,23856294078.376537,370700.0
2021-06-14,USDT,usdt,322557.0,64460344197.14166,64438885596.29984,789472.0
2021-06-15,BTC,btc,963054.0,754204861841.724,18735843.7929314,242092.0
2021-06-15,ETH,eth,624917.0,297284436547.3074,116456950.51199466,1224101.0
2021-06-15,USDC,usdc,34070.0,23966099386.600216,23962806459.306538,363809.0
2021-06-15,USDT,usdt,335235.0,64442077938.613464,64438885596.29984,861760.0
2021-06-16,BTC,btc,954838.0,716966667412.6796,18736612.5429314,254125.0
2021-06-16,ETH,eth,587775.0,274988669633.8022,116471300.73756751,1201109.0
2021-06-16,USDC,usdc,33722.0,24075672982.71391,24079842101.906536,393891.0
2021-06-16,USDT,usdt,332549.0,64428884688.78762,64438885596.29984,861722.0
2021-06-17,BTC,btc,865333.0,712371477843.3572,18737425.0429314,236736.0
2021-06-17,ETH,eth,584095.0,275883697418.4274,116485824.13200267,1218956.0
2021-06-17,USDC,usdc,35511.0,24064536856.483143,24066890402.596535,367564.0
2021-06-17,USDT,usdt,377129.0,64441476559.230064,64438885596.29984,903217.0
2021-06-18,BTC,btc,825241.0,669221924126.847,18738200.0429314,224077.0
2021-06-18,ETH,eth,575623.0,259163370250.25247,116500155.31308654,1170182.0
2021-06-18,USDC,usdc,34535.0,24303773623.61823,24299467475.456043,359043.0
2021-06-18,USDT,usdt,358461.0,64467654451.64178,64438885596.29984,945014.0
2021-06-19,BTC,btc,688095.0,666277887602.3289,18738843.7929314,182467.0
2021-06-19,ETH,eth,577194.0,253390754860.92688,116514637.06141576,1050189.0
2021-06-19,USDC,usdc,26607.0,24447428829.586773,24454445962.675243,332036.0
2021-06-19,USDT,usdt,292078.0,64454066772.564766,64438885596.29984,774480.0
2021-06-20,BTC,btc,652470.0,667125112359.2637,18739500.0429314,168027.0
2021-06-20,ETH,eth,640273.0,261335606239.54117,116529123.24793904,1057288.0
2021-06-20,USDC,usdc,26829.0,24519538823.757244,24522061213.295242,350125.0
2021-06-20,USDT,usdt,294100.0,64429597508.651794,64438885596.29984,780088.0
2021-06-21,BTC,btc,835557.0,594347052677.048,18740156.2929314,208474.0
2021-06-21,ETH,eth,642471.0,221478198093.15665,116543361.82754622,1209567.0
2021-06-21,USDC,usdc,34570.0,25094985257.714497,25090360782.095245,455843.0
2021-06-21,USDT,usdt,379509.0,64426064630.742874,64438885596.29984,1025510.0
2021-06-22,BTC,btc,776432.0,607097459293.3572,18740725.0429314,196802.0
2021-06-22,ETH,eth,664525.0,217686296797.16077,116557893.96754238,1297644.0
2021-06-22,USDC,usdc,39053.0,25230527084.81613,25224340560.345245,530046.0
2021-06-22,USDT,usdt,425209.0,64458219973.60892,64438885596.29984,1164239.0
2021-06-23,BTC,btc,847730.0,629906295954.398,18741356.2929314,233460.0
2021-06-23,ETH,eth,627659.0,228727785443.85547,116572353.40221529,1201974.0
2021-06-23,USDC,usdc,32620.0,25522569755.53832,25521666516.605244,418521.0
2021-06-23,USDT,usdt,318992.0,64451056486.10893,64438885596.29984,898964.0
2021-06-24,BTC,btc,843836.0,649578904366.7177,18742012.5429314,226845.0
2021-06-24,ETH,eth,655167.0,231618827240.60464,116586731.84694088,1207012.0
2021-06-24,USDC,usdc,31045.0,25623351413.76802,25629412584.355244,347103.0
2021-06-24,USDT,usdt,338125.0,64440550838.71132,64438885596.29984,855759.0
2021-06-25,BTC,btc,880813.0,593834396795.6212,18742700.0429314,223011.0
2021-06-25,ETH,eth,630078.0,211962715229.16257,116600966.56847271,1227331.0
2021-06-25,USDC,usdc,29279.0,25795796188.076134,25795873195.755245,406998.0
2021-06-25,USDT,usdt,334575.0,64440845803.84961,64438885596.29984,943677.0
2021-06-26,BTC,btc,715801.0,597735121992.122,18743256.2929314,180868.0
2021-06-26,ETH,eth,681695.0,210138253215.55353,116615438.33765444,1150460.0
2021-06-26,USDC,usdc,27324.0,25870424416.851814,25853640817.645245,417375.0
2021-06-26,USDT,usdt,304659.0,64437091815.07131,64438885596.29984,826175.0
2021-06-27,BTC,btc,518219.0,646776516888.432,18743618.7929314,123967.0
2021-06-27,ETH,eth,707381.0,229122056912.11487,116629931.54232208,1104703.0
2021-06-27,USDC,usdc,23780.0,25978805002.087605,25969724547.345245,416357.0
2021-06-27,USDT,usdt,270166.0,64450500601.85918,64438885596.29984,734623.0
2021-06-28,BTC,btc,776365.0,644353080432.3312,18744168.7929314,215492.0
2021-06-28,ETH,eth,819820.0,242536413262.3601,116644515.1039678,1404100.0
2021-06-28,USDC,usdc,29165.0,25394050257.898495,25395143642.725243,380596.0
2021-06-28,USDT,usdt,313351.0,64450942936.58236,64438885596.29984,824858.0
2021-06-29,BTC,btc,792995.0,673569017034.0326,18744731.2929314,207236.0
2021-06-29,ETH,eth,675964.0,253148736651.3454,116658929.08032714,1264320.0
2021-06-29,USDC,usdc,37425.0,25343286538.408894,25351861304.065243,401553.0
2021-06-29,USDT,usdt,342044.0,64444529553.86608,64438885596.29984,862790.0
2021-06-30,BTC,btc,790273.0,657312026712.5096,18745281.2929314,217133.0
2021-06-30,ETH,eth,624034.0,265113480439.28055,116673454.45827474,1212214.0
2021-06-30,USDC,usdc,29174.0,25229612420.99607,25229531097.165245,395944.0
2021-06-30,USDT,usdt,340182.0,64452218419.77248,64438885596.29984,843091.0
2021-07-01,BTC,btc,817115.0,628082261641.4985,18745881.2929314,232056.0
2021-07-01,ETH,eth,614828.0,246742819216.4171,116687763.04057224,1211710.0
2021-07-01,USDC,usdc,26743.0,25347337703.340183,25338410465.775246,350800.0
2021-07-01,USDT,usdt,395256.0,64448775289.300735,64438885596.29984,998930.0
2021-07-02,BTC,btc,809016.0,633310097345.0289,18746443.7929314,189904.0
2021-07-02,ETH,eth,629288.0,250909823734.99933,116702258.53977641,1181574.0
2021-07-02,USDC,usdc,28151.0,25542650251.676727,25545686990.695244,335820.0
2021-07-02,USDT,usdt,359566.0,64445996884.91301,64438885596.29984,909276.0
2021-07-03,BTC,btc,1027108.0,648433656983.6083,18747237.5429314,234315.0
2021-07-03,ETH,eth,654247.0,258632841276.4638,116716667.7245416,1122543.0
2021-07-03,USDC,usdc,25047.0,25585025194.518044,25586759619.955242,289870.0
2021-07-03,USDT,usdt,292501.0,64455779421.45842,64436885596.29984,707502.0
2021-07-04,BTC,btc,843475.0,662845391401.1702,18747956.2929314,169312.0
2021-07-04,ETH,eth,653685.0,271507121938.9128,116731191.96089154,1105343.0
2021-07-04,USDC,usdc,51913.0,25593904730.278625,25596087924.195244,297399.0
2021-07-04,USDT,usdt,301995.0,64443230727.599075,64436885596.29984,713823.0
2021-07-05,BTC,btc,902032.0,635804056014.2148,18748781.2929314,223372.0
2021-07-05,ETH,eth,618615.0,259015725479.84265,116745686.3753758,1147895.0
2021-07-05,USDC,usdc,53104.0,25596086809.80323,25601851684.125244,349893.0
2021-07-05,USDT,usdt,343988.0,64447084735.49562,64436885596.29984,800449.0
2021-07-06,BTC,btc,853332.0,639813352297.7609,18749668.7929314,232857.0
2021-07-06,ETH,eth,582960.0,270662641523.6385,116760221.19986784,1355421.0
2021-07-06,USDC,usdc,70832.0,25755346757.486465,25753292219.595245,372915.0
2021-07-06,USDT,usdt,447403.0,64442157181.29986,64436885596.29984,974376.0
2021-07-07,BTC,btc,811614.0,636232696006.573,18750437.5429314,220912.0
2021-07-07,ETH,eth,588423.0,270576226190.3131,116774681.64956592,1290979.0
2021-07-07,USDC,usdc,58305.0,25866152026.037758,25865869752.065243,340692.0
2021-07-07,USDT,usdt,392869.0,64453178713.26455,64436885596.29984,912676.0
2021-07-08,BTC,btc,802085.0,615411488299.4403,18751306.2929314,228850.0
2021-07-08,ETH,eth,588538.0,247467522266.4052,116789221.14830408,1262627.0
2021-07-08,USDC,usdc,63432.0,26010706338.11165,26005634832.655125,369080.0
2021-07-08,USDT,usdt,346996.0,64437517725.53692,64436885596.29984,881161.0
2021-07-09,BTC,btc,818441.0,635976090720.0261,18752125.0429314,223467.0
2021-07-09,ETH,eth,593720.0,251568607064.88016,116803637.54422776,1223691.0
2021-07-09,USDC,usdc,60888.0,26155504677.979137,26155376827.575123,333973.0
2021-07-09,USDT,usdt,350614.0,64428759769.84893,64436885596.29984,902128.0
2021-07-10,BTC,btc,726034.0,630310480192.5748,18753131.2929314,193966.0
2021-07-10,ETH,eth,544549.0,247311563995.4488,116818182.07613836,1139265.0
2021-07-10,USDC,usdc,49236.0,26171415514.867542,26163712357.525124,303004.0
2021-07-10,USDT,usdt,304745.0,64439430341.351746,64436885596.29984,761204.0
2021-07-11,BTC,btc,690684.0,642479813682.0225,18753912.5429314,160653.0
2021-07-11,ETH,eth,578124.0,250044331347.50507,116832614.90643746,1101766.0
2021-07-11,USDC,usdc,30261.0,26183353651.61033,26182717881.225124,276114.0
2021-07-11,USDT,usdt,284425.0,64437461799.89401,64436885596.29984,716205.0
2021-07-12,BTC,btc,838472.0,621441410376.5197,18754700.04292919,225239.0
2021-07-12,ETH,eth,551183.0,237553540113.68024,116846964.44991772,1191465.0
2021-07-12,USDC,usdc,61482.0,26464333217.666313,26463732613.785126,309866.0
2021-07-12,USDT,usdt,321285.0,64436665283.16091,64436885596.29984,786467.0
2021-07-13,BTC,btc,807050.0,612218213636.9441,18755550.04292919,227411.0
2021-07-13,ETH,eth,564378.0,226668781430.43225,116861247.20790808,1183412.0
2021-07-13,USDC,usdc,58975.0,26578727096.9005,26572979624.275124,336533.0
2021-07-13,USDT,usdt,296921.0,64436981178.30754,64436885596.29984,761345.0
2021-07-14,BTC,btc,817900.0,615184714795.5363,18756612.54292919,235584.0
2021-07-14,ETH,eth,588607.0,232868067134.8004,116875705.389436,1223130.0
2021-07-14,USDC,usdc,35240.0,26773614792.27084,26771451372.575123,331435.0
2021-07-14,USDT,usdt,303557.0,64446788614.03712,64436885596.29984,799102.0
2021-07-15,BTC,btc,828844.0,594754222803.969,18757412.54292917,224713.0
2021-07-15,ETH,eth,602431.0,223596325948.16748,116890234.65779744,1259972.0
2021-07-15,USDC,usdc,27970.0,26442507070.986423,26439750203.405125,324458.0
2021-07-15,USDT,usdt,305300.0,64430953712.109184,64436885596.29984,787846.0
2021-07-16,BTC,btc,764392.0,590057361252.4622,18758350.04292917,223179.0
2021-07-16,ETH,eth,568019.0,219559408476.26547,116904595.85600552,1199018.0
2021-07-16,USDC,usdc,28410.0,26540121299.024654,26530860772.205124,310680.0
2021-07-16,USDT,usdt,349971.0,64451715018.7362,64436885596.29984,875473.0
2021-07-17,BTC,btc,640355.0,591815707709.5931,18759243.79292917,181727.0
2021-07-17,ETH,eth,546153.0,221791231542.43527,116918920.59426951,1164624.0
2021-07-17,USDC,usdc,23503.0,26674312672.42196,26669854410.945126,285113.0
2021-07-17,USDT,usdt,267969.0,64453036997.30841,64436885596.29984,684768.0
2021-07-18,BTC,btc,651828.0,594841083620.5983,18760143.79292917,163158.0
2021-07-18,ETH,eth,533205.0,221318343722.37848,116933342.17758258,1168843.0
2021-07-18,USDC,usdc,20116.0,26736314804.074787,26732389594.215122,271205.0
2021-07-18,USDT,usdt,270578.0,64449318594.60615,64436885596.29984,668859.0
2021-07-19,BTC,btc,845474.0,579411146950.4635,18761206.29292917,228590.0
2021-07-19,ETH,eth,581805.0,213103316946.52087,116947788.48572627,1195218.0
2021-07-19,USDC,usdc,28922.0,26752505417.071117,26747092518.865112,312187.0
2021-07-19,USDT,usdt,307557.0,64437143193.201035,64436885596.29984,759906.0
2021-07-20,BTC,btc,822257.0,558481103180.4249,18761968.79292917,228207.0
2021-07-20,ETH,eth,586375.0,208816452231.7488,116962124.48972888,1192750.0
2021-07-20,USDC,usdc,33361.0,26867380482.898613,26864815702.21512,326429.0
2021-07-20,USDT,usdt,309746.0,64443007348.224174,64436885596.29984,772493.0
2021-07-21,BTC,btc,815589.0,602657114950.0178,18762875.04292917,237007.0
2021-07-21,ETH,eth,600059.0,232256221737.06393,116976657.45651492,1195171.0
2021-07-21,USDC,usdc,31173.0,26966874424.70765,26965030238.98512,327113.0
2021-07-21,USDT,usdt,325537.0,64441373544.41152,64436885596.29984,779131.0
2021-07-22,BTC,btc,780869.0,606202373832.865,18763831.29292371,223683.0
2021-07-22,ETH,eth,590183.0,236429941777.51172,116991109.15237498,1202844.0
2021-07-22,USDC,usdc,27744.0,27024498500.88003,27027191945.72412,300602.0
2021-07-22,USDT,usdt,282048.0,64440322584.490135,64436885596.29984,739285.0
2021-07-23,BTC,btc,803246.0,627483146930.4396,18764675.04290733,234138.0
2021-07-23,ETH,eth,612742.0,247199327175.88943,117005454.70649765,1203397.0
2021-07-23,USDC,usdc,26825.0,27096448741.910625,27095379634.98412,284908.0
2021-07-23,USDT,usdt,294765.0,64460143719.35062,64436855765.15699,760720.0
2021-07-24,BTC,btc,712132.0,641163936367.4471,18765637.54290733,196325.0
2021-07-24,ETH,eth,627527.0,255026165930.39587,117020018.86075331,1225509.0
2021-07-24,USDC,usdc,25152.0,27115737068.762836,27103956565.66412,278685.0
2021-07-24,USDT,usdt,297680.0,64479273760.778046,64436855765.15699,718033.0
2021-07-25,BTC,btc,641796.0,659081599893.7745,18766593.79290733,172110.0
2021-07-25,ETH,eth,566614.0,256006429055.66943,117034456.38313147,1128848.0
2021-07-25,USDC,usdc,21567.0,27155921074.13639,27152065638.09412,276410.0
2021-07-25,USDT,usdt,352182.0,64482254411.06048,64436855765.15699,776431.0
2021-07-26,BTC,btc,958347.0,702746127516.1979,18767531.29289095,269826.0
2021-07-26,ETH,eth,651897.0,262324968301.82965,117048786.70318076,1260619.0
2021-07-26,USDC,usdc,34650.0,27224174908.484673,27237725837.62412,377020.0
2021-07-26,USDT,usdt,378454.0,64456705274.247734,64436855765.15699,958661.0
2021-07-27,BTC,btc,903400.0,734350141187.4904,18768593.79284727,251334.0
2021-07-27,ETH,eth,731645.0,267632857072.80353,117063018.9592832,1318124.0
2021-07-27,USDC,usdc,33265.0,27301873497.16283,27292123104.78412,332132.0
2021-07-27,USDT,usdt,349383.0,64456034259.81626,64436855765.15699,849333.0
2021-07-28,BTC,btc,868607.0,749641699745.6102,18769575.04284727,255513.0
2021-07-28,ETH,eth,691120.0,268930143892.36816,117077263.4655951,1300283.0
2021-07-28,USDC,usdc,30824.0,27385881114.49604,27386632688.29412,337049.0
2021-07-28,USDT,usdt,337279.0,64452843449.154686,64436855765.15699,852229.0
2021-07-29,BTC,btc,880689.0,752440356957.7416,18770575.04284181,261353.0
2021-07-29,ETH,eth,628698.0,279199513887.51984,117091581.46835506,1259128.0
2021-07-29,USDC,usdc,29139.0,27325374747.79288,27325441152.83412,315330.0
2021-07-29,USDT,usdt,352420.0,64451393789.37148,64436855765.15699,854565.0
2021-07-30,BTC,btc,841162.0,784459439060.8488,18771612.54282543,250833.0
2021-07-30,ETH,eth,625795.0,287061940958.2851,117105795.34266844,1242337.0
2021-07-30,USDC,usdc,30296.0,27401650473.140736,27399939466.63412,347198.0
2021-07-30,USDT,usdt,444544.0,64471951820.24522,64436855765.15699,1025006.0
2021-07-31,BTC,btc,720022.0,784569163457.408,18772600.04282543,204354.0
2021-07-31,ETH,eth,615234.0,297997364391.88495,117120047.30594236,1212322.0
2021-07-31,USDC,usdc,29698.0,27417996097.804123,27423818617.81412,320646.0
2021-07-31,USDT,usdt,337122.0,64577192771.931854,64536855766.04499,824473.0
2021-08-01,BTC,btc,695892.0,750359938437.9125,18773562.54282542,190234.0
2021-08-01,ETH,eth,609619.0,300301563867.27374,117134285.50042568,1190618.0
2021-08-01,USDC,usdc,25092.0,27455458303.16367,27459322143.13412,326362.0
2021-08-01,USDT,usdt,326505.0,64559240172.67167,64536855766.04499,822879.0
2021-08-02,BTC,btc,899861.0,737914727506.0829,18774456.29282542,236019.0
2021-08-02,ETH,eth,647157.0,306817250236.9337,117148700.72877868,1269470.0
2021-08-02,USDC,usdc,31199.0,27475006443.374638,27463699012.65412,348245.0
2021-08-02,USDT,usdt,397043.0,64546922082.23062,64536855766.04499,944820.0
2021-08-03,BTC,btc,820918.0,718892321501.2462,18775512.5428145,246833.0
2021-08-03,ETH,eth,597708.0,294420747945.8123,117163021.34219348,1219663.0
2021-08-03,USDC,usdc,30239.0,27510355369.59197,27507888006.354095,349534.0
2021-08-03,USDT,usdt,493486.0,64535428260.58428,64536855766.04499,1057994.0
2021-08-04,BTC,btc,842870.0,746809379233.0635,18776362.5428145,237723.0
2021-08-04,ETH,eth,605814.0,319652053694.4101,117177330.52634244,1223841.0
2021-08-04,USDC,usdc,34010.0,27582751712.14122,27596279190.764095,316940.0
2021-08-04,USDT,usdt,416471.0,64535545075.68786,64536855766.04499,931045.0
2021-08-05,BTC,btc,854629.0,768776213304.4016,18777362.54279812,249454.0
2021-08-05,ETH,eth,527820.0,331120625715.1732,117188634.89946702,1159663.0
2021-08-05,USDC,usdc,26878.0,27674384889.247063,27678190477.394096,313619.0
2021-08-05,USDT,usdt,380418.0,63564116596.9041,63535965039.9242,925548.0
2021-08-06,BTC,btc,894265.0,803532575810.0215,18778356.29279812,258639.0
2021-08-06,ETH,eth,528548.0,338474970296.6238,117199084.34708558,1212021.0
2021-08-06,USDC,usdc,30631.0,27620132946.290108,27618652911.183098,328333.0
2021-08-06,USDT,usdt,438637.0,63554695338.44326,63535965039.9242,1033142.0
2021-08-07,BTC,btc,724467.0,835399743972.484,18779400.04279812,207621.0
2021-08-07,ETH,eth,515004.0,368434278847.32654,117209578.08728096,1198433.0
2021-08-07,USDC,usdc,28223.0,27708396049.654808,27688531292.943096,358375.0
2021-08-07,USDT,usdt,406445.0,63591129779.515495,63535965039.9242,989708.0
2021-08-08,BTC,btc,740945.0,825816854268.8342,18780387.54279812,197270.0
2021-08-08,ETH,eth,528091.0,354865825056.6812,117220027.38546357,1184278.0
2021-08-08,USDC,usdc,27312.0,27766834318.553616,27767443466.433098,323197.0
2021-08-08,USDT,usdt,357372.0,64577751643.52713,64535965039.9242,874776.0
2021-08-09,BTC,btc,934412.0,868930647608.3951,18781337.54278174,254532.0
2021-08-09,ETH,eth,515125.0,370245331176.7727,117230453.08235112,1218594.0
2021-08-09,USDC,usdc,30040.0,27852535003.21896,27843858484.133095,331098.0
2021-08-09,USDT,usdt,425009.0,64538345025.22961,64535965039.9242,1001438.0
2021-08-10,BTC,btc,875882.0,854387253428.6327,18782368.79278174,259626.0
2021-08-10,ETH,eth,521466.0,368335120580.3573,117239815.15470172,1212289.0
2021-08-10,USDC,usdc,29595.0,27953608939.528362,27960057661.853065,378419.0
2021-08-10,USDT,usdt,416095.0,64552358570.620384,64535965039.9242,977395.0
2021-08-11,BTC,btc,866724.0,857951571939.9672,18783287.54277628,261571.0
2021-08-11,ETH,eth,524067.0,371510944633.9413,117249032.40598968,1234409.0
2021-08-11,USDC,usdc,32118.0,27907051526.406895,27912554309.253063,392327.0
2021-08-11,USDT,usdt,454688.0,64567883374.05367,64535965039.9242,1045344.0
2021-08-12,BTC,btc,842547.0,834127847703.9298,18784231.29277628,252677.0
2021-08-12,ETH,eth,527452.0,356239367015.8738,117258773.03591564,1195283.0
2021-08-12,USDC,usdc,34750.0,27827030888.295597,27825917285.793076,387251.0
2021-08-12,USDT,usdt,436102.0,64564154319.2792,64535965039.9242,993197.0
2021-08-13,BTC,btc,917929.0,896378630903.7489,18785118.79277628,256053.0
2021-08-13,ETH,eth,522902.0,388919007596.465,117268649.78844573,1197050.0
2021-08-13,USDC,usdc,30230.0,27818775007.964897,27819128166.003075,368529.0
2021-08-13,USDT,usdt,456072.0,64560767444.67653,64535965039.9242,957960.0
2021-08-14,BTC,btc,724702.0,885282092633.6992,18786143.79277628,211657.0
2021-08-14,ETH,eth,500097.0,383381125747.9592,117279101.70056888,1159942.0
2021-08-14,USDC,usdc,26452.0,27823768046.30395,27820826790.953075,320466.0
2021-08-14,USDT,usdt,441457.0,64582294394.60482,64535965039.9242,942140.0
2021-08-15,BTC,btc,750378.0,884399444211.284,18787281.29277628,181221.0
2021-08-15,ETH,eth,490025.0,388309546924.6942,117288287.67543928,1125295.0
2021-08-15,USDC,usdc,24773.0,27827609378.12801,27829293274.523075,331047.0
2021-08-15,USDT,usdt,445762.0,65587687126.652115,65535965039.9242,916063.0
2021-08-16,BTC,btc,978773.0,863974140187.8444,18788287.54277082,270372.0
2021-08-16,ETH,eth,542706.0,370401146304.34344,117298187.10896938,1253968.0
2021-08-16,USDC,usdc,32202.0,27726720113.732346,27725926993.893078,506485.0
2021-08-16,USDT,usdt,468779.0,65552960725.72643,65535965039.9242,1138835.0
2021-08-17,BTC,btc,953226.0,840149375514.8033,18789362.54277082,254546.0
2021-08-17,ETH,eth,530631.0,354338959205.5842,117308585.75165132,1252163.0
2021-08-17,USDC,usdc,31280.0,27756627106.18682,27756291263.333076,564745.0
2021-08-17,USDT,usdt,403637.0,65534144549.63641,65535965039.9242,1043494.0
2021-08-18,BTC,btc,876483.0,844701768564.8572,18790206.29276536,247197.0
2021-08-18,ETH,eth,513849.0,356805254344.3853,117319205.92061593,1201544.0
2021-08-18,USDC,usdc,31674.0,27748497006.139954,27745786643.323074,568391.0
2021-08-18,USDT,usdt,384324.0,65555446572.67604,65535965039.9242,1025649.0
2021-08-19,BTC,btc,888796.0,876549048192.0912,18791168.79275444,254656.0
2021-08-19,ETH,eth,563048.0,372403736729.01825,117330511.27127938,1255453.0
2021-08-19,USDC,usdc,37020.0,27532473963.44406,27529101748.283077,479564.0
2021-08-19,USDT,usdt,396733.0,65635357399.85007,65635965040.8122,1056122.0
2021-08-20,BTC,btc,984372.0,925342094183.7301,18792168.79275444,272396.0
2021-08-20,ETH,eth,562206.0,384671481681.8197,117341615.69191097,1260054.0
2021-08-20,USDC,usdc,33189.0,27215186974.237423,27211564771.303078,431931.0
2021-08-20,USDT,usdt,461471.0,66665241986.29681,66635965040.8122,1123934.0
2021-08-21,BTC,btc,787645.0,922188388144.0303,18793231.29275444,216018.0
2021-08-21,ETH,eth,529226.0,379602959059.7695,117353110.00722732,1186758.0
2021-08-21,USDC,usdc,27459.0,27166514754.259407,27159117262.743076,387032.0
2021-08-21,USDT,usdt,385442.0,66687535280.12778,66635965040.8122,948422.0
2021-08-22,BTC,btc,715639.0,927746814154.6776,18794256.29275444,191939.0
2021-08-22,ETH,eth,512238.0,380953369343.33887,117364716.9406598,1183893.0
2021-08-22,USDC,usdc,27749.0,27148972886.04791,27147764500.363075,373520.0
2021-08-22,USDT,usdt,408276.0,66685457063.665436,66635965040.8122,955400.0
2021-08-23,BTC,btc,973417.0,932084698996.0748,18795487.54263694,271010.0
2021-08-23,ETH,eth,538781.0,389990873411.189,117373873.08038989,1245624.0
2021-08-23,USDC,usdc,30763.0,27107011234.237377,27106204306.803078,384453.0
2021-08-23,USDT,usdt,455229.0,67653733415.98814,67635965040.8122,1104853.0
2021-08-24,BTC,btc,945668.0,900836074831.8279,18796450.04263148,263660.0
2021-08-24,ETH,eth,521033.0,373696458363.92505,117381389.35814716,1247051.0
2021-08-24,USDC,usdc,30705.0,27153379455.741516,27157774032.213078,439945.0
2021-08-24,USDT,usdt,426287.0,67654082071.284454,67635965040.8122,1060107.0
2021-08-25,BTC,btc,867743.0,921118598353.728,18797450.04262602,264966.0
2021-08-25,ETH,eth,499356.0,379009871177.87854,117387644.67040502,1184780.0
2021-08-25,USDC,usdc,27773.0,27227578702.583244,27224883238.683075,399272.0
2021-08-25,USDT,usdt,422882.0,67614351038.055435,67600786077.04608,1031282.0
2021-08-26,BTC,btc,818959.0,887101213688.728,18798362.54260418,254481.0
2021-08-26,ETH,eth,498865.0,366339411040.35297,117394032.48365039,1175063.0
2021-08-26,USDC,usdc,27110.0,27155434985.76156,27168085017.803085,416822.0
2021-08-26,USDT,usdt,393365.0,67617296292.63685,67599203217.19983,998867.0
2021-08-27,BTC,btc,864176.0,922075783019.9613,18799275.04259326,260937.0
2021-08-27,ETH,eth,484937.0,383891365383.6621,117397500.8013729,1119072.0
2021-08-27,USDC,usdc,25702.0,27304559485.901463,27304909783.654713,360901.0
2021-08-27,USDT,usdt,424685.0,67642518463.51598,67599203217.19983,982802.0
2021-08-28,BTC,btc,726381.0,918434048710.2448,18800156.29259326,212867.0
2021-08-28,ETH,eth,507968.0,380703752659.5512,117404344.95443895,1131721.0
2021-08-28,USDC,usdc,24404.0,27287360807.530376,27285682980.404713,398225.0
2021-08-28,USDT,usdt,366457.0,67642592779.17999,67599203217.19983,892928.0
2021-08-29,BTC,btc,685753.0,920284316512.38,18801131.29259326,196139.0
2021-08-29,ETH,eth,492972.0,379343810431.96533,117410658.35267654,1147150.0
2021-08-29,USDC,usdc,22951.0,27341238243.902966,27343852360.11471,377464.0
2021-08-29,USDT,usdt,374246.0,67644115203.31644,67599203217.19983,907895.0
2021-08-30,BTC,btc,910173.0,886057523557.1654,18801975.04259326,249956.0
2021-08-30,ETH,eth,518590.0,380232814778.8971,117415226.24433845,1198993.0
2021-08-30,USDC,usdc,31146.0,27432843234.294857,27433082200.00471,477793.0
2021-08-30,USDT,usdt,415992.0,67626701237.67809,67599203217.19983,1074019.0
2021-08-31,BTC,btc,930055.0,887857550977.5144,18802875.04259326,273720.0
2021-08-31,ETH,eth,552051.0,402975688992.04584,117418946.32042688,1206314.0
2021-08-31,USDC,usdc,32000.0,27432968314.02317,27430764708.16471,517965.0
2021-08-31,USDT,usdt,431915.0,67618405578.82476,67599203217.19983,1067443.0
2021-09-01,BTC,btc,954959.0,915526177256.0946,18803731.2925878,277500.0
2021-09-01,ETH,eth,557664.0,445479541762.75415,117422124.63838723,1225104.0
2021-09-01,USDC,usdc,33047.0,27473270519.426357,27469819813.904713,516740.0
2021-09-01,USDT,usdt,438153.0,67624945041.19496,67599203217.19983,1072848.0
2021-09-02,BTC,btc,1026339.0,928378409762.7802,18804662.5425878,293611.0
2021-09-02,ETH,eth,567054.0,445272051510.75635,117427286.77838948,1261258.0
2021-09-02,USDC,usdc,36780.0,27607367893.751675,27605254145.764713,513950.0
2021-09-02,USDT,usdt,451412.0,67629577502.78235,67599203217.19983,1073524.0
2021-09-03,BTC,btc,1008068.0,937656640132.1829,18805587.54258234,278164.0
2021-09-03,ETH,eth,512273.0,460151781118.15735,117428117.15380758,1198777.0
2021-09-03,USDC,usdc,31226.0,27747076239.66384,27743026369.044712,517631.0
2021-09-03,USDT,usdt,473486.0,68629010593.37073,68599203217.19983,1137114.0
2021-09-04,BTC,btc,776022.0,938815345552.6576,18806556.29258234,227677.0
2021-09-04,ETH,eth,520028.0,456367947251.0358,117432047.42529388,1189085.0
2021-09-04,USDC,usdc,26248.0,27796062644.978737,27793950396.384712,482072.0
2021-09-04,USDT,usdt,434322.0,68636783231.90435,68599203217.19983,1035987.0
2021-09-05,BTC,btc,735688.0,973248018531.0367,18807581.29258234,206820.0
2021-09-05,ETH,eth,497385.0,464418124113.2662,117436913.78146683,1136467.0
2021-09-05,USDC,usdc,24435.0,27852638290.908825,27851800324.674713,487780.0
2021-09-05,USDT,usdt,428759.0,68790124905.56567,68749203218.08783,1005251.0
2021-09-06,BTC,btc,968860.0,990098733766.8181,18808656.29258234,269949.0
2021-09-06,ETH,eth,526971.0,461406568140.7464,117441094.95344812,1206493.0
2021-09-06,USDC,usdc,30961.0,27968789440.438335,27967398881.724712,600598.0
2021-09-06,USDT,usdt,518876.0,69775328065.47093,69749203218.08783,1244832.0
2021-09-07,BTC,btc,938525.0,881313121254.8044,18809612.54258234,277913.0
2021-09-07,ETH,eth,558574.0,403159442272.45953,117441625.95290112,1308071.0
2021-09-07,USDC,usdc,38784.0,28228240397.450653,28225280934.66471,968699.0
2021-09-07,USDT,usdt,548467.0,72042178663.90121,71999203218.97583,1429480.0
2021-09-08,BTC,btc,907794.0,868818919447.7211,18810500.04258234,271871.0
2021-09-08,ETH,eth,525184.0,411960561237.0325,117442079.6788689,1178449.0
2021-09-08,USDC,usdc,38155.0,28954641002.115707,28944929540.044712,777512.0
2021-09-08,USDT,usdt,499714.0,72013338711.87311,71999203218.97583,1303724.0
2021-09-09,BTC,btc,937415.0,873764452663.1392,18811356.29258234,275020.0
2021-09-09,ETH,eth,531348.0,403167458486.4415,117443489.25649852,1219850.0
2021-09-09,USDC,usdc,37907.0,28943674268.754337,28937008071.124714,846532.0
2021-09-09,USDT,usdt,451321.0,72359954751.2239,72349203219.86383,1210116.0
2021-09-10,BTC,btc,906178.0,842133598885.1117,18812206.29258234,260963.0
2021-09-10,ETH,eth,570843.0,376328908274.82465,117449495.14812468,1244706.0
2021-09-10,USDC,usdc,41644.0,29378442161.91835,29371745009.284714,805534.0
2021-09-10,USDT,usdt,480593.0,72349870726.89026,72349203219.86383,1223283.0
2021-09-11,BTC,btc,823454.0,848445725719.5256,18813131.29249204,210848.0
2021-09-11,ETH,eth,627702.0,382821083929.1449,117458257.05721864,1249438.0
2021-09-11,USDC,usdc,34456.0,29351272263.17368,29349710155.12314,699462.0
2021-09-11,USDT,usdt,398480.0,72359930966.05293,72349203219.86383,1053848.0
2021-09-12,BTC,btc,705573.0,868844353747.6371,18814050.04249204,193569.0
2021-09-12,ETH,eth,571552.0,401470193959.9133,117467278.661164,1211328.0
2021-09-12,USDC,usdc,29871.0,29384597061.459675,29380683658.38314,631229.0
2021-09-12,USDT,usdt,400511.0,72353927948.42648,72349203219.86383,1065042.0
2021-09-13,BTC,btc,908372.0,846517459123.6085,18815043.79249204,253041.0
2021-09-13,ETH,eth,631800.0,386439694705.22833,117474946.97924075,1267491.0
2021-09-13,USDC,usdc,34671.0,29352954823.002007,29344655843.31314,718910.0
2021-09-13,USDT,usdt,461297.0,72372022888.93399,72349203219.86383,1264362.0
2021-09-14,BTC,btc,952892.0,884781986136.4463,18816093.79248658,270910.0
2021-09-14,ETH,eth,582576.0,401753721388.1735,117483009.78913186,1231240.0
2021-09-14,USDC,usdc,34208.0,29280501778.15815,29276711600.85314,348530.0
2021-09-14,USDT,usdt,423232.0,72359211420.47801,72337795458.8828,985972.0
2021-09-15,BTC,btc,976201.0,906361101242.1885,18816981.29248658,268455.0
2021-09-15,ETH,eth,573831.0,421918727315.4844,117491480.95399871,1207590.0
2021-09-15,USDC,usdc,33360.0,29294191959.835667,29291219896.23314,503403.0
2021-09-15,USDT,usdt,430093.0,72364922977.74144,72337795458.8828,1030994.0
2021-09-16,BTC,btc,1021047.0,899442060628.6199,18817831.29248658,270023.0
2021-09-16,ETH,eth,548933.0,419201908930.6449,117498514.51969329,1224358.0
2021-09-16,USDC,usdc,32912.0,29294683506.86949,29298591794.10314,623542.0
2021-09-16,USDT,usdt,470133.0,72360782896.7241,72337795458.8828,1148205.0
2021-09-17,BTC,btc,943981.0,888504590279.6621,18818750.04248658,273808.0
2021-09-17,ETH,eth,524419.0,399112720700.7915,117506330.36249712,1187578.0
2021-09-17,USDC,usdc,31321.0,29415962479.784233,29420755431.51314,621581.0
2021-09-17,USDT,usdt,441726.0,72346064205.83537,72337795458.8828,1112210.0
2021-09-18,BTC,btc,819880.0,907185981599.0317,18819718.79248658,227894.0
2021-09-18,ETH,eth,536378.0,402495415107.4491,117516074.22867873,1143196.0
2021-09-18,USDC,usdc,27307.0,29514889448.14568,29515057256.35314,538024.0
2021-09-18,USDT,usdt,371034.0,72353830900.5839,72337795458.8828,978096.0
2021-09-19,BTC,btc,714326.0,888685620898.3403,18820718.79248658,199632.0
2021-09-19,ETH,eth,516797.0,390184716258.94293,117525856.74616438,1128226.0
2021-09-19,USDC,usdc,24522.0,29572284632.600945,29565849120.180042,511809.0
2021-09-19,USDT,usdt,355238.0,72348366247.30965,72337795458.8828,939634.0
2021-09-20,BTC,btc,1014971.0,806615435806.1354,18821743.79247566,273371.0
2021-09-20,ETH,eth,495259.0,348527562054.2668,117532644.39647049,1174559.0
2021-09-20,USDC,usdc,37311.0,29664223927.078217,29661653621.930042,727113.0
2021-09-20,USDT,usdt,483396.0,72320885072.30905,72337795458.8828,1331762.0
2021-09-21,BTC,btc,844883.0,762810354584.0697,18822512.54247566,245996.0
2021-09-21,ETH,eth,524490.0,322742214113.2495,117538259.13864727,1193295.0
2021-09-21,USDC,usdc,34080.0,29896576110.16707,29894062963.940044,699360.0
2021-09-21,USDT,usdt,402215.0,72330774972.25223,72337795458.8828,1111052.0
2021-09-22,BTC,btc,888195.0,820275900833.3198,18823350.04247566,270233.0
2021-09-22,ETH,eth,534705.0,360130466630.74414,117546743.85923134,1174030.0
2021-09-22,USDC,usdc,33125.0,30252729747.599277,30250237881.370045,645584.0
2021-09-22,USDT,usdt,418680.0,72367659003.71062,72337795458.8828,1134462.0
2021-09-23,BTC,btc,918846.0,844486179446.7864,18824381.29247566,273598.0
2021-09-23,ETH,eth,534321.0,370002950823.09985,117554735.4634492,1193053.0
2021-09-23,USDC,usdc,27613.0,30474740731.8577,30467234919.530045,590658.0
2021-09-23,USDT,usdt,400060.0,72379972705.99947,72337795458.8828,1109965.0
2021-09-24,BTC,btc,958548.0,805785377803.3861,18825306.29247566,274940.0
2021-09-24,ETH,eth,506369.0,344759967802.25574,117562828.16198324,1152685.0
2021-09-24,USDC,usdc,28464.0,30809496112.09224,30813512346.300045,631687.0
2021-09-24,USDT,usdt,472821.0,72389687786.08081,72337795458.8828,1274144.0
2021-09-25,BTC,btc,702530.0,804542930367.9054,18826206.29247566,210070.0
2021-09-25,ETH,eth,520155.0,344783940231.32153,117573450.1176554,1121078.0
2021-09-25,USDC,usdc,23673.0,30942561337.822865,30943265689.840042,560812.0
2021-09-25,USDT,usdt,364193.0,72378603107.58669,72337795458.8828,1035683.0
2021-09-26,BTC,btc,699993.0,812036112156.6569,18827075.04247566,192460.0
2021-09-26,ETH,eth,473719.0,358460273448.98596,117582099.59462672,1088537.0
2021-09-26,USDC,usdc,21203.0,31185698199.611004,31190070878.430042,622356.0
2021-09-26,USDT,usdt,409246.0,72372415499.13899,72337795458.8828,1148595.0
2021-09-27,BTC,btc,901586.0,800131333256.0076,18828043.79247566,262162.0
2021-09-27,ETH,eth,502882.0,347181513945.8816,117589144.24841388,1133903.0
2021-09-27,USDC,usdc,26676.0,31233256697.16736,31211843773.900043,590928.0
2021-09-27,USDT,usdt,396891.0,72360516333.42787,72337795458.8828,1043550.0
2021-09-28,BTC,btc,935822.0,776202415861.9299,18828993.79247546,262395.0
2021-09-28,ETH,eth,495482.0,331101835637.4896,117595701.77293672,1108122.0
2021-09-28,USDC,usdc,29613.0,31169337721.101696,31177752704.070045,585441.0
2021-09-28,USDT,usdt,398893.0,72345877970.89119,72337795458.8828,1040470.0
2021-09-29,BTC,btc,830989.0,780569792316.16,18829806.29247546,240916.0
2021-09-29,ETH,eth,507212.0,334377106685.7493,117602935.56194974,1135869.0
2021-09-29,USDC,usdc,31238.0,31411292616.466,31404748594.57004,537975.0
2021-09-29,USDT,usdt,386623.0,72328919175.32327,72337795458.8828,983167.0
2021-09-30,BTC,btc,1059608.0,824444822183.8048,18830875.04247,289577.0
2021-09-30,ETH,eth,499026.0,353001301547.0518,117607218.31338376,1116157.0
2021-09-30,USDC,usdc,28692.0,31560962831.928543,31559285906.73004,557881.0
2021-09-30,USDT,usdt,418853.0,72344671565.86932,72337795458.8828,1045148.0
2021-10-01,BTC,btc,962201.0,905395355940.3254,18831750.04246454,279255.0
2021-10-01,ETH,eth,571554.0,388060659780.019,117614034.9776765,1207263.0
2021-10-01,USDC,usdc,36799.0,31832009771.344746,31837472723.334206,638097.0
2021-10-01,USDT,usdt,402725.0,72374512280.53372,72337795458.8828,1018336.0
2021-10-02,BTC,btc,963528.0,900071424943.3763,18832925.04246454,260972.0
2021-10-02,ETH,eth,520147.0,399195912517.3,117623078.75376932,1117899.0
2021-10-02,USDC,usdc,29954.0,32013725570.960842,32013744758.214203,576935.0
2021-10-02,USDT,usdt,375104.0,72372971033.11449,72337795458.8828,962822.0
2021-10-03,BTC,btc,808347.0,907841574218.3805,18833862.54246454,216090.0
2021-10-03,ETH,eth,522882.0,402353509667.626,117632124.94400913,1130224.0
2021-10-03,USDC,usdc,25157.0,32114894064.456642,32114460193.784203,569757.0
2021-10-03,USDT,usdt,357404.0,72379378698.97072,72337795458.8828,928551.0
2021-10-04,BTC,btc,1015651.0,928340914897.4005,18834837.54246454,265740.0
2021-10-04,ETH,eth,495268.0,398982093097.1545,117637501.39263,1121513.0
2021-10-04,USDC,usdc,30886.0,32101662106.07454,32113185920.404205,599077.0
2021-10-04,USDT,usdt,441248.0,72368549380.08276,72337795458.8828,1098445.0
2021-10-05,BTC,btc,1037679.0,971140330173.4851,18835862.54246454,312571.0
2021-10-05,ETH,eth,562663.0,414144010641.52264,117640697.1602943,1235674.0
2021-10-05,USDC,usdc,33376.0,32208048532.523987,32209969932.564205,563613.0
2021-10-05,USDT,usdt,458458.0,72374866148.06573,72337795458.8828,1108495.0
2021-10-06,BTC,btc,914612.0,1043925117637.0728,18836681.29246454,273475.0
2021-10-06,ETH,eth,663597.0,422150905895.4837,117642095.78282692,1337833.0
2021-10-06,USDC,usdc,32040.0,32173992684.79621,32173926833.09106,629506.0
2021-10-06,USDT,usdt,477555.0,72371745602.95482,72337795458.8818,1175106.0
2021-10-07,BTC,btc,1144142.0,1013558008447.5764,18837562.54246454,324741.0
2021-10-07,ETH,eth,629637.0,422260065138.7263,117643895.1699915,1344295.0
2021-10-07,USDC,usdc,31715.0,32514947930.925705,32517358276.46106,606557.0
2021-10-07,USDT,usdt,551903.0,72360924105.51144,72337795458.8818,1292715.0
2021-10-08,BTC,btc,978503.0,1016016649274.3846,18838312.54245908,280844.0
2021-10-08,ETH,eth,600443.0,418952311061.67664,117647076.63414425,1287034.0
2021-10-08,USDC,usdc,30385.0,32759803578.12042,32762663647.94064,581455.0
2021-10-08,USDT,usdt,498525.0,72351011164.01471,72337795458.8818,1199326.0
2021-10-09,BTC,btc,991926.0,1036364523575.8844,18839250.04245908,241705.0
2021-10-09,ETH,eth,585763.0,421187829031.2356,117654437.0115784,1191856.0
2021-10-09,USDC,usdc,29790.0,32817078790.988705,32811132484.96063,554062.0
2021-10-09,USDT,usdt,452699.0,72359972214.53275,72337795458.8818,1102206.0
2021-10-10,BTC,btc,803826.0,1030585445349.3352,18840243.79245908,212316.0
2021-10-10,ETH,eth,537497.0,403815267127.6764,117661732.31181169,1137901.0
2021-10-10,USDC,usdc,31848.0,32870802515.23764,32871497911.550625,534366.0
2021-10-10,USDT,usdt,426368.0,72365181930.98267,72337795458.8818,1052634.0
2021-10-11,BTC,btc,1009017.0,1079394515904.9696,18841156.29245908,277496.0
2021-10-11,ETH,eth,538818.0,414135490610.63525,117666602.001652,1183486.0
2021-10-11,USDC,usdc,30315.0,32980665169.282017,32973088015.780582,626900.0
2021-10-11,USDT,usdt,518486.0,72360908462.6223,72337795458.8818,1249012.0
2021-10-12,BTC,btc,937369.0,1058848098456.308,18841993.79244924,274993.0
2021-10-12,ETH,eth,546484.0,410827628722.87695,117673160.76516956,1203566.0
2021-10-12,USDC,usdc,32286.0,32778793181.231247,32783712509.400597,678016.0
2021-10-12,USDT,usdt,473572.0,72336360963.61589,72337795458.8818,1210362.0
2021-10-13,BTC,btc,975651.0,1080628058359.8536,18843050.04244924,289461.0
2021-10-13,ETH,eth,531985.0,423357216826.854,117678892.29297677,1189854.0
2021-10-13,USDC,usdc,32253.0,32767535753.419163,32760552338.610596,601076.0
2021-10-13,USDT,usdt,479397.0,72344294868.17216,72337795458.8818,1197876.0
2021-10-14,BTC,btc,1007101.0,1081339414302.1724,18843906.29244378,284115.0
2021-10-14,ETH,eth,554283.0,445606262000.336,117681577.0349348,1227097.0
2021-10-14,USDC,usdc,32651.0,32810168711.115093,32810973627.700596,636522.0
2021-10-14,USDT,usdt,492991.0,72348739351.36801,72337795458.8818,1269916.0
2021-10-15,BTC,btc,1017121.0,1157938398432.8284,18844787.54244378,297755.0
2021-10-15,ETH,eth,556421.0,454463309684.7605,117684398.87483092,1302993.0
2021-10-15,USDC,usdc,35068.0,32736060168.76658,32733189289.890594,762554.0
2021-10-15,USDT,usdt,500693.0,72321535731.96452,72337795458.8818,1377888.0
2021-10-16,BTC,btc,937355.0,1148302435528.9846,18845618.79244378,269680.0
2021-10-16,ETH,eth,583223.0,451554383318.24347,117691342.66382574,1181031.0
2021-10-16,USDC,usdc,30350.0,32728837725.287094,32724301648.390594,660170.0
2021-10-16,USDT,usdt,444083.0,72338054200.73347,72337795458.8818,1202280.0
2021-10-17,BTC,btc,823877.0,1158355075187.089,18846618.79244378,212511.0
2021-10-17,ETH,eth,551918.0,451540875443.9622,117699182.99705932,1144184.0
2021-10-17,USDC,usdc,30319.0,32772857269.63423,32770082229.860596,667624.0
2021-10-17,USDT,usdt,409756.0,72341486758.0759,72337795458.8818,1127046.0
2021-10-18,BTC,btc,1003479.0,1168115306326.8193,18847543.79243407,291260.0
2021-10-18,ETH,eth,571994.0,440931286400.8823,117705154.8642358,1197673.0
2021-10-18,USDC,usdc,36693.0,32629341327.50264,32627856817.990597,677191.0
2021-10-18,USDT,usdt,497264.0,72330207811.80347,72337795458.8818,1313859.0
2021-10-19,BTC,btc,1077371.0,1211787792745.6765,18848512.54243407,310438.0
2021-10-19,ETH,eth,590941.0,456143788747.09064,117713185.30628067,1243503.0
2021-10-19,USDC,usdc,34547.0,32222033435.655094,32218875989.110596,667115.0
2021-10-19,USDT,usdt,514127.0,72352107027.90477,72334615029.86787,1301051.0
2021-10-20,BTC,btc,977215.0,1245228121159.928,18849443.79242861,291740.0
2021-10-20,ETH,eth,617867.0,488939146850.01306,117720595.88212864,1259885.0
2021-10-20,USDC,usdc,36712.0,32377435297.093945,32380587528.960594,697601.0
2021-10-20,USDT,usdt,518384.0,72348808002.95857,72334615029.86787,1355341.0
2021-10-21,BTC,btc,1139133.0,1175770746966.7607,18850368.79242861,321169.0
2021-10-21,ETH,eth,614826.0,478578939504.999,117726747.43544486,1277275.0
2021-10-21,USDC,usdc,33832.0,32329816729.1418,32327605249.420597,839824.0
2021-10-21,USDT,usdt,528239.0,72320511393.89917,72309963267.81355,1433286.0
2021-10-22,BTC,btc,957015.0,1145238131036.0593,18851356.29242861,281476.0
2021-10-22,ETH,eth,599968.0,468055052564.5768,117733611.26355402,1256044.0
2021-10-22,USDC,usdc,31474.0,32352894562.35023,32348619849.02059,811303.0
2021-10-22,USDT,usdt,515324.0,72294888901.47923,72309963267.81355,1463879.0
2021-10-23,BTC,btc,826969.0,1154702638464.941,18852262.54242861,228432.0
2021-10-23,ETH,eth,613428.0,489758679809.5402,117742352.37801012,1235169.0
2021-10-23,USDC,usdc,26864.0,32442266849.1217,32445860007.30059,529626.0
2021-10-23,USDT,usdt,468544.0,72311807995.98196,72309963267.81355,1121328.0
2021-10-24,BTC,btc,737951.0,1147509590176.153,18853218.79242861,208278.0
2021-10-24,ETH,eth,597172.0,480020502230.8012,117750394.67622335,1261312.0
2021-10-24,USDC,usdc,26320.0,32441714258.923443,32442184862.100594,446891.0
2021-10-24,USDT,usdt,468745.0,72314170220.06023,72309963267.81355,1102462.0
2021-10-25,BTC,btc,1079523.0,1188421618593.068,18854356.29242861,286798.0
2021-10-25,ETH,eth,601353.0,496273211182.5224,117756255.76953857,1299495.0
2021-10-25,USDC,usdc,32526.0,32561661411.665375,32557411310.170593,670921.0
2021-10-25,USDT,usdt,563249.0,72306083422.00539,72309963267.81355,1374776.0
2021-10-26,BTC,btc,998333.0,1138746241356.948,18855293.79242861,295695.0
2021-10-26,ETH,eth,611277.0,486421987242.11835,117759685.74860004,1344772.0
2021-10-26,USDC,usdc,32113.0,32538569901.840782,32539859801.870613,775847.0
2021-10-26,USDT,usdt,586563.0,72317471924.25636,72309963267.81355,1418523.0
2021-10-27,BTC,btc,944035.0,1104286370829.1567,18856275.04242861,286086.0
2021-10-27,ETH,eth,619064.0,464869510529.9601,117759379.94088817,1370504.0
2021-10-27,USDC,usdc,63701.0,32580978888.72203,32588670481.370613,855054.0
2021-10-27,USDT,usdt,646620.0,72378625825.2486,72309963267.81355,1537416.0
2021-10-28,BTC,btc,1055114.0,1142080144447.0117,18857231.29242861,297884.0
2021-10-28,ETH,eth,692894.0,503855939943.7047,117757184.49911053,1510502.0
2021-10-28,USDC,usdc,35880.0,32729939665.85733,32729253980.68061,992978.0
2021-10-28,USDT,usdt,674799.0,72344098346.06094,72309963267.81355,1579073.0
2021-10-29,BTC,btc,1014855.0,1173567203301.5886,18858300.04242861,307314.0
2021-10-29,ETH,eth,711169.0,519680026113.75055,117756181.01113896,1456333.0
2021-10-29,USDC,usdc,38399.0,32951049785.116055,32949072627.460613,963361.0
2021-10-29,USDT,usdt,729687.0,72330427283.25069,72309963267.81355,1592069.0
2021-10-30,BTC,btc,906672.0,1164426258908.2048,18859268.79242861,251998.0
2021-10-30,ETH,eth,659889.0,507688617243.75433,117756466.94786796,1379095.0
2021-10-30,USDC,usdc,31795.0,33150089933.274864,33148117768.460613,767227.0
2021-10-30,USDT,usdt,655362.0,72341481283.24683,72309963267.81355,1470174.0
2021-10-31,BTC,btc,893617.0,1158634265024.8484,18860137.54242861,216741.0
2021-10-31,ETH,eth,627757.0,505647872219.575,117757786.22201036,1304184.0
2021-10-31,USDC,usdc,28817.0,33089021977.181725,33087612243.260612,763743.0
2021-10-31,USDT,usdt,616291.0,72360782042.26122,72309963267.81355,1426643.0
2021-11-01,BTC,btc,1053426.0,1152261825759.6611,18861062.54242861,289324.0
2021-11-01,ETH,eth,659285.0,509397160059.5142,117758233.39844856,1341733.0
2021-11-01,USDC,usdc,36336.0,33035559160.877216,33038515733.768475,852190.0
2021-11-01,USDT,usdt,634540.0,72355589544.5193,72309963267.81355,1514152.0
2021-11-02,BTC,btc,1035030.0,1188775936157.8303,18862050.04242861,300911.0
2021-11-02,ETH,eth,676772.0,540079413508.7343,117757244.6984338,1395656.0
2021-11-02,USDC,usdc,39690.0,33204510746.17872,33201784988.748474,820853.0
2021-11-02,USDT,usdt,711128.0,73370065226.50684,73309963267.81355,1620207.0
2021-11-03,BTC,btc,1069212.0,1187542227940.6553,18863056.29242861,290879.0
2021-11-03,ETH,eth,698045.0,541549139416.1844,117757458.66032572,1417221.0
2021-11-03,USDC,usdc,38014.0,33447456759.89874,33448329556.81364,963761.0
2021-11-03,USDT,usdt,696081.0,73352240536.63649,73309963267.81355,1632763.0
2021-11-04,BTC,btc,998917.0,1158131273454.4736,18863950.04240677,286047.0
2021-11-04,ETH,eth,667719.0,534108570501.32306,117759139.55358727,1352186.0
2021-11-04,USDC,usdc,37128.0,33405180441.111385,33403414192.459145,906051.0
2021-11-04,USDT,usdt,692853.0,74364913361.4307,74309963267.81355,1612407.0
2021-11-05,BTC,btc,1037437.0,1150870233190.3442,18864918.79240131,282446.0
2021-11-05,ETH,eth,653772.0,527207543315.69464,117761812.78147948,1339661.0
2021-11-05,USDC,usdc,34784.0,33793681125.477337,33790095507.620255,853433.0
2021-11-05,USDT,usdt,698523.0,74384988535.05296,74309963267.81355,1596588.0
2021-11-06,BTC,btc,825483.0,1159403746542.6316,18865881.29239585,237201.0
2021-11-06,ETH,eth,626349.0,531318817815.2857,117766159.54943536,1255921.0
2021-11-06,USDC,usdc,37098.0,34061180448.6502,34057919619.88784,946161.0
2021-11-06,USDT,usdt,547557.0,75375698170.05893,75309963267.81355,1317561.0
2021-11-07,BTC,btc,826432.0,1189437680906.6013,18866837.54238493,222930.0
2021-11-07,ETH,eth,635934.0,542845482844.76886,117772011.37279435,1276998.0
2021-11-07,USDC,usdc,32335.0,34130752398.222973,34123710337.35912,952127.0
2021-11-07,USDT,usdt,550069.0,75371083179.03137,75309963267.81355,1305083.0
2021-11-08,BTC,btc,1018796.0,1274356316854.726,18867681.29235763,294064.0
2021-11-08,ETH,eth,652985.0,566636453619.9932,117775519.87572478,1329018.0
2021-11-08,USDC,usdc,35470.0,34127350776.90938,34126871209.87587,1040845.0
2021-11-08,USDT,usdt,682288.0,77343636704.47342,77309963267.81355,1551441.0
2021-11-09,BTC,btc,1195638.0,1266001867364.4868,18868631.29235763,336872.0
2021-11-09,ETH,eth,615663.0,557743978685.1968,117774428.66902123,1334145.0
2021-11-09,USDC,usdc,35737.0,34458994406.36636,34459219053.1831,935978.0
2021-11-09,USDT,usdt,677962.0,77319072109.29315,77309169667.66562,1558746.0
2021-11-10,BTC,btc,1022756.0,1221918863231.726,18869562.54235217,295892.0
2021-11-10,ETH,eth,667073.0,544110883749.7438,117774062.43272516,1390746.0
2021-11-10,USDC,usdc,35871.0,34261231195.679615,34259581350.681114,988573.0
2021-11-10,USDT,usdt,669934.0,77353619699.01761,77310169666.66562,1562559.0
2021-11-11,BTC,btc,1037951.0,1225886245880.2876,18870550.04234217,293052.0
2021-11-11,ETH,eth,648381.0,556807418899.1359,117774385.8617041,1347643.0
2021-11-11,USDC,usdc,32843.0,34300360822.562267,34304859304.92064,879469.0
2021-11-11,USDT,usdt,639909.0,77347262733.63472,77310169666.66562,1492938.0
2021-11-12,BTC,btc,975353.0,1209262243095.6287,18871437.54234217,287476.0
2021-11-12,ETH,eth,643077.0,549159537640.1035,117775608.5072232,1345131.0
2021-11-12,USDC,usdc,32246.0,34106884218.577766,34110204731.594734,876767.0
2021-11-12,USDT,usdt,666447.0,77329857779.0147,77310169666.66562,1475397.0
2021-11-13,BTC,btc,828248.0,1215340475002.5515,18872393.79234217,234794.0
2021-11-13,ETH,eth,645914.0,547073425617.29224,117778299.12127016,1300464.0
2021-11-13,USDC,usdc,27896.0,34178878609.94135,34176822393.12893,767717.0
2021-11-13,USDT,usdt,557457.0,77330548419.54213,77310169666.66562,1296340.0
2021-11-14,BTC,btc,806451.0,1227377584620.3755,18873375.04232217,222847.0
2021-11-14,ETH,eth,643453.0,542921206398.5056,117782678.18685474,1275744.0
2021-11-14,USDC,usdc,28308.0,34180300741.482014,34175936759.296303,731758.0
2021-11-14,USDT,usdt,541284.0,77331317002.81888,77310169666.66562,1280504.0
2021-11-15,BTC,btc,1083387.0,1203303942753.5193,18874318.79229487,291313.0
2021-11-15,ETH,eth,606035.0,538201149416.29865,117783567.70480403,1289636.0
2021-11-15,USDC,usdc,39596.0,34360816370.16752,34366092831.95971,821742.0
2021-11-15,USDT,usdt,911641.0,77319295519.94849,77310169666.66562,1747785.0
2021-11-16,BTC,btc,1030573.0,1138602607166.9688,18875256.29229487,301154.0
2021-11-16,ETH,eth,609878.0,498718135439.8967,117785226.92795348,1310153.0
2021-11-16,USDC,usdc,45356.0,34905334930.62837,34904096191.3324,964638.0
2021-11-16,USDT,usdt,739544.0,77354437081.23264,77310169666.66562,1691375.0
2021-11-17,BTC,btc,993545.0,1135484006196.6753,18876187.54229487,288569.0
2021-11-17,ETH,eth,695411.0,502435550608.6768,117787806.57879056,1353219.0
2021-11-17,USDC,usdc,34497.0,34973208091.22978,34976421444.39121,1052497.0
2021-11-17,USDT,usdt,610221.0,77352631068.6778,77310169666.66562,1480791.0
2021-11-18,BTC,btc,990087.0,1072108247663.8365,18877087.54229487,295608.0
2021-11-18,ETH,eth,591158.0,469470683314.2488,117789523.01626042,1284250.0
2021-11-18,USDC,usdc,35004.0,35230696214.466194,35228896485.7776,971233.0
2021-11-18,USDT,usdt,643877.0,77352317942.1573,77310169666.66562,1511787.0
2021-11-19,BTC,btc,976682.0,1095186409046.4594,18877943.79229487,283868.0
2021-11-19,ETH,eth,609854.0,505483705761.818,117793049.57160248,1255788.0
2021-11-19,USDC,usdc,32689.0,35602849796.994934,35604290144.361,900999.0
2021-11-19,USDT,usdt,669803.0,77378166920.45294,77310169666.66562,1512727.0
2021-11-20,BTC,btc,848464.0,1128001356408.752,18878850.04229487,248520.0
2021-11-20,ETH,eth,557039.0,519860205007.2675,117798144.6949548,1160128.0
2021-11-20,USDC,usdc,29086.0,35880124018.20038,35877233439.57493,788019.0
2021-11-20,USDT,usdt,521045.0,77374189355.14851,77310169666.66562,1282820.0
2021-11-21,BTC,btc,842004.0,1114516759935.048,18879675.04229487,218828.0
2021-11-21,ETH,eth,607663.0,507741036264.7453,117803146.38654046,1260939.0
2021-11-21,USDC,usdc,29002.0,36017991202.13374,36019804554.80159,810132.0
2021-11-21,USDT,usdt,544183.0,77392892677.81413,77310169666.66562,1302513.0
2021-11-22,BTC,btc,947435.0,1064553089483.9427,18880556.29229487,286930.0
2021-11-22,ETH,eth,546020.0,482617786844.5856,117804393.20963947,1221508.0
2021-11-22,USDC,usdc,30605.0,36282019758.34214,36279357538.53145,943807.0
2021-11-22,USDT,usdt,618583.0,77367214947.64484,77310169666.66562,1473334.0
2021-11-23,BTC,btc,909010.0,1088365599085.1918,18881381.29229487,282832.0
2021-11-23,ETH,eth,580960.0,512242820326.5907,117806903.31120887,1264994.0
2021-11-23,USDC,usdc,32391.0,36711200714.6256,36709405997.83663,795272.0
2021-11-23,USDT,usdt,607394.0,77349348662.3215,77310169666.66562,1411727.0
2021-11-24,BTC,btc,1071921.0,1078972757535.9036,18882362.54229487,295032.0
2021-11-24,ETH,eth,603666.0,502102050396.5278,117809875.43652888,1342491.0
2021-11-24,USDC,usdc,33318.0,37182096814.08746,37188935525.429955,913778.0
2021-11-24,USDT,usdt,663468.0,77334579340.26726,77305113260.64119,1533688.0
2021-11-25,BTC,btc,973237.0,1114270770425.186,18883175.04229487,287824.0
2021-11-25,ETH,eth,593203.0,533228809424.6405,117813466.45936814,1301578.0
2021-11-25,USDC,usdc,30694.0,37393296000.67113,37390895208.57826,878029.0
2021-11-25,USDT,usdt,713805.0,77359861184.62823,77305113260.64119,1641916.0
2021-11-26,BTC,btc,996141.0,1015970869546.8468,18884000.04229487,291679.0
2021-11-26,ETH,eth,600396.0,477399630500.5502,117818020.97503719,1297524.0
2021-11-26,USDC,usdc,40761.0,37695294860.73146,37698439465.43601,920715.0
2021-11-26,USDT,usdt,696590.0,78358629382.31966,78305113260.64119,1609537.0
2021-11-27,BTC,btc,777970.0,1031792837559.9305,18884893.79229487,238622.0
2021-11-27,ETH,eth,550277.0,481532317986.06934,117822695.0737518,1213284.0
2021-11-27,USDC,usdc,28902.0,38287439013.43962,38284946055.69051,761939.0
2021-11-27,USDT,usdt,550214.0,78363835917.21692,78305113260.64119,1320179.0
2021-11-28,BTC,btc,816560.0,1081182893171.7826,18885762.54229487,215317.0
2021-11-28,ETH,eth,527846.0,505605120970.0283,117827031.56775984,1135653.0
2021-11-28,USDC,usdc,26299.0,38437802480.35073,38439759151.42728,808450.0
2021-11-28,USDT,usdt,509873.0,78360425228.40048,78305113260.64119,1259112.0
2021-11-29,BTC,btc,993217.0,1093928555762.2988,18886656.29228941,303388.0
2021-11-29,ETH,eth,600952.0,524158910322.3718,117830620.69913442,1247688.0
2021-11-29,USDC,usdc,33353.0,38469233433.73418,38462284502.91785,765524.0
2021-11-29,USDT,usdt,623891.0,78380432161.95547,78305113260.64119,1446691.0
2021-11-30,BTC,btc,977183.0,1078419474710.0887,18887493.79228941,296340.0
2021-11-30,ETH,eth,626326.0,547338074200.4776,117832455.36822689,1280926.0
2021-11-30,USDC,usdc,41317.0,38533919785.14026,38538604105.47187,894389.0
2021-11-30,USDT,usdt,720524.0,77371763958.18953,77305113260.64119,1623295.0
2021-12-01,BTC,btc,1057704.0,1080047374364.1241,18888350.04228941,284941.0
2021-12-01,ETH,eth,580963.0,540216421714.22534,117834521.14162745,1221643.0
2021-12-01,USDC,usdc,39396.0,38784468165.94089,38779280375.75209,910335.0
2021-12-01,USDT,usdt,721421.0,77353553882.5767,77305113260.64119,1639111.0
2021-12-02,BTC,btc,1184757.0,1068812318595.5466,18889318.79228941,315565.0
2021-12-02,ETH,eth,608129.0,533520501887.4818,117838813.42713264,1265286.0
2021-12-02,USDC,usdc,37179.0,38806955832.72993,38812372817.36577,869804.0
2021-12-02,USDT,usdt,628602.0,77362792995.73276,77305113260.64119,1460634.0
2021-12-03,BTC,btc,1010596.0,1013876621204.3636,18890368.79228941,289452.0
2021-12-03,ETH,eth,565386.0,498824234177.6622,117843636.17570531,1211488.0
2021-12-03,USDC,usdc,36543.0,39271413233.72047,39281513815.17014,861242.0
2021-12-03,USDT,usdt,817841.0,77345839862.40569,77305113260.64119,1688470.0
2021-12-04,BTC,btc,961294.0,928693162456.6531,18891337.54228941,244342.0
2021-12-04,ETH,eth,552442.0,482902175008.86224,117845365.85263865,1235697.0
2021-12-04,USDC,usdc,43516.0,39865514369.50306,39858250029.20566,879423.0
2021-12-04,USDT,usdt,709752.0,78398655606.16916,78305113260.64119,1603635.0
2021-12-05,BTC,btc,978899.0,931905952036.2104,18892375.04228941,221615.0
2021-12-05,ETH,eth,827716.0,493863538704.08105,117850860.03579326,1386491.0
2021-12-05,USDC,usdc,30951.0,41289597948.387405,41293042421.15449,859557.0
2021-12-05,USDT,usdt,551141.0,79403141518.55467,79305113260.64119,1351819.0
2021-12-06,BTC,btc,1078373.0,954788531821.5376,18893450.04228941,286268.0
2021-12-06,ETH,eth,590752.0,511723151723.6043,117855850.46961217,1244773.0
2021-12-06,USDC,usdc,44326.0,41254366009.41817,41257430993.85815,1029339.0
2021-12-06,USDT,usdt,671235.0,79394130121.64117,79305113260.64119,1558864.0
2021-12-07,BTC,btc,983177.0,955574953843.2509,18894412.54228395,284544.0
2021-12-07,ETH,eth,596211.0,507249757130.04736,117861926.45491868,1224771.0
2021-12-07,USDC,usdc,38077.0,41309663717.91934,41317366151.35691,840490.0
2021-12-07,USDT,usdt,654113.0,80375017899.57492,80305113260.64119,1509741.0
2021-12-08,BTC,btc,927369.0,954233222626.9064,18895462.54168395,268196.0
2021-12-08,ETH,eth,646033.0,521843913831.6398,117869226.09507212,1296307.0
2021-12-08,USDC,usdc,37857.0,41414219883.330925,41418103624.48144,813054.0
2021-12-08,USDT,usdt,603985.0,80377649757.68501,80305113260.64119,1424091.0
2021-12-09,BTC,btc,1123743.0,905856172565.3254,18896481.29158394,285532.0
2021-12-09,ETH,eth,607679.0,490045796730.3035,117876331.39113584,1251338.0
2021-12-09,USDC,usdc,37555.0,41408484516.34282,41388157622.896,776036.0
2021-12-09,USDT,usdt,593031.0,80346794946.7805,80305113260.64119,1348099.0
2021-12-10,BTC,btc,930831.0,896442961101.7401,18897456.29157302,270853.0
2021-12-10,ETH,eth,615402.0,463470599459.3465,117883064.03082068,1237735.0
2021-12-10,USDC,usdc,35646.0,41725131928.24323,41725687896.81871,820449.0
2021-12-10,USDT,usdt,623478.0,80343542378.4878,80305113260.64119,1371203.0
2021-12-11,BTC,btc,805461.0,932102527466.7292,18898400.04157302,222133.0
2021-12-11,ETH,eth,580529.0,480946755166.4603,117891098.47151332,1199384.0
2021-12-11,USDC,usdc,28544.0,41945049608.46309,41940866953.2816,697343.0
2021-12-11,USDT,usdt,489896.0,80349874561.04494,80305113260.64119,1106641.0
2021-12-12,BTC,btc,725043.0,947544868724.2344,18899275.04157302,211066.0
2021-12-12,ETH,eth,597666.0,488223764661.8662,117900317.78605962,1181898.0
2021-12-12,USDC,usdc,25207.0,42048201133.65448,42036517545.207886,564980.0
2021-12-12,USDT,usdt,526581.0,80352747193.69104,80305113260.64119,1115957.0
2021-12-13,BTC,btc,996713.0,884250008347.6677,18900156.29156756,281785.0
2021-12-13,ETH,eth,610119.0,446644413674.59216,117907789.21403924,1242978.0
2021-12-13,USDC,usdc,33673.0,41947819965.02411,41947282246.83782,567318.0
2021-12-13,USDT,usdt,620717.0,80340627739.36845,80305113260.64119,1298348.0
2021-12-14,BTC,btc,966596.0,912783912997.8533,18901081.29156756,281921.0
2021-12-14,ETH,eth,617851.0,454065472773.92664,117915705.646025,1214900.0
2021-12-14,USDC,usdc,42195.0,42193401123.750046,42181036801.664635,811789.0
2021-12-14,USDT,usdt,622884.0,80337159506.55455,80305113260.64119,1431417.0
2021-12-15,BTC,btc,1058257.0,922994595222.1997,18901962.54156756,280841.0
2021-12-15,ETH,eth,607023.0,473534633238.7436,117922513.12127444,1258462.0
2021-12-15,USDC,usdc,33509.0,42156511898.25741,42158093044.80166,857113.0
2021-12-15,USDT,usdt,621646.0,81335167641.1112,81305113260.64119,1463745.0
2021-12-16,BTC,btc,873836.0,900967365793.609,18902681.29156756,256019.0
2021-12-16,ETH,eth,601543.0,468580265672.29205,117927779.765698,1155456.0
2021-12-16,USDC,usdc,34048.0,42276525539.50836,42276392103.49248,793351.0
2021-12-16,USDT,usdt,551767.0,81320574537.49776,81305113260.64119,1328411.0
2021-12-17,BTC,btc,979005.0,875889128104.2236,18903612.54156756,260119.0
2021-12-17,ETH,eth,615023.0,458227001743.94586,117934692.4591843,1270355.0
2021-12-17,USDC,usdc,43554.0,42363215823.28082,42363417244.13845,822499.0
2021-12-17,USDT,usdt,547833.0,81330608187.21394,81305113260.64119,1305414.0
2021-12-18,BTC,btc,855978.0,886709082168.6659,18904412.54156756,234236.0
2021-12-18,ETH,eth,567903.0,467749283349.1126,117943638.34549604,1159873.0
2021-12-18,USDC,usdc,32590.0,42503824887.42109,42500922723.70776,732649.0
2021-12-18,USDT,usdt,480870.0,81334051418.36977,81305113260.64119,1184648.0
2021-12-19,BTC,btc,755797.0,886214966718.6549,18905343.7915621,214374.0
2021-12-19,ETH,eth,565355.0,464449835222.0165,117953540.70433396,1137581.0
2021-12-19,USDC,usdc,29901.0,42494554983.84463,42488361805.68838,693915.0
2021-12-19,USDT,usdt,453880.0,81331519127.61255,81305113260.64119,1111516.0
2021-12-20,BTC,btc,1015255.0,887738205495.6812,18906243.79155118,266803.0
2021-12-20,ETH,eth,591470.0,464734021753.41925,117962549.48443836,1201239.0
2021-12-20,USDC,usdc,35517.0,42620189978.85883,42620658437.89108,722773.0
2021-12-20,USDT,usdt,604640.0,81323642090.9831,81305113260.64119,1341503.0
2021-12-21,BTC,btc,1009227.0,928006827611.5642,18907250.04155118,303464.0
2021-12-21,ETH,eth,597365.0,475305966952.4622,117971262.63771968,1203638.0
2021-12-21,USDC,usdc,42279.0,42860964113.721794,42858069608.2348,739997.0
2021-12-21,USDT,usdt,586240.0,81329371978.8443,81305113260.64119,1341391.0
2021-12-22,BTC,btc,992589.0,920678726099.7029,18908175.0415348,286626.0
2021-12-22,ETH,eth,628066.0,470112757261.5281,117979082.13002355,1233315.0
2021-12-22,USDC,usdc,37185.0,42859304698.38306,42861807672.71021,760011.0
2021-12-22,USDT,usdt,588981.0,81333511839.43289,81305113260.64119,1324498.0
2021-12-23,BTC,btc,991240.0,958937905483.9762,18909125.04151842,292194.0
2021-12-23,ETH,eth,593940.0,483963725505.1692,117986707.7847598,1245242.0
2021-12-23,USDC,usdc,33163.0,42972460503.88581,42968177215.76087,805886.0
2021-12-23,USDT,usdt,551410.0,80587631915.37503,80555113261.52919,1330554.0
2021-12-24,BTC,btc,974212.0,960325802399.2275,18910068.79150204,256631.0
2021-12-24,ETH,eth,629177.0,477310212229.8957,117995253.79403467,1298329.0
2021-12-24,USDC,usdc,34750.0,42947893021.74198,42943234565.89459,817884.0
2021-12-24,USDT,usdt,854379.0,80598106904.9421,80555113261.52919,1623995.0
2021-12-25,BTC,btc,866151.0,956715386644.6605,18910987.54150204,204665.0
2021-12-25,ETH,eth,609518.0,483805725306.05896,118003663.76152912,1299519.0
2021-12-25,USDC,usdc,25267.0,42972603217.23768,42969844484.392685,666514.0
2021-12-25,USDT,usdt,423743.0,80592073039.76614,80555113261.52919,1099288.0
2021-12-26,BTC,btc,774902.0,960688686557.3997,18911825.04150204,201930.0
2021-12-26,ETH,eth,592616.0,480356471354.03485,118013494.64110066,1206942.0
2021-12-26,USDC,usdc,27080.0,42932232260.84662,42929515773.31439,720484.0
2021-12-26,USDT,usdt,437534.0,80593585507.92116,80555113261.52919,1105438.0
2021-12-27,BTC,btc,992531.0,960699193954.2045,18912750.04150204,248198.0
2021-12-27,ETH,eth,621784.0,477323854844.0603,118021267.61553968,1252037.0
2021-12-27,USDC,usdc,32623.0,42820614877.575485,42817715893.110794,743628.0
2021-12-27,USDT,usdt,519840.0,81579579795.50764,81555113261.52919,1250170.0
2021-12-28,BTC,btc,1051572.0,901668291917.6448,18913587.54146382,269681.0
2021-12-28,ETH,eth,595032.0,449223038035.5124,118026806.95936154,1241032.0
2021-12-28,USDC,usdc,31613.0,42897525447.05457,42902250090.03936,813756.0
2021-12-28,USDT,usdt,534740.0,81563105519.63335,81555113261.52919,1309790.0
2021-12-29,BTC,btc,1142870.0,878962608918.0773,18914493.79143106,276509.0
2021-12-29,ETH,eth,564074.0,429472726157.11554,118030353.85688774,1252468.0
2021-12-29,USDC,usdc,33347.0,42919100073.488945,42926779852.7163,719093.0
2021-12-29,USDT,usdt,541094.0,81562256126.227,81555113261.52919,1284798.0
2021-12-30,BTC,btc,977727.0,890954276503.3245,18915237.54143106,245011.0
2021-12-30,ETH,eth,602454.0,437679314133.73944,118035304.00861216,1255688.0
2021-12-30,USDC,usdc,36369.0,43166227530.84255,43168928709.33524,709139.0
2021-12-30,USDT,usdt,579637.0,81554298187.0483,81555113261.52919,1294167.0
2021-12-31,BTC,btc,1093396.0,876861223766.0674,18916168.79143106,262509.0
2021-12-31,ETH,eth,578540.0,435213696992.3496,118041602.26648684,1214585.0
2021-12-31,USDC,usdc,33133.0,43060857259.23375,43067720819.52339,701647.0
2021-12-31,USDT,usdt,488043.0,82569082976.28218,82555113261.52919,1196137.0
2022-01-01,BTC,btc,695722.0,899704292195.3873,18917243.79143106,188065.0
2022-01-01,ETH,eth,581310.0,443989998321.9019,118049177.83493708,1180989.0
2022-01-01,USDC,usdc,24937.0,43362343244.57645,43358939016.54866,581184.0
2022-01-01,USDT,usdt,389798.0,82570508270.2889,82555113261.52919,978093.0
2022-01-02,BTC,btc,734444.0,895826639879.7357,18918231.29143106,194826.0
2022-01-02,ETH,eth,551998.0,452429174354.97,118054804.89359155,1158900.0
2022-01-02,USDC,usdc,23065.0,43485449905.84413,43486829816.5511,588711.0
2022-01-02,USDT,usdt,441034.0,82571263859.4617,82555113261.52919,1043639.0
2022-01-03,BTC,btc,948843.0,878857424265.7749,18919106.29142014,241163.0
2022-01-03,ETH,eth,591354.0,444548274117.2104,118060102.63204949,1209173.0
2022-01-03,USDC,usdc,31586.0,43500542693.28099,43498230555.2467,591709.0
2022-01-03,USDT,usdt,509491.0,82562157224.69968,82555113261.52919,1169472.0
2022-01-04,BTC,btc,971141.0,868541933980.8007,18920025.04140376,274049.0
2022-01-04,ETH,eth,601544.0,448242980435.21655,118063057.34379524,1221316.0
2022-01-04,USDC,usdc,32499.0,43480050656.78616,43481428657.406845,758453.0
2022-01-04,USDT,usdt,547572.0,82542241225.8098,82555113261.52919,1309331.0
2022-01-05,BTC,btc,1023484.0,823647361549.9047,18920962.541371,274757.0
2022-01-05,ETH,eth,632107.0,418628856566.12427,118064691.9651182,1249628.0
2022-01-05,USDC,usdc,35497.0,43672184054.530754,43668570971.58616,731280.0
2022-01-05,USDT,usdt,605364.0,82557280152.31625,82555113261.52919,1365024.0
2022-01-06,BTC,btc,937879.0,816383641933.4489,18921875.04133824,258406.0
2022-01-06,ETH,eth,607697.0,402991368628.69794,118067192.31174992,1212495.0
2022-01-06,USDC,usdc,34352.0,43913061250.60115,43917248457.41356,849534.0
2022-01-06,USDT,usdt,543300.0,82546844722.80348,82555113261.52919,1320296.0
2022-01-07,BTC,btc,961733.0,785536046142.0577,18922750.0413164,255659.0
2022-01-07,ETH,eth,589283.0,376653407264.55255,118068474.84436598,1188490.0
2022-01-07,USDC,usdc,34024.0,44064139426.48091,44062019025.717316,628447.0
2022-01-07,USDT,usdt,561072.0,81793627794.9405,81805113261.52919,1227544.0
2022-01-08,BTC,btc,823193.0,791005030825.6498,18923650.0413164,226064.0
2022-01-08,ETH,eth,596125.0,365184816978.98346,118072739.65115172,1183873.0
2022-01-08,USDC,usdc,29466.0,44282424745.2198,44293354406.79507,693215.0
2022-01-08,USDT,usdt,473142.0,81811641414.75249,81805113261.52919,1150552.0
2022-01-09,BTC,btc,734904.0,792682352625.3267,18924531.2913164,203966.0
2022-01-09,ETH,eth,534489.0,372503346874.9416,118073603.88614528,1108322.0
2022-01-09,USDC,usdc,23845.0,44313196197.79404,44310929938.60805,699031.0
2022-01-09,USDT,usdt,443729.0,81807368041.85771,81805113261.52919,1116195.0
2022-01-10,BTC,btc,977953.0,791403311312.3584,18925418.79130548,269292.0
2022-01-10,ETH,eth,524870.0,363636631911.7309,118068986.88951702,1233195.0
2022-01-10,USDC,usdc,28827.0,44597960253.28042,44595965800.5422,714775.0
2022-01-10,USDT,usdt,540218.0,81815686488.74878,81805113261.52919,1279317.0
2022-01-11,BTC,btc,973363.0,809447924741.6742,18926406.29127818,285302.0
2022-01-11,ETH,eth,591386.0,382767642994.3016,118066947.176361,1277649.0
2022-01-11,USDC,usdc,29628.0,44699926692.035576,44697955657.934555,721133.0
2022-01-11,USDT,usdt,529229.0,81834138538.06847,81805113261.52919,1288097.0
2022-01-12,BTC,btc,958871.0,832062440495.9272,18927275.04123996,266587.0
2022-01-12,ETH,eth,634922.0,398215028021.8861,118064926.2724,1283346.0
2022-01-12,USDC,usdc,30280.0,45065837473.731705,45062694489.73151,749448.0
2022-01-12,USDT,usdt,551313.0,81839496270.96875,81805113261.52919,1360383.0
2022-01-13,BTC,btc,943218.0,806858094234.2054,18928393.79122904,276789.0
2022-01-13,ETH,eth,658808.0,384072341193.07086,118064523.66244586,1282921.0
2022-01-13,USDC,usdc,28681.0,45344734205.94598,45348216622.54295,769481.0
2022-01-13,USDT,usdt,499879.0,81829723643.7618,81805113261.52919,1268037.0
2022-01-14,BTC,btc,959705.0,815906720814.3416,18929387.5412072,262404.0
2022-01-14,ETH,eth,593126.0,390634066567.61475,118062142.19064847,1218460.0
2022-01-14,USDC,usdc,30079.0,45574840286.15662,45576063736.60173,775780.0
2022-01-14,USDT,usdt,500385.0,81839831906.20824,81805113261.52919,1258012.0
2022-01-15,BTC,btc,819060.0,817920712548.0422,18930425.0412072,234931.0
2022-01-15,ETH,eth,616538.0,393681658307.69354,118065062.005458,1174849.0
2022-01-15,USDC,usdc,26175.0,45602352807.06571,45600532473.6697,640954.0
2022-01-15,USDT,usdt,489647.0,81838687303.98064,81805113261.52919,1218658.0
2022-01-16,BTC,btc,768912.0,817252077983.4712,18931518.79120174,217903.0
2022-01-16,ETH,eth,591290.0,396274948183.30286,118067845.84596606,1162954.0
2022-01-16,USDC,usdc,22552.0,45739524236.32032,45739486235.89158,701251.0
2022-01-16,USDT,usdt,466816.0,81886421287.53513,81855113261.52919,1196585.0
2022-01-17,BTC,btc,963405.0,799165933857.8269,18932525.04117444,258684.0
2022-01-17,ETH,eth,592963.0,379137977560.9488,118070312.03019032,1198719.0
2022-01-17,USDC,usdc,28304.0,45873983591.08704,45872475707.01816,693630.0
2022-01-17,USDT,usdt,587222.0,81883915401.6016,81855113261.52919,1393810.0
2022-01-18,BTC,btc,906852.0,803366428290.746,18933375.04116898,267423.0
2022-01-18,ETH,eth,584159.0,373799460225.1107,118074371.7944478,1169526.0
2022-01-18,USDC,usdc,30875.0,46062467752.49787,46059572284.60282,712171.0
2022-01-18,USDT,usdt,583172.0,81882675375.57268,81855113261.52919,1432319.0
2022-01-19,BTC,btc,940760.0,791227795959.067,18934456.29114714,267790.0
2022-01-19,ETH,eth,606823.0,366681698411.0703,118077991.92753488,1223143.0
2022-01-19,USDC,usdc,39420.0,46326558645.43502,46330507200.66482,718035.0
2022-01-19,USDT,usdt,536238.0,81880220918.18689,81855113261.52919,1404094.0
2022-01-20,BTC,btc,944092.0,771738138088.1323,18935512.54111984,272287.0
2022-01-20,ETH,eth,591925.0,355642436480.8015,118080053.47179142,1190018.0
2022-01-20,USDC,usdc,115120.0,46576214140.65339,46591848595.77875,648412.0
2022-01-20,USDT,usdt,582318.0,81859849790.31023,81851389102.59714,1366529.0
2022-01-21,BTC,btc,1017544.0,691030724675.9996,18936350.04108254,272514.0
2022-01-21,ETH,eth,567601.0,302877590300.80896,118078370.14518136,1189898.0
2022-01-21,USDC,usdc,38162.0,47318760468.2106,47310880264.65351,664300.0
2022-01-21,USDT,usdt,582189.0,81867222052.64516,81847700586.75854,1328592.0
2022-01-22,BTC,btc,980566.0,662733218969.3214,18937187.54107708,246984.0
2022-01-22,ETH,eth,566830.0,283486903274.0112,118078768.93437424,1204920.0
2022-01-22,USDC,usdc,61753.0,47638991529.9643,47632077857.82049,732226.0
2022-01-22,USDT,usdt,602899.0,79866648198.77155,79847700586.75854,1354800.0
2022-01-23,BTC,btc,764279.0,686903645043.7297,18938068.79106616,208492.0
2022-01-23,ETH,eth,541674.0,299160671633.6106,118082248.18600515,1077884.0
2022-01-23,USDC,usdc,264710.0,47956838970.62035,47937868294.74384,977915.0
2022-01-23,USDT,usdt,590926.0,79871507895.03096,79847700586.75854,1308735.0
2022-01-24,BTC,btc,967257.0,694298766581.2903,18939006.29103886,271583.0
2022-01-24,ETH,eth,550404.0,288023313314.2561,118084782.80552684,1147109.0
2022-01-24,USDC,usdc,501096.0,48494247044.80713,48477317986.02129,1228555.0
2022-01-24,USDT,usdt,708929.0,79877711842.0305,79847700586.75854,1520763.0
2022-01-25,BTC,btc,892344.0,699880378324.826,18939956.29101156,266941.0
2022-01-25,ETH,eth,571545.0,290303674073.46466,118087292.3978704,1177640.0
2022-01-25,USDC,usdc,419833.0,48873271533.15279,48864294200.252335,1113657.0
2022-01-25,USDT,usdt,773816.0,79906303372.27156,79846030585.75854,1647578.0
2022-01-26,BTC,btc,872302.0,697509429274.1655,18940768.79099518,258696.0
2022-01-26,ETH,eth,559574.0,291339250006.67035,118089389.24586897,1146116.0
2022-01-26,USDC,usdc,259284.0,49390009514.72144,49379714206.78754,1055381.0
2022-01-26,USDT,usdt,783931.0,79890317599.61934,79846030585.75854,1602582.0
2022-01-27,BTC,btc,894323.0,701254263145.7666,18941587.54096788,252850.0
2022-01-27,ETH,eth,537711.0,284907333431.5477,118090211.26866968,1133684.0
2022-01-27,USDC,usdc,234300.0,49826788325.84662,49809518183.747574,1024157.0
2022-01-27,USDT,usdt,624327.0,79863268181.77151,79846030585.75854,1404283.0
2022-01-28,BTC,btc,953545.0,715438283447.2081,18942550.04093512,266473.0
2022-01-28,ETH,eth,563345.0,300610130478.91785,118092413.28056984,1137559.0
2022-01-28,USDC,usdc,239262.0,49986438842.20946,49990384651.48553,934936.0
2022-01-28,USDT,usdt,624853.0,79874045762.57977,79846030585.75854,1398571.0
2022-01-29,BTC,btc,800040.0,721524832280.5933,18943481.29091874,227066.0
2022-01-29,ETH,eth,564639.0,306248581536.9625,118096908.0033451,1147157.0
2022-01-29,USDC,usdc,213746.0,50033285638.590385,50039024038.36382,784735.0
2022-01-29,USDT,usdt,572956.0,79872096978.10454,79846030585.75854,1236954.0
2022-01-30,BTC,btc,780477.0,719574502508.9705,18944393.79091328,208908.0
2022-01-30,ETH,eth,581901.0,308311140628.4357,118101746.68687584,1183850.0
2022-01-30,USDC,usdc,204316.0,50155542135.33968,50155207745.40416,691557.0
2022-01-30,USDT,usdt,535661.0,79875234586.44267,79846030585.75854,1141612.0
2022-01-31,BTC,btc,993797.0,728686388266.2092,18945287.54090782,262993.0
2022-01-31,ETH,eth,603862.0,317263513418.3904,118105689.22175972,1177345.0
2022-01-31,USDC,usdc,236707.0,50297387188.37358,50297527376.11375,767701.0
2022-01-31,USDT,usdt,590427.0,79886890193.5905,79846030585.75854,1232238.0
2022-02-01,BTC,btc,1058396.0,734886466082.2046,18946250.04088598,274556.0
2022-02-01,ETH,eth,596580.0,330176676062.7516,118106759.32202652,1173199.0
2022-02-01,USDC,usdc,223447.0,50512077811.424416,50515904938.39132,796243.0
2022-02-01,USDT,usdt,516781.0,79888381181.7125,79846030585.75854,1144226.0
2022-02-02,BTC,btc,954043.0,699953961572.8494,18947206.29086414,275434.0
2022-02-02,ETH,eth,582512.0,317315297598.9672,118108234.74501856,1152665.0
2022-02-02,USDC,usdc,230624.0,50821211377.18573,50820300221.38555,792927.0
2022-02-02,USDT,usdt,513672.0,79894425633.56006,79846030585.75854,1131449.0
2022-02-03,BTC,btc,931571.0,702173027375.5972,18948125.04082046,267726.0
2022-02-03,ETH,eth,564022.0,315436571253.75275,118112134.5426002,1111215.0
2022-02-03,USDC,usdc,206742.0,51131556733.64177,51137048674.64448,749340.0
2022-02-03,USDT,usdt,519932.0,79883521352.76067,79846030584.75854,1129081.0
2022-02-04,BTC,btc,885216.0,778420574646.1787,18948937.54080408,249753.0
2022-02-04,ETH,eth,600857.0,350800802013.3118,118117445.238175,1168994.0
2022-02-04,USDC,usdc,206265.0,51185891181.18977,51189105886.0851,830699.0
2022-02-04,USDT,usdt,542922.0,79900032354.56131,79846030584.75854,1230794.0
2022-02-05,BTC,btc,951087.0,786574393907.42,18949681.29079862,253867.0
2022-02-05,ETH,eth,664334.0,356456006867.45746,118125276.87143043,1235023.0
2022-02-05,USDC,usdc,190094.0,51349224631.35653,51350403386.17178,737074.0
2022-02-05,USDT,usdt,551597.0,79896198018.4404,79846030584.75854,1251169.0
2022-02-06,BTC,btc,891700.0,802716166347.2821,18950656.29079862,221803.0
2022-02-06,ETH,eth,631736.0,360233186220.1321,118133557.87450084,1173884.0
2022-02-06,USDC,usdc,175855.0,51394436542.398384,51370089642.064896,707057.0
2022-02-06,USDT,usdt,531635.0,79890548830.11,79846030584.75854,1211364.0
2022-02-07,BTC,btc,927917.0,831762282836.8923,18951506.2907877,262908.0
2022-02-07,ETH,eth,607608.0,371588320600.7122,118138052.54536729,1163338.0
2022-02-07,USDC,usdc,231776.0,51661874165.120674,51658208881.90838,886701.0
2022-02-07,USDT,usdt,633638.0,79903116849.4118,79845834579.69304,1429948.0
2022-02-08,BTC,btc,1014770.0,837082119037.3419,18952468.79077678,277455.0
2022-02-08,ETH,eth,610323.0,369395588835.68976,118144799.57721682,1180780.0
2022-02-08,USDC,usdc,214006.0,51920903709.93388,51911373834.49998,898329.0
2022-02-08,USDT,usdt,632630.0,79918863418.64719,79845834579.69304,1426836.0
2022-02-09,BTC,btc,998247.0,841624618494.103,18953343.79075494,263940.0
2022-02-09,ETH,eth,618614.0,383014056559.1854,118151348.23949485,1205889.0
2022-02-09,USDC,usdc,221940.0,52112990176.71163,52112609005.50232,811418.0
2022-02-09,USDT,usdt,669046.0,79914684462.1971,79845834579.69304,1435617.0
2022-02-10,BTC,btc,1029721.0,826677702003.7993,18954262.54074948,261192.0
2022-02-10,ETH,eth,623464.0,363993338559.66187,118157961.80943236,1205676.0
2022-02-10,USDC,usdc,237874.0,52282784478.05297,52288109362.562355,873053.0
2022-02-10,USDT,usdt,631948.0,80900096262.63577,80845834579.69304,1430307.0
2022-02-11,BTC,btc,987669.0,802889388936.9896,18955150.0407331,258085.0
2022-02-11,ETH,eth,628135.0,345527783403.0372,118166304.64412844,1183966.0
2022-02-11,USDC,usdc,253515.0,52432643537.14812,52437436272.13531,870675.0
2022-02-11,USDT,usdt,637485.0,80887609810.12482,80845834579.69304,1431405.0
2022-02-12,BTC,btc,1060262.0,799453385155.5482,18956315.09959684,224735.0
2022-02-12,ETH,eth,593930.0,343988805356.2671,118175254.33788905,1114648.0
2022-02-12,USDC,usdc,243908.0,52525392870.93842,52515920133.561714,819261.0
2022-02-12,USDT,usdt,559235.0,80891267481.69418,80845834579.69304,1277702.0
2022-02-13,BTC,btc,829229.0,799914657954.3014,18957302.59959684,212378.0
2022-02-13,ETH,eth,609734.0,340455424967.8945,118185106.2507456,1115296.0
2022-02-13,USDC,usdc,245048.0,52561371861.00898,52570778581.21801,745707.0
2022-02-13,USDT,usdt,555093.0,80882987044.35846,80845834579.69304,1229457.0
2022-02-14,BTC,btc,899786.0,808496975465.7014,18958258.84958046,249689.0
2022-02-14,ETH,eth,616653.0,347054493303.65027,118194564.21958973,1147522.0
2022-02-14,USDC,usdc,254805.0,52680674375.02192,52686873685.984856,797693.0
2022-02-14,USDT,usdt,619395.0,80885232394.48091,80845834579.69304,1367711.0
2022-02-15,BTC,btc,1013694.0,843916967903.3898,18959352.59955316,272685.0
2022-02-15,ETH,eth,603711.0,375327152577.6458,118203663.1840726,1192633.0
2022-02-15,USDC,usdc,273540.0,52757501063.9689,52724656494.46788,768854.0
2022-02-15,USDT,usdt,679922.0,80896629956.1336,80845834579.69304,1471508.0
2022-02-16,BTC,btc,925324.0,835500283615.3702,18960327.59953132,267496.0
2022-02-16,ETH,eth,574473.0,371245915304.3328,118211362.91194569,1194693.0
2022-02-16,USDC,usdc,257291.0,52838480796.66714,52836216371.85425,815252.0
2022-02-16,USDT,usdt,644738.0,80891012328.27072,80845834579.69304,1464716.0
2022-02-17,BTC,btc,931220.0,770019212409.19,18961308.84950948,256201.0
2022-02-17,ETH,eth,571833.0,341415846101.2936,118219467.16817927,1141997.0
2022-02-17,USDC,usdc,216448.0,52771447452.05667,52755969885.98894,800493.0
2022-02-17,USDT,usdt,632316.0,80893904067.06459,80845834579.69304,1460280.0
2022-02-18,BTC,btc,940726.0,759324202407.7102,18962142.18177205,258376.0
2022-02-18,ETH,eth,532857.0,329224725190.61945,118225504.47319023,1252754.0
2022-02-18,USDC,usdc,213672.0,52715612320.678795,52710077878.89011,785634.0
2022-02-18,USDT,usdt,602039.0,80887282126.97896,80845834579.69304,1411679.0
2022-02-19,BTC,btc,839236.0,760341255738.9949,18963073.43176113,218004.0
2022-02-19,ETH,eth,560677.0,326042636607.5945,118234406.27957945,1150162.0
2022-02-19,USDC,usdc,195797.0,52764595045.62242,52774145494.509125,691005.0
2022-02-19,USDT,usdt,571622.0,80879772347.48184,80845834579.69304,1287718.0
2022-02-20,BTC,btc,741534.0,731091944780.325,18963973.43176113,202691.0
2022-02-20,ETH,eth,573519.0,311735818583.9793,118243485.83770809,1343869.0
2022-02-20,USDC,usdc,210523.0,52766730104.43204,52775594315.62376,738611.0
2022-02-20,USDT,usdt,563796.0,80876169959.15437,80845834579.69304,1261374.0
2022-02-21,BTC,btc,886316.0,703554688344.6675,18964742.18175567,238620.0
2022-02-21,ETH,eth,539817.0,304951719979.8673,118250033.31027408,1134349.0
2022-02-21,USDC,usdc,243783.0,52786580884.519104,52783911858.48899,911811.0
2022-02-21,USDT,usdt,613701.0,81883312653.16225,81845834579.69304,1404717.0
2022-02-22,BTC,btc,886571.0,724538639899.3824,18965692.18172837,256251.0
2022-02-22,ETH,eth,550464.0,311752643766.7895,118257031.36298464,1129213.0
2022-02-22,USDC,usdc,276369.0,52899204267.773346,52878932957.13743,938252.0
2022-02-22,USDT,usdt,672939.0,81985760065.42117,81945834579.69304,1509566.0
2022-02-23,BTC,btc,859810.0,707612117150.8046,18966629.68169015,253563.0
2022-02-23,ETH,eth,579757.0,306517062695.28534,118264523.08971344,1147632.0
2022-02-23,USDC,usdc,290866.0,53000271905.4513,52999624101.71685,893380.0
2022-02-23,USDT,usdt,612830.0,81986380526.13843,81945834579.69304,1398710.0
2022-02-24,BTC,btc,958866.0,726146059494.2439,18967454.68166434,255800.0
2022-02-24,ETH,eth,581027.0,306802531124.2691,118271553.22588168,1181182.0
2022-02-24,USDC,usdc,297061.0,53316224817.90893,53318706971.257706,1040921.0
2022-02-24,USDT,usdt,700891.0,81978875849.01967,81945834579.69304,1549115.0
2022-02-25,BTC,btc,936543.0,745904763136.9402,18968292.18162065,260990.0
2022-02-25,ETH,eth,596415.0,329837514553.4212,118281104.47114918,1137898.0
2022-02-25,USDC,usdc,243167.0,53389994666.351265,53430515702.20057,902487.0
2022-02-25,USDT,usdt,623666.0,81992764973.52518,81945834579.69302,1462464.0
2022-02-26,BTC,btc,818914.0,740867098958.1196,18969073.43159881,221994.0
2022-02-26,ETH,eth,623437.0,328577626564.4855,118291930.92276296,1167802.0
2022-02-26,USDC,usdc,199757.0,53428581082.58213,53422664233.16192,778314.0
2022-02-26,USDT,usdt,547322.0,81988652355.86502,81945834579.69302,1354668.0
2022-02-27,BTC,btc,768705.0,714497979063.6003,18969923.43158243,206112.0
2022-02-27,ETH,eth,582203.0,309300957603.4774,118302953.89235468,1125065.0
2022-02-27,USDC,usdc,194700.0,53526820072.778534,53536916984.26768,822867.0
2022-02-27,USDT,usdt,533075.0,81979440513.77116,81945834579.69302,1327279.0
2022-02-28,BTC,btc,981066.0,819148711995.1912,18970885.93155513,274389.0
2022-02-28,ETH,eth,559824.0,344814046314.0025,118311264.20754318,1108112.0
2022-02-28,USDC,usdc,228289.0,53655736798.77517,53654974170.10834,866125.0
2022-02-28,USDT,usdt,650207.0,81971737796.8953,81945834579.69302,1499045.0
2022-03-01,BTC,btc,1065354.0,841108826271.2916,18971898.43154967,275460.0
2022-03-01,ETH,eth,591290.0,351357844750.88776,118320842.34656174,1161564.0
2022-03-01,USDC,usdc,237903.0,53683756767.13534,53670238381.91568,846344.0
2022-03-01,USDT,usdt,632218.0,81979203440.78418,81945834579.69302,1433702.0
2022-03-02,BTC,btc,1091796.0,834508464680.0197,18972748.43151145,289957.0
2022-03-02,ETH,eth,615639.0,349626702102.9695,118330729.7522926,1191369.0
2022-03-02,USDC,usdc,233865.0,53603370247.55487,53608482734.183044,872582.0
2022-03-02,USDT,usdt,617928.0,81974181564.40506,81945834579.69302,1441209.0
2022-03-03,BTC,btc,1011448.0,806244025712.1389,18973673.43147869,270823.0
2022-03-03,ETH,eth,603657.0,335728574596.0171,118341214.78661028,1167187.0
2022-03-03,USDC,usdc,221114.0,53503271112.104614,53503131500.76149,710447.0
2022-03-03,USDT,usdt,607453.0,81956188443.07635,81945834579.69302,1333168.0
2022-03-04,BTC,btc,949176.0,742026135335.5072,18974542.18146231,257979.0
2022-03-04,ETH,eth,606641.0,309824449515.40344,118351969.6487406,1167450.0
2022-03-04,USDC,usdc,219504.0,53009036318.05167,53012101430.76148,714965.0
2022-03-04,USDT,usdt,588928.0,81962223746.60896,81945834579.69302,1294633.0
2022-03-05,BTC,btc,801293.0,747321460590.9249,18975310.93144047,226147.0
2022-03-05,ETH,eth,570463.0,315188765576.9581,118363595.60034151,1077981.0
2022-03-05,USDC,usdc,201730.0,53047203962.98188,53047659670.32639,572423.0
2022-03-05,USDT,usdt,569572.0,81960451925.36409,81945834579.69302,1219930.0
2022-03-06,BTC,btc,771254.0,728670905368.0938,18976129.68142409,205542.0
2022-03-06,ETH,eth,588892.0,302789734330.08545,118374151.22847432,1123245.0
2022-03-06,USDC,usdc,195631.0,52948554188.36484,52949951465.050354,622112.0
2022-03-06,USDT,usdt,573099.0,81960538133.7227,81945834579.69302,1212709.0
2022-03-07,BTC,btc,917289.0,723912662220.2533,18977054.68140771,255761.0
2022-03-07,ETH,eth,604545.0,296082482789.92474,118385607.08684164,1174568.0
2022-03-07,USDC,usdc,217100.0,52786046528.52676,52774539276.25692,812711.0
2022-03-07,USDT,usdt,638967.0,82962079068.12633,82945834579.69302,1387639.0
2022-03-08,BTC,btc,962840.0,734931320621.745,18977979.68139133,258526.0
2022-03-08,ETH,eth,662168.0,305200035242.8161,118397158.5598624,1195626.0
2022-03-08,USDC,usdc,207883.0,52832216696.96948,52832996990.87225,788144.0
2022-03-08,USDT,usdt,654497.0,82956930463.58965,82945834579.69302,1354871.0
2022-03-09,BTC,btc,960901.0,796910249370.7688,18978842.18134765,272021.0
2022-03-09,ETH,eth,636798.0,322897535771.1622,118408851.0923104,1178322.0
2022-03-09,USDC,usdc,368179.0,52784893013.16118,52782735563.10917,863733.0
2022-03-09,USDT,usdt,619790.0,82968759092.25056,82945834579.69302,1339797.0
2022-03-10,BTC,btc,993366.0,749363333209.5948,18979748.43133127,259229.0
2022-03-10,ETH,eth,705372.0,309245862617.8305,118420966.42113124,1229591.0
2022-03-10,USDC,usdc,323981.0,52958578034.00477,52954708899.299965,736793.0
2022-03-10,USDT,usdt,569643.0,82979728734.28227,82943824141.60608,1236335.0
2022-03-11,BTC,btc,903967.0,736929136350.2587,18980610.93132035,252248.0
2022-03-11,ETH,eth,587448.0,303498430789.2502,118433467.85740492,1119334.0
2022-03-11,USDC,usdc,229955.0,52875405140.75009,52871847958.818275,740680.0
2022-03-11,USDT,usdt,539112.0,82952214508.10652,82943824141.60608,1216711.0
2022-03-12,BTC,btc,787792.0,739354221515.7125,18981585.93129851,222124.0
2022-03-12,ETH,eth,603452.0,305376733564.2138,118446532.4208298,1120627.0
2022-03-12,USDC,usdc,196318.0,52839997040.51914,52842540035.23439,644142.0
2022-03-12,USDT,usdt,495370.0,82958157720.23042,82943824141.60608,1147846.0
2022-03-13,BTC,btc,751546.0,717697507253.0143,18982529.68129305,206930.0
2022-03-13,ETH,eth,554862.0,298100690308.7325,118458829.18995744,1041827.0
2022-03-13,USDC,usdc,208861.0,52894501186.00384,52891328916.23101,664032.0
2022-03-13,USDT,usdt,490644.0,83061782671.92168,83043824141.60608,1133224.0
2022-03-14,BTC,btc,936153.0,752677094103.7611,18983485.93127667,263759.0
2022-03-14,ETH,eth,565713.0,306766217630.95056,118471023.93636636,1097913.0
2022-03-14,USDC,usdc,233757.0,52911750390.19447,52912285865.25807,716973.0
2022-03-14,USDT,usdt,606889.0,83052488425.76735,83043192538.76147,1312228.0
2022-03-15,BTC,btc,949102.0,747163714202.8488,18984354.68125483,266692.0
2022-03-15,ETH,eth,637927.0,310571002686.1724,118482609.71275245,1190207.0
2022-03-15,USDC,usdc,373323.0,52838270903.348114,52836061809.71514,771852.0
2022-03-15,USDT,usdt,575615.0,83069568823.38179,83043192538.76147,1262319.0
2022-03-16,BTC,btc,1014991.0,780330370069.7833,18985323.43121391,276789.0
2022-03-16,ETH,eth,688363.0,328099370472.1783,118493817.25511707,1236011.0
2022-03-16,USDC,usdc,309418.0,52865771622.351074,52864925703.02707,821531.0
2022-03-16,USDT,usdt,606507.0,83068441843.29323,83043192538.76147,1335437.0
2022-03-17,BTC,btc,1009859.0,777801385657.9899,18986317.18120845,272685.0
2022-03-17,ETH,eth,576394.0,333713383471.5035,118503180.06487323,1174532.0
2022-03-17,USDC,usdc,263979.0,53224919380.197624,53223269342.56314,744391.0
2022-03-17,USDT,usdt,586804.0,83080738930.19072,83038206479.34659,1309691.0
2022-03-18,BTC,btc,1004891.0,794161288273.0387,18987210.93119753,266839.0
2022-03-18,ETH,eth,708137.0,349128735196.0857,118513176.2917792,1265944.0
2022-03-18,USDC,usdc,258788.0,53313720828.36152,53313878202.734085,796798.0
2022-03-18,USDT,usdt,579597.0,83087915353.09666,83038206479.34659,1308716.0
2022-03-19,BTC,btc,864890.0,801171332567.3827,18988179.68118661,236675.0
2022-03-19,ETH,eth,602552.0,349511144135.40106,118525431.45328632,1127607.0
2022-03-19,USDC,usdc,240939.0,53357740012.88866,53365266078.80645,688774.0
2022-03-19,USDT,usdt,560755.0,83079066033.06812,83038206479.34659,1234181.0
2022-03-20,BTC,btc,780069.0,784151376119.5593,18989142.18118661,211211.0
2022-03-20,ETH,eth,589913.0,339234082068.7267,118538077.9621798,1119066.0
2022-03-20,USDC,usdc,237264.0,53451823046.2823,53451276545.96003,681494.0
2022-03-20,USDT,usdt,525773.0,83078209686.39687,83038206479.34659,1198984.0
2022-03-21,BTC,btc,941088.0,779817561038.1803,18990098.43116477,260248.0
2022-03-21,ETH,eth,622971.0,343594964687.7506,118550003.06203392,1162829.0
2022-03-21,USDC,usdc,262162.0,53388638540.69054,53387187019.67594,720624.0
2022-03-21,USDT,usdt,605302.0,83070033019.51971,83038206479.34659,1333992.0
2022-03-22,BTC,btc,920483.0,804900030311.0082,18991029.68112655,260695.0
2022-03-22,ETH,eth,662271.0,352913580784.17957,118561261.79492985,1220571.0
2022-03-22,USDC,usdc,289632.0,53159182816.5438,53156670904.16952,695971.0
2022-03-22,USDT,usdt,598560.0,83073500669.87532,83038206479.34608,1319120.0
2022-03-23,BTC,btc,972037.0,811605189141.3655,18991935.93106649,266381.0
2022-03-23,ETH,eth,615398.0,358223561121.5272,118572817.7933734,1164437.0
2022-03-23,USDC,usdc,303131.0,52981550640.59892,52967422949.031204,748879.0
2022-03-23,USDT,usdt,590329.0,84071650236.14784,84036722688.16078,1288606.0
2022-03-24,BTC,btc,966209.0,835201966315.3181,18992829.68105557,269340.0
2022-03-24,ETH,eth,591502.0,368802603334.44507,118583240.44952726,1151969.0
2022-03-24,USDC,usdc,316492.0,53012649257.728485,53010743719.82245,754884.0
2022-03-24,USDT,usdt,632683.0,84177866086.46944,84136722688.16078,1338432.0
2022-03-25,BTC,btc,1068732.0,842318907291.7147,18993804.68105011,286600.0
2022-03-25,ETH,eth,587955.0,368169842378.8667,118594013.42674352,1146814.0
2022-03-25,USDC,usdc,325050.0,52662704798.129654,52656117500.839226,680108.0
2022-03-25,USDT,usdt,627488.0,84171767034.6199,84136722688.16078,1339798.0
2022-03-26,BTC,btc,825356.0,845647593448.0336,18994810.93105011,229765.0
2022-03-26,ETH,eth,598766.0,373091951039.56714,118606027.09555204,1123878.0
2022-03-26,USDC,usdc,275528.0,52760869342.13165,52757360465.78819,544597.0
2022-03-26,USDT,usdt,534549.0,84175869621.86324,84136722688.16078,1169268.0
2022-03-27,BTC,btc,812882.0,888562475595.7219,18995629.68104465,219139.0
2022-03-27,ETH,eth,589698.0,390100025024.9491,118616881.53564352,1122675.0
2022-03-27,USDC,usdc,292205.0,52866968372.0794,52860744896.35404,608334.0
2022-03-27,USDT,usdt,539668.0,84267430690.63046,84236722688.16078,1200420.0
2022-03-28,BTC,btc,1029256.0,897089950913.7915,18996623.43103373,289835.0
2022-03-28,ETH,eth,600048.0,396975439106.27515,118624762.43016791,1218023.0
2022-03-28,USDC,usdc,376277.0,52819934705.69737,52832147785.102486,766894.0
2022-03-28,USDT,usdt,669535.0,84275455580.05087,84236722688.16078,1475228.0
2022-03-29,BTC,btc,972049.0,901695013250.8093,18997567.18101735,293194.0
2022-03-29,ETH,eth,606799.0,403203633895.1166,118635638.26375397,1199899.0
2022-03-29,USDC,usdc,377571.0,52605463489.5667,52605022512.41019,817260.0
2022-03-29,USDT,usdt,690439.0,84270838314.68704,84236722688.16078,1496488.0
2022-03-30,BTC,btc,940234.0,895267763638.8376,18998410.93100097,269490.0
2022-03-30,ETH,eth,578060.0,402096496205.33246,118645805.6267211,1152200.0
2022-03-30,USDC,usdc,418219.0,52419123024.56333,52423722257.5685,857327.0
2022-03-30,USDT,usdt,710631.0,85262508913.99278,85236722688.16078,1512152.0
2022-03-31,BTC,btc,979952.0,865648898574.5216,18999273.43099005,280038.0
2022-03-31,ETH,eth,588465.0,389403908128.80927,118656039.38276136,1167121.0
2022-03-31,USDC,usdc,423288.0,52185226530.338066,52190566715.06196,813516.0
2022-03-31,USDT,usdt,730995.0,85263836285.39848,85236722688.16074,1545724.0
2022-04-01,BTC,btc,1073859.0,878763543516.0742,19000154.68097367,286454.0
2022-04-01,ETH,eth,565447.0,408981510383.85394,118665067.87935428,1159493.0
2022-04-01,USDC,usdc,411499.0,52335116405.88039,52336249046.77078,745933.0
2022-04-01,USDT,usdt,686914.0,85266145547.982,85236722688.16074,1419188.0
2022-04-02,BTC,btc,932911.0,872903917445.8976,19000998.43097367,250576.0
2022-04-02,ETH,eth,540619.0,409662033840.1547,118675006.16312183,1094668.0
2022-04-02,USDC,usdc,391149.0,52296838316.715836,52299133763.39894,691675.0
2022-04-02,USDT,usdt,606333.0,85268665037.90013,85236722688.16074,1295923.0
2022-04-03,BTC,btc,794992.0,882457046122.9755,19001867.18095729,223619.0
2022-04-03,ETH,eth,533294.0,417953425564.6764,118685095.05312207,1060779.0
2022-04-03,USDC,usdc,372641.0,52307382700.0235,52308396300.38978,588607.0
2022-04-03,USDT,usdt,575468.0,85363163107.09625,85336722688.16074,1225211.0
2022-04-04,BTC,btc,985718.0,886730287350.8208,19002854.68088631,276178.0
2022-04-04,ETH,eth,522069.0,418444843138.9184,118694089.51713528,1105170.0
2022-04-04,USDC,usdc,415629.0,52222449021.55202,52217978269.909744,575274.0
2022-04-04,USDT,usdt,682921.0,85355814971.88084,85336722688.16074,1391392.0
2022-04-05,BTC,btc,952254.0,868339514523.9437,19003760.93088631,276073.0
2022-04-05,ETH,eth,542184.0,406585274506.41144,118698730.3844551,1087129.0
2022-04-05,USDC,usdc,499209.0,51953601832.323,51961824964.7672,661596.0
2022-04-05,USDT,usdt,695433.0,85351496265.3826,85336722688.16039,1402915.0
2022-04-06,BTC,btc,919776.0,822997272031.0201,19004698.43078085,272206.0
2022-04-06,ETH,eth,553413.0,377932184918.24744,118708353.48180476,1127174.0
2022-04-06,USDC,usdc,370683.0,51605149439.82491,51603402094.92477,562122.0
2022-04-06,USDT,usdt,708395.0,85344354115.35478,85336722688.1556,1420189.0
2022-04-07,BTC,btc,927811.0,828054180680.1997,19005560.93075355,266096.0
2022-04-07,ETH,eth,545393.0,384429653074.0854,118717490.3172478,1127793.0
2022-04-07,USDC,usdc,288982.0,51585589842.8273,51589500645.4055,515103.0
2022-04-07,USDT,usdt,668224.0,85343703242.0465,85336722688.1556,1363147.0
2022-04-08,BTC,btc,929602.0,802489465551.0809,19006398.43074263,270556.0
2022-04-08,ETH,eth,539721.0,378237318251.115,118727276.96920405,1104419.0
2022-04-08,USDC,usdc,425585.0,51528165026.889336,51528329310.36369,536696.0
2022-04-08,USDT,usdt,638862.0,85354575320.068,85336722688.1556,1278966.0
2022-04-09,BTC,btc,786423.0,811252805066.329,19007354.68074263,228357.0
2022-04-09,ETH,eth,568479.0,386847010329.39795,118738917.62023637,1085399.0
2022-04-09,USDC,usdc,350153.0,51589591201.02296,51580358997.878914,372170.0
2022-04-09,USDT,usdt,596021.0,85354427438.81427,85336722687.31244,1198258.0
2022-04-10,BTC,btc,754197.0,803372627468.9937,19008229.68073171,218201.0
2022-04-10,ETH,eth,564604.0,382155324406.553,118750676.16504893,1104239.0
2022-04-10,USDC,usdc,404941.0,51584573257.80688,51593809282.488495,441286.0
2022-04-10,USDT,usdt,582346.0,85360649139.26514,85336722687.31244,1196923.0
2022-04-11,BTC,btc,986075.0,751695772760.3042,19009085.93072625,279217.0
2022-04-11,ETH,eth,547339.0,354538550563.24097,118761500.5426492,1113264.0
2022-04-11,USDC,usdc,456966.0,51397217587.53387,51404987952.71501,621500.0
2022-04-11,USDT,usdt,718100.0,85350811439.78596,85335082303.8527,1478188.0
2022-04-12,BTC,btc,970523.0,762233627485.6914,19010042.18071533,273114.0
2022-04-12,ETH,eth,531996.0,359636917000.06696,118772212.81242257,1112524.0
2022-04-12,USDC,usdc,471712.0,51283353783.8257,51286327792.15977,608078.0
2022-04-12,USDT,usdt,673227.0,85350811439.78596,85335082303.8527,1414443.0
2022-04-13,BTC,btc,960119.0,782351625651.621,19010917.18070441,283767.0
2022-04-13,ETH,eth,511890.0,370428780620.2366,118782785.73111576,1067983.0
2022-04-13,USDC,usdc,493485.0,51018917732.42564,51023427922.5567,646476.0
2022-04-13,USDT,usdt,659340.0,85346933206.84447,85335082303.52414,1435484.0
2022-04-14,BTC,btc,910470.0,758883634883.5314,19011779.68070441,259632.0
2022-04-14,ETH,eth,553038.0,358730552672.0143,118793328.467295,1117285.0
2022-04-14,USDC,usdc,510008.0,50836091021.68001,50845134477.865875,727636.0
2022-04-14,USDT,usdt,650991.0,85342839267.39336,85335082303.42415,1439656.0
2022-04-15,BTC,btc,893942.0,770536726947.4893,19012767.18067165,258904.0
2022-04-15,ETH,eth,550349.0,361087716353.2374,118805144.94156688,1110994.0
2022-04-15,USDC,usdc,479900.0,50737382180.62072,50734400522.717255,685745.0
2022-04-15,USDT,usdt,710389.0,85344886112.38274,85335082303.42404,1537424.0
2022-04-16,BTC,btc,774863.0,768902341981.3142,19013604.68066619,220729.0
2022-04-16,ETH,eth,548320.0,364252922997.1885,118817307.45488092,1059286.0
2022-04-16,USDC,usdc,456298.0,50742017444.66246,50746277267.21478,537092.0
2022-04-16,USDT,usdt,605634.0,85346686328.51117,85335082303.42404,1313827.0
2022-04-17,BTC,btc,760823.0,754972012082.3364,19014635.93066619,211027.0
2022-04-17,ETH,eth,528863.0,356077322435.2663,118830010.92657045,1043251.0
2022-04-17,USDC,usdc,464419.0,50729442855.6292,50741416879.687775,484775.0
2022-04-17,USDT,usdt,575742.0,85352095455.29408,85335082303.17538,1227220.0
2022-04-18,BTC,btc,930250.0,776190301536.566,19015473.43066073,248528.0
2022-04-18,ETH,eth,555385.0,363447371337.4933,118841650.18218756,1103439.0
2022-04-18,USDC,usdc,503196.0,50658512101.240265,50662249600.99116,504581.0
2022-04-18,USDT,usdt,686107.0,85345335231.02115,85335082303.17531,1445692.0
2022-04-19,BTC,btc,945444.0,788977754146.4867,19016248.43063343,273229.0
2022-04-19,ETH,eth,651247.0,368964491507.1429,118852848.53256832,1214496.0
2022-04-19,USDC,usdc,692761.0,50783598009.21252,50783284043.89242,633313.0
2022-04-19,USDT,usdt,761384.0,85348437168.39876,85335082302.82993,1565699.0
2022-04-20,BTC,btc,961981.0,787231256989.4119,19017248.43062251,283298.0
2022-04-20,ETH,eth,655981.0,365918718328.66376,118861240.24828672,1241534.0
2022-04-20,USDC,usdc,811204.0,50579580449.83575,50580112883.26679,730604.0
2022-04-20,USDT,usdt,889720.0,85351920395.83215,85335082302.82442,1753357.0
2022-04-21,BTC,btc,970130.0,769432984435.9886,19018304.68059521,279919.0
2022-04-21,ETH,eth,544777.0,354744896017.5175,118870353.57809016,1119925.0
2022-04-21,USDC,usdc,800376.0,50486262952.5299,50489217667.652374,796322.0
2022-04-21,USDT,usdt,748052.0,85348989028.5247,85335082302.82442,1628138.0
2022-04-22,BTC,btc,945273.0,755782416405.1533,19019148.43058975,261784.0
2022-04-22,ETH,eth,572976.0,352354534609.0748,118880579.5338866,1144822.0
2022-04-22,USDC,usdc,644629.0,50496855230.17595,50492757231.4673,674986.0
2022-04-22,USDT,usdt,719172.0,85445585175.53717,85435082302.82442,1529016.0
2022-04-23,BTC,btc,857006.0,752864909083.6787,19020167.18058975,238246.0
2022-04-23,ETH,eth,540859.0,349711925196.07965,118892436.81892788,1051478.0
2022-04-23,USDC,usdc,726221.0,50444773703.49489,50452658144.30452,611154.0
2022-04-23,USDT,usdt,613365.0,85451949115.47801,85435082302.82368,1338834.0
2022-04-24,BTC,btc,796298.0,751560334690.4332,19021235.92958975,217733.0
2022-04-24,ETH,eth,559200.0,347696717281.1342,118904321.99834688,1071778.0
2022-04-24,USDC,usdc,794443.0,50393150295.906204,50397036030.50427,592547.0
2022-04-24,USDT,usdt,602085.0,85452659160.40381,85435082302.82242,1300707.0
2022-04-25,BTC,btc,1003326.0,769901695374.375,19022248.42957337,277416.0
2022-04-25,ETH,eth,559293.0,358195536319.5659,118914321.63436732,1149227.0
2022-04-25,USDC,usdc,841785.0,50368338478.475494,50372438776.69388,708348.0
2022-04-25,USDT,usdt,751042.0,85443216861.12625,85435082302.82242,1588552.0
2022-04-26,BTC,btc,965991.0,724263590330.6515,19023123.42956245,277059.0
2022-04-26,ETH,eth,564643.0,333153917601.94507,118924823.94869591,1125250.0
2022-04-26,USDC,usdc,847779.0,50220868728.069855,50223935813.39752,691992.0
2022-04-26,USDT,usdt,725618.0,85437360987.79054,85435082302.82242,1547400.0
2022-04-27,BTC,btc,967943.0,746100751519.959,19024185.92955153,285596.0
2022-04-27,ETH,eth,572913.0,343347605118.89703,118935216.99656416,1161504.0
2022-04-27,USDC,usdc,928431.0,50245020866.337814,50245002742.49805,719984.0
2022-04-27,USDT,usdt,704733.0,85438304219.05801,85435082302.81836,1517938.0
2022-04-28,BTC,btc,1003139.0,756205933276.4078,19025010.92955153,272681.0
2022-04-28,ETH,eth,567858.0,348998096029.48376,118945552.1939226,1155514.0
2022-04-28,USDC,usdc,960682.0,50190810958.51736,50196453398.10615,773017.0
2022-04-28,USDT,usdt,711422.0,85438524922.193,85435082302.81836,1553329.0
2022-04-29,BTC,btc,1059989.0,734582468278.2043,19025948.42954607,290674.0
2022-04-29,ETH,eth,556135.0,334935607139.40985,118955947.08024296,1168081.0
2022-04-29,USDC,usdc,1066559.0,50100631873.23419,50091979011.10666,718196.0
2022-04-29,USDT,usdt,745397.0,85437639363.34749,85435082302.81836,1580936.0
2022-04-30,BTC,btc,944577.0,717581783127.7089,19026885.92952423,256188.0
2022-04-30,ETH,eth,555823.0,324746931478.47095,118966578.92370243,1211671.0
2022-04-30,USDC,usdc,792361.0,50011154578.17794,50007753717.05292,486968.0
2022-04-30,USDT,usdt,673389.0,85452771758.93555,85435082302.8094,1446529.0
2022-05-01,BTC,btc,834397.0,731799466487.4058,19027929.67951289,233382.0
2022-05-01,ETH,eth,516314.0,336406685697.2194,118909799.0717451,1154787.0
2022-05-01,USDC,usdc,866555.0,49950790676.94823,49949342411.774254,556417.0
2022-05-01,USDT,usdt,639745.0,85437374219.97932,85435082302.8094,1397558.0
2022-05-02,BTC,btc,966035.0,733870898707.1201,19028929.67950743,269678.0
2022-05-02,ETH,eth,508839.0,340288368000.28955,118918420.73816375,1112065.0
2022-05-02,USDC,usdc,1176172.0,49941754700.95277,49947470283.11477,823399.0
2022-05-02,USDT,usdt,680768.0,85426511830.7708,85435082302.73245,1490345.0
2022-05-03,BTC,btc,956710.0,717509825232.097,19029867.17949105,283138.0
2022-05-03,ETH,eth,508627.0,330728437975.5447,118927549.69664755,1077506.0
2022-05-03,USDC,usdc,1163640.0,49687109107.726746,49687645409.12715,859544.0
2022-05-03,USDT,usdt,666340.0,85418606713.84258,85435082302.72693,1478327.0
2022-05-04,BTC,btc,862312.0,754415354857.8029,19030779.67948559,229490.0
2022-05-04,ETH,eth,557482.0,349292320625.9672,118937769.75835724,1102254.0
2022-05-04,USDC,usdc,1123695.0,49427934682.011894,49433260255.493675,875196.0
2022-05-04,USDT,usdt,700284.0,85418826667.98492,85435082302.72693,1557042.0
2022-05-05,BTC,btc,1189734.0,694697804870.6023,19031760.92948013,317562.0
2022-05-05,ETH,eth,593851.0,326704972289.3031,118947344.24143358,1187804.0
2022-05-05,USDC,usdc,1041658.0,49519233296.45484,49524503738.610214,949382.0
2022-05-05,USDT,usdt,798052.0,85409751624.70872,85435082302.71962,1727505.0
2022-05-06,BTC,btc,1086467.0,685993738939.4033,19032648.42946921,288758.0
2022-05-06,ETH,eth,557019.0,320887324275.6534,118958121.79890384,1116562.0
2022-05-06,USDC,usdc,1014082.0,49237019096.940605,49239057922.38059,907859.0
2022-05-06,USDT,usdt,766401.0,85417959334.58179,85435082302.68414,1629513.0
2022-05-07,BTC,btc,837217.0,675856548990.5393,19033542.17945829,234267.0
2022-05-07,ETH,eth,536753.0,313667956321.8131,118969953.27596492,1051489.0
2022-05-07,USDC,usdc,1005448.0,49232525236.85166,49231704474.08099,822610.0
2022-05-07,USDT,usdt,754492.0,85411550454.90517,85435082302.5011,1553171.0
2022-05-08,BTC,btc,813799.0,648294631562.7058,19034510.92945283,223007.0
2022-05-08,ETH,eth,560544.0,299792674682.86914,118982496.49605732,1087198.0
2022-05-08,USDC,usdc,1027855.0,49299961149.77743,49316178662.1692,897087.0
2022-05-08,USDT,usdt,665691.0,85413276632.78093,85435082302.23813,1446973.0
2022-05-09,BTC,btc,1067791.0,579781151871.626,19035479.67945283,287708.0
2022-05-09,ETH,eth,558479.0,268677456167.59583,118991734.50627983,1158340.0
2022-05-09,USDC,usdc,1033778.0,49077097325.87669,49080920818.53357,1071509.0
2022-05-09,USDT,usdt,904805.0,86409688271.10406,86435082302.18042,1920511.0
2022-05-10,BTC,btc,978190.0,589953144393.2335,19036435.92943099,279809.0
2022-05-10,ETH,eth,576970.0,278811607113.631,119001385.86140811,1202934.0
2022-05-10,USDC,usdc,1120389.0,48971168329.981575,48972771561.059784,1230268.0
2022-05-10,USDT,usdt,870631.0,86398230192.07349,86435082302.16347,1934980.0
2022-05-11,BTC,btc,981424.0,548209905804.9245,19037342.17943099,253805.0
2022-05-11,ETH,eth,520754.0,246132822826.81012,119003902.54490268,1210708.0
2022-05-11,USDC,usdc,1031575.0,49456446641.47644,49469293001.53634,1466887.0
2022-05-11,USDT,usdt,998287.0,86039521807.97215,86434753178.49458,2211830.0
2022-05-12,BTC,btc,1058679.0,552691998324.409,19038185.92943099,282227.0
2022-05-12,ETH,eth,658062.0,233056064229.88257,119000052.42296156,1327755.0
2022-05-12,USDC,usdc,1035630.0,50357197785.83498,50363951379.5665,1346694.0
2022-05-12,USDT,usdt,1069825.0,83204558596.24736,83434753178.48105,2331984.0
2022-05-13,BTC,btc,1028898.0,557578891036.9143,19039135.92941461,267948.0
2022-05-13,ETH,eth,695591.0,239926429792.72504,119008068.98491783,1342405.0
2022-05-13,USDC,usdc,983555.0,51183377373.09818,51181446374.30042,988796.0
2022-05-13,USDT,usdt,924896.0,83291553833.64755,83434753178.48105,1915617.0
2022-05-14,BTC,btc,1101356.0,572189373051.7065,19040017.17940369,292088.0
2022-05-14,ETH,eth,567897.0,244358110681.88028,119019579.80741885,1139785.0
2022-05-14,USDC,usdc,997411.0,51497290845.49623,51503403616.67073,934894.0
2022-05-14,USDT,usdt,836481.0,79325052902.24893,79434753178.48091,1748036.0
2022-05-15,BTC,btc,1016251.0,593741420972.2537,19040779.67939823,233949.0
2022-05-15,ETH,eth,549377.0,254605611336.89404,119032209.04152805,1089441.0
2022-05-15,USDC,usdc,1031072.0,51543627270.104935,51544694523.42808,852375.0
2022-05-15,USDT,usdt,750255.0,79334963211.76799,79434753178.48087,1537018.0
2022-05-16,BTC,btc,1094147.0,569152162704.739,19041804.67935455,272399.0
2022-05-16,ETH,eth,573392.0,240782478744.97415,119044873.71665022,1124352.0
2022-05-16,USDC,usdc,1084754.0,52384921892.08194,52401728489.68617,891380.0
2022-05-16,USDT,usdt,720691.0,79325111631.04065,79434753178.48085,1572292.0
2022-05-17,BTC,btc,1029420.0,579626118555.3054,19042723.42932179,278212.0
2022-05-17,ETH,eth,546736.0,249171264983.47723,119056599.62840524,1135718.0
2022-05-17,USDC,usdc,1072004.0,52600498573.17112,52595781237.58656,766999.0
2022-05-17,USDT,usdt,696546.0,79335875249.01294,79434753178.4808,1473805.0
2022-05-18,BTC,btc,902599.0,547906490195.5128,19043560.92928903,264173.0
2022-05-18,ETH,eth,605317.0,228732451401.7555,119068978.38580112,1177913.0
2022-05-18,USDC,usdc,1093878.0,52728033430.8857,52726142787.54099,809508.0
2022-05-18,USDT,usdt,681914.0,79330125630.65677,79434753178.48079,1483188.0
2022-05-19,BTC,btc,897588.0,576240952956.0452,19044323.42926719,260343.0
2022-05-19,ETH,eth,538886.0,240111883742.03995,119081128.18329614,1093367.0
2022-05-19,USDC,usdc,1073973.0,53043535458.59456,53037191088.88383,834261.0
2022-05-19,USDT,usdt,656788.0,79349091757.38084,79434753178.48079,1470432.0
2022-05-20,BTC,btc,949339.0,556579372166.2573,19045123.42923443,269360.0
2022-05-20,ETH,eth,525097.0,233664177857.4518,119093026.5879893,1112811.0
2022-05-20,USDC,usdc,1015589.0,53249253780.54158,53254258898.66001,751413.0
2022-05-20,USDT,usdt,645331.0,79334738788.85905,79434753178.48068,1428031.0
2022-05-21,BTC,btc,758937.0,560333845441.6517,19045967.17922897,216560.0
2022-05-21,ETH,eth,539737.0,235087706728.65784,119105656.59537973,1094539.0
2022-05-21,USDC,usdc,1097702.0,53357982736.12349,53361027240.80728,694834.0
2022-05-21,USDT,usdt,564787.0,79327826586.57234,79434753169.27278,1271950.0
2022-05-22,BTC,btc,749577.0,577723026488.325,19046729.67921805,210953.0
2022-05-22,ETH,eth,512640.0,243544487687.68713,119118023.3509966,1055644.0
2022-05-22,USDC,usdc,1121217.0,53421381723.17928,53422487875.27609,774317.0
2022-05-22,USDT,usdt,542659.0,79347334155.61382,79434753169.27278,1251189.0
2022-05-23,BTC,btc,939531.0,554065152211.9476,19047729.67920167,268759.0
2022-05-23,ETH,eth,516478.0,234760623478.52896,119130307.6557054,1085863.0
2022-05-23,USDC,usdc,1214936.0,53590711154.52359,53592142036.072296,929229.0
2022-05-23,USDT,usdt,676115.0,79347916452.74503,79434753169.27277,1521400.0
2022-05-24,BTC,btc,841611.0,564667107636.2924,19048479.67917437,237379.0
2022-05-24,ETH,eth,529361.0,235639767483.4436,119142096.17046984,1100715.0
2022-05-24,USDC,usdc,1151476.0,53676045618.79876,53682379183.19777,782951.0
2022-05-24,USDT,usdt,669953.0,79329126999.46826,79434753168.86969,1457638.0
2022-05-25,BTC,btc,1016156.0,563428453326.4862,19049379.67914707,284400.0
2022-05-25,ETH,eth,508394.0,231673797114.3004,119153637.60786565,1094639.0
2022-05-25,USDC,usdc,1169973.0,53692887338.35622,53694074436.86861,771687.0
2022-05-25,USDT,usdt,650784.0,79344976553.96281,79434753168.81094,1438733.0
2022-05-26,BTC,btc,894042.0,558791512891.2731,19050260.92914707,260517.0
2022-05-26,ETH,eth,474789.0,215410440618.982,119163928.16823174,1071180.0
2022-05-26,USDC,usdc,1300949.0,53705062999.65372,53723601015.79387,942540.0
2022-05-26,USDT,usdt,680597.0,79340690025.33781,79434753168.81094,1517039.0
2022-05-27,BTC,btc,942679.0,545091530563.07745,19051123.42914161,275683.0
2022-05-27,ETH,eth,494939.0,205133028068.0864,119174828.8412073,1093469.0
2022-05-27,USDC,usdc,1189069.0,54039068581.81354,54046694832.42223,962353.0
2022-05-27,USDT,usdt,679492.0,79337533480.43327,79434753168.79399,1526508.0
2022-05-28,BTC,btc,783393.0,553376665776.6837,19052048.42914161,227772.0
2022-05-28,ETH,eth,540979.0,213781585780.34512,119187474.4859878,1069802.0
2022-05-28,USDC,usdc,988339.0,54183350194.94899,54180058248.52436,737198.0
2022-05-28,USDT,usdt,593515.0,79346794337.7215,79434753168.79234,1317152.0
2022-05-29,BTC,btc,751185.0,560730506231.738,19052979.67913615,205693.0
2022-05-29,ETH,eth,525079.0,215878221063.95007,119200088.3998764,1065407.0
2022-05-29,USDC,usdc,1005431.0,54185267193.94234,54185917576.74107,706611.0
2022-05-29,USDT,usdt,580990.0,79351029844.24678,79434753168.78119,1243725.0
2022-05-30,BTC,btc,925404.0,604695051034.4972,19053942.17911617,267947.0
2022-05-30,ETH,eth,467010.0,238005746884.4788,119211535.38106292,1070320.0
2022-05-30,USDC,usdc,1005760.0,54220628055.47096,54223288580.53025,788367.0
2022-05-30,USDT,usdt,732000.0,79374816165.56401,79434753168.77402,1598113.0
2022-05-31,BTC,btc,998795.0,606542882732.0433,19054854.67909193,277824.0
2022-05-31,ETH,eth,535077.0,232162439561.54108,119221695.92388368,1149142.0
2022-05-31,USDC,usdc,1014383.0,54429562822.441864,54450371232.01147,870333.0
2022-05-31,USDT,usdt,735494.0,79370988278.60281,79434753168.75078,1624218.0
2022-06-01,BTC,btc,962754.0,568353965210.3951,19055704.67905797,274630.0
2022-06-01,ETH,eth,497974.0,217911356816.95145,119231195.21284018,1091283.0
2022-06-01,USDC,usdc,861170.0,54510905709.493805,54519097463.83289,704034.0
2022-06-01,USDT,usdt,697995.0,79362281584.33217,79434753168.74776,1492052.0
2022-06-02,BTC,btc,945705.0,581304153912.1454,19056485.92904159,262596.0
2022-06-02,ETH,eth,469844.0,218852059958.12488,119240151.79060613,1092776.0
2022-06-02,USDC,usdc,1053815.0,54480851759.18497,54481477890.503456,778400.0
2022-06-02,USDT,usdt,668423.0,79376519741.48853,79434753168.69026,1470729.0
2022-06-03,BTC,btc,932672.0,565292782986.4921,19057379.67903067,269049.0
2022-06-03,ETH,eth,471612.0,211468640976.9911,119249154.76757918,1067485.0
2022-06-03,USDC,usdc,580116.0,54462093064.94477,54472761850.95648,702176.0
2022-06-03,USDT,usdt,635343.0,79354728851.69487,79434753167.65063,1451875.0
2022-06-04,BTC,btc,776053.0,567791106824.3273,19058248.42902401,219811.0
2022-06-04,ETH,eth,452819.0,214551456101.67188,119258307.33593032,1029121.0
2022-06-04,USDC,usdc,893434.0,54454831418.59859,54451056850.118706,679217.0
2022-06-04,USDT,usdt,537998.0,79363915845.32765,79434753167.6361,1268974.0
2022-06-05,BTC,btc,721815.0,570162600125.2587,19059160.92902401,195813.0
2022-06-05,ETH,eth,449159.0,215360134664.82568,119267563.88735482,1007109.0
2022-06-05,USDC,usdc,976861.0,54500138959.11559,54493822159.46299,673885.0
2022-06-05,USDT,usdt,526218.0,79365989598.4279,79434753167.63608,1203226.0
2022-06-06,BTC,btc,952859.0,597222968139.2552,19060098.42900763,268569.0
2022-06-06,ETH,eth,480143.0,221503743956.82687,119276898.2257032,1044319.0
2022-06-06,USDC,usdc,954244.0,54178912008.78544,54176460461.02091,650131.0
2022-06-06,USDT,usdt,687220.0,79368241069.824,79434753167.50104,1488505.0
2022-06-07,BTC,btc,941706.0,594230751341.6133,19061110.92891928,265801.0
2022-06-07,ETH,eth,471285.0,216212872782.23096,119286084.80936337,1050984.0
2022-06-07,USDC,usdc,984734.0,54230791648.988976,54252832651.480995,763269.0
2022-06-07,USDT,usdt,678844.0,79381795025.0068,79434753167.50104,1497812.0
2022-06-08,BTC,btc,888118.0,576221747994.024,19062223.4289029,261456.0
2022-06-08,ETH,eth,445135.0,214072989487.4596,119293843.06396785,1042749.0
2022-06-08,USDC,usdc,914778.0,54198102950.16957,54203541759.67438,719204.0
2022-06-08,USDT,usdt,662180.0,79374575701.06816,79434753167.34203,1506430.0
2022-06-09,BTC,btc,914304.0,573123374270.208,19063135.92889198,264597.0
2022-06-09,ETH,eth,468652.0,213213980470.0848,119301752.88695504,1022462.0
2022-06-09,USDC,usdc,822276.0,54219779161.76553,54217088113.06386,675496.0
2022-06-09,USDT,usdt,656781.0,79366829164.51193,79434753167.33981,1566631.0
2022-06-10,BTC,btc,900195.0,554199695710.7606,19064054.67888106,259531.0
2022-06-10,ETH,eth,502689.0,198354858171.60715,119310970.58255546,1079448.0
2022-06-10,USDC,usdc,824598.0,54313528806.301285,54310229694.49523,749348.0
2022-06-10,USDT,usdt,680843.0,79344521089.17683,79434753165.5326,1639681.0
2022-06-11,BTC,btc,831309.0,540698947091.3848,19065017.17888106,228805.0
2022-06-11,ETH,eth,504859.0,182502839943.4822,119321825.38033517,1031618.0
2022-06-11,USDC,usdc,808780.0,54369080832.313576,54379562133.47357,721425.0
2022-06-11,USDT,usdt,615248.0,79342066769.34454,79434753165.53258,1462872.0
2022-06-12,BTC,btc,762985.0,511541120875.3391,19065810.92886106,219703.0
2022-06-12,ETH,eth,479435.0,172958147267.76874,119332827.67440835,1021635.0
2022-06-12,USDC,usdc,791010.0,54527760897.45324,54552894295.05631,796153.0
2022-06-12,USDT,usdt,605768.0,79340857991.01674,79434753165.49886,1450870.0
2022-06-13,BTC,btc,1011323.0,425496087752.90454,19066642.17881922,273372.0
2022-06-13,ETH,eth,495554.0,142272301481.38916,119339552.5202564,1109435.0
2022-06-13,USDC,usdc,732847.0,54844478375.917564,54853958845.57627,1013003.0
2022-06-13,USDT,usdt,799298.0,79314302224.1465,79434753165.49886,1875107.0
2022-06-14,BTC,btc,1075994.0,420875585256.8529,19067554.67879738,275578.0
2022-06-14,ETH,eth,502774.0,143879882245.3824,119348453.8572462,1086757.0
2022-06-14,USDC,usdc,777276.0,54725677541.50178,54754238357.28421,867428.0
2022-06-14,USDT,usdt,737320.0,79340661795.06882,79434753165.49886,1711597.0
2022-06-15,BTC,btc,1063571.0,429439638534.4194,19068585.92876462,297032.0
2022-06-15,ETH,eth,485344.0,146632659914.14587,119356752.18937355,1097000.0
2022-06-15,USDC,usdc,874258.0,54939798368.19283,54954440691.158264,935491.0
2022-06-15,USDT,usdt,764607.0,79335632057.06583,79434753165.49886,1781934.0
2022-06-16,BTC,btc,911369.0,387301460756.62354,19069329.67873186,258005.0
2022-06-16,ETH,eth,512976.0,126774665475.14133,119367177.92961586,1100312.0
2022-06-16,USDC,usdc,645596.0,55306460611.93314,55298987685.55876,773888.0
2022-06-16,USDT,usdt,683930.0,79325615850.0193,79434753165.49886,1589744.0
2022-06-17,BTC,btc,876153.0,390266293444.7234,19070004.67871548,248214.0
2022-06-17,ETH,eth,520393.0,129765222193.73332,119377857.77443704,1110579.0
2022-06-17,USDC,usdc,689971.0,55844290621.3901,55850166746.39347,729725.0
2022-06-17,USDT,usdt,662767.0,79340777952.71332,79434753165.48557,1518697.0
2022-06-18,BTC,btc,924686.0,362613076008.20624,19070979.67871548,246705.0
2022-06-18,ETH,eth,486081.0,118526879127.75124,119387652.48437034,1058336.0
2022-06-18,USDC,usdc,695123.0,56094235869.05067,56115368037.56591,851545.0
2022-06-18,USDT,usdt,634300.0,79313653607.52203,79434753165.43558,1432616.0
2022-06-19,BTC,btc,733337.0,390825178945.0636,19071810.92868548,195875.0
2022-06-19,ETH,eth,471524.0,134248636330.19833,119399102.62903316,1018674.0
2022-06-19,USDC,usdc,689315.0,56533224522.214035,56536245636.27568,857158.0
2022-06-19,USDT,usdt,608459.0,79333300198.97751,79434753165.42601,1407049.0
2022-06-20,BTC,btc,833932.0,392355194662.6997,19072635.9286691,239275.0
2022-06-20,ETH,eth,481392.0,134024779381.54967,119410790.33854632,1042748.0
2022-06-20,USDC,usdc,756957.0,56360948664.32796,56390755225.62052,864464.0
2022-06-20,USDT,usdt,692404.0,68251821433.91822,68334753165.32012,1634542.0
2022-06-21,BTC,btc,927938.0,394602958805.95074,19073573.42863818,260657.0
2022-06-21,ETH,eth,456202.0,134324606737.52296,119420823.10394292,1012862.0
2022-06-21,USDC,usdc,700400.0,56527833604.63795,56526227610.188545,827264.0
2022-06-21,USDT,usdt,690291.0,68266485588.20085,68334753164.8287,1633725.0
2022-06-22,BTC,btc,859651.0,381548027644.27856,19074379.6785718,247129.0
2022-06-22,ETH,eth,458693.0,125699394063.5976,119431003.76922028,988683.0
2022-06-22,USDC,usdc,822436.0,56593792209.03666,56589004534.377144,844452.0
2022-06-22,USDT,usdt,673342.0,68255549511.52386,68334753164.78272,1599544.0
2022-06-23,BTC,btc,866807.0,402434191804.38727,19075329.67854996,258973.0
2022-06-23,ETH,eth,439159.0,136728701297.64632,119439959.34105156,967965.0
2022-06-23,USDC,usdc,681422.0,56388758251.82048,56385992428.955055,737407.0
2022-06-23,USDT,usdt,653678.0,68271021161.88287,68334753164.04569,1550497.0
2022-06-24,BTC,btc,869532.0,406304087725.80865,19076135.9285445,250666.0
2022-06-24,ETH,eth,469974.0,147391348537.05792,119449638.06341527,1019472.0
2022-06-24,USDC,usdc,713253.0,56455825535.61455,56494257448.69679,794741.0
2022-06-24,USDT,usdt,683047.0,68281326270.30531,68334753164.04162,1625043.0
2022-06-25,BTC,btc,742895.0,409553292964.1447,19077079.6784845,217926.0
2022-06-25,ETH,eth,411050.0,148424330810.9764,119459711.36395596,939290.0
2022-06-25,USDC,usdc,689132.0,56576886484.99192,56570817763.75139,698620.0
2022-06-25,USDT,usdt,631216.0,68289697577.1066,68334753164.04162,1469508.0
2022-06-26,BTC,btc,734812.0,401907776246.90607,19077942.1784845,207474.0
2022-06-26,ETH,eth,392526.0,143867796717.28784,119469631.40153833,919721.0
2022-06-26,USDC,usdc,697424.0,56573315988.396454,56576731799.79154,682722.0
2022-06-26,USDT,usdt,564278.0,68297941260.46898,68334753164.041534,1286724.0
2022-06-27,BTC,btc,953524.0,395905002794.3522,19078792.17847358,258934.0
2022-06-27,ETH,eth,452419.0,142765306254.53815,119478696.83235385,994102.0
2022-06-27,USDC,usdc,580096.0,56374801110.47901,56376759715.74847,679284.0
2022-06-27,USDT,usdt,651922.0,68265082448.46992,68334753164.030624,1558476.0
2022-06-28,BTC,btc,922274.0,386616246554.3172,19079704.6784572,253741.0
2022-06-28,ETH,eth,433686.0,136551020228.45496,119487957.458962,976577.0
2022-06-28,USDC,usdc,702709.0,56291018034.67899,56296102785.02241,738954.0
2022-06-28,USDT,usdt,770221.0,68250368490.40191,68334753164.030624,1635618.0
2022-06-29,BTC,btc,899514.0,383157510545.3414,19080648.42829544,257517.0
2022-06-29,ETH,eth,434797.0,130947450082.26038,119496685.88429882,1005566.0
2022-06-29,USDC,usdc,649397.0,56333791885.2746,56338220833.194984,828580.0
2022-06-29,USDT,usdt,615205.0,68248753597.4032,68334753163.82932,1500618.0
2022-06-30,BTC,btc,967680.0,368905161486.5793,19081717.17826714,275120.0
2022-06-30,ETH,eth,444774.0,124470292276.90501,119506121.32196076,1054433.0
2022-06-30,USDC,usdc,624714.0,56454492831.13126,56396428067.55955,792438.0
2022-06-30,USDT,usdt,636418.0,68245918146.19041,68331495856.64128,1518470.0
2022-07-01,BTC,btc,946760.0,369092160644.48914,19082554.67825076,272893.0
2022-07-01,ETH,eth,528527.0,127418877795.21445,119518360.07484777,1178620.0
2022-07-01,USDC,usdc,595579.0,56372662264.579765,56377520517.5065,729104.0
2022-07-01,USDT,usdt,648153.0,68246995155.99682,68331495856.64043,1494510.0
2022-07-02,BTC,btc,844916.0,367009067592.396,19083417.1782453,235532.0
2022-07-02,ETH,eth,557002.0,127483081266.18633,119532097.49588144,1189382.0
2022-07-02,USDC,usdc,571550.0,56421834192.37947,56429599838.79435,624722.0
2022-07-02,USDT,usdt,587305.0,68243814925.90719,68331495856.637314,1342588.0
2022-07-03,BTC,btc,701943.0,367880445197.9902,19084385.92823984,196946.0
2022-07-03,ETH,eth,501278.0,128356565298.48178,119545769.65582004,1157052.0
2022-07-03,USDC,usdc,567705.0,56439194672.880226,56447513856.609024,511159.0
2022-07-03,USDT,usdt,515038.0,67797766608.86077,67884495856.637314,1179045.0
2022-07-04,BTC,btc,883632.0,386024563242.2923,19085279.67821254,251379.0
2022-07-04,ETH,eth,498451.0,137512022703.22256,119558797.48566423,1151999.0
2022-07-04,USDC,usdc,564558.0,56577710130.60589,56575707524.9677,650292.0
2022-07-04,USDT,usdt,652761.0,67807213484.246666,67884495856.544624,1501864.0
2022-07-05,BTC,btc,864471.0,385410487447.10046,19086017.1781634,244533.0
2022-07-05,ETH,eth,495235.0,135660485617.4398,119571324.74259266,1182504.0
2022-07-05,USDC,usdc,558904.0,56494899180.65728,56493354845.903496,685882.0
2022-07-05,USDT,usdt,657159.0,67813147644.53262,67884495856.52884,1485991.0
2022-07-06,BTC,btc,969280.0,392440938375.94653,19086810.92815248,264360.0
2022-07-06,ETH,eth,506042.0,142307041503.48993,119583755.03304656,1161432.0
2022-07-06,USDC,usdc,540761.0,56246752434.781555,56252566427.071075,651906.0
2022-07-06,USDT,usdt,666473.0,67814087910.26399,67884495856.52831,1501108.0
2022-07-07,BTC,btc,1007259.0,413277788950.33325,19087792.17814156,284162.0
2022-07-07,ETH,eth,523021.0,148112273535.59677,119595348.86708258,1194330.0
2022-07-07,USDC,usdc,561362.0,56063482558.6313,56052243013.752014,614205.0
2022-07-07,USDT,usdt,629656.0,67830425676.949265,67884495856.43792,1436455.0
2022-07-08,BTC,btc,936111.0,416397212991.7956,19088717.17811416,264779.0
2022-07-08,ETH,eth,512454.0,147270320526.353,119608158.68944824,1192819.0
2022-07-08,USDC,usdc,390393.0,56070707234.82898,56119300792.83255,619001.0
2022-07-08,USDT,usdt,597376.0,67847162220.49681,67884495856.43147,1402509.0
2022-07-09,BTC,btc,773277.0,412050561218.7148,19089554.67810324,219088.0
2022-07-09,ETH,eth,525366.0,145558350241.27036,119621440.89690356,1170747.0
2022-07-09,USDC,usdc,519266.0,56109076606.947914,56105285266.66824,575984.0
2022-07-09,USDT,usdt,537753.0,67847314038.16096,67884495856.43147,1210098.0
2022-07-10,BTC,btc,705622.0,397679652328.1112,19090510.92809232,198306.0
2022-07-10,ETH,eth,530270.0,139614274575.63583,119634972.19055578,1148902.0
2022-07-10,USDC,usdc,486244.0,56141096454.53354,56147371884.263214,503824.0
2022-07-10,USDT,usdt,495308.0,67837622735.33294,67881106912.21,1142723.0
2022-07-11,BTC,btc,839927.0,381278236463.92224,19091279.67807048,234215.0
2022-07-11,ETH,eth,475953.0,131198075351.26144,119647517.82183388,1146369.0
2022-07-11,USDC,usdc,530909.0,56187537193.62925,56190166554.19074,585729.0
2022-07-11,USDT,usdt,619267.0,67817227458.04368,67881106912.20971,1427474.0
2022-07-12,BTC,btc,943773.0,369227439023.51135,19092223.42804318,274945.0
2022-07-12,ETH,eth,490073.0,124484017584.70811,119660602.04673585,1135896.0
2022-07-12,USDC,usdc,515647.0,56011455918.72939,56027251341.16497,547939.0
2022-07-12,USDT,usdt,630845.0,67808996367.92524,67881106912.13959,1385045.0
2022-07-13,BTC,btc,815549.0,384827697730.7176,19092910.92798858,225738.0
2022-07-13,ETH,eth,518760.0,132827254155.98424,119673098.42507592,1174882.0
2022-07-13,USDC,usdc,535139.0,56061426457.6857,56059829224.013725,540939.0
2022-07-13,USDT,usdt,667597.0,67819770717.98639,67881106911.86074,1400143.0
2022-07-14,BTC,btc,983744.0,392430598967.8341,19093685.92797766,282646.0
2022-07-14,ETH,eth,546310.0,142518327590.7423,119685137.53533287,1189567.0
2022-07-14,USDC,usdc,503366.0,55917669580.56903,55915434578.43015,600176.0
2022-07-14,USDT,usdt,633097.0,67830908078.58349,67881106910.93781,1378380.0
2022-07-15,BTC,btc,943171.0,397772858736.0078,19094573.42795582,267630.0
2022-07-15,ETH,eth,577324.0,147879682097.7739,119697366.799158,1217596.0
2022-07-15,USDC,usdc,446387.0,55492395582.40324,55490290698.13217,687002.0
2022-07-15,USDT,usdt,647864.0,67866986450.48627,67881106910.92432,1469679.0
2022-07-16,BTC,btc,771028.0,404757907016.37714,19095498.42795582,223950.0
2022-07-16,ETH,eth,619314.0,161918623629.26,119710547.37849171,1241502.0
2022-07-16,USDC,usdc,467938.0,55474644620.50929,55475966707.09553,625314.0
2022-07-16,USDT,usdt,577771.0,67865272819.50383,67881106910.91288,1324060.0
2022-07-17,BTC,btc,723539.0,397735055796.3284,19096273.42793944,201095.0
2022-07-17,ETH,eth,581176.0,161064574677.4536,119724023.56220125,1245545.0
2022-07-17,USDC,usdc,445992.0,55449427916.636986,55453694664.55539,515163.0
2022-07-17,USDT,usdt,539444.0,67861549891.89869,67881106910.91261,1203455.0
2022-07-18,BTC,btc,887138.0,425974135852.6638,19097092.17790122,254873.0
2022-07-18,ETH,eth,537891.0,187808748087.1792,119736447.01901044,1213565.0
2022-07-18,USDC,usdc,472710.0,55462202371.70244,55448291537.79668,653362.0
2022-07-18,USDT,usdt,683558.0,67868414294.41373,67881106910.87886,1493810.0
2022-07-19,BTC,btc,994059.0,446342169170.5106,19097954.677863,279366.0
2022-07-19,ETH,eth,519793.0,185093931535.0373,119748881.19458066,1175526.0
2022-07-19,USDC,usdc,618709.0,55396009966.83508,55387213298.8557,824668.0
2022-07-19,USDT,usdt,691435.0,67883901620.88094,67881106910.8787,1508991.0
2022-07-20,BTC,btc,905497.0,444636587982.6189,19098742.17784116,254748.0
2022-07-20,ETH,eth,528020.0,182417245766.5711,119761322.72954464,1191452.0
2022-07-20,USDC,usdc,506297.0,55457554406.95557,55458862924.95456,836331.0
2022-07-20,USDT,usdt,671635.0,67889455076.78355,67881106910.67061,1465022.0
2022-07-21,BTC,btc,964460.0,442202009885.6991,19099610.9278084,278928.0
2022-07-21,ETH,eth,545645.0,189065071843.00375,119774668.13015726,1204397.0
2022-07-21,USDC,usdc,399186.0,55604551646.529274,55597720119.37644,809338.0
2022-07-21,USDT,usdt,673067.0,67886089725.00317,67881106910.56512,1424442.0
2022-07-22,BTC,btc,848578.0,433696094122.61554,19100435.9278084,262220.0
2022-07-22,ETH,eth,576567.0,184065340046.18463,119788425.32556383,1201699.0
2022-07-22,USDC,usdc,499311.0,55640527121.49208,55640306754.498985,862878.0
2022-07-22,USDT,usdt,673294.0,67886528532.11317,67881106910.55502,1450452.0
2022-07-23,BTC,btc,755495.0,429484614219.20026,19101398.4278084,219584.0
2022-07-23,ETH,eth,530546.0,185747592315.89224,119802466.08672604,1144468.0
2022-07-23,USDC,usdc,606607.0,55725241701.641975,55723021118.94492,860953.0
2022-07-23,USDT,usdt,622008.0,67888712589.33449,67881106910.02255,1359808.0
2022-07-24,BTC,btc,736224.0,432733026887.7572,19102379.6778084,201963.0
2022-07-24,ETH,eth,524671.0,192105061194.78735,119816682.09366332,1122303.0
2022-07-24,USDC,usdc,570236.0,55740060777.03761,55733394685.3102,908560.0
2022-07-24,USDT,usdt,575425.0,67887545953.7052,67881106909.01056,1280408.0
2022-07-25,BTC,btc,892636.0,410913676124.0288,19103267.17776472,251613.0
2022-07-25,ETH,eth,640296.0,175153444595.5511,119829987.40903622,1275861.0
2022-07-25,USDC,usdc,432742.0,55688506059.9003,55728001109.33943,850215.0
2022-07-25,USDT,usdt,698243.0,67886286979.19209,67881106908.84333,1550146.0
2022-07-26,BTC,btc,945582.0,404660076563.1692,19104267.17773742,260791.0
2022-07-26,ETH,eth,1093869.0,171520131808.52103,119843031.32610407,1679068.0
2022-07-26,USDC,usdc,413093.0,55745089304.43668,55767050670.15056,941545.0
2022-07-26,USDT,usdt,745538.0,67887947705.545105,67881106908.64123,1598841.0
2022-07-27,BTC,btc,916926.0,437481053400.6272,19105298.42765552,265290.0
2022-07-27,ETH,eth,567464.0,195646672740.56784,119856418.78476559,1197448.0
2022-07-27,USDC,usdc,408074.0,55697977123.54933,55729327780.804016,975293.0
2022-07-27,USDT,usdt,710136.0,67899437068.8875,67881106908.64115,1538617.0
2022-07-28,BTC,btc,1008866.0,455463751078.1736,19106179.67761184,283820.0
2022-07-28,ETH,eth,535301.0,206728334040.97653,119869518.08202244,1158611.0
2022-07-28,USDC,usdc,410739.0,55355320295.64872,55356800249.149,985582.0
2022-07-28,USDT,usdt,672575.0,67895631481.82538,67881106908.61479,1512776.0
2022-07-29,BTC,btc,945142.0,457629004159.523,19107092.1775627,280447.0
2022-07-29,ETH,eth,562772.0,209325264848.49823,119883224.77523042,1192330.0
2022-07-29,USDC,usdc,397295.0,55211022115.13654,55247844997.77186,1159300.0
2022-07-29,USDT,usdt,686571.0,67905156637.27234,67881106908.586975,1499144.0
2022-07-30,BTC,btc,785742.0,451394195746.5754,19107898.42752448,228995.0
2022-07-30,ETH,eth,573180.0,202974325871.4138,119897600.65236671,1179749.0
2022-07-30,USDC,usdc,327398.0,55118935590.79971,55114488657.363144,949774.0
2022-07-30,USDT,usdt,609360.0,67902169273.46476,67881106908.58347,1322909.0
2022-07-31,BTC,btc,787873.0,446309554827.0595,19108848.42748626,215224.0
2022-07-31,ETH,eth,559164.0,201774947426.4712,119911954.76053467,1158621.0
2022-07-31,USDC,usdc,405898.0,55160396112.86108,55149694016.56979,955951.0
2022-07-31,USDT,usdt,607154.0,67908168478.93082,67881106907.982285,1319948.0
2022-08-01,BTC,btc,907238.0,445856833816.2058,19109698.42744804,248469.0
2022-08-01,ETH,eth,698752.0,196179491468.24493,119925885.76118591,1342202.0
2022-08-01,USDC,usdc,403646.0,55028217177.14624,55033128078.61675,974053.0
2022-08-01,USDT,usdt,715494.0,67903505768.94096,67881106907.982285,1545613.0
2022-08-02,BTC,btc,946865.0,440145933788.9064,19110667.17738252,267917.0
2022-08-02,ETH,eth,571530.0,196767524929.16995,119939807.26346336,1206185.0
2022-08-02,USDC,usdc,375856.0,55034912912.904816,55034685215.33816,980371.0
2022-08-02,USDT,usdt,743685.0,67894570455.992325,67881106906.93319,1568170.0
2022-08-03,BTC,btc,977386.0,435930163094.0358,19111573.4273443,282580.0
2022-08-03,ETH,eth,613693.0,193872172911.63892,119953738.99168985,1250888.0
2022-08-03,USDC,usdc,512498.0,54938537093.777504,54938926736.41317,1007558.0
2022-08-03,USDT,usdt,765407.0,68896188608.40485,68881106906.8748,1580058.0
2022-08-04,BTC,btc,948545.0,432481698498.1701,19112398.42727878,278115.0
2022-08-04,ETH,eth,877419.0,192782107419.84912,119967619.0958514,1459603.0
2022-08-04,USDC,usdc,347255.0,54839225523.8284,54840316785.23434,851793.0
2022-08-04,USDT,usdt,689762.0,68887433118.94621,68881106906.58981,1455145.0
2022-08-05,BTC,btc,944004.0,444365402286.3903,19113335.92721326,269270.0
2022-08-05,ETH,eth,587625.0,207043670478.03632,119981635.60686155,1207188.0
2022-08-05,USDC,usdc,317804.0,54925944946.17697,54942093539.14848,944183.0
2022-08-05,USDT,usdt,716549.0,68887453086.60242,68881106906.37358,1542949.0
2022-08-06,BTC,btc,856759.0,439558670016.2039,19114342.17717504,232291.0
2022-08-06,ETH,eth,589391.0,203457064442.02808,119995855.13416964,1148225.0
2022-08-06,USDC,usdc,281029.0,54923035184.97493,54921318626.978195,740168.0
2022-08-06,USDT,usdt,618051.0,68893872490.28568,68881106905.9203,1312904.0
2022-08-07,BTC,btc,716918.0,442589959621.64594,19115335.92710952,199770.0
2022-08-07,ETH,eth,582020.0,203715229635.36832,120010162.80484256,1166932.0
2022-08-07,USDC,usdc,288781.0,54905066819.16397,54910985505.39776,687503.0
2022-08-07,USDT,usdt,586506.0,68891858235.93546,68881106905.61818,1223319.0
2022-08-08,BTC,btc,918162.0,455036199177.5948,19116235.92703308,257482.0
2022-08-08,ETH,eth,541581.0,213169557187.73392,120023687.06574248,1167115.0
2022-08-08,USDC,usdc,373699.0,54813315192.85944,54814853436.68629,970644.0
2022-08-08,USDT,usdt,704777.0,68894468290.43239,68881106905.61818,1523856.0
2022-08-09,BTC,btc,941249.0,443255346045.0302,19117129.6769621,251924.0
2022-08-09,ETH,eth,522334.0,204542126071.34286,120037004.9770564,1125139.0
2022-08-09,USDC,usdc,358313.0,54677947700.278305,54676189135.5595,855578.0
2022-08-09,USDT,usdt,685993.0,68898489975.55061,68881106896.25706,1486619.0
2022-08-10,BTC,btc,1035793.0,457362340117.16785,19118054.6768802,270675.0
2022-08-10,ETH,eth,533069.0,222191305589.1659,120049550.86093745,1160380.0
2022-08-10,USDC,usdc,353224.0,54621067029.18362,54624280539.532135,669813.0
2022-08-10,USDT,usdt,698574.0,68900856488.70757,68881106894.5179,1475435.0
2022-08-11,BTC,btc,1002846.0,457600857167.334,19118929.6767983,284126.0
2022-08-11,ETH,eth,503734.0,225490723876.63287,120062377.71832377,1098707.0
2022-08-11,USDC,usdc,360353.0,54499717422.86232,54517310321.54507,783095.0
2022-08-11,USDT,usdt,687828.0,68907514985.91904,68881106891.44092,1458265.0
2022-08-12,BTC,btc,948381.0,466454794651.84467,19119892.17675461,269215.0
2022-08-12,ETH,eth,534168.0,234721455296.87537,120075726.20795836,1130848.0
2022-08-12,USDC,usdc,320505.0,54522489585.00299,54528981881.24528,775350.0
2022-08-12,USDT,usdt,670213.0,68914515556.55865,68881106891.20857,1426262.0
2022-08-13,BTC,btc,834925.0,467047962181.5134,19120760.92613532,239894.0
2022-08-13,ETH,eth,532368.0,237926481879.23312,120089831.17670722,1106236.0
2022-08-13,USDC,usdc,327893.0,54491145378.11073,54493769584.456764,588341.0
2022-08-13,USDT,usdt,600853.0,68908030869.34804,68881106891.20857,1248058.0
2022-08-14,BTC,btc,811197.0,464926257245.774,19121592.1760971,202156.0
2022-08-14,ETH,eth,512568.0,232561677400.71896,120103747.4936749,1102367.0
2022-08-14,USDC,usdc,302278.0,54316139164.064545,54317490307.66768,702472.0
2022-08-14,USDT,usdt,593588.0,68902142139.93272,68881106891.20311,1230226.0
2022-08-15,BTC,btc,922140.0,460545371976.77686,19122498.42602066,245572.0
2022-08-15,ETH,eth,494818.0,228431918104.7831,120116938.70515496,1104408.0
2022-08-15,USDC,usdc,338373.0,54192839900.44826,54194810752.79032,821874.0
2022-08-15,USDT,usdt,693783.0,68893742508.02751,68881106890.95168,1423356.0
2022-08-16,BTC,btc,1020819.0,456453539165.3713,19123423.4259606,269531.0
2022-08-16,ETH,eth,525862.0,225439479445.8902,120130865.43018372,1086312.0
2022-08-16,USDC,usdc,350615.0,54194951728.56333,54199692237.93469,892486.0
2022-08-16,USDT,usdt,652095.0,68887907621.98485,68881106890.86475,1357846.0
2022-08-17,BTC,btc,915870.0,446289696753.9324,19124229.67589508,255933.0
2022-08-17,ETH,eth,537548.0,220249850127.20856,120144541.13694528,1099261.0
2022-08-17,USDC,usdc,322407.0,53907189149.06473,53906996238.77259,954998.0
2022-08-17,USDT,usdt,767693.0,68887011603.98595,68881106890.86475,1581115.0
2022-08-18,BTC,btc,1009836.0,444107898934.28455,19125129.67281305,292682.0
2022-08-18,ETH,eth,538528.0,222196921632.60596,120158360.65349664,1117868.0
2022-08-18,USDC,usdc,294786.0,53566905723.45491,53565362452.32438,811927.0
2022-08-18,USDT,usdt,657388.0,68883410022.12833,68879907553.30495,1425339.0
2022-08-19,BTC,btc,982140.0,399867875573.1262,19126242.17273661,276337.0
2022-08-19,ETH,eth,502429.0,194179472810.3458,120171666.40409772,1093309.0
2022-08-19,USDC,usdc,345828.0,53142484840.60467,53162202462.22105,1029257.0
2022-08-19,USDT,usdt,698909.0,68883095553.74825,68879907553.30495,1540978.0
2022-08-20,BTC,btc,841648.0,404475733709.97614,19127173.42265471,226096.0
2022-08-20,ETH,eth,497772.0,189392798346.82584,120185665.11724764,1096088.0
2022-08-20,USDC,usdc,273530.0,53141271402.64167,53139007499.8441,885662.0
2022-08-20,USDT,usdt,588761.0,68876744532.39528,68879907553.30495,1292623.0
2022-08-21,BTC,btc,753797.0,412286690747.7928,19128085.92259465,201437.0
2022-08-21,ETH,eth,528550.0,194896881364.62033,120200037.11899404,1077250.0
2022-08-21,USDC,usdc,269211.0,53225416541.00645,53223839403.95818,890980.0
2022-08-21,USDT,usdt,543798.0,68879962625.0255,68879907553.30495,1199343.0
2022-08-22,BTC,btc,880923.0,407468270214.3305,19128992.17250729,250080.0
2022-08-22,ETH,eth,484055.0,193296199404.77536,120213591.44482596,1059940.0
2022-08-22,USDC,usdc,291289.0,53013665370.03801,53009140273.67807,951086.0
2022-08-22,USDT,usdt,675786.0,68874213387.01393,68879907553.30495,1493931.0
2022-08-23,BTC,btc,930754.0,411956706082.80927,19130067.17246907,257650.0
2022-08-23,ETH,eth,485443.0,200044244003.22583,120227392.37415355,1075718.0
2022-08-23,USDC,usdc,269073.0,53096531203.89645,53092428826.184616,774036.0
2022-08-23,USDT,usdt,659558.0,68881581645.03806,68879907553.30495,1445148.0
2022-08-24,BTC,btc,930584.0,409880719562.25726,19130979.67239263,260385.0
2022-08-24,ETH,eth,496825.0,199449318439.71335,120241071.59910652,1043820.0
2022-08-24,USDC,usdc,262462.0,52989072175.11856,53001207560.903534,808697.0
2022-08-24,USDT,usdt,660026.0,68880465858.9727,68879907553.30495,1426177.0
2022-08-25,BTC,btc,898274.0,413017973174.8718,19131973.42231073,255143.0
2022-08-25,ETH,eth,514001.0,203843028065.26248,120254425.24628285,1074563.0
2022-08-25,USDC,usdc,258858.0,52861570464.954506,52855515210.56734,728376.0
2022-08-25,USDT,usdt,655336.0,68881207213.6994,68879907553.30495,1434872.0
2022-08-26,BTC,btc,937226.0,387371372434.26,19133073.42226705,265467.0
2022-08-26,ETH,eth,488293.0,181461735526.59296,120267991.27774392,1057768.0
2022-08-26,USDC,usdc,283686.0,52969327510.25102,52964375146.28872,809767.0
2022-08-26,USDT,usdt,667780.0,68883811969.19846,68879907553.30495,1471049.0
2022-08-27,BTC,btc,830874.0,383521315360.0218,19133979.67221791,221784.0
2022-08-27,ETH,eth,500365.0,179564520630.93924,120282017.55035426,1047949.0
2022-08-27,USDC,usdc,263664.0,53002869988.970146,52997349969.964386,744357.0
2022-08-27,USDT,usdt,599490.0,68878246839.76204,68878913346.90923,1325853.0
2022-08-28,BTC,btc,776186.0,376452934262.3444,19134985.92216423,204472.0
2022-08-28,ETH,eth,482671.0,173336690866.07443,120295976.75993983,1025044.0
2022-08-28,USDC,usdc,250185.0,52965134737.654274,52974373918.7448,690441.0
2022-08-28,USDT,usdt,546469.0,68875022191.51167,68878913346.90923,1202736.0
2022-08-29,BTC,btc,939245.0,387904432454.7775,19135967.17209417,253563.0
2022-08-29,ETH,eth,476802.0,186513532979.28015,120309419.4859594,1083202.0
2022-08-29,USDC,usdc,282984.0,53064377429.64286,53060572847.71388,745250.0
2022-08-29,USDT,usdt,660915.0,68876635391.19165,68878913346.88461,1460839.0
2022-08-30,BTC,btc,951380.0,379399486373.23016,19136979.67202319,263101.0
2022-08-30,ETH,eth,466380.0,184043556699.6716,120322318.94769652,1051964.0
2022-08-30,USDC,usdc,280427.0,53126739216.53983,53131475155.54273,807788.0
2022-08-30,USDT,usdt,677634.0,68885532847.97102,68878913346.88461,1491509.0
2022-08-31,BTC,btc,916812.0,383230005973.0957,19137892.17192491,258575.0
2022-08-31,ETH,eth,467317.0,186727617679.97656,120335181.65550444,1035135.0
2022-08-31,USDC,usdc,265517.0,53120950602.61128,53124601456.03167,853834.0
2022-08-31,USDT,usdt,680795.0,68875485825.87885,68878913346.88419,1505797.0
2022-09-01,BTC,btc,969786.0,384793516403.9053,19138754.67183744,270341.0
2022-09-01,ETH,eth,491474.0,190914035650.32587,120348054.28620778,1085160.0
2022-09-01,USDC,usdc,277672.0,52873329714.86352,52867446521.29483,712053.0
2022-09-01,USDT,usdt,691611.0,68878037223.97536,68878913346.84543,1420707.0
2022-09-02,BTC,btc,996822.0,381812359032.21454,19139560.92166686,270262.0
2022-09-02,ETH,eth,516909.0,189761729149.20084,120361667.9160814,1083220.0
2022-09-02,USDC,usdc,259956.0,52752639750.17213,52754193493.707726,635669.0
2022-09-02,USDT,usdt,687258.0,68884260439.83487,68878913346.84543,1388887.0
2022-09-03,BTC,btc,916603.0,379054868118.2932,19140479.6715677,235843.0
2022-09-03,ETH,eth,528322.0,187190919958.4884,120375650.79811864,1035586.0
2022-09-03,USDC,usdc,239766.0,52774486334.00838,52779165054.94259,505010.0
2022-09-03,USDT,usdt,600327.0,68883497478.05508,68878913346.84543,1215509.0
2022-09-04,BTC,btc,774639.0,382101528755.6661,19141529.67149126,206295.0
2022-09-04,ETH,eth,592327.0,189737797183.5269,120389705.4010284,1113119.0
2022-09-04,USDC,usdc,240767.0,52798525352.774765,52803431464.825264,575313.0
2022-09-04,USDT,usdt,556388.0,68880450461.71858,68878913346.84543,1204056.0
2022-09-05,BTC,btc,942780.0,378979046297.1864,19142485.92139844,253103.0
2022-09-05,ETH,eth,529155.0,194217865302.09525,120403298.22218676,1091350.0
2022-09-05,USDC,usdc,245008.0,52780565554.396515,52787482942.95255,638952.0
2022-09-05,USDT,usdt,700458.0,68877088317.30914,68878913346.84543,1482791.0
2022-09-06,BTC,btc,927513.0,360778897291.7864,19143373.42131108,267063.0
2022-09-06,ETH,eth,506982.0,188535687884.32388,120416578.82436472,1076929.0
2022-09-06,USDC,usdc,281330.0,52529669751.36988,52531699348.65137,881604.0
2022-09-06,USDT,usdt,714649.0,68880367754.68906,68878913346.84543,1576269.0
2022-09-07,BTC,btc,951645.0,369348929285.85046,19144285.92120723,264285.0
2022-09-07,ETH,eth,481829.0,196768076174.1549,120429416.80087772,1068296.0
2022-09-07,USDC,usdc,250971.0,52600886273.14196,52605157006.364784,712212.0
2022-09-07,USDT,usdt,681111.0,68880488685.28908,68878913346.84543,1474579.0
2022-09-08,BTC,btc,947648.0,369866184453.4085,19145079.67110895,266823.0
2022-09-08,ETH,eth,508057.0,196870497557.24033,120442217.25802012,1078689.0
2022-09-08,USDC,usdc,249293.0,52609703765.3451,52593496464.476944,754321.0
2022-09-08,USDT,usdt,674392.0,68887828637.26213,68878913346.84253,1415991.0
2022-09-09,BTC,btc,1021884.0,409021968745.9125,19145998.42104343,286018.0
2022-09-09,ETH,eth,519562.0,206883792767.0538,120454664.98181152,1093966.0
2022-09-09,USDC,usdc,265765.0,52638648655.99228,52640901078.2238,779044.0
2022-09-09,USDT,usdt,689678.0,68900328730.87753,68878913346.79207,1431525.0
2022-09-10,BTC,btc,873305.0,415780699701.9083,19146979.67098883,240963.0
2022-09-10,ETH,eth,496883.0,214404057985.83344,120468069.49328908,998158.0
2022-09-10,USDC,usdc,272616.0,52589965488.88924,52600067590.52221,684256.0
2022-09-10,USDT,usdt,557204.0,68900592914.3193,68878913346.79207,1216274.0
2022-09-11,BTC,btc,871675.0,416141773128.15936,19148123.42095061,225743.0
2022-09-11,ETH,eth,491233.0,211861995969.4999,120481581.52329314,1024482.0
2022-09-11,USDC,usdc,250609.0,52517359034.90093,52521277105.328735,732920.0
2022-09-11,USDT,usdt,542945.0,68900158067.52919,68878913346.76822,1194345.0
2022-09-12,BTC,btc,989815.0,428273275469.1733,19149079.67086225,269113.0
2022-09-12,ETH,eth,485852.0,206138661151.41727,120494496.56008255,1068969.0
2022-09-12,USDC,usdc,265069.0,52375454545.20539,52378245193.581924,936031.0
2022-09-12,USDT,usdt,664568.0,68891987659.46895,68878913346.73802,1441835.0
2022-09-13,BTC,btc,948189.0,386159265218.1526,19149935.92080219,259359.0
2022-09-13,ETH,eth,523705.0,189683892316.59412,120507431.05545828,1093205.0
2022-09-13,USDC,usdc,269512.0,52346073384.77012,52351254900.24052,845023.0
2022-09-13,USDT,usdt,709781.0,68880138936.38312,68878913346.62462,1510528.0
2022-09-14,BTC,btc,977568.0,387732682893.1633,19150729.67072575,269647.0
2022-09-14,ETH,eth,573357.0,196901330102.32983,120520401.082621,1109172.0
2022-09-14,USDC,usdc,252120.0,51986654761.87826,51974891967.263794,814562.0
2022-09-14,USDT,usdt,695232.0,68890851922.15797,68878913346.62381,1475085.0
2022-09-15,BTC,btc,953771.0,377227526664.1951,19151648.42066023,277597.0
2022-09-15,ETH,eth,646709.0,177478031051.3124,120523833.26261926,1265640.0
2022-09-15,USDC,usdc,238428.0,51673341782.084206,51677668348.320694,840407.0
2022-09-15,USDT,usdt,690512.0,69873435100.92427,69878913346.34834,1476731.0
2022-09-16,BTC,btc,933213.0,378099547048.8818,19152448.42060563,260328.0
2022-09-16,ETH,eth,666896.0,172357791977.3262,120524518.5823378,1311849.0
2022-09-16,USDC,usdc,227932.0,51577118741.251656,51568992723.86373,668886.0
2022-09-16,USDT,usdt,810924.0,69875959481.77397,69878913346.34834,1628461.0
2022-09-17,BTC,btc,918990.0,385382092113.0908,19153510.92054557,245261.0
2022-09-17,ETH,eth,698249.0,177096645487.42633,120525546.82264888,1322077.0
2022-09-17,USDC,usdc,211044.0,51539585321.578354,51545284933.40174,583880.0
2022-09-17,USDT,usdt,579508.0,69879916114.88113,69878913346.34834,1270136.0
2022-09-18,BTC,btc,775872.0,372115875618.3138,19154473.42049643,212149.0
2022-09-18,ETH,eth,512039.0,161247314540.04193,120526444.0727433,1156893.0
2022-09-18,USDC,usdc,224006.0,51503731623.46837,51520218847.21689,658662.0
2022-09-18,USDT,usdt,578071.0,69876656106.29747,69878913346.31017,1280038.0
2022-09-19,BTC,btc,912328.0,374638640658.9953,19155285.92039269,255334.0
2022-09-19,ETH,eth,489805.0,166260110891.84457,120527141.88564944,1138210.0
2022-09-19,USDC,usdc,256449.0,51416184109.768654,51421430719.24329,764536.0
2022-09-19,USDT,usdt,716323.0,69889718194.60225,69878913346.30505,1574439.0
2022-09-20,BTC,btc,952698.0,361534680159.2485,19156235.92029441,268728.0
2022-09-20,ETH,eth,491038.0,159507376939.81207,120527665.41326296,1149031.0
2022-09-20,USDC,usdc,240871.0,51695688323.61111,51700274211.82036,740637.0
2022-09-20,USDT,usdt,723120.0,69877904308.68225,69878913346.30505,1523960.0
2022-09-21,BTC,btc,918372.0,354536184092.75415,19157117.17022889,263619.0
2022-09-21,ETH,eth,484980.0,150555415228.40012,120528149.98007976,1100130.0
2022-09-21,USDC,usdc,238072.0,51492250004.13865,51499485771.82026,638468.0
2022-09-21,USDT,usdt,713682.0,69879401947.25597,69878913346.21555,1501651.0
2022-09-22,BTC,btc,860577.0,371942142414.4877,19157917.17015245,246387.0
2022-09-22,ETH,eth,483507.0,160142960681.55167,120528836.52753332,1118297.0
2022-09-22,USDC,usdc,228363.0,51414051826.60257,51436873132.076614,703485.0
2022-09-22,USDT,usdt,682050.0,69874854876.72983,69877580429.08813,1465624.0
2022-09-23,BTC,btc,968636.0,370278782421.10034,19158760.92009239,276441.0
2022-09-23,ETH,eth,499931.0,160419533319.24136,120529641.75284465,1119895.0
2022-09-23,USDC,usdc,225795.0,51280718397.211655,51270314779.681145,862356.0
2022-09-23,USDT,usdt,696503.0,69871449314.6386,69877580429.08813,1490748.0
2022-09-24,BTC,btc,799441.0,362592370354.34503,19159673.42005963,226763.0
2022-09-24,ETH,eth,522080.0,158739975305.5344,120530765.00007471,1109206.0
2022-09-24,USDC,usdc,209242.0,51370543089.46872,51369528077.1876,677076.0
2022-09-24,USDT,usdt,592049.0,69881854396.75002,69877580429.08813,1272990.0
2022-09-25,BTC,btc,781165.0,360088000637.69366,19160592.17002687,208905.0
2022-09-25,ETH,eth,479298.0,156034243695.67407,120531736.08127892,1107217.0
2022-09-25,USDC,usdc,207004.0,51255723581.04719,51254678653.64332,565154.0
2022-09-25,USDT,usdt,542966.0,69875553367.79625,69877580429.07367,1162638.0
2022-09-26,BTC,btc,938059.0,367923055167.1001,19161529.66995043,264276.0
2022-09-26,ETH,eth,493645.0,160836639504.1505,120532254.84960613,1141218.0
2022-09-26,USDC,usdc,233251.0,50972772119.89748,50967690333.91859,713129.0
2022-09-26,USDT,usdt,767917.0,69876308318.07817,69877580429.01561,1581947.0
2022-09-27,BTC,btc,966074.0,366129749393.5195,19162335.91985761,275487.0
2022-09-27,ETH,eth,555088.0,160370957246.70398,120532112.18105124,1214294.0
2022-09-27,USDC,usdc,310178.0,50862232766.386154,50863094046.48274,783969.0
2022-09-27,USDT,usdt,1313069.0,69874031209.08067,69877580426.57158,2109911.0
2022-09-28,BTC,btc,849979.0,372820281122.7753,19163273.41981939,258906.0
2022-09-28,ETH,eth,472581.0,161409226528.00845,120532295.19128747,1109706.0
2022-09-28,USDC,usdc,344411.0,50527729709.78086,50538931167.02838,703464.0
2022-09-28,USDT,usdt,877362.0,69874207046.54771,69877580426.56198,1634348.0
2022-09-29,BTC,btc,874705.0,374484430533.8365,19164167.16973749,266329.0
2022-09-29,ETH,eth,490188.0,160747318026.76724,120532549.624549,1129558.0
2022-09-29,USDC,usdc,307391.0,50247072959.69322,50256824122.46659,654481.0
2022-09-29,USDT,usdt,734581.0,69881920575.65518,69877580426.45068,1496753.0
2022-09-30,BTC,btc,1005499.0,372479848471.2685,19165223.41967197,292553.0
2022-09-30,ETH,eth,484535.0,159956012382.0073,120532669.50072956,1225886.0
2022-09-30,USDC,usdc,270987.0,48935723874.607735,48941185137.90767,591582.0
2022-09-30,USDT,usdt,792095.0,69881578498.13739,69877580426.43962,1540694.0
2022-10-01,BTC,btc,867330.0,370137989320.03864,19166354.66963921,236007.0
2022-10-01,ETH,eth,485677.0,158046210965.68835,120533476.92726,1158038.0
2022-10-01,USDC,usdc,234214.0,48930918209.13545,48936904591.58878,358423.0
2022-10-01,USDT,usdt,637435.0,69879663909.60963,69877580426.43962,1255429.0
2022-10-02,BTC,btc,852250.0,364472504804.05634,19167335.91957081,216756.0
2022-10-02,ETH,eth,490309.0,153868849720.1706,120534630.43400444,1163876.0
2022-10-02,USDC,usdc,256215.0,49032688721.832466,49038790774.63897,442267.0
2022-10-02,USDT,usdt,577004.0,69878125888.13725,69877580426.43962,1192471.0
2022-10-03,BTC,btc,964012.0,376339494804.44653,19168298.4194235,268836.0
2022-10-03,ETH,eth,454753.0,159637497866.25577,120534804.0818142,1307142.0
2022-10-03,USDC,usdc,265792.0,48894455501.574814,48894720196.59892,508186.0
2022-10-03,USDT,usdt,680490.0,69887259798.63397,69877580426.43845,1407657.0
2022-10-04,BTC,btc,932869.0,389903360703.0178,19169317.16933614,280235.0
2022-10-04,ETH,eth,478071.0,164270420163.70605,120535017.87816197,1185269.0
2022-10-04,USDC,usdc,271145.0,48680521530.02307,48682501726.50719,555548.0
2022-10-04,USDT,usdt,707107.0,69898659155.69756,69877580426.32692,1430768.0
2022-10-05,BTC,btc,891063.0,386381543342.88855,19170410.91925424,267518.0
2022-10-05,ETH,eth,494940.0,163030726093.85748,120535179.77840832,1169356.0
2022-10-05,USDC,usdc,274248.0,48606699018.37455,48609466831.81666,500893.0
2022-10-05,USDT,usdt,701645.0,69889436519.67854,69877580426.13829,1409739.0
2022-10-06,BTC,btc,930050.0,382480025164.3247,19171404.6692051,276491.0
2022-10-06,ETH,eth,554370.0,162886285103.13303,120535637.89875796,1202667.0
2022-10-06,USDC,usdc,253368.0,48633521619.12484,48640418977.53445,554800.0
2022-10-06,USDT,usdt,692489.0,69878360842.74342,69868256324.82417,1402303.0
2022-10-07,BTC,btc,936123.0,374613717471.0005,19172473.41912866,270954.0
2022-10-07,ETH,eth,543473.0,160619639646.9276,120536367.00429095,1180358.0
2022-10-07,USDC,usdc,284451.0,48773323263.17913,48771515547.30701,494299.0
2022-10-07,USDT,usdt,695573.0,69875856917.14726,69868256324.81317,1470099.0
2022-10-08,BTC,btc,815047.0,372277378268.7386,19173567.16906542,235954.0
2022-10-08,ETH,eth,580345.0,158560294754.82013,120536086.98859347,1180084.0
2022-10-08,USDC,usdc,251463.0,48743897755.94693,48737013884.26291,362166.0
2022-10-08,USDT,usdt,669802.0,69874768977.33488,69868256324.81317,1427450.0
2022-10-09,BTC,btc,787417.0,372530287709.72656,19174554.6690272,214993.0
2022-10-09,ETH,eth,585311.0,159218549540.04053,120534766.08966112,1068531.0
2022-10-09,USDC,usdc,242628.0,48734808461.45604,48733661775.648605,349957.0
2022-10-09,USDT,usdt,588873.0,69875207869.22177,69868256324.81317,1342692.0
2022-10-10,BTC,btc,896218.0,367297283273.81213,19175604.66898898,253025.0
2022-10-10,ETH,eth,596926.0,155734374063.36224,120532846.89666653,1123390.0
2022-10-10,USDC,usdc,270197.0,48674356941.70774,48681714588.93644,441676.0
2022-10-10,USDT,usdt,729574.0,69867656544.0131,69868256324.81317,1674035.0
2022-10-11,BTC,btc,916599.0,365108428419.0329,19176585.91892892,272927.0
2022-10-11,ETH,eth,575645.0,154105075988.12045,120531761.67460096,1130309.0
2022-10-11,USDC,usdc,398051.0,48625604381.0736,48623824659.166176,565730.0
2022-10-11,USDT,usdt,753020.0,69858876439.82684,69868256324.69926,1722196.0
2022-10-12,BTC,btc,871140.0,367380563663.38525,19177442.16884156,260366.0
2022-10-12,ETH,eth,557899.0,156044142691.16357,120531473.75582355,1074204.0
2022-10-12,USDC,usdc,377907.0,48581778306.65345,48587036849.48977,368633.0
2022-10-12,USDT,usdt,723152.0,69867334235.21324,69868256324.69077,1688625.0
2022-10-13,BTC,btc,933599.0,371826387064.84814,19178335.91877058,275214.0
2022-10-13,ETH,eth,533764.0,155267995652.29407,120530875.33524133,1124129.0
2022-10-13,USDC,usdc,307318.0,48190308511.284676,48191099800.31228,502981.0
2022-10-13,USDT,usdt,785173.0,69874757563.90022,69868256324.69077,1852402.0
2022-10-14,BTC,btc,984001.0,367814957908.24744,19179310.91870506,284575.0
2022-10-14,ETH,eth,547755.0,156367235446.19815,120530756.34216756,1071895.0
2022-10-14,USDC,usdc,263607.0,47798518521.26189,47797509277.42658,420331.0
2022-10-14,USDT,usdt,781983.0,69870936370.54398,69868256324.68515,1850008.0
2022-10-15,BTC,btc,838678.0,365765176790.71967,19180260.91866684,241112.0
2022-10-15,ETH,eth,590641.0,153676326468.0705,120530736.72806536,1037870.0
2022-10-15,USDC,usdc,239459.0,47784983555.63849,47789026815.00333,321783.0
2022-10-15,USDT,usdt,681153.0,69869837487.01913,69868256324.685,1647989.0
2022-10-16,BTC,btc,769067.0,369462722255.0901,19181160.91863408,214703.0
2022-10-16,ETH,eth,495690.0,157366417408.86447,120530978.46958858,980678.0
2022-10-16,USDC,usdc,231720.0,47776818548.21788,47782807064.618324,322314.0
2022-10-16,USDT,usdt,641139.0,69870954031.46767,69868256324.5793,1557215.0
2022-10-17,BTC,btc,870371.0,375144717145.4124,19182098.41855218,261168.0
2022-10-17,ETH,eth,478307.0,160591134989.64197,120530481.58969449,1073063.0
2022-10-17,USDC,usdc,239426.0,47531477575.04446,47532946520.49222,375148.0
2022-10-17,USDT,usdt,772590.0,69870857661.45831,69868256324.57903,1895052.0
2022-10-18,BTC,btc,887194.0,371025948757.9377,19182985.91843752,258490.0
2022-10-18,ETH,eth,442717.0,158050545482.52524,120529711.43751816,1062562.0
2022-10-18,USDC,usdc,232434.0,47333113056.982414,47336158272.008835,413887.0
2022-10-18,USDT,usdt,796844.0,69872824385.05284,69868256324.1348,1915335.0
2022-10-19,BTC,btc,923688.0,367029904902.8826,19183929.668372,260354.0
2022-10-19,ETH,eth,462799.0,154838957780.593,120528714.62963717,1088602.0
2022-10-19,USDC,usdc,225517.0,47137564446.45592,47141308228.89733,364130.0
2022-10-19,USDT,usdt,777101.0,69871476429.9726,69868256324.13478,1859744.0
2022-10-20,BTC,btc,893489.0,365152195991.4868,19184835.91832412,268532.0
2022-10-20,ETH,eth,503252.0,154504742482.41708,120527156.28421248,1155589.0
2022-10-20,USDC,usdc,245715.0,46712492816.82202,46718440570.424194,397204.0
2022-10-20,USDT,usdt,858277.0,69863299353.06328,69868256324.13478,1911006.0
2022-10-21,BTC,btc,913925.0,367885552007.7864,19185810.91824852,266487.0
2022-10-21,ETH,eth,489561.0,156668406866.37732,120525721.10085785,1116822.0
2022-10-21,USDC,usdc,226785.0,46627275339.34837,46629980023.405846,428712.0
2022-10-21,USDT,usdt,861294.0,69866288669.99806,69863896842.12856,2187322.0
2022-10-22,BTC,btc,817446.0,368530255223.41754,19186660.91818846,231911.0
2022-10-22,ETH,eth,503130.0,158407486649.7441,120525545.62331104,959417.0
2022-10-22,USDC,usdc,186907.0,46677814906.90885,46676743017.581726,278836.0
2022-10-22,USDT,usdt,726241.0,69868010890.59114,69863896842.12485,1650410.0
2022-10-23,BTC,btc,803523.0,375413885984.5999,19187629.66814478,218227.0
2022-10-23,ETH,eth,481224.0,164380433878.0249,120525855.12828036,1009771.0
2022-10-23,USDC,usdc,190534.0,46680544572.21557,46681752815.598465,364700.0
2022-10-23,USDT,usdt,704121.0,69866532785.30501,69863896842.1182,1656500.0
2022-10-24,BTC,btc,922514.0,371133215992.57336,19188479.6680738,266297.0
2022-10-24,ETH,eth,503643.0,162053015544.21237,120525565.19608548,1039240.0
2022-10-24,USDC,usdc,208782.0,46554274027.77491,46557421460.64506,449680.0
2022-10-24,USDT,usdt,832965.0,70866224603.09218,70863896842.1182,2018630.0
2022-10-25,BTC,btc,829386.0,385607075318.5567,19189242.16801374,251891.0
2022-10-25,ETH,eth,477854.0,176122197681.00943,120525124.11724482,1048003.0
2022-10-25,USDC,usdc,235781.0,46618403465.70126,46613733301.42563,579880.0
2022-10-25,USDT,usdt,831115.0,70881150523.62459,70863896842.1182,2015540.0
2022-10-26,BTC,btc,1051950.0,399099408014.4616,19190210.91793184,305561.0
2022-10-26,ETH,eth,501034.0,189375934908.9104,120524926.5699692,1104723.0
2022-10-26,USDC,usdc,229010.0,46740052945.944466,46741336890.63607,565257.0
2022-10-26,USDT,usdt,877262.0,70879797337.9617,70863896842.1182,2113013.0
2022-10-27,BTC,btc,895161.0,389197949556.16187,19191054.6678554,265430.0
2022-10-27,ETH,eth,518491.0,182569258990.95447,120525031.3549654,1111785.0
2022-10-27,USDC,usdc,217635.0,46795032848.75315,46797906090.02355,533103.0
2022-10-27,USDT,usdt,856597.0,70869114636.56854,70863896842.1115,2088488.0
2022-10-28,BTC,btc,925522.0,395444746708.6103,19192048.41781718,279384.0
2022-10-28,ETH,eth,461379.0,187533084412.49283,120525056.34340005,1059633.0
2022-10-28,USDC,usdc,220912.0,46600207767.0498,46603211189.79905,480422.0
2022-10-28,USDT,usdt,844477.0,70878497207.02731,70863896842.1115,2052522.0
2022-10-29,BTC,btc,871729.0,399288048038.69226,19192942.16777896,251735.0
2022-10-29,ETH,eth,469781.0,195118077874.30875,120525470.54807788,1038800.0
2022-10-29,USDC,usdc,217754.0,46553527340.96896,46553373849.41966,425223.0
2022-10-29,USDT,usdt,759436.0,70884581210.06963,70863896842.06464,1848320.0
2022-10-30,BTC,btc,830676.0,395712590941.6769,19193785.9177462,223333.0
2022-10-30,ETH,eth,483185.0,191577832787.47375,120526304.64830545,1033475.0
2022-10-30,USDC,usdc,211184.0,46540775734.78283,46536292207.62246,409407.0
2022-10-30,USDT,usdt,726648.0,70878298841.91026,70863896842.06464,1743709.0
2022-10-31,BTC,btc,980614.0,393319300934.38336,19194867.16770252,290008.0
2022-10-31,ETH,eth,476136.0,189370916640.20215,120525999.32476711,1063248.0
2022-10-31,USDC,usdc,234701.0,46242409031.107,46244397678.88369,559526.0
2022-10-31,USDT,usdt,873940.0,71860004641.33032,71863896842.06464,2149605.0
2022-11-01,BTC,btc,955117.0,393205452198.7317,19195767.16765884,273150.0
2022-11-01,ETH,eth,497231.0,190462397276.42697,120526296.80675194,1071986.0
2022-11-01,USDC,usdc,205411.0,45828660040.47473,45828698840.23662,478943.0
2022-11-01,USDT,usdt,870276.0,71855521001.97775,71863896842.0574,2102773.0
2022-11-02,BTC,btc,869056.0,386777142187.5523,19196529.66759332,258761.0
2022-11-02,ETH,eth,498423.0,183149199322.63937,120526400.8549506,1015945.0
2022-11-02,USDC,usdc,208716.0,45358772022.15694,45360498838.06604,488352.0
2022-11-02,USDT,usdt,854940.0,71860424169.34805,71863896842.009,2038746.0
2022-11-03,BTC,btc,1009478.0,387754343675.1978,19197554.6675551,294320.0
2022-11-03,ETH,eth,511457.0,184380445920.0382,120526132.8118589,1093977.0
2022-11-03,USDC,usdc,198757.0,44942579796.02776,44943333677.82438,430735.0
2022-11-03,USDT,usdt,917100.0,71862450092.82219,71863896842.009,2113372.0
2022-11-04,BTC,btc,939102.0,406184424138.86646,19198360.91751142,281439.0
2022-11-04,ETH,eth,490402.0,198237008690.31097,120525991.23835038,1014135.0
2022-11-04,USDC,usdc,223958.0,44933130469.49602,44932653983.71453,530103.0
2022-11-04,USDT,usdt,855594.0,71869761288.80064,71863896842.009,1997091.0
2022-11-05,BTC,btc,916525.0,408627855628.67584,19199304.66746774,253538.0
2022-11-05,ETH,eth,527978.0,196138698918.0601,120526429.08517992,952067.0
2022-11-05,USDC,usdc,326459.0,44838914996.65992,44838837799.1861,566171.0
2022-11-05,USDT,usdt,831755.0,71866720702.2644,71863896841.72897,1931210.0
2022-11-06,BTC,btc,811578.0,402181988995.9385,19200160.91743498,223686.0
2022-11-06,ETH,eth,482454.0,189826866254.16013,120526935.52637736,962845.0
2022-11-06,USDC,usdc,299317.0,45055180780.39291,45056184571.06066,511643.0
2022-11-06,USDT,usdt,770691.0,71880472327.23764,71863896841.72897,1886022.0
2022-11-07,BTC,btc,920253.0,394938271820.2412,19201060.917364,267661.0
2022-11-07,ETH,eth,500251.0,188921442897.9904,120526828.94427858,1106711.0
2022-11-07,USDC,usdc,282794.0,45858967755.92102,45858082731.9336,649053.0
2022-11-07,USDT,usdt,934816.0,71866767638.50354,71863896841.72897,2295518.0
2022-11-08,BTC,btc,1051006.0,355641163800.59314,19202079.66732578,296138.0
2022-11-08,ETH,eth,478828.0,160521827828.10617,120523900.86493371,1132048.0
2022-11-08,USDC,usdc,362136.0,45734318762.29642,45731351810.54948,1014321.0
2022-11-08,USDT,usdt,1065156.0,72959261120.39954,72863896841.57442,2498025.0
2022-11-09,BTC,btc,1076579.0,302606639525.93427,19203010.9172821,293667.0
2022-11-09,ETH,eth,510134.0,131728579554.4824,120520343.07147548,1219648.0
2022-11-09,USDC,usdc,491196.0,45876121154.29532,45876946912.52679,1055311.0
2022-11-09,USDT,usdt,1142201.0,72722754256.30054,72863896841.21333,2648673.0
2022-11-10,BTC,btc,1056871.0,336866889999.11127,19203929.66724934,294575.0
2022-11-10,ETH,eth,494968.0,156379964505.91693,120518401.93683004,1184632.0
2022-11-10,USDC,usdc,398051.0,46560821665.506,46559752635.51053,1056643.0
2022-11-10,USDT,usdt,1117530.0,72673305008.75485,72863896841.21333,2604895.0
2022-11-11,BTC,btc,964454.0,324884177574.22614,19204767.1671729,278829.0
2022-11-11,ETH,eth,508830.0,154371389527.9132,120517805.0923167,1118967.0
2022-11-11,USDC,usdc,267287.0,46907718218.45504,46906670796.06483,804826.0
2022-11-11,USDT,usdt,989185.0,72688292103.05725,72863896841.21333,2275103.0
2022-11-12,BTC,btc,942728.0,322105315599.283,19205810.91706008,245106.0
2022-11-12,ETH,eth,544637.0,150889054645.8352,120518019.5918514,1033438.0
2022-11-12,USDC,usdc,230648.0,47314037810.64657,47339846988.650314,560482.0
2022-11-12,USDT,usdt,879082.0,72730020183.62192,72863896841.2132,1929539.0
2022-11-13,BTC,btc,895185.0,313461563543.2652,19206617.1669891,224942.0
2022-11-13,ETH,eth,535954.0,147050025301.2513,120518232.32648428,1133442.0
2022-11-13,USDC,usdc,249168.0,47264439603.332054,47272327561.65153,608868.0
2022-11-13,USDT,usdt,936285.0,72746006037.06137,72863896841.16107,1944012.0
2022-11-14,BTC,btc,954601.0,319408809507.6176,19207385.91691782,244858.0
2022-11-14,ETH,eth,549655.0,149529703828.9566,120518057.56788184,1192824.0
2022-11-14,USDC,usdc,267385.0,47374557120.45903,47385738354.551155,773946.0
2022-11-14,USDT,usdt,1027305.0,72754008179.53987,72863447672.62926,2235918.0
2022-11-15,BTC,btc,986709.0,323768223563.24036,19208354.66683046,281221.0
2022-11-15,ETH,eth,565783.0,150592840389.7884,120517814.95462048,1136911.0
2022-11-15,USDC,usdc,242746.0,47654261308.30551,47655854583.6337,526842.0
2022-11-15,USDT,usdt,1171022.0,72770921144.11345,72863447672.52689,2361704.0
2022-11-16,BTC,btc,944275.0,320019245464.8846,19209292.16678132,264899.0
2022-11-16,ETH,eth,560372.0,146404244321.79037,120517803.64142756,1083796.0
2022-11-16,USDC,usdc,215728.0,47618974801.16198,47606915616.981255,385053.0
2022-11-16,USDT,usdt,1237661.0,72797285575.36057,72863447672.52689,2485689.0
2022-11-17,BTC,btc,902258.0,320332768078.5875,19210154.6667431,254924.0
2022-11-17,ETH,eth,566821.0,144588044483.70236,120517901.75719143,1103401.0
2022-11-17,USDC,usdc,243374.0,47351809620.31797,47358071726.294914,644490.0
2022-11-17,USDT,usdt,1247176.0,72804488069.67279,72863447672.52689,2694571.0
2022-11-18,BTC,btc,955851.0,320084907697.12213,19211023.4167158,275776.0
2022-11-18,ETH,eth,562812.0,145764195685.7786,120518194.2166073,1008485.0
2022-11-18,USDC,usdc,243247.0,47514134498.05325,47529159200.68976,545606.0
2022-11-18,USDT,usdt,1031675.0,72772197723.64056,72863447672.52689,2194031.0
2022-11-19,BTC,btc,1113245.0,320762664379.5779,19211942.16666119,262900.0
2022-11-19,ETH,eth,535697.0,146864792964.89893,120518665.54545964,911890.0
2022-11-19,USDC,usdc,198606.0,47650916138.40117,47650371826.54032,357097.0
2022-11-19,USDT,usdt,1066696.0,72777361404.1476,72863447672.52689,2130273.0
2022-11-20,BTC,btc,1013890.0,312148570627.2465,19212873.41662843,229629.0
2022-11-20,ETH,eth,511794.0,137348810056.5136,120519157.96493332,927233.0
2022-11-20,USDC,usdc,207740.0,47697593170.185234,47705319312.91668,542549.0
2022-11-20,USDT,usdt,951461.0,72759131105.8103,72863447672.52425,2018275.0
2022-11-21,BTC,btc,974239.0,303153772188.18756,19213679.66657383,269034.0
2022-11-21,ETH,eth,501171.0,133492534855.2681,120519570.04370892,963954.0
2022-11-21,USDC,usdc,238038.0,47331209929.65753,47334988290.86493,716969.0
2022-11-21,USDT,usdt,1064648.0,72774518473.41942,72863447672.52425,2223613.0
2022-11-22,BTC,btc,931145.0,310753451298.50073,19214467.16653015,257097.0
2022-11-22,ETH,eth,491439.0,136762648084.0072,120519774.30891472,962924.0
2022-11-22,USDC,usdc,201878.0,47364286832.823135,47380008954.33781,561448.0
2022-11-22,USDT,usdt,1001990.0,72767715450.51033,72863447672.52425,2127637.0
2022-11-23,BTC,btc,1057775.0,318476370818.0587,19215348.41649193,270971.0
2022-11-23,ETH,eth,527114.0,142595414821.49954,120520137.34014322,972566.0
2022-11-23,USDC,usdc,201040.0,47242681292.95879,47271539200.05353,867670.0
2022-11-23,USDT,usdt,1002531.0,72782378442.17271,72863447672.52425,2156150.0
2022-11-24,BTC,btc,988182.0,318671568719.49097,19216154.66645361,250821.0
2022-11-24,ETH,eth,617123.0,144948545776.6288,120520639.23277496,990202.0
2022-11-24,USDC,usdc,192449.0,47504942054.58648,47565020536.72664,567160.0
2022-11-24,USDT,usdt,1098242.0,72805105173.24718,72863447672.52425,2236102.0
2022-11-25,BTC,btc,981465.0,317509479778.9209,19216923.41642085,262820.0
2022-11-25,ETH,eth,622610.0,144512436238.45483,120521250.11613896,999123.0
2022-11-25,USDC,usdc,169711.0,47471612045.0389,47478253783.78796,438962.0
2022-11-25,USDT,usdt,1059179.0,72820020866.07294,72863447672.51964,2109457.0
2022-11-26,BTC,btc,892687.0,316103485950.16534,19217604.66634441,230269.0
2022-11-26,ETH,eth,597731.0,145207140248.84036,120521917.6738053,934988.0
2022-11-26,USDC,usdc,175664.0,47694316972.34763,47701371547.98012,423191.0
2022-11-26,USDT,usdt,1028214.0,72820090258.81873,72863447672.51964,1970029.0
2022-11-27,BTC,btc,855437.0,315875880963.40686,19218454.66631165,223392.0
2022-11-27,ETH,eth,582750.0,144249485277.48773,120522603.93220356,881336.0
2022-11-27,USDC,usdc,168033.0,47839653132.93477,47846597768.98323,273450.0
2022-11-27,USDT,usdt,959136.0,72823503832.55937,72863447672.51964,1901232.0
2022-11-28,BTC,btc,931505.0,311594845649.107,19219323.41626251,259679.0
2022-11-28,ETH,eth,613370.0,140881278838.8176,120522910.71670385,1087721.0
2022-11-28,USDC,usdc,185426.0,47329488579.57602,47332528413.60628,423045.0
2022-11-28,USDT,usdt,1161455.0,72831821359.06458,72863447672.51964,2263208.0
2022-11-29,BTC,btc,955669.0,316037505324.6357,19220142.16622429,271896.0
2022-11-29,ETH,eth,573661.0,146686803345.39725,120523467.91822316,1047387.0
2022-11-29,USDC,usdc,180133.0,46935599223.30737,46939677422.645905,354577.0
2022-11-29,USDT,usdt,1365322.0,72839251365.34012,72863447672.51964,2451191.0
2022-11-30,BTC,btc,946754.0,330157249897.60547,19221004.66615331,272102.0
2022-11-30,ETH,eth,525544.0,156444791465.81738,120523914.06532972,1026508.0
2022-11-30,USDC,usdc,196806.0,46850392184.51252,46856549135.73853,380156.0
2022-11-30,USDT,usdt,1187417.0,72871497294.90327,72863447672.51816,2319275.0
2022-12-01,BTC,btc,1030232.0,326029288146.94086,19221960.91609325,286994.0
2022-12-01,ETH,eth,512900.0,153754220436.7671,120524341.47331467,984139.0
2022-12-01,USDC,usdc,215256.0,46737036441.96637,46742999916.33559,335582.0
2022-12-01,USDT,usdt,1267009.0,72868424382.26706,72863447672.51816,2348904.0
2022-12-02,BTC,btc,970221.0,328230420398.4742,19222742.16603319,271522.0
2022-12-02,ETH,eth,574442.0,155823065222.87088,120524808.93208958,1032952.0
2022-12-02,USDC,usdc,172358.0,46879253763.3393,46882709602.67331,313467.0
2022-12-02,USDT,usdt,1228341.0,72867533582.96968,72863447672.51816,2376870.0
2022-12-03,BTC,btc,938854.0,324868709629.4161,19223560.91598951,249912.0
2022-12-03,ETH,eth,595930.0,149563656576.97745,120525336.53588495,963761.0
2022-12-03,USDC,usdc,174410.0,46978586366.87157,46983854234.386826,302412.0
2022-12-03,USDT,usdt,1136921.0,72870679210.00484,72863447672.51816,2130205.0
2022-12-04,BTC,btc,842351.0,329155312451.6082,19224435.91595128,216703.0
2022-12-04,ETH,eth,631536.0,154277160079.7796,120525879.7857646,962172.0
2022-12-04,USDC,usdc,176661.0,47105220228.70843,47112693166.44928,259282.0
2022-12-04,USDT,usdt,1133217.0,72872282844.63289,72863447672.51816,2174137.0
2022-12-05,BTC,btc,960563.0,326087897703.5941,19225348.4159076,273083.0
2022-12-05,ETH,eth,541940.0,151685785494.03207,120526194.52718277,1008205.0
2022-12-05,USDC,usdc,185935.0,46859084259.13653,46868800195.03689,457227.0
2022-12-05,USDT,usdt,1423333.0,72864007988.59056,72863447672.51057,2687728.0
2022-12-06,BTC,btc,941978.0,328201017682.73834,19226192.16585846,264624.0
2022-12-06,ETH,eth,543715.0,153090877542.4927,120526380.05976827,1049066.0
2022-12-06,USDC,usdc,188808.0,46747816879.967285,46745677397.794846,362178.0
2022-12-06,USDT,usdt,1243887.0,72861637115.91138,72863447672.51057,2377416.0
2022-12-07,BTC,btc,899850.0,323945839104.30493,19227267.1658257,266558.0
2022-12-07,ETH,eth,517420.0,148555152907.67883,120526434.69723459,972121.0
2022-12-07,USDC,usdc,196723.0,46542065160.62475,46545738547.0464,309723.0
2022-12-07,USDT,usdt,1151987.0,72864574245.31996,72863447672.51057,2226174.0
2022-12-08,BTC,btc,905789.0,331331799697.2159,19228310.9157711,270258.0
2022-12-08,ETH,eth,528926.0,154470856902.57565,120526586.4980235,923887.0
2022-12-08,USDC,usdc,212423.0,46488694925.33916,46491342051.60099,294172.0
2022-12-08,USDT,usdt,1453742.0,72869050279.70122,72863447672.51057,2408005.0
2022-12-09,BTC,btc,946767.0,329515480228.8269,19229260.91573834,268606.0
2022-12-09,ETH,eth,1505651.0,152248268252.305,120525039.17819092,1932711.0
2022-12-09,USDC,usdc,186590.0,46442967478.60242,46439933175.05474,310704.0
2022-12-09,USDT,usdt,1380548.0,72864936305.53004,72863447672.50336,2298194.0
2022-12-10,BTC,btc,909506.0,329302474097.54333,19230223.4150067,231276.0
2022-12-10,ETH,eth,733794.0,152677859894.72507,120525183.0092646,1103199.0
2022-12-10,USDC,usdc,163488.0,46478703896.30033,46479651418.35848,207330.0
2022-12-10,USDT,usdt,3154144.0,72862120182.24055,72863447672.49336,3945844.0
2022-12-11,BTC,btc,781176.0,328744079344.8782,19231142.12327845,220885.0
2022-12-11,ETH,eth,723882.0,152231868108.20074,120525313.95334016,1068092.0
2022-12-11,USDC,usdc,171046.0,46484419178.063614,46489458839.175354,217850.0
2022-12-11,USDT,usdt,1106123.0,72867221517.86928,72863447672.49336,1830973.0
2022-12-12,BTC,btc,905428.0,330704952984.2636,19232035.83823839,264207.0
2022-12-12,ETH,eth,671702.0,153643299851.46863,120525323.21969704,1182001.0
2022-12-12,USDC,usdc,197323.0,46279959462.39267,46270324490.24409,316083.0
2022-12-12,USDT,usdt,1459527.0,72869786196.24619,72863447672.4929,2485267.0
2022-12-13,BTC,btc,974065.0,341866163427.8328,19233067.05195517,286344.0
2022-12-13,ETH,eth,554771.0,159141672924.3717,120525176.54454447,1151038.0
2022-12-13,USDC,usdc,204548.0,48867449035.10599,48873393519.59339,455074.0
2022-12-13,USDT,usdt,1256552.0,72848203497.94539,72863447672.48453,2471253.0
2022-12-14,BTC,btc,930586.0,342552090974.3184,19233992.02406511,279228.0
2022-12-14,ETH,eth,562476.0,157664918842.08383,120525278.40956967,1095120.0
2022-12-14,USDC,usdc,200181.0,49007573311.86498,49006031637.4414,418585.0
2022-12-14,USDT,usdt,1452668.0,72869240763.71548,72863447672.48003,2650985.0
2022-12-15,BTC,btc,897844.0,333610472205.63245,19234860.74344143,271326.0
2022-12-15,ETH,eth,538073.0,152359311421.02515,120525195.74807768,1080176.0
2022-12-15,USDC,usdc,191085.0,48927931372.521576,48928985161.59415,363291.0
2022-12-15,USDT,usdt,1123547.0,72864759704.2694,72863447672.48003,2258112.0
2022-12-16,BTC,btc,893040.0,319429708503.9071,19235673.20322591,258839.0
2022-12-16,ETH,eth,559966.0,140357231411.2079,120525048.65557444,1153272.0
2022-12-16,USDC,usdc,242742.0,48726653319.537224,48725973579.52924,424825.0
2022-12-16,USDT,usdt,1171541.0,72868496415.26353,72863447672.48003,2364602.0
2022-12-17,BTC,btc,967830.0,322681062399.0879,19236535.66296085,261183.0
2022-12-17,ETH,eth,537857.0,143073670397.44867,120525357.5530784,1040618.0
2022-12-17,USDC,usdc,219722.0,48778994559.41804,48775324380.17328,341484.0
2022-12-17,USDT,usdt,1083786.0,72869903220.63693,72863447672.48003,2174857.0
2022-12-18,BTC,btc,783263.0,322729554932.29346,19237441.87068242,207910.0
2022-12-18,ETH,eth,517630.0,143112266650.2884,120525652.48028807,916817.0
2022-12-18,USDC,usdc,194421.0,48808922552.404655,48807944993.38738,250201.0
2022-12-18,USDT,usdt,965803.0,72873456218.64803,72863447672.48003,1832141.0
2022-12-19,BTC,btc,971140.0,315972232645.3263,19238291.82952578,262020.0
2022-12-19,ETH,eth,515433.0,140669961099.47217,120525897.09325717,994746.0
2022-12-19,USDC,usdc,211734.0,48427501231.65138,48457479121.20741,370937.0
2022-12-19,USDT,usdt,1192387.0,72862966841.86185,72863447672.47997,2474858.0
2022-12-20,BTC,btc,950486.0,325176875097.1312,19239166.79033799,270300.0
2022-12-20,ETH,eth,464890.0,146775184341.36545,120526003.60100365,992470.0
2022-12-20,USDC,usdc,223926.0,48301954734.51643,48296165047.99144,398473.0
2022-12-20,USDT,usdt,1145207.0,72865880017.03894,72863447672.47997,2314065.0
2022-12-21,BTC,btc,905699.0,323243270748.1628,19240060.49750977,268746.0
2022-12-21,ETH,eth,543410.0,146123164773.72745,120526179.54550172,1029079.0
2022-12-21,USDC,usdc,213535.0,48146817510.235176,48153649970.78672,357055.0
2022-12-21,USDT,usdt,1119879.0,72865067063.66902,72863447672.47997,2284263.0
2022-12-22,BTC,btc,908585.0,323520845954.7279,19240904.20660089,276334.0
2022-12-22,ETH,eth,522781.0,146662095033.10406,120526417.4265793,989565.0
2022-12-22,USDC,usdc,212381.0,48053856100.56636,48056333878.58899,389257.0
2022-12-22,USDT,usdt,1088791.0,72848927656.44191,72860396291.61996,2424499.0
2022-12-23,BTC,btc,891725.0,322886162998.3057,19241729.1664071,275188.0
2022-12-23,ETH,eth,522082.0,147026684681.7293,120526751.09619708,1044772.0
2022-12-23,USDC,usdc,206836.0,48011196768.15794,48011009480.13768,307574.0
2022-12-23,USDT,usdt,1037108.0,72856064142.76205,72860396291.61996,2403915.0
2022-12-24,BTC,btc,758680.0,323994138663.88385,19242285.39006796,215536.0
2022-12-24,ETH,eth,598443.0,147113300786.86923,120527306.19085447,911507.0
2022-12-24,USDC,usdc,190068.0,48090924725.86545,48093581425.419106,293990.0
2022-12-24,USDT,usdt,859325.0,72856176290.80905,72860396291.61996,1959569.0
2022-12-25,BTC,btc,731599.0,323763179790.4042,19243166.62385341,196741.0
2022-12-25,ETH,eth,570853.0,146776808441.97678,120527934.90303738,836424.0
2022-12-25,USDC,usdc,200243.0,48215580993.35859,48219535502.54722,263084.0
2022-12-25,USDT,usdt,802182.0,72852164408.21974,72860396291.61996,1875262.0
2022-12-26,BTC,btc,787672.0,324837072942.0877,19243972.84912565,227132.0
2022-12-26,ETH,eth,530742.0,147572403933.0898,120528475.5446213,937653.0
2022-12-26,USDC,usdc,195588.0,48340697168.66748,48343041643.32382,309140.0
2022-12-26,USDT,usdt,1006234.0,72844245960.79088,72860396291.61996,2092922.0
2022-12-27,BTC,btc,867369.0,321365396957.0633,19244691.56963517,241695.0
2022-12-27,ETH,eth,505048.0,146029584309.57288,120528662.4586895,1025274.0
2022-12-27,USDC,usdc,199280.0,48061192164.3909,48067746121.50845,330885.0
2022-12-27,USDT,usdt,1092056.0,72829351545.60638,72860396291.61996,2161555.0
2022-12-28,BTC,btc,904203.0,318253243893.2231,19245741.52108695,269982.0
2022-12-28,ETH,eth,507677.0,143201142187.14627,120528732.40808643,977389.0
2022-12-28,USDC,usdc,238974.0,48243226062.12753,48246072834.20306,507993.0
2022-12-28,USDT,usdt,1064186.0,72822993358.21182,72860396291.61914,2259367.0
2022-12-29,BTC,btc,945186.0,320082752198.536,19246622.72788417,266982.0
2022-12-29,ETH,eth,505412.0,144745504353.9091,120528750.98183438,945627.0
2022-12-29,USDC,usdc,269665.0,48220182531.702675,48236882608.16021,765691.0
2022-12-29,USDT,usdt,1072668.0,72826437679.9134,72859819017.06467,2297487.0
2022-12-30,BTC,btc,1050756.0,319388854075.39685,19247610.18309141,286348.0
2022-12-30,ETH,eth,528156.0,144463686134.88348,120528698.2456994,944771.0
2022-12-30,USDC,usdc,239962.0,48388657959.215294,48394820524.8147,698570.0
2022-12-30,USDT,usdt,1037225.0,72822990571.58525,72859819017.06467,2194251.0
2022-12-31,BTC,btc,839910.0,318067813339.4093,19248585.14586753,243946.0
2022-12-31,ETH,eth,519100.0,144071759610.4498,120528769.15015672,865806.0
2022-12-31,USDC,usdc,234952.0,48419613373.61671,48426803382.95671,397031.0
2022-12-31,USDT,usdt,927998.0,72822346862.93991,72859819017.04243,1904374.0
2023-01-01,BTC,btc,719716.0,319672567829.92584,19249553.85600931,189355.0
2023-01-01,ETH,eth,522460.0,144635534176.36087,120529017.2695631,742785.0
2023-01-01,USDC,usdc,233671.0,48474165317.01469,48480769260.35964,335293.0
2023-01-01,USDT,usdt,809014.0,72828769896.6957,72859819017.01596,1728417.0
2023-01-02,BTC,btc,842261.0,321266671119.1712,19250528.80721017,228547.0
2023-01-02,ETH,eth,473406.0,146423295549.03033,120529093.95715128,920276.0
2023-01-02,USDC,usdc,283898.0,48590495557.171036,48597179941.636505,614947.0
2023-01-02,USDT,usdt,936355.0,72836567898.73856,72859819017.01462,2133684.0
2023-01-03,BTC,btc,985169.0,320923849121.50653,19251491.26394741,273459.0
2023-01-03,ETH,eth,472981.0,146349341009.2418,120528939.8908922,948116.0
2023-01-03,USDC,usdc,320119.0,48073119822.33771,48078379265.65179,1079504.0
2023-01-03,USDT,usdt,1014105.0,72830360037.75392,72859819017.00949,2358174.0
2023-01-04,BTC,btc,922281.0,324371229130.03345,19252384.97170235,279254.0
2023-01-04,ETH,eth,507141.0,151374560808.80115,120528620.98133887,1046389.0
2023-01-04,USDC,usdc,363583.0,48049012488.34684,48052565682.096115,998346.0
2023-01-04,USDT,usdt,1106904.0,72836320703.31622,72859819016.9455,2446423.0
2023-01-05,BTC,btc,922508.0,323934038866.73096,19253366.18267459,274976.0
2023-01-05,ETH,eth,626236.0,150678079502.56467,120528183.11860149,1142818.0
2023-01-05,USDC,usdc,415338.0,47638557260.09447,47660518416.980965,880673.0
2023-01-05,USDT,usdt,1115168.0,72832951628.63771,72859819016.91985,2416095.0
2023-01-06,BTC,btc,932794.0,326515008906.59827,19254491.14012137,273358.0
2023-01-06,ETH,eth,501852.0,152980209341.53333,120527821.85524784,1028132.0
2023-01-06,USDC,usdc,426276.0,47594756877.8059,47598490808.201126,659600.0
2023-01-06,USDT,usdt,1110991.0,72836167407.10931,72856787261.80013,2411377.0
2023-01-07,BTC,btc,809225.0,326237998585.1699,19255453.59558269,250336.0
2023-01-07,ETH,eth,577380.0,152287577991.347,120527958.9954058,957607.0
2023-01-07,USDC,usdc,356958.0,47701107653.491585,47710203711.18405,431317.0
2023-01-07,USDT,usdt,961950.0,72844636550.83072,72856787261.75243,2063858.0
2023-01-08,BTC,btc,755503.0,328499715753.267,19256409.82965493,229074.0
2023-01-08,ETH,eth,784959.0,154834843478.67236,120527805.50363618,1184114.0
2023-01-08,USDC,usdc,396870.0,47842330443.630295,47853991368.90334,569777.0
2023-01-08,USDT,usdt,963738.0,72842458469.26392,72856787261.73164,2047900.0
2023-01-09,BTC,btc,981056.0,330886115501.8013,19257359.79479625,286289.0
2023-01-09,ETH,eth,553880.0,159170800152.4889,120527188.46318483,1093675.0
2023-01-09,USDC,usdc,436530.0,47633270267.87292,47637865637.458725,841818.0
2023-01-09,USDT,usdt,1245857.0,72856950901.96068,72856787261.61372,2802633.0
2023-01-10,BTC,btc,1146540.0,335749580566.8327,19258416.00422303,306036.0
2023-01-10,ETH,eth,520294.0,160982298017.48215,120526730.10296068,1061055.0
2023-01-10,USDC,usdc,345212.0,47586710076.16581,47595676645.43944,661018.0
2023-01-10,USDT,usdt,1150595.0,72867229159.38434,72856787261.61362,2558408.0
2023-01-11,BTC,btc,944957.0,343465404948.3947,19259334.72075027,288569.0
2023-01-11,ETH,eth,508868.0,166388176463.8716,120526242.1567896,1083178.0
2023-01-11,USDC,usdc,340553.0,47801199658.06515,47807597032.640015,619357.0
2023-01-11,USDT,usdt,1109019.0,72848020388.57254,72856787261.53886,2454342.0
2023-01-12,BTC,btc,1034292.0,363435762403.20905,19260278.43770103,310585.0
2023-01-12,ETH,eth,515485.0,170802435108.30176,120525759.72166257,1085563.0
2023-01-12,USDC,usdc,340719.0,47870153754.98288,47874894745.37832,630014.0
2023-01-12,USDT,usdt,1137785.0,72864560625.00055,72856787261.4206,2563641.0
2023-01-13,BTC,btc,1072059.0,382696914618.5445,19261272.15113735,320370.0
2023-01-13,ETH,eth,508590.0,174747167488.54327,120524925.71500748,1076328.0
2023-01-13,USDC,usdc,317251.0,47378124449.551,47377580760.12944,646098.0
2023-01-13,USDT,usdt,1124690.0,72864173474.84093,72856787261.41292,2625937.0
2023-01-14,BTC,btc,965948.0,404719555363.718,19262340.86699913,303624.0
2023-01-14,ETH,eth,541020.0,187003107980.06763,120524237.64701596,1107804.0
2023-01-14,USDC,usdc,395738.0,47662814579.87826,47679706070.183754,1107103.0
2023-01-14,USDT,usdt,1001703.0,72865820821.57635,72856787261.25871,2476569.0
2023-01-15,BTC,btc,807742.0,402142059538.9224,19263359.58610591,255156.0
2023-01-15,ETH,eth,534997.0,187091767585.56708,120523998.49050882,1000777.0
2023-01-15,USDC,usdc,330457.0,47812924984.56689,47819294011.52443,945489.0
2023-01-15,USDT,usdt,947993.0,72878371052.41743,72856787261.12738,2429703.0
2023-01-16,BTC,btc,966312.0,408025350489.2305,19264278.30960177,303811.0
2023-01-16,ETH,eth,518753.0,190180220044.84912,120523459.69573328,1057284.0
2023-01-16,USDC,usdc,319953.0,47780798766.18548,47789411054.87727,939480.0
2023-01-16,USDT,usdt,1198238.0,72860540854.64102,72856787261.03831,2954759.0
2023-01-17,BTC,btc,988775.0,408005301935.6586,19265253.28127717,309004.0
2023-01-17,ETH,eth,489795.0,189243812500.60272,120522865.96251412,1018353.0
2023-01-17,USDC,usdc,336824.0,47483118122.31274,47496498330.27745,705832.0
2023-01-17,USDT,usdt,1119901.0,72865576914.84952,72856787260.83057,2526640.0
2023-01-18,BTC,btc,942079.0,398995131352.91315,19266128.25060941,294539.0
2023-01-18,ETH,eth,548397.0,183190700145.2965,120521921.37718716,1118225.0
2023-01-18,USDC,usdc,340431.0,47014257494.555336,47013028288.368225,760115.0
2023-01-18,USDT,usdt,986143.0,72855742909.24135,72856787260.82779,2403357.0
2023-01-19,BTC,btc,926693.0,405991740732.9317,19267034.46881981,298607.0
2023-01-19,ETH,eth,502409.0,186847518595.57727,120521535.90528136,1007125.0
2023-01-19,USDC,usdc,317210.0,47039311508.089455,46985133014.295265,629588.0
2023-01-19,USDT,usdt,1000445.0,72858516874.97586,72856787260.80742,2250087.0
2023-01-20,BTC,btc,933005.0,436623508826.3357,19267859.43892205,303214.0
2023-01-20,ETH,eth,522810.0,199832810113.94968,120521136.65776514,1024504.0
2023-01-20,USDC,usdc,323022.0,47052062234.96229,47062424082.47147,635024.0
2023-01-20,USDT,usdt,974590.0,72868342023.59122,72856787260.7506,2002192.0
2023-01-21,BTC,btc,906764.0,439387994541.3399,19268721.90708291,286001.0
2023-01-21,ETH,eth,544098.0,196223567559.4762,120521141.75088236,994076.0
2023-01-21,USDC,usdc,305811.0,47252669794.801025,47259614140.732735,678898.0
2023-01-21,USDT,usdt,835220.0,72868819488.90724,72856787260.75058,1581772.0
2023-01-22,BTC,btc,863236.0,437735066276.4035,19269665.64488826,249747.0
2023-01-22,ETH,eth,538685.0,196240874022.4543,120521319.13053171,889814.0
2023-01-22,USDC,usdc,281683.0,47369702311.156685,47378521414.81521,750540.0
2023-01-22,USDT,usdt,793434.0,72873221618.56252,72856787260.68483,1445230.0
2023-01-23,BTC,btc,933346.0,441857284818.24146,19270653.10749456,296833.0
2023-01-23,ETH,eth,504730.0,196200710929.03732,120521177.99930678,947725.0
2023-01-23,USDC,usdc,325336.0,47358553608.21823,47363930821.5716,772304.0
2023-01-23,USDT,usdt,949218.0,72865714963.58345,72856787260.64351,1790710.0
2023-01-24,BTC,btc,908199.0,435749412018.20013,19271459.3286451,288416.0
2023-01-24,ETH,eth,487133.0,187257990737.72495,120520642.475563,1032293.0
2023-01-24,USDC,usdc,283751.0,47576540104.32948,47584009570.1637,646488.0
2023-01-24,USDT,usdt,908115.0,72864390745.64969,72856787260.59267,1748592.0
2023-01-25,BTC,btc,912032.0,445371057214.86865,19272553.04504998,306272.0
2023-01-25,ETH,eth,495479.0,193764339634.66672,120520306.4315072,1020705.0
2023-01-25,USDC,usdc,284674.0,47462863625.72925,47469544319.05016,769501.0
2023-01-25,USDT,usdt,966990.0,72869511287.56496,72856787260.58073,1827309.0
2023-01-26,BTC,btc,892287.0,443458477430.5371,19273521.76581441,297461.0
2023-01-26,ETH,eth,498585.0,193065121886.63696,120519942.55300163,1048864.0
2023-01-26,USDC,usdc,305542.0,47259731706.55304,47257520523.42259,724758.0
2023-01-26,USDT,usdt,886342.0,72860673921.07602,72856787260.57666,1871394.0
2023-01-27,BTC,btc,929064.0,444671920357.2479,19274484.23846005,305372.0
2023-01-27,ETH,eth,545774.0,192592581216.95367,120519563.1648018,1100192.0
2023-01-27,USDC,usdc,306556.0,47009388904.71944,47014286056.73805,690568.0
2023-01-27,USDT,usdt,913650.0,72883994693.11574,72856787260.57552,1961391.0
2023-01-28,BTC,btc,857014.0,443507093772.12006,19275534.20128317,268374.0
2023-01-28,ETH,eth,516329.0,189238580818.8375,120519740.30443372,964429.0
2023-01-28,USDC,usdc,253095.0,47054703575.00727,47067899233.60994,659918.0
2023-01-28,USDT,usdt,836670.0,72873339292.11896,72856787260.52374,1793152.0
2023-01-29,BTC,btc,829895.0,458299678267.7888,19276540.41143432,258804.0
2023-01-29,ETH,eth,511731.0,198410913779.34244,120519525.27598353,998228.0
2023-01-29,USDC,usdc,260615.0,47045353563.19973,47042960036.75124,739786.0
2023-01-29,USDT,usdt,861889.0,72859060809.58371,72856787260.52374,1996418.0
2023-01-30,BTC,btc,957363.0,439513744530.55255,19277402.87019857,311188.0
2023-01-30,ETH,eth,516109.0,188731993435.50787,120519409.80225764,1074566.0
2023-01-30,USDC,usdc,274443.0,46649920615.99621,46649881547.125336,790769.0
2023-01-30,USDT,usdt,994228.0,72862174660.11273,72856787260.50754,2399394.0
2023-01-31,BTC,btc,944348.0,445903953177.8653,19278121.59051949,312359.0
2023-01-31,ETH,eth,519408.0,191000455950.1343,120518623.8147938,1086364.0
2023-01-31,USDC,usdc,262597.0,46352295573.914894,46354692918.645744,622066.0
2023-01-31,USDT,usdt,997097.0,72858793206.71613,72856787260.50754,2420259.0
2023-02-01,BTC,btc,1050528.0,457436212535.37054,19278977.80878799,343824.0
2023-02-01,ETH,eth,516810.0,197878282904.48337,120517710.28762428,1064236.0
2023-02-01,USDC,usdc,270772.0,46261129072.39214,46259719978.17926,791164.0
2023-02-01,USDT,usdt,1023267.0,72851400969.44864,72846970396.27266,2422749.0
2023-02-02,BTC,btc,983946.0,453185335299.5718,19279884.02447344,335421.0
2023-02-02,ETH,eth,501303.0,198411029308.84256,120516605.67622446,1104114.0
2023-02-02,USDC,usdc,287720.0,46393556575.26027,46385232572.31809,737283.0
2023-02-02,USDT,usdt,1104998.0,72858323964.83813,72846970396.22256,2639888.0
2023-02-03,BTC,btc,988867.0,452052047565.4157,19280715.24520696,317695.0
2023-02-03,ETH,eth,457501.0,200731055289.71536,120515383.38517296,1072608.0
2023-02-03,USDC,usdc,253590.0,45976411682.10089,45909007654.2671,648620.0
2023-02-03,USDT,usdt,1036553.0,72852816142.02385,72846970396.17174,2375885.0
2023-02-04,BTC,btc,961115.0,450331066544.2132,19281565.21323545,302062.0
2023-02-04,ETH,eth,500595.0,201385893390.00644,120514802.49550208,1064597.0
2023-02-04,USDC,usdc,244949.0,45912204227.47041,45917678734.51169,679654.0
2023-02-04,USDT,usdt,969680.0,72853241898.71814,72846970396.17168,2245687.0
2023-02-05,BTC,btc,802171.0,442673043515.76447,19282515.19257359,256347.0
2023-02-05,ETH,eth,537665.0,196573733122.00424,120514490.36674036,1069625.0
2023-02-05,USDC,usdc,237739.0,45986393814.90388,45977265164.60689,696446.0
2023-02-05,USDT,usdt,891796.0,72865119637.68456,72846970396.1682,2001211.0
2023-02-06,BTC,btc,920525.0,438605028941.30115,19283440.16082709,304492.0
2023-02-06,ETH,eth,503555.0,194542326912.55457,120513759.00927693,1077149.0
2023-02-06,USDC,usdc,244457.0,45780561668.57607,45774969432.67528,776313.0
2023-02-06,USDT,usdt,905377.0,72850238163.94829,72846970396.1682,2037219.0
2023-02-07,BTC,btc,944049.0,448674357936.55475,19284327.62505593,303225.0
2023-02-07,ETH,eth,477571.0,201583543708.047,120512258.60439284,1142836.0
2023-02-07,USDC,usdc,254143.0,45715496214.72427,45716156533.730865,857446.0
2023-02-07,USDT,usdt,925235.0,70849474511.52863,70846970396.16818,1996083.0
2023-02-08,BTC,btc,942153.0,442355589491.7768,19285190.09179011,315120.0
2023-02-08,ETH,eth,483612.0,198870465994.68152,120510537.749031,1121215.0
2023-02-08,USDC,usdc,256964.0,45469942411.27662,45471900650.55199,833522.0
2023-02-08,USDT,usdt,1001330.0,70847528724.88951,70846970396.10577,2082333.0
2023-02-09,BTC,btc,1056974.0,420790203963.94135,19286202.54184259,363668.0
2023-02-09,ETH,eth,475694.0,186261072070.65182,120508620.99513929,1082467.0
2023-02-09,USDC,usdc,274309.0,45425118794.66389,45424415695.40385,785276.0
2023-02-09,USDT,usdt,1000967.0,70852744962.4335,70846970396.05803,2040112.0
2023-02-10,BTC,btc,923753.0,416998493072.5835,19287121.25095429,302716.0
2023-02-10,ETH,eth,497617.0,182478878134.89792,120507762.733762,1071635.0
2023-02-10,USDC,usdc,256312.0,45322917472.373856,45321423369.89353,706022.0
2023-02-10,USDT,usdt,965325.0,70856199404.36679,70846970396.02823,1907257.0
2023-02-11,BTC,btc,896301.0,421730481059.58856,19288046.21257187,281958.0
2023-02-11,ETH,eth,509167.0,185603684832.60593,120507674.46515392,961493.0
2023-02-11,USDC,usdc,229897.0,45262798033.32968,45262240050.103714,461344.0
2023-02-11,USDT,usdt,834589.0,70853770814.87062,70846970395.95792,1864255.0
2023-02-12,BTC,btc,861493.0,419964034322.39526,19289058.67387569,256348.0
2023-02-12,ETH,eth,494505.0,182421319275.8323,120507669.77837253,953020.0
2023-02-12,USDC,usdc,223624.0,45175473889.61464,45179431613.69371,486532.0
2023-02-12,USDT,usdt,732298.0,70858101051.26028,70846970395.95378,1505683.0
2023-02-13,BTC,btc,957593.0,420497959396.1862,19290033.6358573,297879.0
2023-02-13,ETH,eth,492362.0,181510258162.8825,120506916.1505425,1054742.0
2023-02-13,USDC,usdc,265476.0,44922362897.1851,44928296714.66417,645693.0
2023-02-13,USDT,usdt,915655.0,72894848077.36255,72846970395.95378,1972835.0
2023-02-14,BTC,btc,913570.0,428692521757.3896,19290996.09163937,305330.0
2023-02-14,ETH,eth,537767.0,187674794282.76428,120503131.72995473,1141796.0
2023-02-14,USDC,usdc,248618.0,44937078520.5767,44948647976.69495,579672.0
2023-02-14,USDT,usdt,922513.0,72864665865.97716,72846970395.9459,1897816.0
2023-02-15,BTC,btc,993456.0,468884953214.80835,19292014.79354679,325059.0
2023-02-15,ETH,eth,478642.0,201579180130.95255,120500938.39709686,1160879.0
2023-02-15,USDC,usdc,254061.0,45295138329.19814,45295318031.20418,587098.0
2023-02-15,USDT,usdt,906081.0,72858610690.38072,72846970395.91927,1895242.0
2023-02-16,BTC,btc,1118226.0,458066234824.8327,19293133.49263214,341817.0
2023-02-16,ETH,eth,477690.0,198087170822.259,120498618.43121952,1138195.0
2023-02-16,USDC,usdc,286444.0,45504364804.14838,45524745118.26164,783122.0
2023-02-16,USDT,usdt,930929.0,72853849644.84872,72846970395.9089,1979889.0
2023-02-17,BTC,btc,1050009.0,474777985910.94104,19294164.69635749,322140.0
2023-02-17,ETH,eth,471665.0,204367936526.31567,120496707.8392495,1066755.0
2023-02-17,USDC,usdc,241004.0,45836349353.99193,45836422765.716446,661611.0
2023-02-17,USDT,usdt,901925.0,72856615445.48613,72846970395.9089,1998930.0
2023-02-18,BTC,btc,1046593.0,475367066196.61975,19295214.52710183,273988.0
2023-02-18,ETH,eth,456014.0,203750564961.84805,120495699.12101428,972865.0
2023-02-18,USDC,usdc,248241.0,45812133238.32226,45810585326.686104,681928.0
2023-02-18,USDT,usdt,779656.0,72857949192.19427,72846970395.9089,1783902.0
2023-02-19,BTC,btc,928713.0,470190985337.3357,19296227.01282949,244509.0
2023-02-19,ETH,eth,451883.0,202817955576.06287,120494932.24985698,1002399.0
2023-02-19,USDC,usdc,254198.0,45850357009.388756,45854810222.71291,637232.0
2023-02-19,USDT,usdt,739786.0,72863250267.50732,72846970395.90851,1734217.0
2023-02-20,BTC,btc,908106.0,478527590358.21405,19297145.7099958,267205.0
2023-02-20,ETH,eth,466024.0,204945561619.02087,120493494.23152652,1059640.0
2023-02-20,USDC,usdc,270303.0,45904800709.01442,45917739215.30628,738097.0
2023-02-20,USDT,usdt,921476.0,72852922487.96964,72845925958.22273,2155348.0
2023-02-21,BTC,btc,1012926.0,470883335720.71594,19298189.39352537,293613.0
2023-02-21,ETH,eth,482474.0,199425540811.74323,120491922.8508644,1084290.0
2023-02-21,USDC,usdc,239117.0,46112063454.215965,46119138546.14774,664106.0
2023-02-21,USDT,usdt,899177.0,72856064229.28853,72845925958.21303,2056614.0
2023-02-22,BTC,btc,931144.0,466337552716.17426,19299064.31604459,277803.0
2023-02-22,ETH,eth,478581.0,197837484557.214,120489993.89860947,1080839.0
2023-02-22,USDC,usdc,238167.0,45940525412.16725,45938700829.57761,649223.0
2023-02-22,USDT,usdt,906326.0,73849289637.98265,73845925958.21303,1995412.0
2023-02-23,BTC,btc,1071298.0,461466839224.232,19300132.95520284,291650.0
2023-02-23,ETH,eth,513684.0,198731777045.41992,120487834.62989062,1093537.0
2023-02-23,USDC,usdc,228707.0,46072455223.894,46068213014.33573,575764.0
2023-02-23,USDT,usdt,902929.0,73859076143.77022,73845925958.21301,2043007.0
2023-02-24,BTC,btc,964247.0,447316040888.53906,19300976.6106817,298377.0
2023-02-24,ETH,eth,551238.0,193778190103.63513,120486417.5707692,1095771.0
2023-02-24,USDC,usdc,237338.0,46364310166.68879,46377466974.30248,585399.0
2023-02-24,USDT,usdt,873610.0,73847868718.93077,73845925958.213,1972886.0
2023-02-25,BTC,btc,811239.0,447022542624.343,19301645.29052475,259206.0
2023-02-25,ETH,eth,569007.0,192043075573.1748,120485980.08901732,995229.0
2023-02-25,USDC,usdc,85086.0,46452838194.97672,46452184622.72676,167102.0
2023-02-25,USDT,usdt,756608.0,73854538805.7963,73845925958.213,1703535.0
2023-02-26,BTC,btc,905055.0,454425911741.45215,19302695.20087476,271471.0
2023-02-26,ETH,eth,566024.0,197666090417.64835,120485602.29967768,982721.0
2023-02-26,USDC,usdc,224487.0,46547132730.63566,46544259146.29026,480277.0
2023-02-26,USDT,usdt,726088.0,73850662049.34784,73845925958.213,1627876.0
2023-02-27,BTC,btc,982682.0,453714768533.1663,19303570.11962878,296912.0
2023-02-27,ETH,eth,524438.0,196828629198.0312,120485489.63069382,1034112.0
2023-02-27,USDC,usdc,220014.0,46544895371.17342,46547389070.35217,537860.0
2023-02-27,USDT,usdt,896208.0,73849909861.7577,73845925958.213,2013119.0
2023-02-28,BTC,btc,983627.0,446819268836.4395,19304426.2895077,335341.0
2023-02-28,ETH,eth,480872.0,193578342136.6192,120484740.19846,1044634.0
2023-02-28,USDC,usdc,230200.0,46455618137.74404,46459058741.94758,528018.0
2023-02-28,USDT,usdt,912693.0,73857055458.50233,73845925958.16284,2028536.0
2023-03-01,BTC,btc,1076257.0,455815311827.3252,19305488.68136532,377754.0
2023-03-01,ETH,eth,478680.0,200208064313.60696,120483302.4743171,1081357.0
2023-03-01,USDC,usdc,230466.0,46570704408.758804,46581079094.82474,503570.0
2023-03-01,USDT,usdt,958269.0,73855629942.9617,73845925958.16203,2064168.0
2023-03-02,BTC,btc,939444.0,453121431949.6086,19306388.58083239,330024.0
2023-03-02,ETH,eth,514379.0,198537243456.10547,120482230.57338612,1088950.0
2023-03-02,USDC,usdc,237836.0,47171706083.64262,47175101586.274315,490276.0
2023-03-02,USDT,usdt,925064.0,73851319731.92274,73845925958.16174,1967998.0
2023-03-03,BTC,btc,1086253.0,431523107640.1537,19307438.46114988,355066.0
2023-03-03,ETH,eth,487088.0,189054958974.782,120480947.08001816,1092189.0
2023-03-03,USDC,usdc,237460.0,47587680207.446014,47587270156.71084,603000.0
2023-03-03,USDT,usdt,895953.0,73852939961.59995,73845925958.15884,1952747.0
2023-03-04,BTC,btc,905589.0,431239053644.68665,19308388.36119328,306924.0
2023-03-04,ETH,eth,462695.0,188658092486.73752,120480323.77385873,971157.0
2023-03-04,USDC,usdc,211177.0,47820714767.35919,47822505548.35472,480575.0
2023-03-04,USDT,usdt,775030.0,75851651429.29494,75845925958.15793,1677510.0
2023-03-05,BTC,btc,995537.0,432912254426.8668,19309357.06303656,287178.0
2023-03-05,ETH,eth,432041.0,188385300743.31204,120479454.16348656,940858.0
2023-03-05,USDC,usdc,202594.0,48018868437.000336,48018142584.787506,463569.0
2023-03-05,USDT,usdt,735049.0,75850835485.77528,75845925958.15388,1594700.0
2023-03-06,BTC,btc,931807.0,432831999828.83685,19310181.97860168,318245.0
2023-03-06,ETH,eth,460020.0,188853195198.27795,120477735.47682352,1037182.0
2023-03-06,USDC,usdc,207539.0,47783389318.181786,47785751114.8499,471364.0
2023-03-06,USDT,usdt,870372.0,75841227987.91487,75845925958.15388,1959660.0
2023-03-07,BTC,btc,1063023.0,428219361920.73987,19311213.09324048,360867.0
2023-03-07,ETH,eth,444134.0,187946252643.7069,120476212.9908262,1035152.0
2023-03-07,USDC,usdc,206247.0,47508632234.56636,47514808839.296684,508253.0
2023-03-07,USDT,usdt,917177.0,75843702533.28293,75845925958.15388,1997074.0
2023-03-08,BTC,btc,885079.0,419098099713.9698,19312044.23126562,290018.0
2023-03-08,ETH,eth,449531.0,184835465408.17496,120474604.50983173,1011772.0
2023-03-08,USDC,usdc,211734.0,47502133179.07445,47499623000.80195,582438.0
2023-03-08,USDT,usdt,899021.0,75835382399.04495,75845925957.97835,1981535.0
2023-03-09,BTC,btc,929904.0,393013679640.09827,19312887.88651131,339133.0
2023-03-09,ETH,eth,460423.0,173079347246.83615,120472675.54413275,1037747.0
2023-03-09,USDC,usdc,222591.0,47471996473.44302,47471745408.67127,632003.0
2023-03-09,USDT,usdt,951309.0,75845142497.48796,75845925957.9762,2106461.0
2023-03-10,BTC,btc,979055.0,390917907908.0106,19313737.80210951,322995.0
2023-03-10,ETH,eth,464631.0,172773752590.0483,120471252.395079,1065950.0
2023-03-10,USDC,usdc,259140.0,46357310982.6279,46509722091.51428,826680.0
2023-03-10,USDT,usdt,993458.0,76129434615.91896,75845925957.9762,2222867.0
2023-03-11,BTC,btc,982511.0,397599044509.8048,19314768.93361194,323403.0
2023-03-11,ETH,eth,412067.0,177954530955.63647,120463739.2353074,1031282.0
2023-03-11,USDC,usdc,348359.0,43664679634.89224,44985089880.575356,1013052.0
2023-03-11,USDT,usdt,886293.0,76440486205.43475,75845925957.96422,2196650.0
2023-03-12,BTC,btc,886609.0,426221507105.4308,19315775.07145146,263955.0
2023-03-12,ETH,eth,481016.0,191114704252.1841,120463103.02377065,974883.0
2023-03-12,USDC,usdc,222073.0,44417685303.693726,44783753066.93756,608484.0
2023-03-12,USDT,usdt,771136.0,76405386187.02515,75845925957.95189,1789576.0
2023-03-13,BTC,btc,999918.0,466585218228.0785,19316756.21059554,335201.0
2023-03-13,ETH,eth,584948.0,202121054849.7573,120461692.44922929,1173725.0
2023-03-13,USDC,usdc,234848.0,43584583562.27828,43634444285.44509,812997.0
2023-03-13,USDT,usdt,1006554.0,76162440005.64282,75845925957.95093,2290299.0
2023-03-14,BTC,btc,1024780.0,478479673367.3147,19317668.61691925,327923.0
2023-03-14,ETH,eth,510874.0,205612921102.02036,120460342.75245096,1105574.0
2023-03-14,USDC,usdc,227308.0,42572835680.67338,42595976133.103,818261.0
2023-03-14,USDT,usdt,999126.0,78121607409.05492,77845925957.9431,2183022.0
2023-03-15,BTC,btc,1006730.0,471562885492.7352,19318587.27431244,343857.0
2023-03-15,ETH,eth,494979.0,199412254388.8767,120459315.81152548,1076742.0
2023-03-15,USDC,usdc,208701.0,41735336814.24429,41742532129.75712,772001.0
2023-03-15,USDT,usdt,988018.0,78149476158.57747,77845925956.97137,2152130.0
2023-03-16,BTC,btc,879957.0,483820966773.28314,19319424.68510582,295146.0
2023-03-16,ETH,eth,467209.0,202040223238.1152,120458629.98711464,1042763.0
2023-03-16,USDC,usdc,211824.0,41105821052.187256,41115950739.22803,687341.0
2023-03-16,USDT,usdt,983428.0,79020404956.04082,78845925956.95341,2024891.0
2023-03-17,BTC,btc,1085422.0,530355563505.5659,19320343.33921469,339244.0
2023-03-17,ETH,eth,504502.0,215742537095.5164,120457885.68990552,1068367.0
2023-03-17,USDC,usdc,207963.0,40501762520.01872,40499371105.32112,707038.0
2023-03-17,USDT,usdt,988998.0,79034339114.17865,78845866112.50111,2114407.0
2023-03-18,BTC,btc,955447.0,521401004462.55426,19321355.72015879,293458.0
2023-03-18,ETH,eth,504683.0,212531663643.51776,120457860.54713212,1023641.0
2023-03-18,USDC,usdc,229573.0,40468641175.11832,40481037416.18044,764383.0
2023-03-18,USDT,usdt,842872.0,79064613392.17268,78845866112.40462,1872237.0
2023-03-19,BTC,btc,845573.0,544602429934.95825,19322280.70872038,271293.0
2023-03-19,ETH,eth,491964.0,217034967814.9556,120457836.83398671,992358.0
2023-03-19,USDC,usdc,198337.0,40430355566.75144,40448605757.988335,666287.0
2023-03-19,USDT,usdt,780368.0,79080866976.63298,78845866112.33662,1717815.0
2023-03-20,BTC,btc,1014355.0,537849646186.5744,19323243.20868762,337263.0
2023-03-20,ETH,eth,524591.0,209280166576.37723,120457520.464536,1123422.0
2023-03-20,USDC,usdc,214147.0,39587572140.95229,39645370539.89932,941746.0
2023-03-20,USDT,usdt,1022566.0,80079593372.26286,79845866112.33662,2272945.0
2023-03-21,BTC,btc,990544.0,544415302326.47375,19324149.4586494,331907.0
2023-03-21,ETH,eth,512051.0,217436527921.22287,120457404.53818803,1081542.0
2023-03-21,USDC,usdc,199860.0,39473876405.64755,39528548472.79026,843205.0
2023-03-21,USDT,usdt,956784.0,81053836102.0777,80845866112.33662,2106349.0
2023-03-22,BTC,btc,940276.0,528379507078.967,19325143.20861664,296448.0
2023-03-22,ETH,eth,515905.0,209386995425.58527,120457170.18808916,1073049.0
2023-03-22,USDC,usdc,149990.0,38937065174.69365,38968533521.55964,576110.0
2023-03-22,USDT,usdt,961184.0,81045234900.4598,80845866112.33662,2085427.0
2023-03-23,BTC,btc,902932.0,548632503448.67126,19326286.95858388,292159.0
2023-03-23,ETH,eth,518217.0,219139655128.3379,120456644.5363474,1077305.0
2023-03-23,USDC,usdc,192569.0,38665373477.57486,38685856462.58373,730753.0
2023-03-23,USDT,usdt,1016307.0,81977781868.69322,81845866112.33662,2177578.0
2023-03-24,BTC,btc,893101.0,530807367185.91296,19327299.45855112,294570.0
2023-03-24,ETH,eth,491152.0,210934603026.43796,120456071.40566652,1084231.0
2023-03-24,USDC,usdc,221380.0,38138640446.23172,38139950938.17675,644256.0
2023-03-24,USDT,usdt,953582.0,82941620294.03908,82845866112.33072,2051455.0
2023-03-25,BTC,btc,898042.0,531312174636.28394,19328205.7085129,287422.0
2023-03-25,ETH,eth,500188.0,209891076598.91913,120456081.47018956,1052415.0
2023-03-25,USDC,usdc,228295.0,38132745602.69655,38135021439.10568,531757.0
2023-03-25,USDT,usdt,818513.0,82916356396.32727,82845866112.33072,1770533.0
2023-03-26,BTC,btc,851151.0,542169657055.9983,19329105.70847468,266890.0
2023-03-26,ETH,eth,484571.0,214234691791.5515,120456090.48228434,1011463.0
2023-03-26,USDC,usdc,173316.0,38095094463.75968,38100230922.704575,480447.0
2023-03-26,USDT,usdt,775020.0,82920436736.79059,82845866112.31476,1663972.0
2023-03-27,BTC,btc,1057595.0,524906913723.9931,19330030.70842007,295339.0
2023-03-27,ETH,eth,497906.0,206565105599.9817,120455041.54205243,1100122.0
2023-03-27,USDC,usdc,206667.0,37694967767.39932,37688340654.86511,561772.0
2023-03-27,USDT,usdt,1010325.0,82878159924.75456,82845866112.26418,2212167.0
2023-03-28,BTC,btc,982699.0,527422700745.33344,19330868.20838185,317587.0
2023-03-28,ETH,eth,543283.0,213796356482.17984,120454048.76430672,1149677.0
2023-03-28,USDC,usdc,192502.0,37540397314.59295,37543286163.53797,561213.0
2023-03-28,USDT,usdt,1076318.0,82866970261.41917,82845866112.26418,2221865.0
2023-03-29,BTC,btc,977852.0,548815740560.0656,19331786.95834363,328588.0
2023-03-29,ETH,eth,583946.0,216182370570.1352,120452713.84037304,1165012.0
2023-03-29,USDC,usdc,182166.0,37501682460.545555,37492082816.98926,568594.0
2023-03-29,USDT,usdt,1118101.0,82861467765.85054,82845866112.26418,2207812.0
2023-03-30,BTC,btc,1021839.0,541733941198.0574,19332755.70826653,331354.0
2023-03-30,ETH,eth,558559.0,215823973061.25333,120451156.5972936,1187924.0
2023-03-30,USDC,usdc,181762.0,37073481098.921715,37063364171.638664,571324.0
2023-03-30,USDT,usdt,1002575.0,82851513140.21716,82845866112.26418,2141823.0
2023-03-31,BTC,btc,1043754.0,551292496354.6884,19333636.95822831,308895.0
2023-03-31,ETH,eth,547486.0,219701303525.28183,120450150.3511902,1150727.0
2023-03-31,USDC,usdc,193995.0,36756180423.35611,36755568477.97971,569078.0
2023-03-31,USDT,usdt,1027962.0,82865958922.08183,82845866112.26418,2183073.0
2023-04-01,BTC,btc,1038858.0,550928486203.3832,19334511.95818462,316521.0
2023-04-01,ETH,eth,500064.0,219509559004.9742,120449756.86603788,1020143.0
2023-04-01,USDC,usdc,183659.0,36758994322.552025,36755593924.373955,447486.0
2023-04-01,USDT,usdt,864973.0,82878700335.45651,82845866112.26418,1873581.0
2023-04-02,BTC,btc,1012005.0,544524713657.57355,19335443.2081464,342161.0
2023-04-02,ETH,eth,508193.0,216177406933.90988,120449479.90183644,981226.0
2023-04-02,USDC,usdc,173314.0,36758894054.09372,36762168773.06667,473236.0
2023-04-02,USDT,usdt,845374.0,82870494164.32158,82845866112.26418,1893995.0
2023-04-03,BTC,btc,985157.0,538533843979.47015,19336261.95810817,336905.0
2023-04-03,ETH,eth,499715.0,218154253837.0577,120448334.25660504,1052294.0
2023-04-03,USDC,usdc,197238.0,36854491640.07612,36858538555.541725,565423.0
2023-04-03,USDT,usdt,1068653.0,82865762508.13309,82845866112.2582,2364653.0
2023-04-04,BTC,btc,1108155.0,543647331979.0974,19337274.45807541,419443.0
2023-04-04,ETH,eth,511592.0,225018121847.33423,120447053.4821056,1068725.0
2023-04-04,USDC,usdc,200079.0,36896664223.983696,36897179469.050354,515786.0
2023-04-04,USDT,usdt,1086351.0,82873808797.88338,82845866112.2582,2334459.0
2023-04-05,BTC,btc,964688.0,545148282923.03174,19338143.20803173,345029.0
2023-04-05,ETH,eth,517726.0,230185945121.89304,120445229.05817944,1123693.0
2023-04-05,USDC,usdc,191863.0,36838799476.357025,36843367218.55207,500279.0
2023-04-05,USDT,usdt,1047535.0,82855118291.13481,82845866112.2582,2175039.0
2023-04-06,BTC,btc,1022873.0,542445068149.4137,19339143.20799351,352346.0
2023-04-06,ETH,eth,488852.0,225481749663.00015,120443992.95686686,1036898.0
2023-04-06,USDC,usdc,189184.0,36965140438.299515,36959840001.07564,498542.0
2023-04-06,USDT,usdt,1042765.0,82882084983.65787,82845866112.21516,2169120.0
2023-04-07,BTC,btc,956362.0,540298652289.0736,19340030.70795529,351639.0
2023-04-07,ETH,eth,537161.0,224788448707.7445,120443303.78663556,1043552.0
2023-04-07,USDC,usdc,184592.0,36846272345.899155,36844333792.12586,454490.0
2023-04-07,USDT,usdt,1015147.0,82893607168.31671,82845866112.21516,2151837.0
2023-04-08,BTC,btc,885739.0,540851301862.0266,19340949.45791706,325340.0
2023-04-08,ETH,eth,510447.0,223030222709.4766,120442937.66842297,924776.0
2023-04-08,USDC,usdc,180188.0,36842761376.64537,36844660304.15218,425902.0
2023-04-08,USDT,usdt,994315.0,82887944065.05309,82845866112.19795,2030318.0
2023-04-09,BTC,btc,936112.0,548492793650.61993,19341861.9578843,277152.0
2023-04-09,ETH,eth,518856.0,224159691911.4554,120442607.3979474,956899.0
2023-04-09,USDC,usdc,194300.0,36849944420.14494,36850323485.26566,434087.0
2023-04-09,USDT,usdt,882140.0,82893794794.09277,82845866112.19795,1946372.0
2023-04-10,BTC,btc,947327.0,574235609982.3527,19342630.70784062,292988.0
2023-04-10,ETH,eth,548020.0,230298895987.47327,120441906.56895678,1016480.0
2023-04-10,USDC,usdc,196866.0,36646305119.960625,36655055571.66649,509596.0
2023-04-10,USDT,usdt,1128280.0,82905406627.56648,82845866112.19795,2528229.0
2023-04-11,BTC,btc,1146146.0,585087519181.1974,19343593.2078024,375758.0
2023-04-11,ETH,eth,545041.0,227840913673.7407,120440932.23232047,1084502.0
2023-04-11,USDC,usdc,228966.0,36647802824.06504,36651530936.60635,729324.0
2023-04-11,USDT,usdt,1141622.0,82922625373.38776,82845866112.19795,2553003.0
2023-04-12,BTC,btc,1056542.0,578654885226.6572,19344593.20776964,344791.0
2023-04-12,ETH,eth,526191.0,231459758120.00284,120440333.00482184,1021632.0
2023-04-12,USDC,usdc,222082.0,36326448209.76451,36329683115.32187,852604.0
2023-04-12,USDT,usdt,1130142.0,82884147898.95847,82845866112.18797,2558394.0
2023-04-13,BTC,btc,1009669.0,587538152475.1359,19345480.70772596,326572.0
2023-04-13,ETH,eth,576453.0,242186229717.2689,120438948.52758676,1094764.0
2023-04-13,USDC,usdc,224313.0,36218036871.85144,36217157083.35399,728486.0
2023-04-13,USDT,usdt,1136730.0,82932003999.93298,82845866112.18797,2447516.0
2023-04-14,BTC,btc,1016042.0,589270068912.4236,19346355.70768228,316304.0
2023-04-14,ETH,eth,597355.0,253187814740.4552,120437676.3958655,1166392.0
2023-04-14,USDC,usdc,235249.0,36101722131.01358,36101061206.56948,716570.0
2023-04-14,USDT,usdt,1157929.0,83920053611.73955,83845866112.18797,2498323.0
2023-04-15,BTC,btc,1045660.0,587038231196.8174,19347343.20763314,275326.0
2023-04-15,ETH,eth,653705.0,252253779311.78696,120436952.71193393,1056292.0
2023-04-15,USDC,usdc,210940.0,36097183003.75344,36101773360.40436,529556.0
2023-04-15,USDT,usdt,929950.0,83916230092.2728,83845866112.18797,2046599.0
2023-04-16,BTC,btc,840992.0,586498169368.5076,19348118.20760038,235578.0
2023-04-16,ETH,eth,559661.0,255248199146.17813,120436032.60388552,854249.0
2023-04-16,USDC,usdc,210629.0,36096110902.59965,36101554077.55536,573710.0
2023-04-16,USDT,usdt,830877.0,83904995432.228,83845866112.14601,1847385.0
2023-04-17,BTC,btc,984242.0,570208016248.9177,19349086.95755124,316549.0
2023-04-17,ETH,eth,457397.0,250092417761.34344,120434392.53269768,1011979.0
2023-04-17,USDC,usdc,213956.0,35903769081.66492,35902674230.624916,710962.0
2023-04-17,USDT,usdt,1166613.0,83898843566.44904,83845866112.14183,2723283.0
2023-04-18,BTC,btc,1149264.0,587602759964.4854,19350124.45750755,313000.0
2023-04-18,ETH,eth,442615.0,253102962302.76993,120430969.5789793,1070108.0
2023-04-18,USDC,usdc,222288.0,35638836382.81234,35642049402.15339,653943.0
2023-04-18,USDT,usdt,1161122.0,83870601108.13138,83845866112.09006,2554190.0
2023-04-19,BTC,btc,985732.0,557245599384.4084,19350993.20745841,298359.0
2023-04-19,ETH,eth,414942.0,233176872098.81775,120425386.00812577,1085066.0
2023-04-19,USDC,usdc,224878.0,35508524899.84358,35511695890.12837,625146.0
2023-04-19,USDT,usdt,1171537.0,83885735237.96089,83845866112.09006,2667061.0
2023-04-20,BTC,btc,951443.0,546713741184.974,19351824.45742565,297440.0
2023-04-20,ETH,eth,428139.0,233976888241.12833,120420385.41037196,1073576.0
2023-04-20,USDC,usdc,224614.0,35278868169.11498,35272769237.25355,705563.0
2023-04-20,USDT,usdt,1101948.0,84853251768.69606,84845866112.09006,2532915.0
2023-04-21,BTC,btc,1015546.0,528175134909.0028,19352730.70737651,352999.0
2023-04-21,ETH,eth,488479.0,222724217796.26416,120418093.40976164,1009840.0
2023-04-21,USDC,usdc,230136.0,35077160525.17527,35067255472.27867,761082.0
2023-04-21,USDT,usdt,1048542.0,84834384407.275,84844769436.80673,2446445.0
2023-04-22,BTC,btc,914896.0,538564949198.4576,19353661.95734374,356615.0
2023-04-22,ETH,eth,485507.0,225847086616.82568,120416045.28282608,862010.0
2023-04-22,USDC,usdc,205470.0,35071826312.93904,35066821952.71604,531877.0
2023-04-22,USDT,usdt,801358.0,84851230259.19476,84844769436.61641,1880926.0
2023-04-23,BTC,btc,840711.0,534277114846.2925,19354580.70731098,434101.0
2023-04-23,ETH,eth,461961.0,224308503703.04315,120413581.42493428,867666.0
2023-04-23,USDC,usdc,203911.0,35097377180.345894,35090616896.091354,547784.0
2023-04-23,USDT,usdt,770513.0,84845722911.32529,84844769436.61641,1810590.0
2023-04-24,BTC,btc,998948.0,532666177826.66583,19355461.95725092,358615.0
2023-04-24,ETH,eth,461974.0,221901259454.5624,120410844.97555268,940804.0
2023-04-24,USDC,usdc,201349.0,35048898882.98238,35031575733.10901,631848.0
2023-04-24,USDT,usdt,1010845.0,84848300461.7009,84844769436.61641,2355930.0
2023-04-25,BTC,btc,895988.0,547833832702.54034,19356243.20719632,373152.0
2023-04-25,ETH,eth,496299.0,224930155379.38492,120408701.85648952,976311.0
2023-04-25,USDC,usdc,213180.0,34975902591.44289,34970341753.010635,668725.0
2023-04-25,USDT,usdt,1116775.0,84859277569.86903,84844769436.61641,2547397.0
2023-04-26,BTC,btc,893248.0,549435199387.87,19357055.7071581,433927.0
2023-04-26,ETH,eth,496218.0,224786252846.51303,120406347.61959957,978121.0
2023-04-26,USDC,usdc,225779.0,35047874720.440735,35035290966.4661,680572.0
2023-04-26,USDT,usdt,1149255.0,84878912588.3983,84844769436.61351,2571958.0
2023-04-27,BTC,btc,892914.0,570390261178.377,19357868.20711442,419005.0
2023-04-27,ETH,eth,511244.0,229895931294.32553,120404373.40456784,939262.0
2023-04-27,USDC,usdc,220995.0,34814001092.34242,34808564506.34293,722876.0
2023-04-27,USDT,usdt,1123548.0,84868968716.95613,84844769436.61351,2463298.0
2023-04-28,BTC,btc,957827.0,568196114329.5779,19358786.95705436,484327.0
2023-04-28,ETH,eth,490402.0,228034148797.65564,120402292.88143659,987649.0
2023-04-28,USDC,usdc,218048.0,34787608479.658646,34781095003.96717,648840.0
2023-04-28,USDT,usdt,1155549.0,84902959634.11624,84844769436.61351,2500959.0
2023-04-29,BTC,btc,803633.0,565718094832.8191,19359643.20691614,487346.0
2023-04-29,ETH,eth,514443.0,229465042811.34995,120400435.70552172,887098.0
2023-04-29,USDC,usdc,204117.0,34807719325.30753,34796912016.46489,551246.0
2023-04-29,USDT,usdt,948723.0,84894734997.3775,84844769436.6135,2050754.0
2023-04-30,BTC,btc,767567.0,568466684139.1699,19360568.20688327,561448.0
2023-04-30,ETH,eth,447064.0,227016335265.85257,120397788.40551537,974972.0
2023-04-30,USDC,usdc,221217.0,34805477692.33333,34794104628.98781,565131.0
2023-04-30,USDT,usdt,943593.0,84881437253.35692,84844769436.6127,1962747.0
2023-05-01,BTC,btc,929691.0,544353449574.5647,19361705.70684505,685711.0
2023-05-01,ETH,eth,402269.0,220532041357.25485,120392638.88724524,1102060.0
2023-05-01,USDC,usdc,241697.0,34687000082.47941,34671625850.44485,644552.0
2023-05-01,USDT,usdt,1162699.0,84862615560.59492,84844769436.6127,2433790.0
2023-05-02,BTC,btc,820724.0,555521717581.1757,19362511.95681229,460621.0
2023-05-02,ETH,eth,433988.0,225399757046.16147,120385796.28427468,1127805.0
2023-05-02,USDC,usdc,222305.0,34550612943.31285,34537780844.14209,563365.0
2023-05-02,USDT,usdt,1184424.0,84888995206.567,84844769436.60457,2524116.0
2023-05-03,BTC,btc,953701.0,562410583931.3228,19363393.20677407,488518.0
2023-05-03,ETH,eth,452868.0,229335064621.5764,120379770.9887168,1117146.0
2023-05-03,USDC,usdc,222662.0,34470218853.34656,34461285647.62523,595520.0
2023-05-03,USDT,usdt,1201945.0,84864257030.53088,84844769436.60457,2582641.0
2023-05-04,BTC,btc,914598.0,558773645025.0818,19364305.70675768,490738.0
2023-05-04,ETH,eth,450578.0,225946703232.19012,120373589.07361776,1110210.0
2023-05-04,USDC,usdc,295043.0,34526588524.09138,34432048603.195786,694945.0
2023-05-04,USDT,usdt,1200603.0,84882578368.38933,84844769436.60455,2553126.0
2023-05-05,BTC,btc,822037.0,572294716419.607,19365049.45674676,411057.0
2023-05-05,ETH,eth,484923.0,240191570355.48447,120360871.48540282,1208548.0
2023-05-05,USDC,usdc,331422.0,34683208218.87483,34653299492.392654,747044.0
2023-05-05,USDT,usdt,1236839.0,84932171648.55345,84844769436.60455,2708389.0
2023-05-06,BTC,btc,764917.0,559666442122.5637,19365980.70670801,603617.0
2023-05-06,ETH,eth,409974.0,228701205587.22748,120348482.6786138,1145565.0
2023-05-06,USDC,usdc,377652.0,34811121684.78932,34658084385.95802,843766.0
2023-05-06,USDT,usdt,998606.0,84993495623.02298,84844769436.55736,2320646.0
2023-05-07,BTC,btc,549932.0,557024258369.1561,19366849.45670255,614264.0
2023-05-07,ETH,eth,418073.0,228678322627.42422,120338815.90580831,1101487.0
2023-05-07,USDC,usdc,313430.0,34769673012.963036,34662872764.579094,712275.0
2023-05-07,USDT,usdt,900248.0,84948006826.3517,84844769436.55736,2123527.0
2023-05-08,BTC,btc,696710.0,537013903849.53534,19367705.70670255,573864.0
2023-05-08,ETH,eth,443089.0,222639135290.25717,120329329.90089372,1145960.0
2023-05-08,USDC,usdc,360164.0,34807883520.26528,34516158103.34055,860224.0
2023-05-08,USDT,usdt,1122068.0,85916047713.30685,85844769436.55736,2671721.0
2023-05-09,BTC,btc,772112.0,535396500180.69147,19368649.45669163,592036.0
2023-05-09,ETH,eth,454485.0,222380813666.2703,120321609.3352786,1126707.0
2023-05-09,USDC,usdc,292661.0,34533293445.73454,34426587661.03695,676003.0
2023-05-09,USDT,usdt,1079190.0,85885282623.69421,85844769436.55736,2450857.0
2023-05-10,BTC,btc,891517.0,535495151707.0393,19369711.95669163,672910.0
2023-05-10,ETH,eth,427186.0,221673226318.57184,120313592.02867264,1086375.0
2023-05-10,USDC,usdc,294582.0,34446467909.43657,34404099813.47514,738251.0
2023-05-10,USDT,usdt,1110058.0,85911590081.49052,85844769436.1318,2542595.0
2023-05-11,BTC,btc,831417.0,522741765621.6745,19370655.70667524,544837.0
2023-05-11,ETH,eth,410160.0,216019054240.37296,120305183.68146674,1099638.0
2023-05-11,USDC,usdc,292789.0,34267262594.345505,34253483455.0559,755877.0
2023-05-11,USDT,usdt,1111727.0,85878912423.96742,85844769435.49753,2550657.0
2023-05-12,BTC,btc,809188.0,518640829707.00287,19371536.95667524,508450.0
2023-05-12,ETH,eth,462843.0,217486264559.28375,120300110.10972597,1070884.0
2023-05-12,USDC,usdc,265095.0,34239027180.869003,34237217848.92048,763568.0
2023-05-12,USDT,usdt,1126111.0,85886415236.66345,85844769435.41373,2554548.0
2023-05-13,BTC,btc,705679.0,519983463986.63654,19372443.20666432,581550.0
2023-05-13,ETH,eth,502560.0,216485437794.933,120297541.868697,994500.0
2023-05-13,USDC,usdc,235592.0,34247320819.61147,34242284445.94624,881607.0
2023-05-13,USDT,usdt,950693.0,85887230285.33632,85844769435.41373,2134294.0
2023-05-14,BTC,btc,835319.0,521501767636.86115,19373530.70666432,626942.0
2023-05-14,ETH,eth,517668.0,216520217840.60397,120295124.24958628,992354.0
2023-05-14,USDC,usdc,229503.0,34236163826.437553,34239494571.664024,867845.0
2023-05-14,USDT,usdt,916039.0,85882486195.31992,85844769435.41373,2071856.0
2023-05-15,BTC,btc,817441.0,527597676412.8378,19374449.45665886,526691.0
2023-05-15,ETH,eth,479793.0,218846603659.68863,120290949.85292543,1091921.0
2023-05-15,USDC,usdc,245629.0,34099501796.44202,34098341998.39297,702227.0
2023-05-15,USDT,usdt,1180375.0,85864795073.43611,85844769435.41148,2715393.0
2023-05-16,BTC,btc,814467.0,523634254375.96967,19375405.7066534,564700.0
2023-05-16,ETH,eth,438043.0,219437771917.4551,120286896.82506476,1072600.0
2023-05-16,USDC,usdc,237189.0,33952044919.53007,33956426963.235912,606671.0
2023-05-16,USDT,usdt,1181617.0,85850846151.33159,85844769435.41148,2676473.0
2023-05-17,BTC,btc,841652.0,530933746512.83374,19376405.70663702,579967.0
2023-05-17,ETH,eth,444193.0,219178923373.99463,120283270.89514948,1043585.0
2023-05-17,USDC,usdc,252367.0,33790610440.413177,33791233002.676323,682399.0
2023-05-17,USDT,usdt,1150804.0,85849933266.71504,85844769435.41148,2624343.0
2023-05-18,BTC,btc,814709.0,520149069256.5386,19377286.95661518,478050.0
2023-05-18,ETH,eth,462762.0,216961020863.50815,120279613.48949678,1054402.0
2023-05-18,USDC,usdc,241920.0,33872503932.31568,33877702150.591454,703043.0
2023-05-18,USDT,usdt,1105810.0,85844387147.73135,85844769435.41148,2557230.0
2023-05-19,BTC,btc,904374.0,521070836897.92114,19378224.45660426,513521.0
2023-05-19,ETH,eth,452814.0,218081196173.26715,120276710.5533543,1073998.0
2023-05-19,USDC,usdc,224821.0,33831319838.80113,33834650156.45807,607299.0
2023-05-19,USDT,usdt,1104194.0,85860845687.22586,85844769435.40404,2460492.0
2023-05-20,BTC,btc,719434.0,525188703696.1737,19379043.20660416,423450.0
2023-05-20,ETH,eth,567922.0,218819026995.8809,120275044.11781555,1049772.0
2023-05-20,USDC,usdc,222438.0,33819525867.542873,33829777742.488506,592197.0
2023-05-20,USDT,usdt,956802.0,85871375142.7391,85844769435.40404,2123488.0
2023-05-21,BTC,btc,775828.0,518939805773.3578,19379986.95659869,487763.0
2023-05-21,ETH,eth,505370.0,217271746152.6438,120273351.02086186,1014742.0
2023-05-21,USDC,usdc,219669.0,33820605574.24755,33827350446.45824,486508.0
2023-05-21,USDT,usdt,860265.0,85869140645.02505,85844769435.39594,1904874.0
2023-05-22,BTC,btc,817592.0,520546146828.68176,19380886.95659869,506455.0
2023-05-22,ETH,eth,440862.0,218676261430.21008,120270383.02534316,1075234.0
2023-05-22,USDC,usdc,285096.0,33701186104.596344,33706425961.388912,603486.0
2023-05-22,USDT,usdt,983394.0,85861223584.82326,85844769435.39594,2202717.0
2023-05-23,BTC,btc,859507.0,527706821772.363,19381849.45658765,514901.0
2023-05-23,ETH,eth,443649.0,223042212294.4228,120266731.79684758,1113165.0
2023-05-23,USDC,usdc,286790.0,33547761977.31976,33549327056.4339,645721.0
2023-05-23,USDT,usdt,966374.0,85847443040.88748,85844769435.39594,2216353.0
2023-05-24,BTC,btc,859470.0,510568856611.54913,19382730.70658765,398061.0
2023-05-24,ETH,eth,457564.0,216612530091.67017,120264067.13643864,1054823.0
2023-05-24,USDC,usdc,258740.0,33400032579.85658,33402556265.110474,784864.0
2023-05-24,USDT,usdt,982405.0,85839465924.46791,85844769435.39594,2342072.0
2023-05-25,BTC,btc,923963.0,513373437575.8882,19383674.45658218,466257.0
2023-05-25,ETH,eth,457571.0,217306180550.77856,120262098.20818184,1062757.0
2023-05-25,USDC,usdc,233092.0,33322805330.037247,33325758005.26908,665584.0
2023-05-25,USDT,usdt,956609.0,85847908739.98148,85844769435.39594,2208336.0
2023-05-26,BTC,btc,963216.0,517964772439.35925,19384630.70658218,533103.0
2023-05-26,ETH,eth,455922.0,219985152657.11996,120260714.90721536,1059510.0
2023-05-26,USDC,usdc,223501.0,33344233268.43716,33345698058.302998,704658.0
2023-05-26,USDT,usdt,920713.0,85870274112.06157,85844769435.39032,2138670.0
2023-05-27,BTC,btc,877266.0,520589684799.388,19385536.95657672,469559.0
2023-05-27,ETH,eth,484034.0,220168790721.71988,120259960.4432103,982620.0
2023-05-27,USDC,usdc,224463.0,33326576212.85534,33328642937.51978,764731.0
2023-05-27,USDT,usdt,897916.0,85877436104.54988,85844769435.39032,2035608.0
2023-05-28,BTC,btc,863880.0,544713631696.41895,19386536.95657672,499561.0
2023-05-28,ETH,eth,425747.0,229849137198.93875,120258843.55893283,968996.0
2023-05-28,USDC,usdc,230368.0,33321485955.367428,33323543824.090168,846044.0
2023-05-28,USDT,usdt,845870.0,85863043910.36008,85844769435.39032,1867376.0
2023-05-29,BTC,btc,912071.0,538296723420.2816,19387549.45657042,548854.0
2023-05-29,ETH,eth,452819.0,227869845714.73953,120256929.57208697,1082245.0
2023-05-29,USDC,usdc,220509.0,33291326269.44688,33298873902.865356,726100.0
2023-05-29,USDT,usdt,1057483.0,85866745671.27936,85844769435.39032,2322938.0
2023-05-30,BTC,btc,959148.0,537303974431.5338,19388511.95657042,511408.0
2023-05-30,ETH,eth,495825.0,228582717591.42255,120253986.6635788,1190789.0
2023-05-30,USDC,usdc,247912.0,33234089480.037865,33236774295.099796,881004.0
2023-05-30,USDT,usdt,1070444.0,85856750023.72629,85844769435.38728,2385074.0
2023-05-31,BTC,btc,925966.0,527734362861.8039,19389393.20656496,421021.0
2023-05-31,ETH,eth,485068.0,225224717650.35773,120251808.22373553,1098149.0
2023-05-31,USDC,usdc,249900.0,33142223198.625607,33144640485.917747,977071.0
2023-05-31,USDT,usdt,1119852.0,85865251189.60104,85844769435.38728,2460048.0
2023-06-01,BTC,btc,919298.0,520149803853.86145,19390218.2065595,351891.0
2023-06-01,ETH,eth,441316.0,223889913017.2416,120249560.02503385,1071180.0
2023-06-01,USDC,usdc,230600.0,33227133515.40401,33231795553.428062,889438.0
2023-06-01,USDT,usdt,1056261.0,85849570420.75166,85844769435.37083,2473226.0
2023-06-02,BTC,btc,982760.0,528512754630.3877,19391243.2045595,485798.0
2023-06-02,ETH,eth,519377.0,229308247736.63727,120248567.64985308,1102996.0
2023-06-02,USDC,usdc,220761.0,33189171220.76845,33189448832.253536,696976.0
2023-06-02,USDT,usdt,1055766.0,85871535794.33794,85844769435.36557,2529265.0
2023-06-03,BTC,btc,873884.0,525125397359.78687,19392055.70354857,380045.0
2023-06-03,ETH,eth,520912.0,227496100926.48004,120247955.29566763,1003794.0
2023-06-03,USDC,usdc,220446.0,33181265111.19416,33184100713.96963,698258.0
2023-06-03,USDT,usdt,899201.0,85871012898.84589,85844769435.36552,2251934.0
2023-06-04,BTC,btc,879948.0,526679506782.1844,19392980.70254856,357474.0
2023-06-04,ETH,eth,499026.0,227545330604.3444,120247556.7237646,962454.0
2023-06-04,USDC,usdc,233485.0,33169826633.318672,33187805315.946014,751312.0
2023-06-04,USDT,usdt,818661.0,85864877531.53105,85844769435.36552,1789648.0
2023-06-05,BTC,btc,884289.0,500086760503.23627,19393843.2015431,363110.0
2023-06-05,ETH,eth,553237.0,217974645394.80423,120245761.84805895,1151611.0
2023-06-05,USDC,usdc,243314.0,33084264115.76188,33091227989.123604,883635.0
2023-06-05,USDT,usdt,1132828.0,85865451828.23096,85844769435.07343,2249153.0
2023-06-06,BTC,btc,1032895.0,527805281358.1224,19394786.95153218,468063.0
2023-06-06,ETH,eth,521356.0,226439455252.73752,120244832.51867773,1095144.0
2023-06-06,USDC,usdc,230341.0,32933165405.09346,32945774688.731647,653575.0
2023-06-06,USDT,usdt,1135177.0,85858796940.48169,85840659902.74782,2207901.0
2023-06-07,BTC,btc,1004588.0,510872747611.9035,19395630.69877126,429649.0
2023-06-07,ETH,eth,534812.0,220274555389.5422,120244265.23549329,1071257.0
2023-06-07,USDC,usdc,224937.0,32827623502.979874,32807212460.04901,656035.0
2023-06-07,USDT,usdt,1116944.0,85848668670.72795,85840659902.71991,2454863.0
2023-06-08,BTC,btc,964762.0,514430501556.3999,19396593.19290972,403263.0
2023-06-08,ETH,eth,506910.0,222118399931.13507,120243684.64004812,1008582.0
2023-06-08,USDC,usdc,229281.0,32736070108.007893,32738915531.39975,605766.0
2023-06-08,USDT,usdt,1212124.0,85856708619.3153,85840659902.71991,2317017.0
2023-06-09,BTC,btc,1020140.0,513468924118.93225,19397649.4407988,387748.0
2023-06-09,ETH,eth,568104.0,221058122734.61087,120243408.2554307,1046976.0
2023-06-09,USDC,usdc,220008.0,32624638108.490578,32622482630.401527,615709.0
2023-06-09,USDT,usdt,1143475.0,85839736927.48889,85840659902.71991,2190670.0
2023-06-10,BTC,btc,943047.0,501710449004.70026,19398611.9397788,364874.0
2023-06-10,ETH,eth,645859.0,210773730172.63528,120242843.44596,1204433.0
2023-06-10,USDC,usdc,292063.0,32657018701.135815,32658595209.689316,947721.0
2023-06-10,USDT,usdt,1238733.0,85881647939.85034,85840659902.71991,2422754.0
2023-06-11,BTC,btc,872589.0,502582898459.83105,19399630.68877334,401105.0
2023-06-11,ETH,eth,722848.0,210645679899.25504,120242967.21895207,1106073.0
2023-06-11,USDC,usdc,207677.0,32677178629.322395,32681709219.797607,692939.0
2023-06-11,USDT,usdt,1104797.0,85875516679.14926,85840659902.71176,1910182.0
2023-06-12,BTC,btc,985947.0,502606840607.85065,19400611.92776242,371500.0
2023-06-12,ETH,eth,527637.0,209517882772.38153,120243065.76905417,975959.0
2023-06-12,USDC,usdc,211580.0,32610405386.674618,32610475823.938686,606775.0
2023-06-12,USDT,usdt,1242540.0,86842641529.4241,86840659902.71176,2240521.0
2023-06-13,BTC,btc,933842.0,502128298740.5132,19401530.67774604,405497.0
2023-06-13,ETH,eth,532081.0,208853423983.9566,120243230.92841049,952433.0
2023-06-13,USDC,usdc,185973.0,32480648909.31104,32479036600.513115,637772.0
2023-06-13,USDT,usdt,1240696.0,86821533995.97575,86840659902.69292,2259710.0
2023-06-14,BTC,btc,828183.0,486950552678.45825,19402286.92574603,333934.0
2023-06-14,ETH,eth,526308.0,198419247550.60797,120242830.5787524,1023424.0
2023-06-14,USDC,usdc,223368.0,32368118368.787106,32372428234.46355,625686.0
2023-06-14,USDT,usdt,1135116.0,86826111402.17972,86840659902.69292,2165391.0
2023-06-15,BTC,btc,919869.0,495929474633.99506,19403211.92474055,421465.0
2023-06-15,ETH,eth,556918.0,200065118017.43152,120242739.44536155,1110065.0
2023-06-15,USDC,usdc,223935.0,32500495862.417152,32500869922.990517,696569.0
2023-06-15,USDT,usdt,1297094.0,87008151453.46205,87090659902.68304,2490043.0
2023-06-16,BTC,btc,958674.0,510947065430.74207,19404168.17368485,521861.0
2023-06-16,ETH,eth,570083.0,206410853327.06427,120242599.29228383,1146585.0
2023-06-16,USDC,usdc,214766.0,32630335203.57665,32631049088.7732,579732.0
2023-06-16,USDT,usdt,1059856.0,88277760216.95006,88340659902.68304,2156427.0
2023-06-17,BTC,btc,863600.0,514508639698.3878,19405043.17167839,468094.0
2023-06-17,ETH,eth,559942.0,207728512253.76315,120242730.6097883,984217.0
2023-06-17,USDC,usdc,194087.0,32632610699.25532,32631764918.1994,510141.0
2023-06-17,USDT,usdt,823046.0,88300795340.86472,88340659902.64973,1834864.0
2023-06-18,BTC,btc,883864.0,511424654895.8779,19405986.91167839,442763.0
2023-06-18,ETH,eth,597861.0,206832440052.9236,120243096.81470424,1001818.0
2023-06-18,USDC,usdc,194491.0,32642844100.017624,32632028125.29523,504201.0
2023-06-18,USDT,usdt,740192.0,88317644785.71854,88340659902.64973,1619872.0
2023-06-19,BTC,btc,920552.0,519678514144.50616,19406874.40967293,412858.0
2023-06-19,ETH,eth,572877.0,208619800559.38205,120243104.57229687,1046350.0
2023-06-19,USDC,usdc,208738.0,32739879123.76228,32740584179.829983,540481.0
2023-06-19,USDT,usdt,907867.0,88317326196.56493,88340659902.64973,1956590.0
2023-06-20,BTC,btc,951926.0,549343799477.7178,19407724.40761833,446312.0
2023-06-20,ETH,eth,501731.0,215211025530.4866,120243101.37146217,1072045.0
2023-06-20,USDC,usdc,208113.0,32835263891.769653,32828108711.624004,597946.0
2023-06-20,USDT,usdt,993372.0,88607154877.73091,88590659902.64973,2156410.0
2023-06-21,BTC,btc,920555.0,584185860834.0365,19408480.6357296,363604.0
2023-06-21,ETH,eth,521987.0,227777401856.2841,120242859.18693858,1091714.0
2023-06-21,USDC,usdc,223130.0,32769426119.00056,32772254038.519238,693682.0
2023-06-21,USDT,usdt,969719.0,85489593817.63216,85490659902.64973,2125311.0
2023-06-22,BTC,btc,1000988.0,581358382042.0336,19409336.8825696,390860.0
2023-06-22,ETH,eth,499018.0,225378886179.90637,120243064.88391952,1052333.0
2023-06-22,USDC,usdc,216085.0,32786531593.21231,32783378350.784084,667247.0
2023-06-22,USDT,usdt,865561.0,85498124271.54147,85490659902.64973,1829205.0
2023-06-23,BTC,btc,948738.0,594694065924.9224,19410118.13156414,373178.0
2023-06-23,ETH,eth,538476.0,227449041504.42276,120243076.53909823,1054976.0
2023-06-23,USDC,usdc,205089.0,32716971661.19769,32720437757.233418,684301.0
2023-06-23,USDT,usdt,896678.0,85538545464.70367,85490659902.64973,1891367.0
2023-06-24,BTC,btc,1011110.0,592987890855.0364,19411030.62956414,360123.0
2023-06-24,ETH,eth,560995.0,225589631241.0895,120243503.84878996,1004563.0
2023-06-24,USDC,usdc,205472.0,32735458929.3424,32732283477.935997,632128.0
2023-06-24,USDT,usdt,814534.0,85534933621.72765,85490659902.64973,1664002.0
2023-06-25,BTC,btc,944147.0,591433552695.0343,19411986.87851847,384437.0
2023-06-25,ETH,eth,558073.0,228439884141.67776,120244116.76680908,934895.0
2023-06-25,USDC,usdc,198370.0,32726142135.7018,32739504200.742817,602116.0
2023-06-25,USDT,usdt,745177.0,85518376814.00757,85490659902.64973,1582878.0
2023-06-26,BTC,btc,998904.0,587354472876.4258,19412899.37651846,405162.0
2023-06-26,ETH,eth,542329.0,223362583222.23785,120244611.72789146,996984.0
2023-06-26,USDC,usdc,210533.0,32647333179.40583,32652498966.233128,564355.0
2023-06-26,USDT,usdt,923209.0,85497079271.87962,85490659902.64124,1956830.0
2023-06-27,BTC,btc,978594.0,595363699913.8203,19413774.37449651,433747.0
2023-06-27,ETH,eth,498328.0,227135520462.6652,120244705.72059828,1067370.0
2023-06-27,USDC,usdc,222329.0,32495024060.62059,32495155772.443417,660889.0
2023-06-27,USDT,usdt,953944.0,85502377419.37123,85490659902.64124,1958711.0
2023-06-28,BTC,btc,826245.0,584453424037.3441,19414449.3734965,331234.0
2023-06-28,ETH,eth,502634.0,220007896539.77496,120244670.62679207,1094481.0
2023-06-28,USDC,usdc,226896.0,32414724797.27423,32409565951.736683,656434.0
2023-06-28,USDT,usdt,973156.0,85485610232.678,85490659902.64124,1968283.0
2023-06-29,BTC,btc,970467.0,591407318592.3458,19415361.87248547,435226.0
2023-06-29,ETH,eth,446169.0,222831902731.0857,120243285.28029844,1064346.0
2023-06-29,USDC,usdc,225089.0,32236514632.806885,32236398013.77418,776913.0
2023-06-29,USDT,usdt,945725.0,85480379938.08853,85490659902.64124,1948980.0
2023-06-30,BTC,btc,1067040.0,591897765637.368,19416349.37046277,446825.0
2023-06-30,ETH,eth,492936.0,232622677095.3175,120242205.62100977,1129184.0
2023-06-30,USDC,usdc,262864.0,31664128499.435818,31662656534.863934,1003415.0
2023-06-30,USDT,usdt,1052388.0,85474236702.18263,85490659902.64124,2185351.0
2023-07-01,BTC,btc,918349.0,593810178287.0382,19417180.61931102,320180.0
2023-07-01,ETH,eth,496384.0,231242385064.5171,120242403.3948874,1015838.0
2023-07-01,USDC,usdc,221483.0,31688383792.303993,31684199424.821934,579153.0
2023-07-01,USDT,usdt,851617.0,85488772437.75336,85490659902.64124,1723117.0
2023-07-02,BTC,btc,997177.0,594086124744.982,19418249.36931102,307552.0
2023-07-02,ETH,eth,495119.0,232741811436.1607,120242874.30797726,925771.0
2023-07-02,USDC,usdc,217853.0,31671003671.07863,31674149761.446335,688850.0
2023-07-02,USDT,usdt,763809.0,85486209791.39426,85490659902.64124,1625176.0
2023-07-03,BTC,btc,977874.0,604620797716.763,19419105.61930554,333178.0
2023-07-03,ETH,eth,493543.0,234978806594.91257,120242732.02215748,1061564.0
2023-07-03,USDC,usdc,231066.0,31951228670.821945,31951836112.711063,649016.0
2023-07-03,USDT,usdt,1139842.0,85492466448.69623,85490659902.64124,2183117.0
2023-07-04,BTC,btc,963366.0,598134575137.0653,19419986.86828916,377184.0
2023-07-04,ETH,eth,468826.0,233074157580.20325,120241687.24275307,931944.0
2023-07-04,USDC,usdc,242309.0,32000226836.196766,32006553619.56993,612250.0
2023-07-04,USDT,usdt,1023590.0,85497560937.54997,85490659902.64124,2084352.0
2023-07-05,BTC,btc,964759.0,592297040619.1724,19420961.8682837,494320.0
2023-07-05,ETH,eth,330408.0,229913487956.26297,120238468.05397417,760586.0
2023-07-05,USDC,usdc,215549.0,31957041941.476646,31968098094.76273,545613.0
2023-07-05,USDT,usdt,1131763.0,85490088349.34131,85490659902.61932,2124984.0
2023-07-06,BTC,btc,973154.0,582261234281.4343,19421830.61628349,393611.0
2023-07-06,ETH,eth,357008.0,222963240943.95593,120236297.22782336,914280.0
2023-07-06,USDC,usdc,237378.0,31806520739.17359,31811206315.847218,843066.0
2023-07-06,USDT,usdt,1099012.0,85485573521.04018,85488111958.37042,2106588.0
2023-07-07,BTC,btc,1021136.0,589095022829.2559,19422924.35627257,558253.0
2023-07-07,ETH,eth,410247.0,224758619691.29245,120235010.83001688,1038341.0
2023-07-07,USDC,usdc,248190.0,31792889639.34383,31792592649.125095,804046.0
2023-07-07,USDT,usdt,1090391.0,85497842264.2377,85488111958.37042,2149136.0
2023-07-08,BTC,btc,1009931.0,587841663177.4305,19424036.8562671,574664.0
2023-07-08,ETH,eth,441020.0,224124904986.48044,120235033.41774295,1014086.0
2023-07-08,USDC,usdc,220675.0,31799589939.925343,31794073186.0733,672042.0
2023-07-08,USDT,usdt,882319.0,85500893005.69261,85488111958.37042,1750312.0
2023-07-09,BTC,btc,978223.0,585923377405.3176,19425093.10626164,593770.0
2023-07-09,ETH,eth,444382.0,223954124896.514,120235252.42466454,954379.0
2023-07-09,USDC,usdc,211004.0,31788753118.846863,31788421443.733448,563596.0
2023-07-09,USDT,usdt,828298.0,85502648884.54591,85488111958.37042,1665107.0
2023-07-10,BTC,btc,925790.0,590448269412.5723,19426055.60526164,508406.0
2023-07-10,ETH,eth,505778.0,226082572900.82047,120235021.63277604,1057858.0
2023-07-10,USDC,usdc,239013.0,31690818860.228313,31690919227.127525,698297.0
2023-07-10,USDT,usdt,1086824.0,85499371682.03561,85488111958.37042,2173766.0
2023-07-11,BTC,btc,937945.0,594778750901.7263,19426899.35424526,430012.0
2023-07-11,ETH,eth,493934.0,225845007119.83392,120234762.46720828,1091428.0
2023-07-11,USDC,usdc,240665.0,31664104664.660492,31665917523.277752,706456.0
2023-07-11,USDT,usdt,1084365.0,85491973138.1179,85488111958.37042,2025193.0
2023-07-12,BTC,btc,942309.0,590325510735.3843,19427799.35423434,477324.0
2023-07-12,ETH,eth,444909.0,225028701237.5081,120233939.22263563,1041317.0
2023-07-12,USDC,usdc,223605.0,31538579310.173157,31537362291.520412,582565.0
2023-07-12,USDT,usdt,1021189.0,86483870477.23055,86488111958.37042,1996741.0
2023-07-13,BTC,btc,874515.0,610731309494.0143,19428549.35322888,373263.0
2023-07-13,ETH,eth,461538.0,240707817829.38803,120232579.18687068,1121269.0
2023-07-13,USDC,usdc,261988.0,31672239619.16939,31679932903.64328,925062.0
2023-07-13,USDT,usdt,1018129.0,86515055734.85265,86488111958.37042,2027360.0
2023-07-14,BTC,btc,996373.0,588918530172.9481,19429411.85122857,421261.0
2023-07-14,ETH,eth,512709.0,232665531317.1389,120232056.25455028,1110332.0
2023-07-14,USDC,usdc,285550.0,31583182362.11328,31583755359.427273,1194018.0
2023-07-14,USDT,usdt,1044324.0,86531669292.21587,86487919446.40375,2141201.0
2023-07-15,BTC,btc,914738.0,588560314529.3846,19430274.34822311,489697.0
2023-07-15,ETH,eth,495888.0,232135247799.63913,120232614.82205172,950700.0
2023-07-15,USDC,usdc,233884.0,31578067691.922073,31582448902.87808,950645.0
2023-07-15,USDT,usdt,931296.0,86512617408.80112,86487919446.40375,1821969.0
2023-07-16,BTC,btc,927843.0,587790692134.452,19431243.09722311,591972.0
2023-07-16,ETH,eth,460558.0,231393974002.21152,120233002.647316,946750.0
2023-07-16,USDC,usdc,219585.0,31574200522.930058,31583978248.244015,769824.0
2023-07-16,USDT,usdt,986860.0,86521465006.6991,86487919446.40375,1779342.0
2023-07-17,BTC,btc,931087.0,585756083872.9222,19432093.09621765,440009.0
2023-07-17,ETH,eth,432935.0,229919511362.26263,120232781.96172224,1036419.0
2023-07-17,USDC,usdc,248959.0,31369248442.10281,31373682400.40232,852098.0
2023-07-17,USDT,usdt,1096846.0,86500755345.47453,86487919446.3879,2162949.0
2023-07-18,BTC,btc,1028951.0,579801229885.063,19433105.59521218,569852.0
2023-07-18,ETH,eth,495815.0,228127495082.68542,120231689.05435023,1175963.0
2023-07-18,USDC,usdc,231987.0,31284362558.412743,31289834111.602528,727430.0
2023-07-18,USDT,usdt,1189114.0,86501158012.1988,86487919446.3879,2213060.0
2023-07-19,BTC,btc,969285.0,581330729751.3191,19434030.59320671,482668.0
2023-07-19,ETH,eth,466872.0,227178590307.35776,120231092.02167444,1093783.0
2023-07-19,USDC,usdc,234028.0,31256067982.24182,31259133397.907135,768939.0
2023-07-19,USDT,usdt,1120306.0,86494268953.70837,86487919446.3879,2130534.0
2023-07-20,BTC,btc,901211.0,579266914318.2406,19434830.58946748,398519.0
2023-07-20,ETH,eth,431813.0,227473088233.31607,120230377.72085588,1049510.0
2023-07-20,USDC,usdc,231771.0,31193380799.297417,31195068303.15309,756253.0
2023-07-20,USDT,usdt,1068850.0,86481662365.3982,86487919445.38918,2095159.0
2023-07-21,BTC,btc,855163.0,581505118062.6237,19435530.58843908,322339.0
2023-07-21,ETH,eth,462143.0,227487360984.049,120229452.77051614,1110882.0
2023-07-21,USDC,usdc,230729.0,31131189751.536617,31131580166.929222,620367.0
2023-07-21,USDT,usdt,1138434.0,86493439002.30054,86487919445.38918,2146958.0
2023-07-22,BTC,btc,923147.0,577765664913.1605,19436368.08843907,288229.0
2023-07-22,ETH,eth,432180.0,223781389161.1522,120229564.39318798,1004374.0
2023-07-22,USDC,usdc,221907.0,31126943497.29644,31127638184.174576,578346.0
2023-07-22,USDT,usdt,866524.0,86499461108.09251,86486397340.30139,1669503.0
2023-07-23,BTC,btc,894084.0,584412592865.5505,19437286.83643361,560423.0
2023-07-23,ETH,eth,424115.0,226990024193.74533,120229560.66874476,977305.0
2023-07-23,USDC,usdc,208129.0,31120709607.953884,31124796869.570377,619770.0
2023-07-23,USDT,usdt,767679.0,86479992620.72662,86486397340.3006,1506341.0
2023-07-24,BTC,btc,938461.0,567175501671.5083,19438224.3354336,530301.0
2023-07-24,ETH,eth,420593.0,222413222989.67465,120228286.42071924,1036300.0
2023-07-24,USDC,usdc,235197.0,30971690715.47951,30971846907.344753,660648.0
2023-07-24,USDT,usdt,1181374.0,86479523314.47346,86486397340.27539,2099959.0
2023-07-25,BTC,btc,940528.0,568034510474.9121,19439086.83342257,463976.0
2023-07-25,ETH,eth,389259.0,223328577435.86365,120227265.76338412,990249.0
2023-07-25,USDC,usdc,221368.0,30906345960.481937,30902431275.52451,588035.0
2023-07-25,USDT,usdt,1053566.0,86475267258.70906,86486397340.27539,2044436.0
2023-07-26,BTC,btc,1015337.0,570788957155.027,19439986.83241699,451236.0
2023-07-26,ETH,eth,428906.0,224964126031.26056,120226568.10556078,1029348.0
2023-07-26,USDC,usdc,240040.0,30849831122.30868,30850674323.818947,747733.0
2023-07-26,USDT,usdt,1213198.0,86485673921.26895,86486388381.73453,2127467.0
2023-07-27,BTC,btc,943734.0,567705587810.3228,19440849.33140607,413776.0
2023-07-27,ETH,eth,414078.0,223504041413.11627,120225402.0287675,998420.0
2023-07-27,USDC,usdc,216284.0,30842332218.180878,30842916242.04387,632701.0
2023-07-27,USDT,usdt,1194213.0,86466058899.36902,86486388381.73453,2069113.0
2023-07-28,BTC,btc,948590.0,569959677160.0485,19441724.32938379,448372.0
2023-07-28,ETH,eth,423058.0,225421043603.6854,120223577.50542992,1014601.0
2023-07-28,USDC,usdc,208153.0,30815634576.909637,30814820743.21884,540577.0
2023-07-28,USDT,usdt,1061438.0,86483878406.22226,86486388381.73453,1964719.0
2023-07-29,BTC,btc,889450.0,570840562162.5763,19442549.32837833,423912.0
2023-07-29,ETH,eth,443989.0,226140545788.4908,120223398.89935526,991161.0
2023-07-29,USDC,usdc,193886.0,30819410049.863186,30819481392.188545,458885.0
2023-07-29,USDT,usdt,834159.0,86485972984.22438,86486388381.73451,1665983.0
2023-07-30,BTC,btc,1010937.0,568974872634.1339,19443599.32737833,645339.0
2023-07-30,ETH,eth,449643.0,223796689527.53195,120223407.88936996,981157.0
2023-07-30,USDC,usdc,223671.0,30812282762.863823,30814973238.78285,498730.0
2023-07-30,USDT,usdt,831653.0,86479179202.84781,86486388381.64789,1635848.0
2023-07-31,BTC,btc,922082.0,568164226105.1633,19444480.57635069,446746.0
2023-07-31,ETH,eth,532895.0,223156114812.3512,120222982.85021494,1048101.0
2023-07-31,USDC,usdc,254623.0,30751530190.373444,30753844264.962006,585807.0
2023-07-31,USDT,usdt,1062652.0,86476986411.4893,86486388381.64789,2249167.0
2023-08-01,BTC,btc,983005.0,573629784670.5059,19445349.32633966,405391.0
2023-08-01,ETH,eth,430764.0,224454495736.92297,120222665.19344972,1068108.0
2023-08-01,USDC,usdc,235232.0,30541035579.03098,30551071955.83154,616717.0
2023-08-01,USDT,usdt,1182631.0,86441835406.45424,86486388381.64789,2322668.0
2023-08-02,BTC,btc,1069904.0,566726820626.5155,19446311.82533966,393762.0
2023-08-02,ETH,eth,439016.0,221003950761.20663,120222238.75777288,1042149.0
2023-08-02,USDC,usdc,223506.0,30442004468.603966,30447103642.14729,592720.0
2023-08-02,USDT,usdt,1236379.0,86435798216.78397,86486388381.64789,2274059.0
2023-08-03,BTC,btc,1030326.0,567710991370.1062,19447255.57532874,476666.0
2023-08-03,ETH,eth,463901.0,220717455957.0204,120221962.9448464,1049539.0
2023-08-03,USDC,usdc,211961.0,30365371560.43239,30364986275.195854,531281.0
2023-08-03,USDT,usdt,1116461.0,86417278958.72237,86486388381.64789,2179359.0
2023-08-04,BTC,btc,912508.0,565105804695.3821,19448011.82532874,318338.0
2023-08-04,ETH,eth,483717.0,219558297308.67755,120222018.95343916,1075359.0
2023-08-04,USDC,usdc,204052.0,30306814459.53828,30305058602.514057,546134.0
2023-08-04,USDT,usdt,1122735.0,86364415126.859,86486388381.6477,2158204.0
2023-08-05,BTC,btc,992041.0,565052912292.7183,19448974.32532326,499440.0
2023-08-05,ETH,eth,456526.0,220653875630.67236,120222420.3234203,1124372.0
2023-08-05,USDC,usdc,196150.0,30305680718.904587,30307004214.421352,796532.0
2023-08-05,USDT,usdt,841527.0,86404572308.7859,86486388381.6477,1675037.0
2023-08-06,BTC,btc,973822.0,564984423123.5125,19449999.32532326,611086.0
2023-08-06,ETH,eth,470221.0,219640473195.12836,120222995.69763382,987506.0
2023-08-06,USDC,usdc,193570.0,30302492572.22437,30307953594.326412,717663.0
2023-08-06,USDT,usdt,778410.0,86347273079.86565,86486388381.6477,1643125.0
2023-08-07,BTC,btc,952272.0,567273367302.8018,19450911.82455677,423178.0
2023-08-07,ETH,eth,434031.0,219510411361.94904,120222633.75693466,1047336.0
2023-08-07,USDC,usdc,203804.0,30394933405.896027,30393983350.061153,826819.0
2023-08-07,USDT,usdt,1257688.0,86386010515.1921,86486388381.6477,2370601.0
2023-08-08,BTC,btc,874562.0,579261915351.565,19451693.07455677,332667.0
2023-08-08,ETH,eth,426439.0,223216765513.99805,120222198.02469613,1098689.0
2023-08-08,USDC,usdc,212089.0,30560853883.2428,30561530484.54228,582085.0
2023-08-08,USDT,usdt,1296936.0,86455088093.25658,86486388381.57024,2311834.0
2023-08-09,BTC,btc,1057273.0,575468304282.0208,19452705.57455131,508817.0
2023-08-09,ETH,eth,479009.0,223050876575.03656,120221979.97186293,1076595.0
2023-08-09,USDC,usdc,198500.0,30548965585.950287,30548578699.15823,531180.0
2023-08-09,USDT,usdt,1166438.0,86429138739.52733,86486388381.57024,2214593.0
2023-08-10,BTC,btc,947623.0,572519595905.101,19453499.32252903,355773.0
2023-08-10,ETH,eth,435345.0,222517266863.16888,120221730.90519172,1037733.0
2023-08-10,USDC,usdc,199190.0,30420311425.99484,30418348478.44341,454775.0
2023-08-10,USDT,usdt,1076692.0,86395313766.44423,86486388381.57024,2158593.0
2023-08-11,BTC,btc,954168.0,571956438561.5012,19454443.07252357,502936.0
2023-08-11,ETH,eth,462207.0,221999945950.4104,120221866.69532256,1050203.0
2023-08-11,USDC,usdc,193528.0,30368522027.062916,30365750046.39378,455246.0
2023-08-11,USDT,usdt,1000910.0,86404171737.1919,86486388381.56862,1997240.0
2023-08-12,BTC,btc,926800.0,572297423307.2441,19455486.82252357,512116.0
2023-08-12,ETH,eth,456717.0,222244055147.18747,120222484.4572596,972839.0
2023-08-12,USDC,usdc,173738.0,30422183404.99296,30421238505.312466,427886.0
2023-08-12,USDT,usdt,813526.0,86440338878.08366,86486388381.56543,1665578.0
2023-08-13,BTC,btc,860881.0,569800385426.1592,19456330.57251811,497535.0
2023-08-13,ETH,eth,472123.0,221085140671.86795,120223119.23525728,920802.0
2023-08-13,USDC,usdc,184939.0,30452988279.954433,30451280900.42319,431344.0
2023-08-13,USDT,usdt,791285.0,86410701574.59789,86486388381.56506,1601864.0
2023-08-14,BTC,btc,1007719.0,572222106279.2792,19457399.32251254,563322.0
2023-08-14,ETH,eth,452925.0,221672256501.92627,120223018.25428855,1009971.0
2023-08-14,USDC,usdc,199320.0,30268247065.64044,30269219732.560337,506390.0
2023-08-14,USDT,usdt,1026478.0,86417658859.95804,86486388381.56506,2156515.0
2023-08-15,BTC,btc,1073564.0,567556759131.4548,19458468.07050708,581895.0
2023-08-15,ETH,eth,450149.0,219661088203.63315,120222426.15500328,1056395.0
2023-08-15,USDC,usdc,206875.0,30304732675.68981,30302808790.787872,543271.0
2023-08-15,USDT,usdt,1227191.0,86393814039.82162,86486388381.56506,2256655.0
2023-08-16,BTC,btc,947796.0,559543774142.6799,19459486.82040961,574119.0
2023-08-16,ETH,eth,419867.0,217233014584.67575,120221371.15261272,1076026.0
2023-08-16,USDC,usdc,221766.0,30328131689.32887,30323624332.48854,652641.0
2023-08-16,USDT,usdt,1197860.0,86383513927.70369,86486388381.56032,2222903.0
2023-08-17,BTC,btc,1050502.0,518826863048.63074,19460461.82038766,492845.0
2023-08-17,ETH,eth,442604.0,203038445474.3102,120219426.30777755,1065879.0
2023-08-17,USDC,usdc,229594.0,30427034612.30342,30410812800.818413,790961.0
2023-08-17,USDT,usdt,1140952.0,86489774464.92886,86486388381.56032,2222297.0
2023-08-18,BTC,btc,1016460.0,506721783913.45654,19461330.56938765,424283.0
2023-08-18,ETH,eth,466951.0,199642075197.11536,120218919.04564013,1081417.0
2023-08-18,USDC,usdc,222693.0,30213389321.180584,30211433054.682255,781025.0
2023-08-18,USDT,usdt,1025106.0,86466963471.65945,86486388381.5303,2159903.0
2023-08-19,BTC,btc,878361.0,507846438071.15137,19462205.56938219,521811.0
2023-08-19,ETH,eth,523589.0,200629823980.3228,120219519.77850568,1041484.0
2023-08-19,USDC,usdc,190114.0,30239799811.055077,30241199202.667343,599028.0
2023-08-19,USDT,usdt,830761.0,86474182673.93364,86486388381.53029,1751010.0
2023-08-20,BTC,btc,929724.0,509478386019.28864,19463218.06937219,611930.0
2023-08-20,ETH,eth,468619.0,202397927330.03745,120220076.11337052,943440.0
2023-08-20,USDC,usdc,187425.0,30236802253.723595,30236383533.377228,446964.0
2023-08-20,USDT,usdt,782215.0,86486141798.5697,86486388381.53029,1610373.0
2023-08-21,BTC,btc,1002377.0,508579521674.7415,19464249.31936116,551541.0
2023-08-21,ETH,eth,426008.0,200440934733.1008,120219808.6191165,1010718.0
2023-08-21,USDC,usdc,192633.0,30262570797.423992,30260976276.07744,575451.0
2023-08-21,USDT,usdt,1092486.0,86476225659.81943,86486388381.53029,2101352.0
2023-08-22,BTC,btc,922178.0,505669568328.7055,19465143.06934478,422819.0
2023-08-22,ETH,eth,412243.0,196183260267.4045,120218624.91344476,1040834.0
2023-08-22,USDC,usdc,204295.0,30232254551.294746,30231742533.657433,677989.0
2023-08-22,USDT,usdt,1079704.0,85232533330.82907,85286388262.05965,2070877.0
2023-08-23,BTC,btc,937656.0,514919209015.0047,19466030.56933932,409372.0
2023-08-23,ETH,eth,425302.0,201833969278.93896,120218380.1206211,1045220.0
2023-08-23,USDC,usdc,202959.0,30297029120.30814,30295743420.337143,665048.0
2023-08-23,USDT,usdt,1022443.0,85274943160.44165,85286388262.05443,2050761.0
2023-08-24,BTC,btc,946410.0,508607674820.29224,19466899.31933932,401881.0
2023-08-24,ETH,eth,431316.0,199158644817.6945,120218413.53105909,1055235.0
2023-08-24,USDC,usdc,201036.0,30193111563.244625,30190471870.385742,606413.0
2023-08-24,USDT,usdt,918597.0,85262096543.5383,85286388262.05443,1975357.0
2023-08-25,BTC,btc,922155.0,506957185572.9049,19467743.06930749,425953.0
2023-08-25,ETH,eth,420800.0,198716859248.17233,120218180.63216051,1025742.0
2023-08-25,USDC,usdc,214840.0,30267605979.162407,30262020889.786243,614758.0
2023-08-25,USDT,usdt,924494.0,85255847938.36531,85286388261.91574,2023455.0
2023-08-26,BTC,btc,917123.0,506303782993.0188,19468599.31930649,499325.0
2023-08-26,ETH,eth,495985.0,197871805108.23737,120218961.18399803,990794.0
2023-08-26,USDC,usdc,194619.0,30325830064.74152,30322668244.712074,476030.0
2023-08-26,USDT,usdt,788895.0,85255014588.2085,85286388261.91574,1656836.0
2023-08-27,BTC,btc,808508.0,507883827671.59955,19469324.31930082,411227.0
2023-08-27,ETH,eth,500556.0,199174568417.68713,120219764.01867868,907110.0
2023-08-27,USDC,usdc,194516.0,30352996294.47053,30350288406.421795,502499.0
2023-08-27,USDT,usdt,757850.0,85251244333.80455,85286388261.91574,1637504.0
2023-08-28,BTC,btc,873786.0,508232408563.7208,19470061.81930082,326485.0
2023-08-28,ETH,eth,392699.0,198699864913.79327,120219138.15469775,995843.0
2023-08-28,USDC,usdc,197748.0,30355632312.36864,30352866921.99139,524336.0
2023-08-28,USDT,usdt,1142038.0,85231548586.32028,85286388261.91574,2202280.0
2023-08-29,BTC,btc,1060996.0,538807201879.9037,19471049.31929536,509039.0
2023-08-29,ETH,eth,412991.0,207610901616.7568,120217921.41169098,1019692.0
2023-08-29,USDC,usdc,212296.0,30490666946.445312,30494407458.978184,628702.0
2023-08-29,USDT,usdt,1215022.0,85297045408.33098,85286388261.91574,2373331.0
2023-08-30,BTC,btc,877649.0,531561630095.86505,19471836.81929535,406652.0
2023-08-30,ETH,eth,465457.0,204976313567.95956,120217669.9354637,1027316.0
2023-08-30,USDC,usdc,203983.0,30466095465.601776,30460643710.032772,532489.0
2023-08-30,USDT,usdt,1037811.0,85289295822.1411,85286388261.91574,2202596.0
2023-08-31,BTC,btc,968985.0,505412286329.01166,19472736.81827897,433684.0
2023-08-31,ETH,eth,454064.0,197839193427.6484,120217518.26756996,1010128.0
2023-08-31,USDC,usdc,223529.0,30499658717.697357,30500121054.286037,553990.0
2023-08-31,USDT,usdt,1068479.0,85262471511.59068,85286388261.91574,2292758.0
2023-09-01,BTC,btc,1051172.0,502475261599.45935,19473680.56824577,418665.0
2023-09-01,ETH,eth,496632.0,195805173737.2582,120217810.96832104,1006635.0
2023-09-01,USDC,usdc,215128.0,30451519397.913994,30448996004.125008,543560.0
2023-09-01,USDT,usdt,1025891.0,85248457214.03555,85284329277.62029,2246092.0
2023-09-02,BTC,btc,955720.0,503775509930.82574,19474630.56824577,545957.0
2023-09-02,ETH,eth,580665.0,196784032517.21048,120218725.836421,1024172.0
2023-09-02,USDC,usdc,184888.0,30478657810.535072,30475906435.07181,428484.0
2023-09-02,USDT,usdt,881696.0,85279515452.97517,85284329277.62029,1901034.0
2023-09-03,BTC,btc,864433.0,505636660531.69305,19475618.06824031,627700.0
2023-09-03,ETH,eth,590095.0,196627029264.7671,120219656.29477178,1038128.0
2023-09-03,USDC,usdc,183688.0,30524421301.351646,30523265833.91861,422184.0
2023-09-03,USDT,usdt,811954.0,85273204258.24518,85284329277.62029,1773504.0
2023-09-04,BTC,btc,920027.0,502485734430.55206,19476549.31824031,575666.0
2023-09-04,ETH,eth,415077.0,195648441580.9122,120220173.80621383,952440.0
2023-09-04,USDC,usdc,197353.0,30394931103.42751,30395399718.512615,504554.0
2023-09-04,USDT,usdt,1003134.0,85238324169.34186,85284329277.60225,2113520.0
2023-09-05,BTC,btc,940913.0,502171430649.91626,19477324.31822939,453308.0
2023-09-05,ETH,eth,453263.0,196287511882.092,120220984.69432944,994049.0
2023-09-05,USDC,usdc,205420.0,30370023062.95599,30367648392.581642,552814.0
2023-09-05,USDT,usdt,1050084.0,85250139918.72247,85284329277.60225,2306625.0
2023-09-06,BTC,btc,1001123.0,501656133395.8638,19478168.06822939,485735.0
2023-09-06,ETH,eth,472724.0,196248521706.6846,120221154.15447555,1058940.0
2023-09-06,USDC,usdc,194150.0,30415123700.13104,30411104058.2781,526417.0
2023-09-06,USDT,usdt,981224.0,85240871107.25525,85284329277.59218,2247642.0
2023-09-07,BTC,btc,1003310.0,510558478038.27527,19479080.56822393,541513.0
2023-09-07,ETH,eth,454333.0,197894159962.4426,120221374.50634982,1017089.0
2023-09-07,USDC,usdc,190439.0,30293518942.212128,30278575411.454353,425725.0
2023-09-07,USDT,usdt,959968.0,85281754731.44968,85284329277.59218,2235566.0
2023-09-08,BTC,btc,986937.0,504621236835.8533,19479911.81721846,408954.0
2023-09-08,ETH,eth,455177.0,196729323799.032,120221906.56351496,1014297.0
2023-09-08,USDC,usdc,189775.0,30428433113.087616,30425110695.24187,432619.0
2023-09-08,USDT,usdt,955458.0,85263274056.06732,85284329277.59218,2216423.0
2023-09-09,BTC,btc,1116330.0,504449363829.6965,19480855.567213,599142.0
2023-09-09,ETH,eth,472142.0,196525701533.39087,120223012.54305002,929400.0
2023-09-09,USDC,usdc,159328.0,30452115163.988464,30448725641.192,352670.0
2023-09-09,USDT,usdt,820271.0,85267403140.11221,85284329277.59218,1953081.0
2023-09-10,BTC,btc,1049360.0,503242767131.77893,19481774.317213,557602.0
2023-09-10,ETH,eth,480768.0,194452705420.8659,120224211.0912146,866548.0
2023-09-10,USDC,usdc,196487.0,30497027253.35003,30497894690.765118,455905.0
2023-09-10,USDT,usdt,781646.0,85253052728.15134,85284329277.59218,1807017.0
2023-09-11,BTC,btc,1120614.0,489700142564.45734,19482768.06720754,463598.0
2023-09-11,ETH,eth,506669.0,186270491674.28464,120224178.95377356,1021616.0
2023-09-11,USDC,usdc,224350.0,30392119314.748234,30395358012.57272,561497.0
2023-09-11,USDT,usdt,1005077.0,85249592277.38385,85284329277.59218,2281409.0
2023-09-12,BTC,btc,1042537.0,503841361451.7037,19483649.3171964,461193.0
2023-09-12,ETH,eth,580314.0,191639415690.83713,120224768.77371572,1092958.0
2023-09-12,USDC,usdc,207672.0,30523431708.07313,30523092733.918056,571969.0
2023-09-12,USDT,usdt,1027069.0,85283711553.37515,85284329277.59209,2146559.0
2023-09-13,BTC,btc,1049105.0,511019169908.62366,19484568.04739079,513232.0
2023-09-13,ETH,eth,1146469.0,193288058297.27283,120225009.41546112,1627860.0
2023-09-13,USDC,usdc,199476.0,30539923659.886337,30535239529.31831,523621.0
2023-09-13,USDT,usdt,1053418.0,85305371021.20566,85284329276.84348,2210108.0
2023-09-14,BTC,btc,1131002.0,517460186589.9245,19485580.54739079,574875.0
2023-09-14,ETH,eth,496984.0,195669470003.65356,120225296.62114295,1071590.0
2023-09-14,USDC,usdc,194491.0,30466606893.930355,30464287437.388905,541123.0
2023-09-14,USDT,usdt,1005237.0,85322018846.42235,85284329276.84348,2271033.0
2023-09-15,BTC,btc,1234300.0,519762749395.7533,19486755.54738533,708663.0
2023-09-15,ETH,eth,451903.0,197641881164.86777,120225762.07284276,1002709.0
2023-09-15,USDC,usdc,183936.0,30435418205.65136,30433090337.95115,463267.0
2023-09-15,USDT,usdt,1056205.0,85296318027.58018,85284329276.82108,2220379.0
2023-09-16,BTC,btc,1053706.0,517508914919.9982,19487724.29738533,591563.0
2023-09-16,ETH,eth,472439.0,196537335311.30225,120226886.38777968,922374.0
2023-09-16,USDC,usdc,166408.0,30488712139.71647,30486528228.043457,416014.0
2023-09-16,USDT,usdt,856142.0,85310342946.77011,85284329276.82108,1805587.0
2023-09-17,BTC,btc,1039207.0,516496770733.76605,19488655.54737986,616879.0
2023-09-17,ETH,eth,479039.0,194839363621.79993,120228127.13521609,879624.0
2023-09-17,USDC,usdc,163919.0,30486985043.93569,30486991909.964462,412134.0
2023-09-17,USDT,usdt,842753.0,85292382500.73529,85284329276.82108,1754852.0
2023-09-18,BTC,btc,1125172.0,521632787593.76227,19489630.54736894,625728.0
2023-09-18,ETH,eth,452238.0,196892190195.89505,120228667.61642176,979571.0
2023-09-18,USDC,usdc,213866.0,30423293503.315304,30424470992.77827,562973.0
2023-09-18,USDT,usdt,1172318.0,85304492737.50764,85284329276.82104,2251572.0
2023-09-19,BTC,btc,1035954.0,530434922294.0389,19490499.29524153,491377.0
2023-09-19,ETH,eth,453301.0,197595054599.7692,120229573.68687774,1002911.0
2023-09-19,USDC,usdc,243403.0,30321519707.346367,30322814749.096775,531097.0
2023-09-19,USDT,usdt,1256555.0,86295948048.77806,86284329276.82104,2255296.0
2023-09-20,BTC,btc,1062056.0,528868345382.3211,19491411.79524153,561350.0
2023-09-20,ETH,eth,462906.0,195093891420.6436,120230268.750554,1012663.0
2023-09-20,USDC,usdc,191632.0,30267438246.12184,30266866737.94932,492477.0
2023-09-20,USDT,usdt,1238400.0,86288848792.69058,86284329276.82104,2235008.0
2023-09-21,BTC,btc,1078476.0,517940823891.0621,19492274.29518607,427398.0
2023-09-21,ETH,eth,607789.0,190527878989.11096,120230508.79548198,1131119.0
2023-09-21,USDC,usdc,186337.0,30087849062.44118,30087931278.28901,510905.0
2023-09-21,USDT,usdt,1232628.0,86280148736.5393,86284329276.82104,2286641.0
2023-09-22,BTC,btc,978848.0,518148451376.85046,19493080.54518061,433758.0
2023-09-22,ETH,eth,485197.0,191604397582.13837,120231755.73881312,974991.0
2023-09-22,USDC,usdc,177791.0,30061599062.097134,30061076604.651203,435791.0
2023-09-22,USDT,usdt,1128261.0,86282721425.08269,86284329276.82104,2100117.0
2023-09-23,BTC,btc,1090192.0,518069661036.8464,19494055.54517515,639336.0
2023-09-23,ETH,eth,529009.0,191523484156.38928,120233175.8726292,863503.0
2023-09-23,USDC,usdc,158601.0,30075959060.21456,30074938904.97784,356274.0
2023-09-23,USDT,usdt,961639.0,86300082667.98343,86284329275.3854,1816770.0
2023-09-24,BTC,btc,1061159.0,512457226998.516,19494968.03517515,428059.0
2023-09-24,ETH,eth,509942.0,190119910487.46167,120234636.42410567,883746.0
2023-09-24,USDC,usdc,161458.0,30082728105.74315,30083220733.022835,422556.0
2023-09-24,USDT,usdt,943040.0,86299964648.12675,86284329275.381,1825368.0
2023-09-25,BTC,btc,1104115.0,512523325127.04504,19495874.28505082,294377.0
2023-09-25,ETH,eth,463901.0,190880225813.88766,120235576.11183348,990751.0
2023-09-25,USDC,usdc,170875.0,29954537217.08613,29953429915.63696,446167.0
2023-09-25,USDT,usdt,1162193.0,86259480580.04749,86284329275.381,2281223.0
2023-09-26,BTC,btc,1027673.0,510707682977.89667,19496724.28504082,305251.0
2023-09-26,ETH,eth,461614.0,191420619777.40472,120236292.84068294,1041222.0
2023-09-26,USDC,usdc,173344.0,29901042038.015633,29900781105.059994,395387.0
2023-09-26,USDT,usdt,1216906.0,86235557902.84372,86284329275.381,2362434.0
2023-09-27,BTC,btc,1072094.0,513493183428.7344,19497705.53503481,341149.0
2023-09-27,ETH,eth,480193.0,191955491423.873,120237300.42431743,1056862.0
2023-09-27,USDC,usdc,186940.0,29785544432.565395,29782716195.52413,527805.0
2023-09-27,USDT,usdt,1145152.0,86231001189.67099,86283842384.68854,2270703.0
2023-09-28,BTC,btc,1045920.0,527114436863.46533,19498618.03503481,376671.0
2023-09-28,ETH,eth,482888.0,198741273785.69464,120238363.9284459,1030538.0
2023-09-28,USDC,usdc,201084.0,29892150114.80344,29888937352.584885,659344.0
2023-09-28,USDT,usdt,1338578.0,86289641035.05136,86283842384.63866,2461585.0
2023-09-29,BTC,btc,1050872.0,524756938047.95734,19499536.78501742,323661.0
2023-09-29,ETH,eth,488093.0,200506542881.6789,120239621.11582299,1024678.0
2023-09-29,USDC,usdc,227662.0,29362094565.857597,29361046031.809708,742751.0
2023-09-29,USDT,usdt,1172269.0,86281173993.56357,86283842384.63866,2183919.0
2023-09-30,BTC,btc,1019753.0,526075791386.05505,19500399.28501742,280334.0
2023-09-30,ETH,eth,472166.0,200939047048.93503,120241042.34585708,977771.0
2023-09-30,USDC,usdc,217829.0,29426003352.29273,29426229564.923267,637021.0
2023-09-30,USDT,usdt,1083946.0,86291002175.98538,86283842384.6118,2106382.0
2023-10-01,BTC,btc,921731.0,545063625648.5012,19501280.53500196,320190.0
2023-10-01,ETH,eth,474950.0,208205738286.41815,120242502.65565112,922694.0
2023-10-01,USDC,usdc,229375.0,29467774459.627247,29467156931.179832,695674.0
2023-10-01,USDT,usdt,1012598.0,86271176963.82983,86283842384.6114,2006435.0
2023-10-02,BTC,btc,1027085.0,537597189376.07947,19502261.78500196,340200.0
2023-10-02,ETH,eth,440326.0,199987427210.07104,120243093.75739843,1016845.0
2023-10-02,USDC,usdc,236724.0,29642120153.03146,29642027670.119144,798576.0
2023-10-02,USDT,usdt,1172324.0,86309585962.6196,86283842384.6114,2290196.0
2023-10-03,BTC,btc,1077556.0,535153460226.5144,19503286.78494104,309334.0
2023-10-03,ETH,eth,452017.0,199232909522.88464,120244179.90225364,1002455.0
2023-10-03,USDC,usdc,226331.0,29621039990.781124,29619773892.480076,758375.0
2023-10-03,USDT,usdt,1082303.0,86290584450.9697,86283842384.6114,2205617.0
2023-10-04,BTC,btc,904067.0,542160520527.8175,19504105.53494104,293693.0
2023-10-04,ETH,eth,470040.0,198281236469.4382,120245479.62662359,983598.0
2023-10-04,USDC,usdc,210548.0,29555614404.426193,29551288436.150784,690683.0
2023-10-04,USDT,usdt,1206347.0,86299271785.17365,86283842384.599,2246804.0
2023-10-05,BTC,btc,946720.0,534950498590.64624,19504986.78492465,321037.0
2023-10-05,ETH,eth,482454.0,193959491197.4659,120246832.54675993,955796.0
2023-10-05,USDC,usdc,202542.0,29555664139.37808,29557770198.68136,586979.0
2023-10-05,USDT,usdt,1164430.0,86287163746.08313,86283842384.51846,2219283.0
2023-10-06,BTC,btc,915218.0,545035568358.9752,19505986.78492465,293272.0
2023-10-06,ETH,eth,496999.0,197895767703.93903,120248260.72592568,993544.0
2023-10-06,USDC,usdc,200363.0,29824848197.925323,29824123122.771812,607103.0
2023-10-06,USDT,usdt,1189936.0,86530531877.03854,86483842384.51846,2268089.0
2023-10-07,BTC,btc,853582.0,545666018320.837,19507055.53391919,242646.0
2023-10-07,ETH,eth,516225.0,196626137809.6751,120249904.87217969,996807.0
2023-10-07,USDC,usdc,174131.0,29858360195.145832,29856103392.418488,481468.0
2023-10-07,USDT,usdt,1040588.0,86540444766.78459,86483842384.51846,2014443.0
2023-10-08,BTC,btc,786381.0,544981306054.7192,19507980.53391919,243277.0
2023-10-08,ETH,eth,478609.0,196369560847.4066,120251536.31015088,924403.0
2023-10-08,USDC,usdc,167159.0,29874575281.989315,29872614833.99416,394112.0
2023-10-08,USDT,usdt,1004051.0,86530613757.43942,86483842384.51761,1925153.0
2023-10-09,BTC,btc,942188.0,538278357094.6784,19508955.53381373,280007.0
2023-10-09,ETH,eth,459613.0,189946117818.44528,120252963.49734087,993579.0
2023-10-09,USDC,usdc,205719.0,29823973085.387905,29824025827.631443,491633.0
2023-10-09,USDT,usdt,1174097.0,86495300412.0619,86483798028.21227,2312728.0
2023-10-10,BTC,btc,903210.0,534959366481.38495,19509968.03381373,283755.0
2023-10-10,ETH,eth,454990.0,188598423655.27484,120254456.47256953,1005950.0
2023-10-10,USDC,usdc,196790.0,29701029817.50627,29699931443.04828,466880.0
2023-10-10,USDT,usdt,1262090.0,86486123257.3523,86483798028.21227,2335630.0
2023-10-11,BTC,btc,867301.0,523443617438.48944,19510968.03380827,265623.0
2023-10-11,ETH,eth,486645.0,188238045386.17737,120255894.9810322,1005828.0
2023-10-11,USDC,usdc,203606.0,29557536533.252617,29557199970.18354,499278.0
2023-10-11,USDT,usdt,1199228.0,86461462108.82373,86483798028.21227,2286258.0
2023-10-12,BTC,btc,911879.0,521777018609.8072,19511999.28353827,272350.0
2023-10-12,ETH,eth,478310.0,184967904211.9864,120257315.97381352,1004069.0
2023-10-12,USDC,usdc,194653.0,29438851123.447254,29435432021.513985,497207.0
2023-10-12,USDT,usdt,1159964.0,86462593180.45715,86483798028.20486,2253295.0
2023-10-13,BTC,btc,917035.0,523772953760.5984,19512861.78352188,278419.0
2023-10-13,ETH,eth,477264.0,186432435719.51645,120258755.4787298,1007291.0
2023-10-13,USDC,usdc,187036.0,29471295583.116905,29465256018.11818,466388.0
2023-10-13,USDT,usdt,1135066.0,86488160089.13037,86483798028.19778,2262765.0
2023-10-14,BTC,btc,806946.0,524178794761.6759,19513774.28252188,258882.0
2023-10-14,ETH,eth,499942.0,187084692502.79288,120260479.16268373,898577.0
2023-10-14,USDC,usdc,165907.0,29501043041.270435,29497451060.138454,373822.0
2023-10-14,USDT,usdt,935423.0,86490504677.30101,86483798028.19778,1920207.0
2023-10-15,BTC,btc,795940.0,529442998597.06866,19514818.03251642,258142.0
2023-10-15,ETH,eth,509670.0,187163539843.90665,120262175.5055316,921231.0
2023-10-15,USDC,usdc,159887.0,29562312909.677788,29541347831.80876,406724.0
2023-10-15,USDT,usdt,899437.0,86553821483.0115,86483798028.19778,1908975.0
2023-10-16,BTC,btc,1018543.0,556330012853.7865,19515699.28251642,298000.0
2023-10-16,ETH,eth,445496.0,192540809584.78708,120263301.09090242,1027904.0
2023-10-16,USDC,usdc,204615.0,29649427494.768276,29645058706.9709,616238.0
2023-10-16,USDT,usdt,1169371.0,86526431672.39832,86483798028.19778,2451692.0
2023-10-17,BTC,btc,917408.0,554922670009.3156,19516711.7825055,294069.0
2023-10-17,ETH,eth,469524.0,188249629388.69485,120264680.02111666,1002389.0
2023-10-17,USDC,usdc,196530.0,29693129044.907986,29690834719.42629,560389.0
2023-10-17,USDT,usdt,1190875.0,86519512701.99051,86483798028.19778,2370699.0
2023-10-18,BTC,btc,932487.0,552896547827.5342,19517618.0324782,275052.0
2023-10-18,ETH,eth,443137.0,188024935495.88892,120265969.0348698,1010682.0
2023-10-18,USDC,usdc,185234.0,29733797717.06332,29734021159.733105,490899.0
2023-10-18,USDT,usdt,1099814.0,86504671198.18813,86483798028.19778,2215110.0
2023-10-19,BTC,btc,918882.0,559992553526.0752,19518493.03246182,282274.0
2023-10-19,ETH,eth,438038.0,188390109296.98367,120267295.35844328,997931.0
2023-10-19,USDC,usdc,198159.0,29846034755.179466,29843133074.825462,657149.0
2023-10-19,USDT,usdt,1101674.0,87532315293.94461,87483798028.19778,2198603.0
2023-10-20,BTC,btc,952627.0,579821427846.1895,19519330.53243997,293330.0
2023-10-20,ETH,eth,469116.0,193099485845.7049,120268204.59784818,1087921.0
2023-10-20,USDC,usdc,218282.0,29891509229.363537,29890784811.445816,693300.0
2023-10-20,USDT,usdt,1131256.0,87531630633.6018,87483798027.4072,2314089.0
2023-10-21,BTC,btc,871252.0,584096126027.6635,19520268.03243451,268430.0
2023-10-21,ETH,eth,467937.0,195889538097.25388,120269625.9823795,987400.0
2023-10-21,USDC,usdc,209594.0,29919483104.42914,29919481183.26724,665508.0
2023-10-21,USDT,usdt,960030.0,87527222052.13275,87483798027.4072,2001158.0
2023-10-22,BTC,btc,795000.0,585327499000.0365,19521224.28243451,247456.0
2023-10-22,ETH,eth,466832.0,200014370740.0251,120271050.92483352,980622.0
2023-10-22,USDC,usdc,194678.0,29910187071.75995,29910629596.20244,588908.0
2023-10-22,USDT,usdt,917356.0,87511441278.50432,87483798027.4072,1886117.0
2023-10-23,BTC,btc,1071672.0,643338061309.7109,19522205.53242902,312741.0
2023-10-23,ETH,eth,443611.0,212045300673.24197,120271125.93776672,1063574.0
2023-10-23,USDC,usdc,237635.0,29821130914.54403,29820479925.599712,889989.0
2023-10-23,USDT,usdt,1190879.0,87531800940.47314,87483798027.4072,2398057.0
2023-10-24,BTC,btc,1021188.0,661457680682.435,19522993.03242901,372695.0
2023-10-24,ETH,eth,462901.0,214637684002.69644,120270590.52327263,1098323.0
2023-10-24,USDC,usdc,323823.0,29426808279.350414,29428395022.523247,989657.0
2023-10-24,USDT,usdt,1113424.0,87489031710.16075,87483798027.16826,2389044.0
2023-10-25,BTC,btc,1090466.0,673352887607.2732,19523893.03242355,477890.0
2023-10-25,ETH,eth,452980.0,214837299092.8946,120270236.50127815,1081158.0
2023-10-25,USDC,usdc,406494.0,29517310273.450542,29515398422.02144,1037906.0
2023-10-25,USDT,usdt,1143617.0,87514376601.82326,87483798027.16826,2329473.0
2023-10-26,BTC,btc,1099370.0,667387843568.6382,19524830.53240151,429794.0
2023-10-26,ETH,eth,446883.0,217040660414.36273,120269930.97117268,1091779.0
2023-10-26,USDC,usdc,348358.0,29451470649.10827,29452125352.08405,932676.0
2023-10-26,USDT,usdt,1062228.0,87500982053.54353,87483798027.16826,2258931.0
2023-10-27,BTC,btc,1052994.0,661864606136.3346,19525793.03239602,456280.0
2023-10-27,ETH,eth,431981.0,214182913255.1461,120270267.30032831,1034649.0
2023-10-27,USDC,usdc,321973.0,29334925264.40935,29331699932.91412,813063.0
2023-10-27,USDT,usdt,1097139.0,87511240638.36325,87483798027.16826,2249808.0
2023-10-28,BTC,btc,1018571.0,665699403187.6077,19526793.03239598,564578.0
2023-10-28,ETH,eth,430136.0,213626773392.6663,120271127.0594916,991315.0
2023-10-28,USDC,usdc,329643.0,29338170433.70306,29338426749.75479,645167.0
2023-10-28,USDT,usdt,975674.0,87499518205.54518,87483798027.08047,1966932.0
2023-10-29,BTC,btc,909920.0,675155541179.4106,19527649.2823905,403706.0
2023-10-29,ETH,eth,442265.0,216215228566.22873,120271952.54909223,1071556.0
2023-10-29,USDC,usdc,273843.0,29384882769.71339,29382532170.22876,608634.0
2023-10-29,USDT,usdt,991262.0,87516035677.94116,87483798027.08047,1914110.0
2023-10-30,BTC,btc,1097494.0,673641945531.777,19528624.28239007,461480.0
2023-10-30,ETH,eth,451831.0,217618310857.9813,120271933.81891719,1094713.0
2023-10-30,USDC,usdc,435103.0,29263081722.55026,29259435522.232067,873232.0
2023-10-30,USDT,usdt,1149721.0,87526749859.39351,87483798027.08047,2317126.0
2023-10-31,BTC,btc,1044499.0,676435313127.4437,19529593.03238398,437895.0
2023-10-31,ETH,eth,443637.0,218117786556.80872,120271657.68795729,1089606.0
2023-10-31,USDC,usdc,425758.0,29070114410.013344,29067062080.9158,1029162.0
2023-10-31,USDT,usdt,1206061.0,87526102601.02475,87483745574.23148,2464278.0
2023-11-01,BTC,btc,1053031.0,692005135084.2311,19530524.28237621,461955.0
2023-11-01,ETH,eth,448247.0,222030361844.86212,120271188.90142576,1101380.0
2023-11-01,USDC,usdc,451991.0,29069110296.160774,29065987064.810757,1561540.0
2023-11-01,USDT,usdt,1258091.0,87518699453.32451,87483745574.12904,2617297.0
2023-11-02,BTC,btc,1062991.0,681313058707.277,19531424.28232469,410238.0
2023-11-02,ETH,eth,430684.0,216393666196.29428,120270745.63044648,1045341.0
2023-11-02,USDC,usdc,412933.0,28796981473.85872,28792768820.739803,1711814.0
2023-11-02,USDT,usdt,1165404.0,87506934221.14389,87483745574.0952,2471525.0
2023-11-03,BTC,btc,990903.0,677930509621.0774,19532274.28231819,450384.0
2023-11-03,ETH,eth,449646.0,220409740045.07367,120270713.46816674,1104674.0
2023-11-03,USDC,usdc,345257.0,28825527470.284157,28822496296.807457,1451590.0
2023-11-03,USDT,usdt,1223411.0,88530406526.67584,88481787274.0738,2484064.0
2023-11-04,BTC,btc,1118816.0,685445372905.6,19533324.28231745,704138.0
2023-11-04,ETH,eth,424516.0,223648007470.49445,120271299.0725249,1013882.0
2023-11-04,USDC,usdc,377322.0,28898117387.35795,28892673195.270325,1360767.0
2023-11-04,USDT,usdt,995133.0,88549107774.53935,88481787274.05054,2120675.0
2023-11-05,BTC,btc,1144443.0,685753933111.1659,19534343.03231134,666535.0
2023-11-05,ETH,eth,412472.0,228101025215.8672,120271585.14549407,1034459.0
2023-11-05,USDC,usdc,275174.0,28923525540.282616,28922847943.13295,993051.0
2023-11-05,USDT,usdt,973610.0,88544248682.2408,88481787274.04683,1926739.0
2023-11-06,BTC,btc,993108.0,684075855228.6018,19535136.78229968,439013.0
2023-11-06,ETH,eth,425120.0,228377819924.6528,120270698.95340855,1101645.0
2023-11-06,USDC,usdc,336920.0,28767810370.291077,28766564964.397488,949158.0
2023-11-06,USDT,usdt,1015554.0,88519258770.7274,88481787274.04683,2091654.0
2023-11-07,BTC,btc,961106.0,691934232277.7666,19535968.03228795,449873.0
2023-11-07,ETH,eth,452904.0,226852300965.66797,120270064.9111797,1055975.0
2023-11-07,USDC,usdc,444803.0,28725987542.725895,28720388585.83544,1224120.0
2023-11-07,USDT,usdt,1036880.0,88529791509.92464,88481787274.0468,2178288.0
2023-11-08,BTC,btc,1004807.0,699379861493.9698,19536899.28228701,585167.0
2023-11-08,ETH,eth,435097.0,227628332105.04184,120269307.52707252,1066274.0
2023-11-08,USDC,usdc,321207.0,28590768327.69026,28586772623.963127,972575.0
2023-11-08,USDT,usdt,1018663.0,88529437000.47867,88481787274.0468,2079883.0
2023-11-09,BTC,btc,989778.0,716554937246.1757,19537793.03227018,571031.0
2023-11-09,ETH,eth,465799.0,254460314800.6124,120266306.2315942,1125199.0
2023-11-09,USDC,usdc,441685.0,28453044841.978367,28453212254.919746,1541470.0
2023-11-09,USDT,usdt,1082410.0,89489163989.15031,89481787273.81778,2257894.0
2023-11-10,BTC,btc,1127201.0,730114337393.7738,19538755.53226972,526138.0
2023-11-10,ETH,eth,503810.0,250239215675.34256,120264467.63265762,1146191.0
2023-11-10,USDC,usdc,440993.0,28421149801.654537,28421414497.389267,1798440.0
2023-11-10,USDT,usdt,1084523.0,90538387166.96416,90481787273.69835,2273120.0
2023-11-11,BTC,btc,1073475.0,722578816039.1404,19539755.53225825,628048.0
2023-11-11,ETH,eth,477097.0,246098573286.51083,120263674.17664824,1107685.0
2023-11-11,USDC,usdc,478630.0,28479040281.422886,28478739819.517384,1875509.0
2023-11-11,USDT,usdt,1010670.0,90552584641.11604,90481787273.49034,2042623.0
2023-11-12,BTC,btc,1008655.0,724050510722.7842,19540761.78225779,706503.0
2023-11-12,ETH,eth,445257.0,245931430048.25092,120263034.22647648,1061494.0
2023-11-12,USDC,usdc,390121.0,28493911202.13574,28492481158.450035,1584143.0
2023-11-12,USDT,usdt,908570.0,90541429303.61781,90481787273.49034,1831589.0
2023-11-13,BTC,btc,963722.0,714110932281.1438,19541518.03225147,418873.0
2023-11-13,ETH,eth,404394.0,248041374424.5866,120260400.81412584,1088278.0
2023-11-13,USDC,usdc,400663.0,28279455135.656643,28277128492.44919,1725907.0
2023-11-13,USDT,usdt,1112601.0,90506476624.37167,90481787270.09735,2195280.0
2023-11-14,BTC,btc,957065.0,695526681621.991,19542380.53225089,525384.0
2023-11-14,ETH,eth,411867.0,238406304665.33743,120258761.2297615,1050000.0
2023-11-14,USDC,usdc,367760.0,28117235776.421066,28114169458.569992,1704004.0
2023-11-14,USDT,usdt,1093539.0,90504980615.51741,90481787270.09235,2174983.0
2023-11-15,BTC,btc,961281.0,739529498353.9537,19543305.53223946,569166.0
2023-11-15,ETH,eth,432358.0,247282473649.76608,120257438.1607137,1075386.0
2023-11-15,USDC,usdc,448919.0,28371558571.191586,28365124604.123463,1586791.0
2023-11-15,USDT,usdt,1126670.0,90535245548.236,90481409610.08015,2282820.0
2023-11-16,BTC,btc,933700.0,706727280727.5068,19544230.53223902,628280.0
2023-11-16,ETH,eth,447363.0,235658458179.938,120256064.8832972,1093005.0
2023-11-16,USDC,usdc,516334.0,28422610919.8179,28425372189.131836,1779918.0
2023-11-16,USDT,usdt,1091506.0,90476004913.46712,90481409610.07973,2253832.0
2023-11-17,BTC,btc,1014052.0,714761166975.2008,19545168.03222224,532945.0
2023-11-17,ETH,eth,442407.0,235562574722.24765,120255416.28654689,1084679.0
2023-11-17,USDC,usdc,436459.0,28633641538.543793,28631968679.164303,1645557.0
2023-11-17,USDT,usdt,1059339.0,90513087846.73488,90481409610.04274,2157750.0
2023-11-18,BTC,btc,860889.0,714945979789.7671,19546099.28222189,629610.0
2023-11-18,ETH,eth,435562.0,235988486694.27432,120255405.07870792,1134614.0
2023-11-18,USDC,usdc,376846.0,28677119019.63107,28673421590.78706,1177087.0
2023-11-18,USDT,usdt,921844.0,90536308893.45473,90481409610.04245,1790904.0
2023-11-19,BTC,btc,962703.0,731899071791.294,19547161.7822161,712264.0
2023-11-19,ETH,eth,445712.0,241687427766.12207,120255566.87072536,983460.0
2023-11-19,USDC,usdc,408491.0,28724173741.452705,28717932822.679665,1187079.0
2023-11-19,USDT,usdt,955615.0,90532611987.6768,90481409609.11603,1777397.0
2023-11-20,BTC,btc,1064908.0,733371228930.5375,19548199.28221029,630519.0
2023-11-20,ETH,eth,478802.0,243425936075.75073,120253669.2043954,1151945.0
2023-11-20,USDC,usdc,520738.0,28780305643.452015,28780274984.9642,1523477.0
2023-11-20,USDT,usdt,1241038.0,90541841364.20868,90481409608.494,2355260.0
2023-11-21,BTC,btc,1007505.0,704454241190.6842,19549149.28218361,530112.0
2023-11-21,ETH,eth,454803.0,233951871053.24167,120251704.73019284,1129495.0
2023-11-21,USDC,usdc,526219.0,28656032235.930477,28654996827.66174,1632978.0
2023-11-21,USDT,usdt,1237395.0,90487801942.2644,90472671145.5448,2399362.0
2023-11-22,BTC,btc,979014.0,731230704479.3485,19550036.78218325,536770.0
2023-11-22,ETH,eth,468822.0,248243755106.72443,120249841.2396593,1142003.0
2023-11-22,USDC,usdc,476783.0,28652171195.76114,28645430434.2946,1541375.0
2023-11-22,USDT,usdt,1170293.0,91505416030.75047,91468268697.35559,2247898.0
2023-11-23,BTC,btc,970303.0,729479763214.5287,19550955.53217752,586979.0
2023-11-23,ETH,eth,472550.0,248100001870.9367,120248675.6764555,1123339.0
2023-11-23,USDC,usdc,514580.0,28682882998.367737,28679015654.30284,1262975.0
2023-11-23,USDT,usdt,1057644.0,91492319919.38647,91468082383.83559,2011627.0
2023-11-24,BTC,btc,1136807.0,737477876623.1957,19552005.5321772,624489.0
2023-11-24,ETH,eth,459777.0,250031678627.02353,120247969.81626326,1068410.0
2023-11-24,USDC,usdc,446716.0,28935241480.964096,28935947684.58059,1146842.0
2023-11-24,USDT,usdt,1035746.0,91542205388.30997,91468082383.8351,2003438.0
2023-11-25,BTC,btc,1032695.0,739105838366.7302,19552999.28217154,612626.0
2023-11-25,ETH,eth,447357.0,250661184415.7781,120247912.77416535,985612.0
2023-11-25,USDC,usdc,440671.0,28937592954.239185,28936012768.313087,978120.0
2023-11-25,USDT,usdt,910155.0,91524875897.18272,91468082383.79613,1767884.0
2023-11-26,BTC,btc,983533.0,732933517212.2942,19553911.7821613,578192.0
2023-11-26,ETH,eth,445942.0,248356345002.92224,120247659.46475407,989613.0
2023-11-26,USDC,usdc,448752.0,28883643744.52315,28883323196.28829,912391.0
2023-11-26,USDT,usdt,864410.0,91503230168.872,91468082382.74638,1656833.0
2023-11-27,BTC,btc,981736.0,728007625505.0597,19554724.28215563,478456.0
2023-11-27,ETH,eth,427313.0,243768743788.73303,120246549.6881844,1077314.0
2023-11-27,USDC,usdc,442509.0,28660471968.553432,28660885689.839252,1116636.0
2023-11-27,USDT,usdt,1064114.0,92464136827.71344,92468082382.73616,2094361.0
2023-11-28,BTC,btc,996007.0,739759969555.1896,19555643.03215545,447781.0
2023-11-28,ETH,eth,435397.0,246470053307.87244,120244652.6193846,1155016.0
2023-11-28,USDC,usdc,540007.0,28754270246.194256,28753597551.197086,1122324.0
2023-11-28,USDT,usdt,1040509.0,92516414990.16467,92468082382.60362,2090243.0
2023-11-29,BTC,btc,915309.0,740151719383.5668,19556493.03214977,358838.0
2023-11-29,ETH,eth,435185.0,243954373407.3826,120242957.3344544,1151825.0
2023-11-29,USDC,usdc,481253.0,28673938906.149815,28671049054.157616,1073085.0
2023-11-29,USDT,usdt,1078380.0,92494583937.45677,92468082382.47057,2079643.0
2023-11-30,BTC,btc,958958.0,737559963657.6083,19557330.53214963,410936.0
2023-11-30,ETH,eth,444493.0,246618749073.38272,120240516.0772854,1119717.0
2023-11-30,USDC,usdc,457447.0,28728542931.38623,28727061863.072613,999274.0
2023-11-30,USDT,usdt,1071873.0,92489081566.40845,92468082382.4662,2102583.0
2023-12-01,BTC,btc,1131524.0,756979072757.1499,19558386.78214399,497410.0
2023-12-01,ETH,eth,455498.0,250829909221.05936,120238180.88116524,1119260.0
2023-12-01,USDC,usdc,498741.0,28803047394.10136,28801375461.74708,1092295.0
2023-12-01,USDT,usdt,1094565.0,92512479618.85056,92468082382.46504,2157501.0
2023-12-02,BTC,btc,860355.0,771849857306.7882,19559180.53214366,435763.0
2023-12-02,ETH,eth,448231.0,260282765586.54865,120236893.44903168,1210135.0
2023-12-02,USDC,usdc,454093.0,28759125723.989,28759986597.593956,928219.0
2023-12-02,USDT,usdt,927453.0,92511852438.256,92468082382.43465,1788915.0
2023-12-03,BTC,btc,919493.0,781982500933.8688,19560211.7821325,707186.0
2023-12-03,ETH,eth,484971.0,263743672937.45312,120235728.77838045,1030989.0
2023-12-03,USDC,usdc,457912.0,28741565413.7166,28739935687.793736,915633.0
2023-12-03,USDT,usdt,896245.0,92508769568.95245,92468082382.4228,1727736.0
2023-12-04,BTC,btc,1034656.0,819814934315.0968,19561180.53213206,567712.0
2023-12-04,ETH,eth,501479.0,269084023727.36093,120233048.24464197,1158630.0
2023-12-04,USDC,usdc,530321.0,28590918521.98758,28595866202.245735,1516280.0
2023-12-04,USDT,usdt,1139850.0,92443883234.19373,92468082382.36,2287205.0
2023-12-05,BTC,btc,867570.0,862040657424.9015,19562043.03212622,513549.0
2023-12-05,ETH,eth,478540.0,275506595270.64545,120229359.4526972,1197166.0
2023-12-05,USDC,usdc,580688.0,28503743793.78733,28507406386.021355,1505204.0
2023-12-05,USDT,usdt,1132808.0,92477143879.05312,92467211104.72946,2269885.0
2023-12-06,BTC,btc,867353.0,855795078786.4973,19562893.03212585,469800.0
2023-12-06,ETH,eth,470269.0,268298419851.9532,120225666.26297332,1126986.0
2023-12-06,USDC,usdc,589668.0,28491144023.691833,28490878532.89212,1775993.0
2023-12-06,USDT,usdt,1115339.0,92470776989.49312,92467211104.70541,2267212.0
2023-12-07,BTC,btc,898183.0,846764339890.7688,19563611.78212008,368965.0
2023-12-07,ETH,eth,514384.0,283052087495.11487,120222737.12761042,1159526.0
2023-12-07,USDC,usdc,637083.0,28552497344.64236,28550280051.136784,1789154.0
2023-12-07,USDT,usdt,1186753.0,92501262912.9496,92467211103.59248,2311074.0
2023-12-08,BTC,btc,924415.0,864847778236.8765,19564455.53211968,411806.0
2023-12-08,ETH,eth,512163.0,283636040794.5392,120220557.40682742,1182465.0
2023-12-08,USDC,usdc,809578.0,28624806922.485672,28626226069.318493,2035424.0
2023-12-08,USDT,usdt,1206717.0,92502968064.49551,92467211103.58904,2338207.0
2023-12-09,BTC,btc,927620.0,855792329926.9052,19565436.78211944,593873.0
2023-12-09,ETH,eth,514381.0,281548755375.92944,120219265.09919068,1120555.0
2023-12-09,USDC,usdc,805517.0,28671688503.23717,28672442399.74918,1884588.0
2023-12-09,USDT,usdt,1079530.0,92497598776.42365,92467211103.4488,2050979.0
2023-12-10,BTC,btc,848613.0,855687879830.6742,19566311.7821184,528723.0
2023-12-10,ETH,eth,530417.0,282638879627.46204,120218301.47494616,1129096.0
2023-12-10,USDC,usdc,734833.0,28630457289.97997,28630538085.28495,1525785.0
2023-12-10,USDT,usdt,1009969.0,92479686768.88124,92467211103.43727,1899088.0
2023-12-11,BTC,btc,1010741.0,806366344749.7966,19567299.2821182,528218.0
2023-12-11,ETH,eth,477448.0,267105263406.4986,120216719.10715695,1087662.0
2023-12-11,USDC,usdc,772159.0,28240310244.326138,28240036507.915585,2163320.0
2023-12-11,USDT,usdt,1215391.0,93412538725.72621,93467211102.97668,2393600.0
2023-12-12,BTC,btc,886419.0,811439872900.6285,19568199.28211442,547067.0
2023-12-12,ETH,eth,460872.0,264620982863.85928,120214494.10489112,1076667.0
2023-12-12,USDC,usdc,701410.0,28121813391.960728,28119729609.537582,1888238.0
2023-12-12,USDT,usdt,1177554.0,93426766147.03258,93467211102.97665,2303424.0
2023-12-13,BTC,btc,742559.0,840280084906.0906,19569130.53211368,586126.0
2023-12-13,ETH,eth,436280.0,271782996002.9662,120211761.52988549,1081514.0
2023-12-13,USDC,usdc,694612.0,28358521691.492542,28357064677.500572,1816138.0
2023-12-13,USDT,usdt,1152589.0,93501242564.43016,93467211102.94206,2254784.0
2023-12-14,BTC,btc,711343.0,842160345950.7255,19570043.03211355,569840.0
2023-12-14,ETH,eth,472896.0,278832103880.7036,120209284.16427372,1157276.0
2023-12-14,USDC,usdc,738330.0,28507762357.124165,28508672718.89536,2187387.0
2023-12-14,USDT,usdt,1176365.0,93487964216.78236,93467211102.53723,2330122.0
2023-12-15,BTC,btc,860116.0,821555930265.7354,19571061.78211341,632050.0
2023-12-15,ETH,eth,460372.0,267032304913.82004,120205571.49068436,1162222.0
2023-12-15,USDC,usdc,844851.0,28602855405.511757,28599397663.843063,2203993.0
2023-12-15,USDT,usdt,1237241.0,93474545737.26408,93467211102.53235,2458576.0
2023-12-16,BTC,btc,724669.0,826001802531.8429,19572011.78211322,636141.0
2023-12-16,ETH,eth,422688.0,267414141169.10107,120202413.09197354,1056961.0
2023-12-16,USDC,usdc,740864.0,28628110991.624237,28628828503.782307,1738003.0
2023-12-16,USDT,usdt,1021333.0,93389569297.20169,93467211102.53229,1954967.0
2023-12-17,BTC,btc,703993.0,810881174245.3148,19572949.28211309,621213.0
2023-12-17,ETH,eth,473059.0,264449372810.90555,120200547.50581798,1081782.0
2023-12-17,USDC,usdc,722842.0,28573625189.349495,28569600182.51156,1674995.0
2023-12-17,USDT,usdt,978274.0,93396354844.11702,93467211102.39153,1857762.0
2023-12-18,BTC,btc,928612.0,834551810875.268,19573999.28211291,641771.0
2023-12-18,ETH,eth,469668.0,266343025922.6493,120196609.1476134,1137970.0
2023-12-18,USDC,usdc,792445.0,28643928389.93969,28641598729.620384,1968000.0
2023-12-18,USDT,usdt,1308608.0,93453340401.46684,93467211102.39136,2371480.0
2023-12-19,BTC,btc,817240.0,827472216777.7076,19575011.78205268,662370.0
2023-12-19,ETH,eth,494272.0,261549539421.9816,120193164.29343672,1153138.0
2023-12-19,USDC,usdc,799619.0,28703951789.256077,28702343393.69779,1859165.0
2023-12-19,USDT,usdt,1218997.0,93426692238.44032,93461188902.12865,2296865.0
2023-12-20,BTC,btc,787679.0,853610950918.372,19575918.03205239,580281.0
2023-12-20,ETH,eth,548565.0,263923558093.5524,120189675.52123456,1246531.0
2023-12-20,USDC,usdc,812678.0,28809256361.81642,28813850903.854687,1858964.0
2023-12-20,USDT,usdt,1248563.0,93450950387.49736,93461188902.06711,2359348.0
2023-12-21,BTC,btc,815395.0,858840219309.1272,19576830.53205018,589222.0
2023-12-21,ETH,eth,567353.0,268946081401.91785,120187654.1399692,1242003.0
2023-12-21,USDC,usdc,874579.0,28691705631.205807,28692003487.080517,1930619.0
2023-12-21,USDT,usdt,1203623.0,93480318968.16393,93461188901.98584,2310284.0
2023-12-22,BTC,btc,1012121.0,861612765680.0216,19577880.53204999,623750.0
2023-12-22,ETH,eth,559864.0,279589971631.74695,120186476.58671518,1205712.0
2023-12-22,USDC,usdc,940462.0,28932135823.284622,28926621015.27553,2026654.0
2023-12-22,USDT,usdt,1229966.0,93546157537.51222,93461188901.97862,2353918.0
2023-12-23,BTC,btc,893092.0,856944238425.8184,19578880.53204988,609387.0
2023-12-23,ETH,eth,520957.0,277753859978.12036,120186490.4070174,1121929.0
2023-12-23,USDC,usdc,797003.0,28926686100.06669,28921326486.752487,1554722.0
2023-12-23,USDT,usdt,1085923.0,93514713625.39792,93461188901.86668,1992832.0
2023-12-24,BTC,btc,880971.0,843852920767.2599,19579949.28204977,724746.0
2023-12-24,ETH,eth,527103.0,272609588572.65408,120186584.93736704,1140411.0
2023-12-24,USDC,usdc,820304.0,28925645231.481808,28921725284.26376,1783134.0
2023-12-24,USDT,usdt,1049175.0,93530283130.02437,93461188419.44325,1953358.0
2023-12-25,BTC,btc,702609.0,854188718516.3186,19580818.03204967,531891.0
2023-12-25,ETH,eth,522614.0,273335490769.7156,120186621.85530119,1102694.0
2023-12-25,USDC,usdc,791654.0,28849566173.182945,28851167570.13571,1695033.0
2023-12-25,USDT,usdt,1128074.0,94489410263.65997,94461188419.37166,2134285.0
2023-12-26,BTC,btc,742922.0,832047859801.02,19581686.78204955,556724.0
2023-12-26,ETH,eth,513646.0,267950445079.74304,120187019.1689866,1116447.0
2023-12-26,USDC,usdc,849621.0,28523996522.953625,28516931283.451744,1824183.0
2023-12-26,USDT,usdt,1203719.0,94467899600.30943,94461188419.11896,2271161.0
2023-12-27,BTC,btc,776011.0,850603955311.5323,19582493.03204946,541778.0
2023-12-27,ETH,eth,505094.0,285871524727.5289,120186458.8879054,1137685.0
2023-12-27,USDC,usdc,800741.0,28605160424.085518,28602938694.169277,1780327.0
2023-12-27,USDT,usdt,1196153.0,94515914720.7697,94461188417.17055,2286980.0
2023-12-28,BTC,btc,848615.0,835630557952.1049,19583249.28204935,417387.0
2023-12-28,ETH,eth,543618.0,282608964784.6786,120185648.0275922,1185508.0
2023-12-28,USDC,usdc,775511.0,28640041562.676964,28634462320.97633,1786936.0
2023-12-28,USDT,usdt,1208530.0,94509080202.44183,94461188414.93884,2313639.0
2023-12-29,BTC,btc,910761.0,822508753451.7498,19584192.99589623,579710.0
2023-12-29,ETH,eth,480676.0,275939133740.69934,120185496.00541726,1110469.0
2023-12-29,USDC,usdc,702948.0,28534887054.89395,28535902083.923027,1870633.0
2023-12-29,USDT,usdt,1188672.0,94464563067.55493,94461188414.8748,2262213.0
2023-12-30,BTC,btc,787521.0,826579160024.2511,19585099.24589619,540497.0
2023-12-30,ETH,eth,514594.0,275676714946.2193,120185822.10856757,1090893.0
2023-12-30,USDC,usdc,648696.0,28433191926.23253,28435782675.903847,1727144.0
2023-12-30,USDT,usdt,979658.0,94456002176.89703,94461188413.97064,1839455.0
2023-12-31,BTC,btc,791644.0,826868406538.1709,19586074.24589616,724837.0
2023-12-31,ETH,eth,503085.0,273914618990.41263,120186712.6044112,1061956.0
2023-12-31,USDC,usdc,632947.0,28277607027.229095,28279285537.771828,1693237.0
2023-12-31,USDT,usdt,905434.0,94439114868.08842,94461188413.89557,1673223.0
2024-01-01,BTC,btc,827239.0,862798932438.5515,19587042.99589609,655722.0
2024-01-01,ETH,eth,562773.0,282133427486.7092,120187794.56052092,1101465.0
2024-01-01,USDC,usdc,620790.0,28364027974.068054,28349599866.592216,1638320.0
2024-01-01,USDT,usdt,910567.0,94516785886.97032,94461188413.17882,1678953.0
2024-01-02,BTC,btc,867688.0,880301238448.1907,19587861.74589597,364237.0
2024-01-02,ETH,eth,512753.0,283359366280.1601,120188176.60038216,1128657.0
2024-01-02,USDC,usdc,767424.0,28549365487.217953,28549678094.781185,1900468.0
2024-01-02,USDT,usdt,1121358.0,94499864169.27658,94461188412.7494,2122335.0
2024-01-03,BTC,btc,940343.0,837886611759.9718,19588849.24589465,502203.0
2024-01-03,ETH,eth,477192.0,265293790915.38193,120186916.5211508,1092220.0
2024-01-03,USDC,usdc,767683.0,28745548351.47747,28743313026.98513,2026090.0
2024-01-03,USDT,usdt,1204349.0,94511109926.49289,94461188205.95334,2281959.0
2024-01-04,BTC,btc,1010934.0,866868194472.4562,19589911.74589451,482718.0
2024-01-04,ETH,eth,475972.0,273086305344.0916,120186910.55338974,1116573.0
2024-01-04,USDC,usdc,712753.0,28858582525.251705,28858103144.040768,1830047.0
2024-01-04,USDT,usdt,1130249.0,96565022504.69304,96461188205.92412,2157123.0
2024-01-05,BTC,btc,813324.0,864860632050.2275,19590774.24589445,416347.0
2024-01-05,ETH,eth,489211.0,272541767132.76257,120187225.46978028,1069252.0
2024-01-05,USDC,usdc,692351.0,29121022477.24553,29118776505.645992,1741489.0
2024-01-05,USDT,usdt,1109046.0,96545167449.32779,96461188204.93152,2105414.0
2024-01-06,BTC,btc,808917.0,860425656118.4235,19591649.24589436,389306.0
2024-01-06,ETH,eth,483964.0,269092350636.286,120187713.38120341,994947.0
2024-01-06,USDC,usdc,641898.0,29140256056.32528,29140538685.4318,1516463.0
2024-01-06,USDT,usdt,973039.0,96498853504.25012,96461188204.51985,1849245.0
2024-01-07,BTC,btc,713381.0,859012443610.0101,19592386.74589408,348435.0
2024-01-07,ETH,eth,523419.0,266630923706.5044,120186923.59549811,1049831.0
2024-01-07,USDC,usdc,659447.0,29135394288.69328,29131010898.812252,1433681.0
2024-01-07,USDT,usdt,914543.0,96531809669.01088,96461188204.46877,1725834.0
2024-01-08,BTC,btc,756849.0,920512392403.7621,19593155.49589401,409400.0
2024-01-08,ETH,eth,508589.0,280311865330.14355,120186722.85152651,1073535.0
2024-01-08,USDC,usdc,718081.0,29108818062.80883,29108234241.03881,1782807.0
2024-01-08,USDT,usdt,1148316.0,96543344317.22989,96461090826.32944,2235282.0
2024-01-09,BTC,btc,902934.0,902974871223.5372,19594105.49589394,470829.0
2024-01-09,ETH,eth,512092.0,281196631712.77386,120186884.86456063,1078832.0
2024-01-09,USDC,usdc,707323.0,28969811829.623577,28967722905.725437,1856499.0
2024-01-09,USDT,usdt,1162116.0,97492552151.34285,97461090826.30275,2274850.0
2024-01-10,BTC,btc,839431.0,917398869581.0613,19594936.7458919,384427.0
2024-01-10,ETH,eth,624690.0,311381248197.29474,120185176.221501,1247106.0
2024-01-10,USDC,usdc,695349.0,29036851846.41108,29025342230.90825,1863151.0
2024-01-10,USDT,usdt,1189831.0,97517005693.98335,97461090825.25464,2341162.0
2024-01-11,BTC,btc,960999.0,908880379024.5656,19596017.99589184,450822.0
2024-01-11,ETH,eth,596971.0,314726093675.14056,120184143.45218608,1209246.0
2024-01-11,USDC,usdc,704380.0,29002430373.915592,28999750361.96878,1853660.0
2024-01-11,USDT,usdt,1228129.0,97476977081.26921,97461090824.57594,2429924.0
2024-01-12,BTC,btc,987727.0,839096097616.4066,19597067.99588868,367870.0
2024-01-12,ETH,eth,579744.0,302760352950.6545,120183918.47054188,1209875.0
2024-01-12,USDC,usdc,673617.0,29100249507.35898,29098165159.04913,1792719.0
2024-01-12,USDT,usdt,1161775.0,98425792238.38857,98461090824.56256,2311368.0
2024-01-13,BTC,btc,845713.0,839717259324.3887,19598061.74588858,667027.0
2024-01-13,ETH,eth,495542.0,310078136113.07623,120184498.02047396,1212202.0
2024-01-13,USDC,usdc,695773.0,29193373405.851208,29189576380.237152,1533797.0
2024-01-13,USDT,usdt,987012.0,98457428787.0074,98461090824.55533,1919095.0
2024-01-14,BTC,btc,722721.0,820960086253.5798,19598861.74588853,591106.0
2024-01-14,ETH,eth,403225.0,297947123167.01917,120183533.56724896,1961144.0
2024-01-14,USDC,usdc,717048.0,29191160721.43471,29193438981.7926,1648247.0
2024-01-14,USDT,usdt,956998.0,98401458379.35843,98461090823.8798,1832271.0
2024-01-15,BTC,btc,786699.0,833548710417.6099,19599574.24588579,401054.0
2024-01-15,ETH,eth,522570.0,301989720118.87885,120183525.67427324,1154132.0
2024-01-15,USDC,usdc,705570.0,29163037880.684975,29163178339.137875,1456833.0
2024-01-15,USDT,usdt,1167610.0,98391125658.61234,98461090823.86037,2284187.0
2024-01-16,BTC,btc,782242.0,846175712864.9702,19600355.49588569,469892.0
2024-01-16,ETH,eth,460330.0,311342907184.1429,120182431.12376374,1269778.0
2024-01-16,USDC,usdc,716829.0,29130737630.311985,29128263116.09032,1556651.0
2024-01-16,USDT,usdt,1134839.0,98455656091.03128,98460777242.63339,2225530.0
2024-01-17,BTC,btc,809220.0,836757824473.3639,19601111.74588458,455050.0
2024-01-17,ETH,eth,452249.0,303399684626.24615,120180981.75247972,1181029.0
2024-01-17,USDC,usdc,768917.0,29403777662.78785,29403900293.571037,1733191.0
2024-01-17,USDT,usdt,1154166.0,98366060249.0072,98459767262.5097,2261757.0
2024-01-18,BTC,btc,897358.0,808815882007.2329,19601999.24588451,480795.0
2024-01-18,ETH,eth,499927.0,296451109518.5997,120179747.17884144,1204406.0
2024-01-18,USDC,usdc,785865.0,29295735872.82123,29294528067.30925,1907504.0
2024-01-18,USDT,usdt,1201221.0,98366286455.70502,98459767262.5097,2404713.0
2024-01-19,BTC,btc,806018.0,815611837232.0773,19602824.24588441,461325.0
2024-01-19,ETH,eth,526104.0,299252917420.53406,120179026.26822267,1173934.0
2024-01-19,USDC,usdc,758891.0,29213795679.278217,29213249984.692856,2066940.0
2024-01-19,USDT,usdt,1216944.0,98367606955.97649,98458899107.44073,2391649.0
2024-01-20,BTC,btc,817313.0,816861256061.0638,19603717.99588432,565601.0
2024-01-20,ETH,eth,538236.0,296812121980.3945,120179693.24908008,1062400.0
2024-01-20,USDC,usdc,756067.0,29380861791.49429,29382989764.109295,1659602.0
2024-01-20,USDT,usdt,1059733.0,98377164951.17564,98458899107.25447,1990513.0
2024-01-21,BTC,btc,767739.0,814318181968.0931,19604592.99588423,593968.0
2024-01-21,ETH,eth,546924.0,294994205694.8564,120180640.1238726,1119258.0
2024-01-21,USDC,usdc,725133.0,29424770535.780506,29425712086.85768,1486979.0
2024-01-21,USDT,usdt,1031131.0,98392442846.51854,98458899106.90697,1891337.0
2024-01-22,BTC,btc,951076.0,775932511818.8115,19605592.99588416,451204.0
2024-01-22,ETH,eth,516458.0,277883337589.31256,120181060.64663097,1076456.0
2024-01-22,USDC,usdc,761766.0,29298686080.435028,29297252972.72351,1939858.0
2024-01-22,USDT,usdt,1232038.0,98349808353.31996,98458898468.11987,2390403.0
2024-01-23,BTC,btc,865990.0,779111859291.3501,19606555.49587864,368563.0
2024-01-23,ETH,eth,525689.0,269085896661.34576,120181806.61443816,1083406.0
2024-01-23,USDC,usdc,754172.0,29353671595.11873,29349131909.611336,2018332.0
2024-01-23,USDT,usdt,1205824.0,98390201428.03467,98458898468.11984,2429097.0
2024-01-24,BTC,btc,899326.0,786296878249.5127,19607492.99587857,368789.0
2024-01-24,ETH,eth,498167.0,268446522806.09372,120182877.79246943,1080129.0
2024-01-24,USDC,usdc,716149.0,29479600958.96834,29477749493.83349,1914692.0
2024-01-24,USDT,usdt,1145011.0,98423509848.84927,98458898466.42372,2322250.0
2024-01-25,BTC,btc,1101397.0,782730418148.3042,19608624.244873,347123.0
2024-01-25,ETH,eth,544086.0,266576971912.11264,120182674.223398,1173661.0
2024-01-25,USDC,usdc,729939.0,29615838870.295135,29615616270.01536,1976055.0
2024-01-25,USDT,usdt,1139517.0,98409835826.03372,98458898465.76929,2274712.0
2024-01-26,BTC,btc,892906.0,820871113388.8333,19609574.24487293,496525.0
2024-01-26,ETH,eth,548880.0,272440807967.29376,120182996.0889186,1172353.0
2024-01-26,USDC,usdc,1295680.0,29717612407.969616,29712405389.58447,2391705.0
2024-01-26,USDT,usdt,1256753.0,98449664860.46028,98458898461.85805,2295459.0
2024-01-27,BTC,btc,965883.0,826104247111.5658,19610642.9948698,603739.0
2024-01-27,ETH,eth,604147.0,272413026523.3142,120183971.5717192,1147736.0
2024-01-27,USDC,usdc,1215674.0,29731645375.493847,29731440542.707806,2035319.0
2024-01-27,USDT,usdt,1167152.0,98462970744.92453,98458898461.40463,2008614.0
2024-01-28,BTC,btc,898096.0,823356005467.9299,19611642.99486977,629248.0
2024-01-28,ETH,eth,569471.0,271028865337.021,120185076.0221102,1128110.0
2024-01-28,USDC,usdc,1114858.0,29759895489.87375,29759389861.42413,2135149.0
2024-01-28,USDT,usdt,1102899.0,98445839139.6846,98458898461.31046,1945938.0
2024-01-29,BTC,btc,959589.0,847624931690.9917,19612617.99486426,580828.0
2024-01-29,ETH,eth,555438.0,278222075744.9288,120185984.8370488,1115710.0
2024-01-29,USDC,usdc,1156891.0,30012820301.623665,30020043006.70141,2451562.0
2024-01-29,USDT,usdt,1265310.0,99460871986.81734,99458898460.41351,2373140.0
2024-01-30,BTC,btc,907924.0,842401659509.7396,19613517.99476277,524001.0
2024-01-30,ETH,eth,542307.0,282234361424.04767,120185535.68951578,1190513.0
2024-01-30,USDC,usdc,1146356.0,30231912115.485985,30235761175.587532,2425228.0
2024-01-30,USDT,usdt,1287274.0,99455521083.69174,99458898460.3012,2408010.0
2024-01-31,BTC,btc,870798.0,835364222162.0885,19614336.7445918,437107.0
2024-01-31,ETH,eth,515245.0,274526642060.58865,120185286.38084365,1137621.0
2024-01-31,USDC,usdc,1692190.0,30226123381.85764,30226293707.6432,3054129.0
2024-01-31,USDT,usdt,1539215.0,99390582358.86153,99458898460.1654,2649994.0
2024-02-01,BTC,btc,933880.0,843856959361.5793,19615292.99455433,410372.0
2024-02-01,ETH,eth,496021.0,276445467080.7744,120184719.41906488,1127338.0
2024-02-01,USDC,usdc,1250732.0,30184855510.32304,30183336170.255783,2490473.0
2024-02-01,USDT,usdt,1344309.0,99434099353.08784,99458898460.16536,2432840.0
2024-02-02,BTC,btc,932903.0,846556232629.2255,19616467.99455428,432087.0
2024-02-02,ETH,eth,508866.0,277170806876.5262,120184845.7622428,1108172.0
2024-02-02,USDC,usdc,1087278.0,30345088445.92464,30342253429.499176,2295061.0
2024-02-02,USDT,usdt,1274606.0,99413727906.10933,99458898460.16536,2314900.0
2024-02-03,BTC,btc,820828.0,843203026562.8827,19617411.74454332,515129.0
2024-02-03,ETH,eth,495027.0,275808350629.1824,120185283.8217874,1054604.0
2024-02-03,USDC,usdc,908154.0,30402086954.149647,30401265540.060722,1853827.0
2024-02-03,USDT,usdt,1091177.0,99441293943.40341,99458898460.12141,1946887.0
2024-02-04,BTC,btc,802004.0,835277882869.2004,19618380.49453234,331515.0
2024-02-04,ETH,eth,543243.0,274931718349.56335,120185971.73426248,1049649.0
2024-02-04,USDC,usdc,908231.0,30447077619.316936,30444626905.523304,2011748.0
2024-02-04,USDT,usdt,1047671.0,99417438457.8771,99458898460.11053,1894443.0
2024-02-05,BTC,btc,852467.0,836162692896.9808,19619355.4945323,281772.0
2024-02-05,ETH,eth,549186.0,276043369834.7498,120186323.95091148,1120237.0
2024-02-05,USDC,usdc,902827.0,30375435524.863293,30374710345.527855,2299832.0
2024-02-05,USDT,usdt,1247521.0,99334250005.11044,99458898460.11053,2319733.0
2024-02-06,BTC,btc,865722.0,845693113581.4185,19620417.99453229,280196.0
2024-02-06,ETH,eth,495537.0,285347504304.1385,120184890.20452288,1080846.0
2024-02-06,USDC,usdc,763250.0,30657962935.567997,30655978103.99437,1669510.0
2024-02-06,USDT,usdt,1163184.0,99440358172.64261,99458755372.18144,2159406.0
2024-02-07,BTC,btc,901234.0,868307228059.1835,19621417.99453227,425025.0
2024-02-07,ETH,eth,489939.0,291407572330.25616,120183019.99616557,1143018.0
2024-02-07,USDC,usdc,921677.0,30828390152.90717,30830324263.224472,2373150.0
2024-02-07,USDT,usdt,1184633.0,99446498969.48344,99458755372.08617,2244137.0
2024-02-08,BTC,btc,818130.0,889519016233.136,19622280.49453222,287438.0
2024-02-08,ETH,eth,456068.0,291061290860.5218,120179439.66069488,1052168.0
2024-02-08,USDC,usdc,891553.0,31049986960.92505,31049127669.79461,2446125.0
2024-02-08,USDT,usdt,1152784.0,99485886620.07437,99458755372.08617,2180482.0
2024-02-09,BTC,btc,950564.0,925768615916.4116,19623317.99453217,330447.0
2024-02-09,ETH,eth,470607.0,299329979260.55786,120174674.79206726,1075272.0
2024-02-09,USDC,usdc,877576.0,31242661931.77398,31244344013.80794,2316598.0
2024-02-09,USDT,usdt,1124029.0,99512991483.00243,99458755372.08617,2083157.0
2024-02-10,BTC,btc,963958.0,937900623195.3085,19624267.99453216,406003.0
2024-02-10,ETH,eth,472368.0,300496508640.7987,120173302.60043718,1010940.0
2024-02-10,USDC,usdc,816047.0,31275043552.40768,31273801593.24788,2231252.0
2024-02-10,USDT,usdt,938364.0,99500764465.17192,99458755372.08601,1713878.0
2024-02-11,BTC,btc,840255.0,945946661324.0156,19625124.24452782,323411.0
2024-02-11,ETH,eth,507304.0,300969179572.9267,120172745.76005316,1027275.0
2024-02-11,USDC,usdc,762635.0,31247554586.979797,31247323403.66728,2061387.0
2024-02-11,USDT,usdt,906913.0,99493075667.60098,99458755371.30498,1619220.0
2024-02-12,BTC,btc,1013562.0,981112034988.7357,19626242.99451125,413637.0
2024-02-12,ETH,eth,505729.0,319034809846.93195,120170843.57221256,984284.0
2024-02-12,USDC,usdc,809244.0,31140102628.085854,31130278655.08197,2172161.0
2024-02-12,USDT,usdt,1098398.0,99487062010.61453,99458755371.30394,2009867.0
2024-02-13,BTC,btc,843469.0,974054908900.8116,19627086.74447811,305214.0
2024-02-13,ETH,eth,522147.0,317056189146.525,120170484.5859923,1102512.0
2024-02-13,USDC,usdc,860837.0,31112860076.804337,31114019274.7088,2387218.0
2024-02-13,USDT,usdt,1143540.0,99509011164.57771,99458755370.91351,2142935.0
2024-02-14,BTC,btc,803805.0,1017597474063.2532,19627955.49447146,298455.0
2024-02-14,ETH,eth,550218.0,333999821754.6317,120170103.59243505,1130386.0
2024-02-14,USDC,usdc,910663.0,31255680320.31945,31251328643.17638,2785494.0
2024-02-14,USDT,usdt,1164106.0,99559412249.2518,99458755370.91063,2230693.0
2024-02-15,BTC,btc,892019.0,1019510236754.0828,19628936.74445056,309299.0
2024-02-15,ETH,eth,534338.0,339527152869.9586,120168806.72922128,1153897.0
2024-02-15,USDC,usdc,889787.0,28044529115.78528,28040971499.236862,2589153.0
2024-02-15,USDT,usdt,1199664.0,99576991028.15817,99458207924.2674,2285855.0
2024-02-16,BTC,btc,836256.0,1023836267564.0166,19629774.24444057,306995.0
2024-02-16,ETH,eth,545912.0,336797511655.58655,120168343.59247762,1179007.0
2024-02-16,USDC,usdc,818991.0,28038516781.551956,28040016349.871273,2536171.0
2024-02-16,USDT,usdt,1140571.0,99524699286.81537,99458207924.2674,2183334.0
2024-02-17,BTC,btc,850883.0,1014413414440.1022,19630711.74443719,330435.0
2024-02-17,ETH,eth,535786.0,334867852776.84424,120168685.91423167,1078511.0
2024-02-17,USDC,usdc,762839.0,28046486616.712513,28046904538.21047,2185634.0
2024-02-17,USDT,usdt,1020684.0,99484320910.76915,99458207924.2674,1921906.0
2024-02-18,BTC,btc,748090.0,1023743059920.6989,19631467.99443716,346126.0
2024-02-18,ETH,eth,504340.0,345753391043.1903,120168745.16264372,1093072.0
2024-02-18,USDC,usdc,753185.0,27996878250.06404,27999045446.39399,2161441.0
2024-02-18,USDT,usdt,1015566.0,99474319048.23596,99458207924.26692,1917265.0
2024-02-19,BTC,btc,867774.0,1017048408416.95,19632317.99442621,366190.0
2024-02-19,ETH,eth,537690.0,354316704848.2192,120167624.94466598,1146697.0
2024-02-19,USDC,usdc,794837.0,27969364680.02634,27969438213.400475,2497078.0
2024-02-19,USDT,usdt,1188831.0,99480606665.6666,99458207924.25888,2338506.0
2024-02-20,BTC,btc,866223.0,1026974429999.0883,19633199.24442615,396745.0
2024-02-20,ETH,eth,535843.0,362195802464.8157,120166105.7676435,1149756.0
2024-02-20,USDC,usdc,800535.0,27940788747.285774,27942297072.243862,2492877.0
2024-02-20,USDT,usdt,1207942.0,100478836117.12305,100458207924.25745,2393338.0
2024-02-21,BTC,btc,821320.0,1015951209301.8634,19634061.7444261,369350.0
2024-02-21,ETH,eth,494220.0,356289925059.19507,120164299.95825808,1100360.0
2024-02-21,USDC,usdc,798818.0,28005440924.3151,28003191612.577225,2458892.0
2024-02-21,USDT,usdt,1192545.0,100451132906.38635,100458207924.25533,2343398.0
2024-02-22,BTC,btc,855859.0,1007119959019.4268,19634905.49442602,366922.0
2024-02-22,ETH,eth,480307.0,357178747700.27185,120161644.2914488,1082822.0
2024-02-22,USDC,usdc,802511.0,27942458705.87987,27941204425.194782,2364241.0
2024-02-22,USDT,usdt,1187110.0,100394660282.07391,100458207924.25528,2345857.0
2024-02-23,BTC,btc,938307.0,997290498112.2657,19635899.24440955,403218.0
2024-02-23,ETH,eth,525471.0,351251792800.3474,120159730.86911128,1159988.0
2024-02-23,USDC,usdc,777731.0,28033713227.032295,28033408298.29661,2520687.0
2024-02-23,USDT,usdt,1134568.0,101442517836.5504,101458207924.25528,2266310.0
2024-02-24,BTC,btc,819174.0,1012829187887.0153,19636755.4944095,342157.0
2024-02-24,ETH,eth,542711.0,359292541323.70953,120159203.03701408,1101339.0
2024-02-24,USDC,usdc,765679.0,28039577890.7664,28040438359.962444,2188966.0
2024-02-24,USDT,usdt,1029413.0,101453395762.4688,101458207924.25516,1930176.0
2024-02-25,BTC,btc,894568.0,1016185995310.12,19637780.49437124,421219.0
2024-02-25,ETH,eth,563938.0,373901389054.7964,120158617.36255316,1102202.0
2024-02-25,USDC,usdc,728747.0,28078191974.094685,28076032839.24279,2015187.0
2024-02-25,USDT,usdt,1025221.0,101462221720.5294,101458207924.25514,1887298.0
2024-02-26,BTC,btc,887140.0,1071322129159.3308,19638611.74437117,355313.0
2024-02-26,ETH,eth,566336.0,381602696978.15137,120156810.46395949,1187460.0
2024-02-26,USDC,usdc,909263.0,28372059847.099144,28366482333.9127,2413205.0
2024-02-26,USDT,usdt,1286597.0,101548986545.94997,101458207924.25496,2421547.0
2024-02-27,BTC,btc,917983.0,1120426601291.386,19639417.99437111,388230.0
2024-02-27,ETH,eth,571866.0,389821991485.6635,120154154.68711562,1219667.0
2024-02-27,USDC,usdc,979624.0,28378358168.36565,28376133892.975395,2902124.0
2024-02-27,USDT,usdt,1376174.0,101519205397.97504,101458207924.25468,2554378.0
2024-02-28,BTC,btc,1054242.0,1226750759834.859,19640349.24436558,415406.0
2024-02-28,ETH,eth,583458.0,405699438502.2144,120150235.11012971,1227000.0
2024-02-28,USDC,usdc,1016220.0,28492548819.830135,28481441513.706276,3112000.0
2024-02-28,USDT,usdt,1462401.0,101593433358.21011,101458207924.25401,2806894.0
2024-02-29,BTC,btc,989364.0,1205865991757.463,19641180.49434917,407609.0
2024-02-29,ETH,eth,568518.0,402515295030.9694,120145341.71242917,1236458.0
2024-02-29,USDC,usdc,1166883.0,28563715060.881966,28562913107.902267,3237556.0
2024-02-29,USDT,usdt,1512770.0,101521891936.13548,101458207924.25388,2921086.0
2024-03-01,BTC,btc,1058499.0,1228113241125.587,19642142.99432728,415081.0
2024-03-01,ETH,eth,567634.0,413070896780.66864,120142043.66873632,1205380.0
2024-03-01,USDC,usdc,1087461.0,28800489481.7837,28798911751.57205,2909546.0
2024-03-01,USDT,usdt,1452765.0,101544004762.62263,101458207924.2532,2836691.0
2024-03-02,BTC,btc,843207.0,1218836653884.7495,19642936.74432721,342086.0
2024-03-02,ETH,eth,569559.0,410917409695.5157,120139363.0231518,1210225.0
2024-03-02,USDC,usdc,1076083.0,28786085043.98584,28788583395.296776,2745454.0
2024-03-02,USDT,usdt,1330378.0,101536827232.82028,101458207924.25194,2524747.0
2024-03-03,BTC,btc,868123.0,1237397939322.0188,19643905.49431723,385135.0
2024-03-03,ETH,eth,591186.0,418373036856.6305,120136404.14290728,1182830.0
2024-03-03,USDC,usdc,1211787.0,28765976602.6438,28766335984.10697,2841555.0
2024-03-03,USDT,usdt,1308781.0,102710625965.37112,102658207924.22612,2395170.0
2024-03-04,BTC,btc,889591.0,1337644545844.4673,19644711.74430514,358771.0
2024-03-04,ETH,eth,588463.0,436161092897.6109,120130401.55628268,1267200.0
2024-03-04,USDC,usdc,1209013.0,28609894560.739155,28609003172.248253,2961580.0
2024-03-04,USDT,usdt,1521268.0,103808563752.24112,103658207924.21924,2881704.0
2024-03-05,BTC,btc,1163884.0,1256356364718.29,19645755.494305,424703.0
2024-03-05,ETH,eth,582912.0,426791266257.23566,120123063.36964492,1303724.0
2024-03-05,USDC,usdc,1259976.0,28499318069.87653,28492043272.745743,3266166.0
2024-03-05,USDT,usdt,1647541.0,103776657401.57114,103658207924.21169,3117080.0
2024-03-06,BTC,btc,922558.0,1298715391395.494,19646630.49430491,381467.0
2024-03-06,ETH,eth,548248.0,458939871618.85944,120117294.99185725,1218992.0
2024-03-06,USDC,usdc,1308809.0,28838671275.325996,28841029130.471935,3157099.0
2024-03-06,USDT,usdt,1492432.0,103727785255.51596,103655252004.88864,2816774.0
2024-03-07,BTC,btc,1034779.0,1317782410417.2563,19647755.49427749,437969.0
2024-03-07,ETH,eth,574568.0,464677599356.7701,120112436.39610007,1228816.0
2024-03-07,USDC,usdc,1399672.0,28937772376.90819,28938604120.526047,3136394.0
2024-03-07,USDT,usdt,1505912.0,103835244682.46408,103655252004.84792,2792637.0
2024-03-08,BTC,btc,947450.0,1342866381837.3845,19648717.99427193,424558.0
2024-03-08,ETH,eth,561713.0,467872395755.07965,120108424.44405705,1212254.0
2024-03-08,USDC,usdc,1304867.0,29487645723.192085,29484032552.898853,3152055.0
2024-03-08,USDT,usdt,1459488.0,104898682307.52628,104655252004.84792,2697402.0
2024-03-09,BTC,btc,915625.0,1346056196239.3835,19649736.74426524,362520.0
2024-03-09,ETH,eth,553560.0,470114946488.1761,120105059.98604356,1160185.0
2024-03-09,USDC,usdc,1342282.0,29528467546.825573,29527570366.630695,2897528.0
2024-03-09,USDT,usdt,1379920.0,106888776866.08617,106655252000.648,2452934.0
2024-03-10,BTC,btc,862638.0,1353579668685.426,19650630.49424315,363011.0
2024-03-10,ETH,eth,539361.0,465068887749.35565,120101356.22604547,1157440.0
2024-03-10,USDC,usdc,1262588.0,29908241653.951286,29912214280.685177,2658299.0
2024-03-10,USDT,usdt,1364922.0,106763369277.6799,106655252000.648,2411292.0
2024-03-11,BTC,btc,1150718.0,1418814650993.1611,19651692.99423977,393001.0
2024-03-11,ETH,eth,595781.0,489142422840.4447,120096736.69548266,1245874.0
2024-03-11,USDC,usdc,1268751.0,30221332462.9122,30222960282.74193,2938218.0
2024-03-11,USDT,usdt,1555489.0,106687830255.12848,106655252000.648,2853833.0
2024-03-12,BTC,btc,1016389.0,1403836996419.445,19652574.24421644,344882.0
2024-03-12,ETH,eth,578377.0,476900334294.7112,120092877.28436963,1232719.0
2024-03-12,USDC,usdc,1211398.0,30147401298.980663,30151229240.14146,2801102.0
2024-03-12,USDT,usdt,1513594.0,106679349601.7342,106655252000.57114,2822784.0
2024-03-13,BTC,btc,1093495.0,1436314177938.6284,19653574.24420429,387845.0
2024-03-13,ETH,eth,603003.0,480908185956.49365,120089008.00835247,1277221.0
2024-03-13,USDC,usdc,1257076.0,30437646052.620056,30438197775.34697,2598903.0
2024-03-13,USDT,usdt,1554616.0,106723844979.94814,106653664155.49608,2803860.0
2024-03-14,BTC,btc,1000634.0,1405397203963.9863,19654455.49419763,330080.0
2024-03-14,ETH,eth,612536.0,466280907046.3074,120085865.81549077,1300877.0
2024-03-14,USDC,usdc,1386708.0,30296513532.620636,30294428082.01217,2868600.0
2024-03-14,USDT,usdt,1662691.0,106622648346.3138,106653664155.3555,2971972.0
2024-03-15,BTC,btc,963220.0,1364563991872.797,19655249.24419096,311078.0
2024-03-15,ETH,eth,675933.0,448743632254.6925,120083800.60070676,1312102.0
2024-03-15,USDC,usdc,1392370.0,30660562728.768032,30663412198.082794,2993338.0
2024-03-15,USDT,usdt,1702490.0,106663069264.33034,106650944359.45886,3059856.0
2024-03-16,BTC,btc,916345.0,1286174217035.593,19656149.24418545,355299.0
2024-03-16,ETH,eth,670469.0,422628470884.09955,120082678.99565735,1275332.0
2024-03-16,USDC,usdc,1475494.0,30744475480.21031,30745792713.89383,2943441.0
2024-03-16,USDT,usdt,1579342.0,106590773862.98431,106650944359.45844,2722859.0
2024-03-17,BTC,btc,861558.0,1342284214005.9248,19657061.74418201,365645.0
2024-03-17,ETH,eth,664906.0,436914677347.1422,120082552.90388831,1204019.0
2024-03-17,USDC,usdc,1449343.0,30679916366.442013,30682943033.179607,2889130.0
2024-03-17,USDT,usdt,1501245.0,106579545482.2444,106650944359.45844,2569390.0
2024-03-18,BTC,btc,910571.0,1332237494666.7705,19657961.74415137,417117.0
2024-03-18,ETH,eth,659801.0,423880484898.4879,120081186.3183289,1281387.0
2024-03-18,USDC,usdc,1495896.0,31004870619.96354,31003771371.95741,3110831.0
2024-03-18,USDT,usdt,1675849.0,106642457090.00545,106650944359.45844,2989022.0
2024-03-19,BTC,btc,974102.0,1218251084304.752,19658942.99414585,459004.0
2024-03-19,ETH,eth,650497.0,380151343242.56384,120079422.7654418,1377677.0
2024-03-19,USDC,usdc,1468426.0,30903626442.60131,30899913254.748924,3373741.0
2024-03-19,USDT,usdt,1700516.0,107591660178.8114,107650944359.45844,3100399.0
2024-03-20,BTC,btc,942142.0,1333885263897.7363,19659874.24412035,360623.0
2024-03-20,ETH,eth,692050.0,422563427536.4576,120078061.9838444,1370939.0
2024-03-20,USDC,usdc,1306932.0,31032301985.25504,31029000587.55881,3155509.0
2024-03-20,USDT,usdt,1570278.0,107678843063.91208,107650944359.45844,2914624.0
2024-03-21,BTC,btc,819742.0,1286880964052.164,19660624.24410392,328692.0
2024-03-21,ETH,eth,690508.0,419014699224.6883,120077244.09572916,1331198.0
2024-03-21,USDC,usdc,1286968.0,31528778369.965527,31527011790.11026,2873056.0
2024-03-21,USDT,usdt,1536647.0,107624592022.21712,107650744359.45844,2792306.0
2024-03-22,BTC,btc,915500.0,1248237492815.0354,19661467.993082,347556.0
2024-03-22,ETH,eth,696307.0,398278418620.5121,120077068.10582072,1323924.0
2024-03-22,USDC,usdc,1214044.0,31746634298.007835,31746436935.09455,2903322.0
2024-03-22,USDT,usdt,1483924.0,107670084525.4724,107650744359.45844,2774862.0
2024-03-23,BTC,btc,908728.0,1265499269578.2336,19662442.99308194,315648.0
2024-03-23,ETH,eth,700773.0,402826224098.8334,120077520.31624232,1297609.0
2024-03-23,USDC,usdc,1114233.0,31759640059.954617,31760205591.36678,2554858.0
2024-03-23,USDT,usdt,1277089.0,107664109058.28143,107650744359.45844,2345273.0
2024-03-24,BTC,btc,918817.0,1323148747346.792,19663505.49308191,331993.0
2024-03-24,ETH,eth,679695.0,414906995990.66846,120077986.55509923,1230758.0
2024-03-24,USDC,usdc,1137198.0,31754227688.75739,31753032519.07624,2677410.0
2024-03-24,USDT,usdt,1277042.0,107651595520.3824,107650744359.45844,2276671.0
2024-03-25,BTC,btc,918815.0,1377329438014.7817,19664330.49307314,320633.0
2024-03-25,ETH,eth,660352.0,431793897935.09674,120077710.9564014,1279190.0
2024-03-25,USDC,usdc,1279284.0,31975669195.089203,31972311883.325043,2908106.0
2024-03-25,USDT,usdt,1543836.0,107689582034.93498,107650744359.45844,2868123.0
2024-03-26,BTC,btc,851577.0,1377958914921.447,19665167.9930425,313314.0
2024-03-26,ETH,eth,608189.0,431468093653.6476,120076875.65423667,1315082.0
2024-03-26,USDC,usdc,1296432.0,32019349420.60578,32018115982.43368,2954254.0
2024-03-26,USDT,usdt,1579856.0,107660314106.52225,107650744359.4556,2848709.0
2024-03-27,BTC,btc,865580.0,1362223531385.005,19666017.9930282,358499.0
2024-03-27,ETH,eth,573286.0,420064182413.07715,120075548.46248898,1272273.0
2024-03-27,USDC,usdc,1334417.0,31823479295.110783,31820035340.669807,3002228.0
2024-03-27,USDT,usdt,1532927.0,107605535417.30923,107650744359.19092,2740040.0
2024-03-28,BTC,btc,942681.0,1392950313815.1062,19666967.99301939,433584.0
2024-03-28,ETH,eth,596032.0,428203988053.2546,120074372.07952341,1287078.0
2024-03-28,USDC,usdc,1395010.0,32176406302.01352,32174883005.785927,3064996.0
2024-03-28,USDT,usdt,1564298.0,107666047067.60872,107650744359.18304,2680414.0
2024-03-29,BTC,btc,847610.0,1375119172323.9653,19667867.99301605,451776.0
2024-03-29,ETH,eth,642512.0,422216663301.2888,120074024.08878297,1304561.0
2024-03-29,USDC,usdc,1344519.0,32214871241.017258,32207696241.812817,3000996.0
2024-03-29,USDT,usdt,1467505.0,107728139953.44762,107650744359.18304,2539696.0
2024-03-30,BTC,btc,826192.0,1370190408232.7249,19668836.74301601,486300.0
2024-03-30,ETH,eth,650692.0,421001603763.6652,120074095.68516427,1239605.0
2024-03-30,USDC,usdc,1404712.0,32212107559.23896,32213029735.21476,2935945.0
2024-03-30,USDT,usdt,1352271.0,107697215105.33696,107650744359.18304,2346259.0
2024-03-31,BTC,btc,691124.0,1401022109461.656,19669692.99300506,315001.0
2024-03-31,ETH,eth,653977.0,437637607654.5576,120074202.87891024,1245309.0
2024-03-31,USDC,usdc,1311410.0,32212520926.449535,32209128324.18464,2553395.0
2024-03-31,USDT,usdt,1302299.0,107658784795.06276,107650744359.16344,2222189.0
2024-04-01,BTC,btc,970510.0,1372845320592.963,19670630.49299956,330165.0
2024-04-01,ETH,eth,611993.0,421518400640.9793,120073929.76233888,1245715.0
2024-04-01,USDC,usdc,1391070.0,32280560668.76522,32279848922.951954,2775614.0
2024-04-01,USDT,usdt,1535710.0,107694893522.59048,107650744359.16344,2736476.0
2024-04-02,BTC,btc,953501.0,1289150894904.9507,19671555.49299954,358331.0
2024-04-02,ETH,eth,546109.0,394198014695.4115,120072288.40194558,1239577.0
2024-04-02,USDC,usdc,1470029.0,32691847917.759647,32692317802.049065,2915372.0
2024-04-02,USDT,usdt,1573786.0,108830652686.02122,108800744359.15628,2810139.0
2024-04-03,BTC,btc,965290.0,1300942909083.0212,19672442.99299949,369696.0
2024-04-03,ETH,eth,537711.0,398308647929.8092,120071343.5214341,1211600.0
2024-04-03,USDC,usdc,1390599.0,32687025241.626884,32686034497.758583,2581442.0
2024-04-03,USDT,usdt,1476639.0,109842249106.09695,109800744359.08595,2691156.0
2024-04-04,BTC,btc,978380.0,1346404337707.1921,19673305.49297218,324609.0
2024-04-04,ETH,eth,569904.0,399572072652.4788,120070874.51021045,1234719.0
2024-04-04,USDC,usdc,1296995.0,32766310186.59653,32762968387.302246,2214067.0
2024-04-04,USDT,usdt,1383106.0,109856358688.63567,109800744359.08595,2487438.0
2024-04-05,BTC,btc,950040.0,1335976840644.8728,19674230.49293393,346357.0
2024-04-05,ETH,eth,599968.0,399078541470.16974,120071235.64427099,1242174.0
2024-04-05,USDC,usdc,1061568.0,32656494637.788315,32653565146.233208,1950178.0
2024-04-05,USDT,usdt,1385157.0,110841242592.08353,110800744359.08595,2504257.0
2024-04-06,BTC,btc,907389.0,1360265973337.5532,19675199.24290541,433426.0
2024-04-06,ETH,eth,628725.0,404429950925.5345,120072331.20702788,1201522.0
2024-04-06,USDC,usdc,919895.0,32690161914.35984,32688925227.92292,1698379.0
2024-04-06,USDT,usdt,1157158.0,110826544576.6628,110800744359.07349,2072604.0
2024-04-07,BTC,btc,833045.0,1365388593961.6086,19676261.74288233,526443.0
2024-04-07,ETH,eth,622065.0,413954386217.28394,120073199.70723993,1177838.0
2024-04-07,USDC,usdc,865528.0,32693899918.52059,32694933422.35613,1626723.0
2024-04-07,USDT,usdt,1153208.0,110775817164.31436,110800744359.01147,2044896.0
2024-04-08,BTC,btc,896193.0,1411110586059.4548,19677249.24284075,454644.0
2024-04-08,ETH,eth,598540.0,444293084869.32416,120073220.9838935,1221235.0
2024-04-08,USDC,usdc,999723.0,32466456636.91472,32469223743.765076,1966536.0
2024-04-08,USDT,usdt,1397578.0,110778421584.4578,110800744359.01147,2530514.0
2024-04-09,BTC,btc,890535.0,1359260007106.1987,19678161.74280136,450513.0
2024-04-09,ETH,eth,565994.0,420164384263.2175,120072889.72385426,1226401.0
2024-04-09,USDC,usdc,967171.0,32134964802.853626,32135937181.767136,2099060.0
2024-04-09,USDT,usdt,1357957.0,110757201799.61063,110799177836.79694,2492907.0
2024-04-10,BTC,btc,846297.0,1388940357095.897,19679105.49278382,538372.0
2024-04-10,ETH,eth,590235.0,425217575814.1802,120073328.3424378,1207941.0
2024-04-10,USDC,usdc,1006178.0,32026798685.90435,32027488303.987064,2107887.0
2024-04-10,USDT,usdt,1345605.0,110794579356.696,110799177836.79694,2437067.0
2024-04-11,BTC,btc,748021.0,1378511306220.9265,19679930.49278382,479937.0
2024-04-11,ETH,eth,582348.0,420750811051.75946,120073717.89095107,1213672.0
2024-04-11,USDC,usdc,1131942.0,32065968026.853313,32065459994.59804,2134747.0
2024-04-11,USDT,usdt,1380665.0,110815350150.78265,110799177836.79694,2457551.0
2024-04-12,BTC,btc,832502.0,1320543247051.6003,19680780.49277836,441977.0
2024-04-12,ETH,eth,633107.0,388428557773.26245,120073188.76768366,1322052.0
2024-04-12,USDC,usdc,1223670.0,31780696407.08126,31777292468.93763,2319509.0
2024-04-12,USDT,usdt,1487430.0,110849225967.42825,110799177836.79692,2663602.0
2024-04-13,BTC,btc,869723.0,1270492985833.1172,19681805.49276744,510750.0
2024-04-13,ETH,eth,576579.0,363861021415.1023,120071084.7372016,1162426.0
2024-04-13,USDC,usdc,1235978.0,32236872644.39118,32231095487.006676,2764281.0
2024-04-13,USDT,usdt,1382287.0,110968088497.84093,110799177836.79692,2445221.0
2024-04-14,BTC,btc,839158.0,1292151526364.2095,19682786.74276744,468144.0
2024-04-14,ETH,eth,578258.0,379290245495.98035,120072241.47598812,1133064.0
2024-04-14,USDC,usdc,1118362.0,32138420324.35133,32129408153.724728,2647719.0
2024-04-14,USDT,usdt,1262002.0,110925377825.01897,110799177836.77446,2255489.0
2024-04-15,BTC,btc,813736.0,1247813165529.8499,19683667.99275647,503794.0
2024-04-15,ETH,eth,600397.0,372597525247.19354,120073140.3577293,1187906.0
2024-04-15,USDC,usdc,1135942.0,32241478721.10674,32238144499.80835,2483753.0
2024-04-15,USDT,usdt,1438325.0,110845737418.76865,110799177836.77426,2661229.0
2024-04-16,BTC,btc,941086.0,1255585004528.3425,19684699.24275641,453968.0
2024-04-16,ETH,eth,623665.0,370845872685.8602,120074401.97765107,1178451.0
2024-04-16,USDC,usdc,1205168.0,32397080782.23826,32398837803.083805,2847183.0
2024-04-16,USDT,usdt,1418948.0,111837887395.91087,111799177836.77426,2627766.0
2024-04-17,BTC,btc,794595.0,1207201304926.8154,19685555.4927367,385424.0
2024-04-17,ETH,eth,620637.0,358407794282.978,120075320.40165684,1245968.0
2024-04-17,USDC,usdc,1251905.0,32359447001.17155,32359627401.84844,2842924.0
2024-04-17,USDT,usdt,1385525.0,111784208620.93356,111799177836.77426,2573337.0
2024-04-18,BTC,btc,823945.0,1250290039869.588,19686461.74273122,416810.0
2024-04-18,ETH,eth,609816.0,368371393128.8903,120076497.74857728,1235484.0
2024-04-18,USDC,usdc,1131259.0,32848149126.553272,32845931877.90567,2766735.0
2024-04-18,USDT,usdt,1357185.0,111862000210.51936,111799177836.77426,2513798.0
2024-04-19,BTC,btc,880733.0,1255319975339.04,19687392.99271483,398632.0
2024-04-19,ETH,eth,580759.0,366954029574.24347,120077778.95054004,1182165.0
2024-04-19,USDC,usdc,1080492.0,33668395874.042133,33668175507.871586,2982077.0
2024-04-19,USDT,usdt,1366812.0,112852800301.98083,112799177836.77426,2539335.0
2024-04-20,BTC,btc,509709.0,1277895532215.4429,19687799.24271483,630654.0
2024-04-20,ETH,eth,635686.0,378914210958.9692,120079459.85341412,1152540.0
2024-04-20,USDC,usdc,1013159.0,33717965578.06895,33717886573.445145,2770912.0
2024-04-20,USDT,usdt,1177521.0,112846655588.72543,112799177836.75372,2115125.0
2024-04-21,BTC,btc,565959.0,1279109157045.1768,19688236.74271483,644793.0
2024-04-21,ETH,eth,606734.0,377974604229.9478,120081155.65518814,1133785.0
2024-04-21,USDC,usdc,913889.0,33699945094.29542,33697596270.031593,2591181.0
2024-04-21,USDT,usdt,1102103.0,112821200326.06786,112799177836.75372,1974664.0
2024-04-22,BTC,btc,659537.0,1318052855171.249,19688711.74270937,673406.0
2024-04-22,ETH,eth,565977.0,384960384027.46893,120082563.63915487,1178253.0
2024-04-22,USDC,usdc,1062558.0,33578469302.15326,33574564311.041443,2793070.0
2024-04-22,USDT,usdt,1336016.0,112858481914.88132,112799177836.75372,2464493.0
2024-04-23,BTC,btc,547174.0,1307075893683.7517,19689236.74270937,928131.0
2024-04-23,ETH,eth,558590.0,386402185570.2923,120083775.9773962,1199365.0
2024-04-23,USDC,usdc,1056724.0,33416443312.214672,33416921240.927757,2776837.0
2024-04-23,USDT,usdt,1332367.0,112804604421.9634,112798679684.02316,2470527.0
2024-04-24,BTC,btc,835569.0,1263882566632.7507,19689721.11769845,600768.0
2024-04-24,ETH,eth,539490.0,376228123879.4441,120084752.2478463,1171434.0
2024-04-24,USDC,usdc,1170605.0,33180035044.96635,33178658339.158543,3029483.0
2024-04-24,USDT,usdt,1340603.0,112741273546.48584,112798679684.02316,2481211.0
2024-04-25,BTC,btc,818807.0,1270318817448.1624,19690167.99269845,525222.0
2024-04-25,ETH,eth,565454.0,379269960296.0585,120086032.91464226,1186539.0
2024-04-25,USDC,usdc,1053098.0,33050470248.088055,33051173014.97456,2945885.0
2024-04-25,USDT,usdt,1280194.0,112781974898.26665,112798679684.02316,2385751.0
2024-04-26,BTC,btc,847289.0,1255815635501.8833,19690583.61769845,440854.0
2024-04-26,ETH,eth,615496.0,375855424827.6707,120087758.47716764,1177416.0
2024-04-26,USDC,usdc,748181.0,33127104390.53255,33129993560.916557,1933998.0
2024-04-26,USDT,usdt,1162333.0,112901391868.02144,112948679684.02316,2194540.0
2024-04-27,BTC,btc,856864.0,1248987882000.5325,19691021.11769845,459297.0
2024-04-27,ETH,eth,622222.0,390659207165.8136,120089623.43921731,1103918.0
2024-04-27,USDC,usdc,901880.0,33143231489.943027,33144732189.745457,2649871.0
2024-04-27,USDT,usdt,1083689.0,112865757173.94896,112948679684.02316,2018207.0
2024-04-28,BTC,btc,707117.0,1240140042894.858,19691458.61769844,480244.0
2024-04-28,ETH,eth,631340.0,391842597626.8832,120091410.86791004,1140939.0
2024-04-28,USDC,usdc,866727.0,33150648445.556644,33144264648.0058,2451042.0
2024-04-28,USDT,usdt,1083161.0,112919798206.84901,112948679684.02316,1915720.0
2024-04-29,BTC,btc,856192.0,1258475557385.6252,19691867.99269843,400991.0
2024-04-29,ETH,eth,634789.0,386753524919.1743,120092972.8148814,1224677.0
2024-04-29,USDC,usdc,887048.0,32968243682.432453,32967851512.87444,2637985.0
2024-04-29,USDT,usdt,1285017.0,112916322053.95029,112948679683.9956,2366665.0
2024-04-30,BTC,btc,827915.0,1194069248252.2043,19692308.61769843,501881.0
2024-04-30,ETH,eth,615440.0,361775569243.8784,120093965.06131436,1262466.0
2024-04-30,USDC,usdc,1050599.0,32804507182.96639,32803911369.9901,2948851.0
2024-04-30,USDT,usdt,1362484.0,112841076661.1287,112948679683.9956,2519915.0
2024-05-01,BTC,btc,781183.0,1144969805261.1355,19692721.11769297,477225.0
2024-05-01,ETH,eth,589497.0,356726195602.6768,120095489.87910908,1206626.0
2024-05-01,USDC,usdc,995998.0,32637327505.573853,32646373934.405502,3067532.0
2024-05-01,USDT,usdt,1309193.0,112760469568.58096,112948679683.9876,2394878.0
2024-05-02,BTC,btc,744998.0,1165247264400.3933,19693174.24267659,563418.0
2024-05-02,ETH,eth,631566.0,358917057221.0322,120097142.43338342,1223696.0
2024-05-02,USDC,usdc,941870.0,32775734124.18131,32773659911.49348,2838164.0
2024-05-02,USDT,usdt,1326390.0,112956862480.37093,112948679683.9165,2349841.0
2024-05-03,BTC,btc,731936.0,1240373492062.4695,19693577.36767659,437975.0
2024-05-03,ETH,eth,626688.0,373196143883.51495,120098910.10919176,1194608.0
2024-05-03,USDC,usdc,912285.0,33076206205.52618,33071703491.92303,2635155.0
2024-05-03,USDT,usdt,1282626.0,113009407703.91132,112948679683.9165,2316781.0
2024-05-04,BTC,btc,613171.0,1258076134304.8257,19694017.99266567,668343.0
2024-05-04,ETH,eth,647201.0,374336891693.35986,120100806.46787848,1163073.0
2024-05-04,USDC,usdc,848537.0,33188006918.606346,33187061221.734943,2479924.0
2024-05-04,USDT,usdt,1132603.0,112964808036.07576,112948679683.89668,2000582.0
2024-05-05,BTC,btc,573428.0,1261776217571.7017,19694452.36766567,626139.0
2024-05-05,ETH,eth,634400.0,376981046697.4079,120102714.96597175,1145911.0
2024-05-05,USDC,usdc,775595.0,33218010965.58766,33218576514.557976,2126011.0
2024-05-05,USDT,usdt,1087940.0,112961671584.4063,112948679683.89668,1920138.0
2024-05-06,BTC,btc,670316.0,1245266971187.337,19694833.61766567,507965.0
2024-05-06,ETH,eth,605873.0,368423882518.27655,120104575.57003312,1190232.0
2024-05-06,USDC,usdc,901701.0,32850549311.857807,32854167915.10377,2453446.0
2024-05-06,USDT,usdt,1315875.0,112939520438.77512,112948679683.794,2430687.0
2024-05-07,BTC,btc,702887.0,1228922316589.07,19695214.86765475,373579.0
2024-05-07,ETH,eth,605694.0,362079795679.00385,120106416.53566204,1231931.0
2024-05-07,USDC,usdc,913004.0,32897539273.517952,32899809871.283535,2430823.0
2024-05-07,USDT,usdt,1321022.0,112958955480.2846,112948679683.60684,2445222.0
2024-05-08,BTC,btc,697417.0,1202993674653.4016,19695611.74265472,453934.0
2024-05-08,ETH,eth,588088.0,356770689460.9599,120108392.45589855,1159221.0
2024-05-08,USDC,usdc,901263.0,32705527179.72491,32707214260.41953,2342525.0
2024-05-08,USDT,usdt,1307191.0,112899735214.23335,112948679683.48373,2431823.0
2024-05-09,BTC,btc,671205.0,1240822352263.6616,19696064.8676547,521126.0
2024-05-09,ETH,eth,579657.0,364472369946.5974,120110405.04159932,1126649.0
2024-05-09,USDC,usdc,896412.0,32723762473.11686,32721009368.227383,2203131.0
2024-05-09,USDT,usdt,1277792.0,112941591427.0032,112948679683.48373,2318935.0
2024-05-10,BTC,btc,606931.0,1199451802640.4268,19696517.99264919,720578.0
2024-05-10,ETH,eth,611791.0,349629483363.7655,120112245.43555313,1154535.0
2024-05-10,USDC,usdc,915326.0,32734237913.068867,32731127738.547905,2245171.0
2024-05-10,USDT,usdt,1586001.0,112931255005.0932,112948679412.33775,2687203.0
2024-05-11,BTC,btc,612137.0,1198436760485.3406,19697014.86764918,712455.0
2024-05-11,ETH,eth,595395.0,349690007700.89264,120114266.68889616,1113685.0
2024-05-11,USDC,usdc,792684.0,32744121181.28681,32745143357.606434,2029263.0
2024-05-11,USDT,usdt,1209548.0,112923051715.50732,112948679412.29977,2091915.0
2024-05-12,BTC,btc,573640.0,1210038071267.0505,19697427.36764917,562310.0
2024-05-12,ETH,eth,617082.0,352003901545.8455,120116376.5563554,1055429.0
2024-05-12,USDC,usdc,766490.0,32732209740.43905,32734129336.35247,1968112.0
2024-05-12,USDT,usdt,1128117.0,112883464036.90169,112948679412.26369,1942161.0
2024-05-13,BTC,btc,746125.0,1238739810860.9,19697886.7426437,541770.0
2024-05-13,ETH,eth,575636.0,354167408644.9484,120118014.1159097,1163122.0
2024-05-13,USDC,usdc,990368.0,32755610038.45492,32754576235.289852,2521416.0
2024-05-13,USDT,usdt,1426730.0,112932895276.0114,112948679412.25844,2517162.0
2024-05-14,BTC,btc,686207.0,1212540748352.6196,19698311.74263277,422749.0
2024-05-14,ETH,eth,583373.0,346070984481.23694,120119774.19033767,1182521.0
2024-05-14,USDC,usdc,971036.0,32532741812.6337,32534091494.1997,2429538.0
2024-05-14,USDT,usdt,1458941.0,112890232302.58469,112948679412.25844,2557169.0
2024-05-15,BTC,btc,714393.0,1305663490423.4849,19698752.36763277,499145.0
2024-05-15,ETH,eth,613829.0,363830966552.9596,120121504.49340624,1197067.0
2024-05-15,USDC,usdc,1068649.0,32868335466.865852,32867186412.67006,2699498.0
2024-05-15,USDT,usdt,1527638.0,112946847608.45312,112948679405.82481,2749882.0
2024-05-16,BTC,btc,689540.0,1285751959588.0232,19699196.11762728,481822.0
2024-05-16,ETH,eth,604917.0,353324561848.84485,120123473.57501306,1218766.0
2024-05-16,USDC,usdc,1117844.0,32922437270.741825,32924717452.592407,2678338.0
2024-05-16,USDT,usdt,1574345.0,113954686623.86893,113948679405.82481,2786583.0
2024-05-17,BTC,btc,743911.0,1319020493592.986,19699680.49262727,564502.0
2024-05-17,ETH,eth,569230.0,371486331178.9643,120125362.05351332,1112590.0
2024-05-17,USDC,usdc,1060639.0,33032643399.14254,33032571114.343742,2614161.0
2024-05-17,USDT,usdt,1542635.0,113980820058.49619,113948679405.79652,2730339.0
2024-05-18,BTC,btc,650957.0,1319464124823.7952,19700080.49262727,399736.0
2024-05-18,ETH,eth,641401.0,375108822274.84827,120127494.10788769,1082308.0
2024-05-18,USDC,usdc,935934.0,33098062163.01325,33096557038.70091,2443780.0
2024-05-18,USDT,usdt,1359460.0,113977173961.45264,113948679405.78964,2353987.0
2024-05-19,BTC,btc,637953.0,1305348788162.1487,19700561.74262181,641786.0
2024-05-19,ETH,eth,579016.0,368816741820.6226,120129648.57129648,1022057.0
2024-05-19,USDC,usdc,859253.0,33050977528.26118,33051798076.65585,2386729.0
2024-05-19,USDT,usdt,1260942.0,113931242432.95752,113948679405.7813,2175881.0
2024-05-20,BTC,btc,706063.0,1402758099414.36,19701049.24261848,632582.0
2024-05-20,ETH,eth,546790.0,439907646002.6881,120130611.89691344,1124081.0
2024-05-20,USDC,usdc,1024658.0,32899722271.518448,32903046893.23764,2930383.0
2024-05-20,USDT,usdt,1497144.0,113942943046.10408,113948679405.75604,2716590.0
2024-05-21,BTC,btc,746087.0,1383383873548.006,19701480.49261845,544407.0
2024-05-21,ETH,eth,560062.0,456126094381.7448,120131628.16054732,1198696.0
2024-05-21,USDC,usdc,1117356.0,32825766732.997017,32824590295.117237,2920475.0
2024-05-21,USDT,usdt,1548023.0,114923054296.767,114948679387.82803,2809863.0
2024-05-22,BTC,btc,709347.0,1360911099802.7354,19701958.61760751,587003.0
2024-05-22,ETH,eth,552922.0,449413617718.12213,120132985.6620242,1188672.0
2024-05-22,USDC,usdc,1104379.0,32734271109.773148,32747623489.012295,3066505.0
2024-05-22,USDT,usdt,1432693.0,114848921488.47192,114948679387.54872,2626983.0
2024-05-23,BTC,btc,728396.0,1335015492496.5051,19702486.74257751,736406.0
2024-05-23,ETH,eth,519468.0,452538666485.0124,120134246.11523448,1156304.0
2024-05-23,USDC,usdc,1034208.0,32355165933.55166,32367633806.73167,2988108.0
2024-05-23,USDT,usdt,1388266.0,114850234949.0823,114948679387.37944,2602954.0
2024-05-24,BTC,btc,663534.0,1351802183524.9346,19702986.74256659,739561.0
2024-05-24,ETH,eth,553536.0,447869134955.31824,120135880.26236103,1164101.0
2024-05-24,USDC,usdc,926081.0,32330453415.65213,32332664425.63447,2793670.0
2024-05-24,USDT,usdt,1339970.0,114932081100.11243,114948679387.2676,2538184.0
2024-05-25,BTC,btc,591356.0,1365112585433.804,19703486.74255113,844733.0
2024-05-25,ETH,eth,598267.0,450284938731.45514,120137902.61970636,1157033.0
2024-05-25,USDC,usdc,836100.0,32289553840.04332,32290142213.13545,2514072.0
2024-05-25,USDT,usdt,1155971.0,114935050489.64735,114948679382.1897,2180999.0
2024-05-26,BTC,btc,538911.0,1348641220725.702,19704011.74255105,852881.0
2024-05-26,ETH,eth,533284.0,459478056408.91113,120139841.99986655,1139013.0
2024-05-26,USDC,usdc,834295.0,32197518810.204147,32199291279.722595,2504849.0
2024-05-26,USDT,usdt,1118947.0,114909960041.5868,114948679382.1854,2091839.0
2024-05-27,BTC,btc,612909.0,1366456821776.78,19704396.11754556,549315.0
2024-05-27,ETH,eth,498242.0,467072767784.0712,120140750.35135107,1159616.0
2024-05-27,USDC,usdc,971659.0,32091198331.146214,32094964705.4642,2622831.0
2024-05-27,USDT,usdt,1333439.0,114838659795.02748,114948679382.15942,2542814.0
2024-05-28,BTC,btc,653177.0,1346682624470.3232,19704814.86754006,594169.0
2024-05-28,ETH,eth,461484.0,461937527003.6465,120141558.04198451,1105315.0
2024-05-28,USDC,usdc,984981.0,31848838110.911247,31848384113.03779,2834418.0
2024-05-28,USDT,usdt,1351169.0,114816354965.43648,114948679361.93788,2566844.0
2024-05-29,BTC,btc,559784.0,1331764329620.136,19705242.99254002,721240.0
2024-05-29,ETH,eth,520099.0,452931893656.4989,120142804.7546045,1172771.0
2024-05-29,USDC,usdc,981674.0,31878530959.544167,31877208553.17637,2474076.0
2024-05-29,USDT,usdt,1329230.0,114823159210.6944,114948679360.40993,2630154.0
2024-05-30,BTC,btc,649063.0,1347381651646.683,19705627.36754001,510008.0
2024-05-30,ETH,eth,495167.0,450249699917.0199,120143935.043089,1149944.0
2024-05-30,USDC,usdc,954037.0,32021216180.001575,32021118378.831203,2388204.0
2024-05-30,USDT,usdt,1358676.0,114917097226.5102,114948679358.51495,2606174.0
2024-05-31,BTC,btc,656289.0,1327752245108.245,19706089.86751266,713689.0
2024-05-31,ETH,eth,505517.0,451203485747.2596,120145232.47770359,1175396.0
2024-05-31,USDC,usdc,900158.0,32021683740.290867,32022243068.75058,2444619.0
2024-05-31,USDT,usdt,1408764.0,114836235685.08421,114948679358.51495,2707467.0
2024-06-01,BTC,btc,570980.0,1334414955080.0835,19706530.49250719,737521.0
2024-06-01,ETH,eth,490287.0,458164117547.7568,120147015.0623939,1119675.0
2024-06-01,USDC,usdc,815934.0,32015243552.80402,32013833521.50218,2083393.0
2024-06-01,USDT,usdt,1302871.0,114869812433.92049,114948679358.3526,2421825.0
2024-06-02,BTC,btc,536181.0,1336240533927.6711,19706967.99250718,729457.0
2024-06-02,ETH,eth,476034.0,454319407953.3998,120148646.57521226,1076974.0
2024-06-02,USDC,usdc,832549.0,31989968131.850826,31990319127.939373,2285269.0
2024-06-02,USDT,usdt,1195986.0,114887430478.68996,114948679358.35255,2296031.0
2024-06-03,BTC,btc,689745.0,1356529467104.4695,19707458.61712567,758731.0
2024-06-03,ETH,eth,474371.0,452663028946.5335,120149901.66226847,1152786.0
2024-06-03,USDC,usdc,950041.0,31908694361.87499,31910718339.676075,2373395.0
2024-06-03,USDT,usdt,1436643.0,114925444174.27235,114948679358.35255,2828489.0
2024-06-04,BTC,btc,637180.0,1390471342294.432,19707877.36709835,636795.0
2024-06-04,ETH,eth,516994.0,458039955478.5173,120151420.9507085,1164380.0
2024-06-04,USDC,usdc,931232.0,31974780063.005577,31974283060.153343,2437456.0
2024-06-04,USDT,usdt,1400200.0,114960215897.77664,114948679358.32256,2631582.0
2024-06-05,BTC,btc,592424.0,1401009939445.891,19708261.74209288,562197.0
2024-06-05,ETH,eth,483558.0,464187491775.9396,120152116.16048823,1178477.0
2024-06-05,USDC,usdc,987484.0,32053570259.145615,32051323985.730095,2486124.0
2024-06-05,USDT,usdt,1452268.0,114963686154.30177,114948217054.88524,2726616.0
2024-06-06,BTC,btc,624088.0,1395147734909.9626,19708677.36709285,602842.0
2024-06-06,ETH,eth,475215.0,458004828021.4691,120152658.09963012,1154720.0
2024-06-06,USDC,usdc,1013129.0,32226958979.09657,32226934530.566135,2541347.0
2024-06-06,USDT,usdt,1435257.0,114908983040.38344,114948217054.8277,2738718.0
2024-06-07,BTC,btc,583336.0,1366594140735.1128,19709121.11707542,250713.0
2024-06-07,ETH,eth,510663.0,442155533054.2938,120153587.15028216,1184232.0
2024-06-07,USDC,usdc,1087807.0,31859511438.892506,31860191529.45769,2733826.0
2024-06-07,USDT,usdt,1533522.0,114898959047.06552,114948217054.56468,3007910.0
2024-06-08,BTC,btc,772154.0,1366078592262.9685,19709658.61707541,529506.0
2024-06-08,ETH,eth,540011.0,442174089685.6215,120155357.92433351,1156305.0
2024-06-08,USDC,usdc,892403.0,31809341040.53124,31810330524.8633,2271620.0
2024-06-08,USDT,usdt,1221464.0,114941273171.11703,114948217040.91164,2479036.0
2024-06-09,BTC,btc,609844.0,1372693139520.2039,19710136.74207538,761292.0
2024-06-09,ETH,eth,540061.0,445259002298.5613,120157208.80165362,1142399.0
2024-06-09,USDC,usdc,821775.0,31804093371.738087,31802805642.01609,2231215.0
2024-06-09,USDT,usdt,1142777.0,114941031807.24767,114948217040.75323,2244955.0
2024-06-10,BTC,btc,684041.0,1369213276623.9949,19710571.11703716,661124.0
2024-06-10,ETH,eth,511530.0,440522177604.3931,120158711.2350502,1180168.0
2024-06-10,USDC,usdc,863416.0,31671815264.822754,31672012060.050133,2445032.0
2024-06-10,USDT,usdt,1354561.0,114897943935.76912,114948217040.71248,2586551.0
2024-06-11,BTC,btc,684207.0,1327892843551.052,19710955.49203714,469892.0
2024-06-11,ETH,eth,504409.0,420283177735.6964,120159854.55413468,1177067.0
2024-06-11,USDC,usdc,1036356.0,31662599416.964256,31658423991.992264,2606163.0
2024-06-11,USDT,usdt,1526316.0,114951081979.05492,114948217040.19838,2900152.0
2024-06-12,BTC,btc,677849.0,1344590981955.8423,19711411.74203711,690905.0
2024-06-12,ETH,eth,532832.0,427867901336.15454,120160693.72794634,1224208.0
2024-06-12,USDC,usdc,956693.0,31872690033.635567,31871768309.27709,2296441.0
2024-06-12,USDT,usdt,1439015.0,114914671528.01628,114948217035.1381,2746365.0
2024-06-13,BTC,btc,613255.0,1316427135683.067,19711864.86702071,729876.0
2024-06-13,ETH,eth,535451.0,416969718407.8417,120161759.20781288,1230853.0
2024-06-13,USDC,usdc,868009.0,32033672349.258408,32034482327.170383,2264469.0
2024-06-13,USDT,usdt,1375708.0,114895105778.08864,114947448599.98907,2618797.0
2024-06-14,BTC,btc,606488.0,1300658337179.108,19712264.8670207,599059.0
2024-06-14,ETH,eth,532661.0,418156652882.03424,120163273.37079205,1184071.0
2024-06-14,USDC,usdc,876544.0,32052465000.577393,32054864372.074017,2213883.0
2024-06-14,USDT,usdt,1412523.0,114876812820.24467,114947448599.8882,2702978.0
2024-06-15,BTC,btc,635369.0,1305076332518.8728,19712683.6170207,447381.0
2024-06-15,ETH,eth,574241.0,428721299337.08954,120165319.80786952,1137118.0
2024-06-15,USDC,usdc,756187.0,32095134166.426273,32091466384.139366,1970613.0
2024-06-15,USDT,usdt,1238062.0,115882562774.34148,115947448599.8116,2359712.0
2024-06-16,BTC,btc,735939.0,1313344170121.058,19713192.99199885,452652.0
2024-06-16,ETH,eth,588379.0,434969448760.20264,120167465.01119612,1123092.0
2024-06-16,USDC,usdc,730008.0,32130190366.159195,32128033238.972794,1953469.0
2024-06-16,USDT,usdt,1132649.0,115877209626.7024,115947448563.92088,2167086.0
2024-06-17,BTC,btc,724644.0,1310638614936.662,19713630.49199884,465013.0
2024-06-17,ETH,eth,520331.0,421737502289.85925,120169263.66459595,1143178.0
2024-06-17,USDC,usdc,805751.0,32082928067.92342,32081298195.351273,2268010.0
2024-06-17,USDT,usdt,1384618.0,115903814795.64778,115947448563.9206,2724983.0
2024-06-18,BTC,btc,733498.0,1283627261670.329,19714105.49199881,605888.0
2024-06-18,ETH,eth,490549.0,417913151349.3612,120170818.3266728,1147395.0
2024-06-18,USDC,usdc,956461.0,32347047964.411503,32347175910.0166,2560263.0
2024-06-18,USDT,usdt,1474266.0,115889781369.0324,115947448563.88544,2798059.0
2024-06-19,BTC,btc,622245.0,1279053591186.5366,19714533.61697697,635236.0
2024-06-19,ETH,eth,511058.0,427521731914.37714,120172560.5454614,1127592.0
2024-06-19,USDC,usdc,859865.0,32329390906.077126,32330015217.44117,2360093.0
2024-06-19,USDT,usdt,1311954.0,115898783873.54108,115944960223.35696,2513111.0
2024-06-20,BTC,btc,661281.0,1279454884177.93,19714949.24197697,528366.0
2024-06-20,ETH,eth,504589.0,422130592195.4087,120173820.30371708,1150083.0
2024-06-20,USDC,usdc,904332.0,32123338950.150215,32124652737.661724,2394321.0
2024-06-20,USDT,usdt,1355091.0,115879677039.89572,115944910466.4754,2655784.0
2024-06-21,BTC,btc,719280.0,1263481239279.2856,19715386.74197697,592761.0
2024-06-21,ETH,eth,663885.0,422814275905.84454,120175846.61323984,1263722.0
2024-06-21,USDC,usdc,885357.0,32163045565.66638,32162476541.431576,2533786.0
2024-06-21,USDT,usdt,1320486.0,115888674084.32436,115942035427.64977,2571665.0
2024-06-22,BTC,btc,639305.0,1266904515441.6245,19715861.74197151,681231.0
2024-06-22,ETH,eth,808983.0,420166839186.0901,120178108.42558359,1316624.0
2024-06-22,USDC,usdc,671936.0,32175821527.277943,32176557886.761665,2151150.0
2024-06-22,USDT,usdt,1117268.0,115887435224.1742,115942035427.64867,2124109.0
2024-06-23,BTC,btc,511478.0,1248923864108.922,19716211.74197148,497676.0
2024-06-23,ETH,eth,588860.0,411012084269.7799,120180372.9444482,1095704.0
2024-06-23,USDC,usdc,697266.0,32131316641.267513,32131739973.01513,2217807.0
2024-06-23,USDT,usdt,1062006.0,115881560579.87611,115942035427.6342,2000590.0
2024-06-24,BTC,btc,756391.0,1188106947758.8867,19716686.74197148,525488.0
2024-06-24,ETH,eth,562076.0,402331050309.6946,120182318.52837124,1158931.0
2024-06-24,USDC,usdc,896804.0,31981305242.693195,31983646242.46019,2758976.0
2024-06-24,USDT,usdt,1397194.0,115842803054.97173,115940313373.23859,2697427.0
2024-06-25,BTC,btc,631668.0,1217325575193.919,19717074.24196055,550745.0
2024-06-25,ETH,eth,597376.0,407749479274.09955,120184297.83010766,1193832.0
2024-06-25,USDC,usdc,911700.0,32163340878.85299,32164030230.125576,2675398.0
2024-06-25,USDT,usdt,1369077.0,115911541291.30836,115939767898.37642,2650499.0
2024-06-26,BTC,btc,659381.0,1198712185856.7195,19717452.36696053,465408.0
2024-06-26,ETH,eth,633829.0,404902380073.452,120186263.11725508,1248199.0
2024-06-26,USDC,usdc,808966.0,32332578078.692066,32338476801.122517,2503935.0
2024-06-26,USDT,usdt,1322213.0,115863615090.66563,115939767898.3764,2581931.0
2024-06-27,BTC,btc,741302.0,1214027045201.079,19717858.61696053,427935.0
2024-06-27,ETH,eth,538256.0,413903975260.29504,120188056.14773595,1173697.0
2024-06-27,USDC,usdc,912228.0,31939109700.701527,31945641525.676315,2308835.0
2024-06-27,USDT,usdt,1316300.0,115769520418.55891,115939767898.2386,2552727.0
2024-06-28,BTC,btc,752964.0,1189077674566.551,19718280.49194415,595003.0
2024-06-28,ETH,eth,561733.0,405371148774.9434,120190158.96036296,1175815.0
2024-06-28,USDC,usdc,854506.0,31764696946.189537,31770476198.245533,2513221.0
2024-06-28,USDT,usdt,1296346.0,115722532995.64423,115939767892.15993,2555570.0
2024-06-29,BTC,btc,720705.0,1200662758639.697,19718771.11694415,703622.0
2024-06-29,ETH,eth,656977.0,405471140680.0986,120192483.00298513,1142572.0
2024-06-29,USDC,usdc,726322.0,31730828238.493023,31735374514.68409,2143192.0
2024-06-29,USDT,usdt,1120157.0,115752867579.73515,115939767891.0762,2144294.0
2024-06-30,BTC,btc,653363.0,1237638479045.0432,19719149.24194414,518698.0
2024-06-30,ETH,eth,580898.0,413216154556.00806,120194743.56642345,1122964.0
2024-06-30,USDC,usdc,778971.0,31672906999.02306,31676091673.61633,2201764.0
2024-06-30,USDT,usdt,1166862.0,115748880777.98964,115939767891.0762,2174103.0
2024-07-01,BTC,btc,907181.0,1239088312485.8093,19719589.86693321,596143.0
2024-07-01,ETH,eth,547334.0,413192586128.4048,120196731.91629484,1155552.0
2024-07-01,USDC,usdc,862932.0,31859230376.073784,31865424004.89332,2289822.0
2024-07-01,USDT,usdt,1442178.0,115813722815.31802,115939767891.06616,2753690.0
2024-07-02,BTC,btc,750376.0,1223207576249.1216,19720052.36693319,608523.0
2024-07-02,ETH,eth,539489.0,410837991835.3708,120192695.71745852,1135937.0
2024-07-02,USDC,usdc,852321.0,31902987203.088593,31905592581.79994,2255593.0
2024-07-02,USDT,usdt,1322469.0,115754418470.08488,115939767891.06616,2603841.0
2024-07-03,BTC,btc,769767.0,1187497690834.3545,19720505.49192773,536681.0
2024-07-03,ETH,eth,498539.0,395999802973.48645,120194375.94812039,1151881.0
2024-07-03,USDC,usdc,925184.0,32040173624.948807,32042690437.792484,2352060.0
2024-07-03,USDT,usdt,1360911.0,115808547932.12502,115939767890.78448,2660722.0
2024-07-04,BTC,btc,715636.0,1132341877598.4685,19720942.99191134,535655.0
2024-07-04,ETH,eth,572314.0,370287628113.0997,120196109.42757893,1241195.0
2024-07-04,USDC,usdc,944037.0,32173491006.595566,32174420393.267017,2563439.0
2024-07-04,USDT,usdt,1374451.0,115906677418.38176,115939767890.67964,2690115.0
2024-07-05,BTC,btc,694964.0,1118612820894.606,19721321.11691133,493163.0
2024-07-05,ETH,eth,569838.0,358938533149.40094,120197631.98264048,1237133.0
2024-07-05,USDC,usdc,1024011.0,32972362777.490055,32972700685.500637,2909479.0
2024-07-05,USDT,usdt,1462321.0,115945315262.91156,115939767890.67964,2926126.0
2024-07-06,BTC,btc,720587.0,1148978860522.4868,19721836.74191132,656568.0
2024-07-06,ETH,eth,613236.0,368764270834.07086,120199938.64240108,1137910.0
2024-07-06,USDC,usdc,864461.0,33090580720.116352,33092228742.867393,2292788.0
2024-07-06,USDT,usdt,1153470.0,115948569532.06964,115939767890.6786,2241058.0
2024-07-07,BTC,btc,594423.0,1106667719773.1875,19722277.36689043,684693.0
2024-07-07,ETH,eth,567737.0,352537910982.17975,120202282.0991416,1028463.0
2024-07-07,USDC,usdc,815210.0,33092641628.593334,33095421669.14498,1959801.0
2024-07-07,USDT,usdt,1107139.0,115950148807.63574,115939767890.6686,2117491.0
2024-07-08,BTC,btc,798942.0,1118121839034.7312,19722774.2418795,586774.0
2024-07-08,ETH,eth,542605.0,363073291737.08496,120204435.53132851,1137702.0
2024-07-08,USDC,usdc,869667.0,33211918008.12968,33212772924.660713,2663721.0
2024-07-08,USDT,usdt,1353373.0,115916725242.52148,115939767890.3934,2743196.0
2024-07-09,BTC,btc,762581.0,1143582599028.2349,19723255.49186956,644607.0
2024-07-09,ETH,eth,540111.0,368334006224.79834,120206566.11576416,1151773.0
2024-07-09,USDC,usdc,804172.0,33221282914.257164,33223691149.20442,2291290.0
2024-07-09,USDT,usdt,1292661.0,115929923623.40211,115939767890.3933,2566579.0
2024-07-10,BTC,btc,646708.0,1138490509268.5652,19723680.49186079,632748.0
2024-07-10,ETH,eth,527292.0,372784136927.5169,120208453.95042932,1175636.0
2024-07-10,USDC,usdc,786139.0,33558765809.835518,33560819420.588215,2274484.0
2024-07-10,USDT,usdt,1318924.0,115913621826.22691,115939273860.06952,2643726.0
2024-07-11,BTC,btc,646553.0,1130344087896.4204,19724117.99185086,646591.0
2024-07-11,ETH,eth,548429.0,372271460544.9565,120210430.44078857,1191567.0
2024-07-11,USDC,usdc,755735.0,33388265534.41773,33389580696.59824,2281205.0
2024-07-11,USDT,usdt,1315868.0,115940655107.64664,115939273860.04791,2609928.0
2024-07-12,BTC,btc,708446.0,1141247236802.8015,19724586.74173565,659272.0
2024-07-12,ETH,eth,609220.0,376310638133.1629,120212646.93713202,1187556.0
2024-07-12,USDC,usdc,694319.0,33291944051.065773,33291445349.141167,2150141.0
2024-07-12,USDT,usdt,1296169.0,115966376560.6034,115939273855.74536,2593795.0
2024-07-13,BTC,btc,601071.0,1170269292685.8416,19725067.99172466,733907.0
2024-07-13,ETH,eth,610493.0,382506762321.85455,120214908.83093695,1144551.0
2024-07-13,USDC,usdc,649967.0,33356530539.1318,33356049011.27632,1845368.0
2024-07-13,USDT,usdt,1119616.0,115978416738.20651,115939273855.74536,2255381.0
2024-07-14,BTC,btc,751254.0,1203557535228.1936,19725589.86670117,588547.0
2024-07-14,ETH,eth,497263.0,391507735299.6585,120217154.71356297,1083062.0
2024-07-14,USDC,usdc,678708.0,33360185632.320934,33361882745.401947,1942349.0
2024-07-14,USDT,usdt,1140300.0,115972506804.30225,115939273855.26453,2250234.0
2024-07-15,BTC,btc,787506.0,1276962300259.14,19726067.99166178,544485.0
2024-07-15,ETH,eth,505297.0,419321807455.40344,120218809.17806461,1156258.0
2024-07-15,USDC,usdc,837012.0,33299835480.45653,33299767731.523975,2348968.0
2024-07-15,USDT,usdt,1377031.0,117009356417.61038,116939273855.22849,2770099.0
2024-07-16,BTC,btc,746639.0,1284568316160.6465,19726527.36664754,536502.0
2024-07-16,ETH,eth,517949.0,414366986650.648,120220458.03172217,1199035.0
2024-07-16,USDC,usdc,920922.0,33284932046.237167,33279382144.41696,2733741.0
2024-07-16,USDT,usdt,1363923.0,117018492185.45174,116939273855.19543,2725597.0
2024-07-17,BTC,btc,729938.0,1266501997732.3315,19727024.24161113,617766.0
2024-07-17,ETH,eth,463312.0,408045422254.2497,120221990.40460168,1187616.0
2024-07-17,USDC,usdc,910049.0,33055406638.05735,33058128748.112762,3017933.0
2024-07-17,USDT,usdt,1319225.0,116944845919.86703,116939273855.08977,2663562.0
2024-07-18,BTC,btc,764574.0,1262245674295.565,19727427.36657918,435804.0
2024-07-18,ETH,eth,476042.0,412501147202.1565,120223456.52946608,1182695.0
2024-07-18,USDC,usdc,839376.0,32943065154.985096,32945416725.18999,2407798.0
2024-07-18,USDT,usdt,1282990.0,116918065286.71196,116939273855.08488,2581121.0
2024-07-19,BTC,btc,755308.0,1316950533921.2432,19727886.7415737,507835.0
2024-07-19,ETH,eth,510183.0,421689382751.87665,120225306.37121946,1143619.0
2024-07-19,USDC,usdc,900711.0,33378035143.149532,33374892661.537235,2529948.0
2024-07-19,USDT,usdt,1302310.0,117010636946.26897,116939273854.99329,2648775.0
2024-07-20,BTC,btc,673407.0,1325462534018.3325,19728402.36657367,696460.0
2024-07-20,ETH,eth,571318.0,423268912049.97534,120227485.0033392,1106348.0
2024-07-20,USDC,usdc,847702.0,33475603090.199306,33475609960.45029,2125639.0
2024-07-20,USDT,usdt,1160137.0,116983333554.674,116939273854.92664,2239260.0
2024-07-21,BTC,btc,607493.0,1342684327868.0134,19728930.49154719,858284.0
2024-07-21,ETH,eth,533075.0,424467907087.11774,120229445.04260536,1110007.0
2024-07-21,USDC,usdc,913379.0,33325095986.98182,33326187860.139957,2255463.0
2024-07-21,USDT,usdt,1147639.0,116948019384.58025,116939273854.08311,2207973.0
2024-07-22,BTC,btc,749350.0,1332434998137.292,19729489.86647783,827992.0
2024-07-22,ETH,eth,497445.0,413829175436.46155,120231408.97529016,1151384.0
2024-07-22,USDC,usdc,954661.0,33323144733.242176,33320279403.546837,2309066.0
2024-07-22,USDT,usdt,1356682.0,117000115534.8179,116939273853.77235,2703298.0
2024-07-23,BTC,btc,671794.0,1300531918961.3372,19730017.9914679,827733.0
2024-07-23,ETH,eth,520567.0,418740518223.12994,120233475.156869,1153608.0
2024-07-23,USDC,usdc,855777.0,33394137502.39172,33397959585.290077,2371023.0
2024-07-23,USDT,usdt,1307071.0,116942261629.83304,116939273853.725,2556815.0
2024-07-24,BTC,btc,681137.0,1289452069316.2412,19730455.49142156,601149.0
2024-07-24,ETH,eth,531361.0,400591335012.1584,120235594.70013551,1134655.0
2024-07-24,USDC,usdc,843933.0,33241247801.98864,33246868056.38661,2474894.0
2024-07-24,USDT,usdt,1255362.0,116913308797.88708,116939273853.69768,2457546.0
2024-07-25,BTC,btc,713877.0,1296759680321.8955,19730964.8664161,708129.0
2024-07-25,ETH,eth,504084.0,381600624988.4637,120237715.3379378,1125280.0
2024-07-25,USDC,usdc,870874.0,32989537537.356796,32989802358.824432,2829399.0
2024-07-25,USDT,usdt,1317013.0,116897090333.62904,116939273853.55176,2658416.0
2024-07-26,BTC,btc,715636.0,1340008042854.506,19731464.8664161,458448.0
2024-07-26,ETH,eth,540778.0,394258867942.0465,120240024.59425773,1138693.0
2024-07-26,USDC,usdc,857413.0,33259283136.276093,33257396869.05619,2628310.0
2024-07-26,USDT,usdt,1273896.0,116942633086.62608,116935194477.9907,2485452.0
2024-07-27,BTC,btc,694649.0,1343299057385.0393,19731946.11639955,454253.0
2024-07-27,ETH,eth,494615.0,391301038823.5371,120242189.81154265,1073935.0
2024-07-27,USDC,usdc,868691.0,33264994393.063576,33268273400.037235,2617642.0
2024-07-27,USDT,usdt,1126123.0,116938875261.5698,116935194477.89948,2143323.0
2024-07-28,BTC,btc,578686.0,1345171498943.8967,19732408.61638863,756828.0
2024-07-28,ETH,eth,536213.0,393282639767.9758,120244598.82248916,1041777.0
2024-07-28,USDC,usdc,750970.0,33250649284.13999,33253517314.86433,2396520.0
2024-07-28,USDT,usdt,1046531.0,116927229476.38884,116935194477.89948,1998297.0
2024-07-29,BTC,btc,794379.0,1319487462592.1409,19732964.866382,821955.0
2024-07-29,ETH,eth,512372.0,399598754284.12085,120246922.9606335,1093737.0
2024-07-29,USDC,usdc,932398.0,33022578672.02951,33026473335.47537,2635841.0
2024-07-29,USDT,usdt,1351650.0,116922695239.7797,116935194477.82864,2679820.0
2024-07-30,BTC,btc,673555.0,1306095087232.0293,19733433.61637869,670957.0
2024-07-30,ETH,eth,503262.0,393957363297.6566,120248763.18169512,1167025.0
2024-07-30,USDC,usdc,840526.0,32693993205.838722,32696452821.13276,2506920.0
2024-07-30,USDT,usdt,1296253.0,116900969302.08987,116935194477.80034,2561081.0
2024-07-31,BTC,btc,740485.0,1276596836711.3477,19733874.24136445,578053.0
2024-07-31,ETH,eth,488443.0,388620837000.78546,120250576.92406328,1166240.0
2024-07-31,USDC,usdc,861894.0,32578390785.361233,32578895113.702873,2611772.0
2024-07-31,USDT,usdt,1343971.0,116909198825.14436,116935194477.7657,2695028.0
2024-08-01,BTC,btc,772675.0,1286244065719.2227,19734311.74135899,532152.0
2024-08-01,ETH,eth,435221.0,385201842134.8623,120252316.09873044,1125933.0
2024-08-01,USDC,usdc,898625.0,32065889887.218163,32070068457.071087,2746264.0
2024-08-01,USDT,usdt,1396090.0,116808410559.08553,116935194477.65633,2766914.0
2024-08-02,BTC,btc,764749.0,1213817797251.566,19734702.36635898,410307.0
2024-08-02,ETH,eth,454772.0,358959439474.1413,120254404.98681527,1087561.0
2024-08-02,USDC,usdc,877830.0,32271200098.648087,32272231106.052704,3103068.0
2024-08-02,USDT,usdt,1367369.0,116795718088.79665,116935194477.11807,2747283.0
2024-08-03,BTC,btc,692352.0,1197690043760.8433,19735124.24134891,502369.0
2024-08-03,ETH,eth,546458.0,349318922552.1244,120256765.65970248,1087774.0
2024-08-03,USDC,usdc,875536.0,32344703738.208305,32343263879.45923,2869527.0
2024-08-03,USDT,usdt,1201293.0,116872278363.07784,116935194475.59448,2349713.0
2024-08-04,BTC,btc,668340.0,1150707429146.879,19735571.11634013,526479.0
2024-08-04,ETH,eth,566158.0,324513685553.4667,120258843.0609774,1043193.0
2024-08-04,USDC,usdc,871159.0,32441500844.052505,32445655546.56426,2977311.0
2024-08-04,USDT,usdt,1189789.0,116883759053.13213,116935194475.33711,2259604.0
2024-08-05,BTC,btc,817104.0,1072529021264.8894,19736058.61633134,550851.0
2024-08-05,ETH,eth,449721.0,292736211216.7566,120256204.21182711,1133164.0
2024-08-05,USDC,usdc,1246501.0,32805652183.65524,32803937986.65701,4344610.0
2024-08-05,USDT,usdt,1694711.0,116992169350.36842,116935194475.27805,3389257.0
2024-08-06,BTC,btc,729981.0,1106180699377.314,19736496.11628981,483465.0
2024-08-06,ETH,eth,502856.0,295671092390.3347,120258361.1387739,1130468.0
2024-08-06,USDC,usdc,955164.0,33523891678.442123,33525209785.040154,3439466.0
2024-08-06,USDT,usdt,1390091.0,116984049045.47775,116935194475.27805,2782093.0
2024-08-07,BTC,btc,714826.0,1088088938095.4432,19736877.36627343,381999.0
2024-08-07,ETH,eth,484440.0,282167773982.83136,120260462.70961843,1123175.0
2024-08-07,USDC,usdc,931735.0,33744621756.033924,33751721431.599323,3330207.0
2024-08-07,USDT,usdt,1337039.0,116947003141.17728,116935188396.0348,2641310.0
2024-08-08,BTC,btc,722252.0,1221911146638.464,19737280.49125374,485878.0
2024-08-08,ETH,eth,451579.0,323107370461.5183,120262434.98649408,1097066.0
2024-08-08,USDC,usdc,916229.0,33927372512.92885,33933364820.411118,3250734.0
2024-08-08,USDT,usdt,1349896.0,116949993459.62604,116935188396.03192,2680126.0
2024-08-09,BTC,btc,705635.0,1198490907345.185,19737686.74125373,394215.0
2024-08-09,ETH,eth,482592.0,311841508207.4857,120264643.58281095,1100553.0
2024-08-09,USDC,usdc,832581.0,33822033746.91276,33823928617.728176,3290179.0
2024-08-09,USDT,usdt,1305912.0,116982038731.57036,116935188396.03192,2576119.0
2024-08-10,BTC,btc,594175.0,1201488224323.9707,19738089.86623947,556497.0
2024-08-10,ETH,eth,576076.0,313522194925.66437,120267095.89536506,1051563.0
2024-08-10,USDC,usdc,691582.0,33845728953.204254,33847403190.264435,2731445.0
2024-08-10,USDT,usdt,1099587.0,116956672103.48604,116935188395.77975,2140819.0
2024-08-11,BTC,btc,630696.0,1161341917394.8513,19738592.99123943,641944.0
2024-08-11,ETH,eth,500704.0,307770132274.1938,120269531.03675522,985147.0
2024-08-11,USDC,usdc,744971.0,33827266161.662113,33830892035.686386,3059060.0
2024-08-11,USDT,usdt,1083678.0,116940470784.74072,116935188395.70016,2101612.0
2024-08-12,BTC,btc,714520.0,1172382636726.98,19739021.11623942,442326.0
2024-08-12,ETH,eth,422856.0,328203972885.00903,120271673.20647858,1060624.0
2024-08-12,USDC,usdc,802276.0,33786973687.4181,33792503053.711758,3593583.0
2024-08-12,USDT,usdt,1311956.0,116948260627.50682,116927428375.89851,2695211.0
2024-08-13,BTC,btc,706882.0,1194954421029.1013,19739486.74122304,582647.0
2024-08-13,ETH,eth,474971.0,325041062370.70465,120274019.01629688,1088875.0
2024-08-13,USDC,usdc,814430.0,33744321580.37863,33743653555.016476,3200346.0
2024-08-13,USDT,usdt,1317784.0,117975484373.65813,117927428375.8321,2685950.0
2024-08-14,BTC,btc,662757.0,1161508436746.0671,19739899.24122303,510189.0
2024-08-14,ETH,eth,646570.0,320750225027.4541,120276280.20254624,1278666.0
2024-08-14,USDC,usdc,775976.0,33686873864.236797,33688189418.877262,3167973.0
2024-08-14,USDT,usdt,1301925.0,117951484004.1454,117927428360.92532,2564028.0
2024-08-15,BTC,btc,715632.0,1137919278895.1729,19740399.241223,658114.0
2024-08-15,ETH,eth,603353.0,309567186768.5115,120278422.14539264,1252405.0
2024-08-15,USDC,usdc,866183.0,33972188576.163074,33975782156.606945,3401418.0
2024-08-15,USDT,usdt,1312296.0,117950976512.33632,117927428360.92072,2641547.0
2024-08-16,BTC,btc,700335.0,1163274113459.3052,19740842.99121208,581170.0
2024-08-16,ETH,eth,541263.0,312068346098.84955,120280820.4795906,1111995.0
2024-08-16,USDC,usdc,771995.0,34172214555.530716,34177432374.23805,3146875.0
2024-08-16,USDT,usdt,1269890.0,117951725819.74936,117925531189.92384,2510809.0
2024-08-17,BTC,btc,612305.0,1172923422382.6035,19741308.61621206,706066.0
2024-08-17,ETH,eth,565404.0,314202244706.5862,120283281.00254996,1003438.0
2024-08-17,USDC,usdc,705386.0,34166076199.232803,34170986650.5676,2616735.0
2024-08-17,USDT,usdt,1107089.0,117936287642.01088,117925531189.92384,2127559.0
2024-08-18,BTC,btc,588717.0,1160683488749.228,19741796.11621206,758170.0
2024-08-18,ETH,eth,519567.0,315725181970.07935,120285548.86478475,1029131.0
2024-08-18,USDC,usdc,679326.0,34136534261.170517,34138825549.58906,2574513.0
2024-08-18,USDT,usdt,1083858.0,117944403030.86362,117925531189.92384,2057706.0
2024-08-19,BTC,btc,687027.0,1172914231316.018,19742202.36620113,560243.0
2024-08-19,ETH,eth,461113.0,316593478589.2942,120288159.37188125,1042805.0
2024-08-19,USDC,usdc,689082.0,34136206177.881657,34136388409.44313,2968754.0
2024-08-19,USDT,usdt,1251388.0,117972682142.662,117925531189.17204,2468407.0
2024-08-20,BTC,btc,696903.0,1167251872460.36,19742671.11620112,715687.0
2024-08-20,ETH,eth,463357.0,310114926714.1483,120290575.57593532,1070613.0
2024-08-20,USDC,usdc,768609.0,34142215547.52168,34142030402.033863,2931128.0
2024-08-20,USDT,usdt,1285006.0,120142051331.69482,120125531189.11058,2487542.0
2024-08-21,BTC,btc,711700.0,1206957302716.6252,19743130.49120111,684872.0
2024-08-21,ETH,eth,488674.0,316170790110.0504,120292901.13490675,1084041.0
2024-08-21,USDC,usdc,747764.0,34033685422.63691,34039940933.49015,2795101.0
2024-08-21,USDT,usdt,1234048.0,120146353709.41426,120125531189.11058,2366221.0
2024-08-22,BTC,btc,719227.0,1192406173923.517,19743630.49119564,797502.0
2024-08-22,ETH,eth,506943.0,315564643953.7959,120295347.79532269,1093186.0
2024-08-22,USDC,usdc,716875.0,33947888156.56335,33955144878.844852,2728687.0
2024-08-22,USDT,usdt,1206082.0,120128363423.81604,120123531259.73616,2276749.0
2024-08-23,BTC,btc,694990.0,1265733883467.168,19744142.99119548,799006.0
2024-08-23,ETH,eth,510832.0,332751686029.2791,120297748.5048727,1125193.0
2024-08-23,USDC,usdc,877977.0,33995098144.362156,33998571563.599308,3286317.0
2024-08-23,USDT,usdt,1251937.0,120223384329.50581,120123441255.16167,2354553.0
2024-08-24,BTC,btc,611271.0,1264114353900.488,19744621.11619545,797698.0
2024-08-24,ETH,eth,556174.0,332270007563.22394,120300215.98069574,1088203.0
2024-08-24,USDC,usdc,857135.0,33978045819.15617,33983367495.799488,3267328.0
2024-08-24,USDT,usdt,1120568.0,120170294229.12132,120123441255.14449,2071666.0
2024-08-25,BTC,btc,539499.0,1273515741882.9749,19745036.74118453,703385.0
2024-08-25,ETH,eth,495871.0,331812475171.8516,120302704.11976022,973412.0
2024-08-25,USDC,usdc,735541.0,33932722293.77824,33932668006.763226,3105826.0
2024-08-25,USDT,usdt,1055596.0,120188663840.8521,120123441254.31136,1980686.0
2024-08-26,BTC,btc,656542.0,1243636765954.651,19745455.49118453,606871.0
2024-08-26,ETH,eth,538097.0,323181574471.2665,120305077.06730717,1114163.0
2024-08-26,USDC,usdc,733315.0,33878298539.42247,33883466985.832935,3133852.0
2024-08-26,USDT,usdt,1412937.0,120145849316.64442,120123441253.97005,2665355.0
2024-08-27,BTC,btc,685194.0,1175828958505.758,19745899.24113451,676465.0
2024-08-27,ETH,eth,531187.0,296118474824.2554,120307467.89562084,1132797.0
2024-08-27,USDC,usdc,790231.0,33570073887.32236,33568256585.971085,3370353.0
2024-08-27,USDT,usdt,1420001.0,120160852622.07487,120121850916.75946,2681006.0
2024-08-28,BTC,btc,740845.0,1167027678458.6707,19746402.36612904,721912.0
2024-08-28,ETH,eth,496801.0,304319633711.47375,120309874.70571132,1149274.0
2024-08-28,USDC,usdc,836061.0,33667455044.52181,33671700179.673344,3596080.0
2024-08-28,USDT,usdt,1359408.0,120133920419.91652,120119004457.48868,2582240.0
2024-08-29,BTC,btc,723280.0,1171771866967.5942,19746814.86612355,525910.0
2024-08-29,ETH,eth,534339.0,304049253762.82007,120312261.6603805,1153728.0
2024-08-29,USDC,usdc,787739.0,33795948293.025616,33798717225.310947,3422609.0
2024-08-29,USDT,usdt,1277454.0,120126544949.99307,120119004457.40318,2438414.0
2024-08-30,BTC,btc,826297.0,1167910930786.7915,19747258.61610169,548197.0
2024-08-30,ETH,eth,525769.0,304010215004.2873,120314685.7220954,1133892.0
2024-08-30,USDC,usdc,767025.0,34085638510.936813,34088307530.159615,3425004.0
2024-08-30,USDT,usdt,1275284.0,120098406168.46915,120119004457.09843,2474281.0
2024-08-31,BTC,btc,670825.0,1164323996819.61,19747717.99109622,695519.0
2024-08-31,ETH,eth,539031.0,302404962628.9931,120317181.74561676,1012648.0
2024-08-31,USDC,usdc,689689.0,34062564673.54716,34061944837.192913,2557687.0
2024-08-31,USDT,usdt,1135982.0,120113615657.74684,120119004457.07825,2107011.0
2024-09-01,BTC,btc,660770.0,1132538921721.956,19748161.74109074,656333.0
2024-09-01,ETH,eth,548611.0,291888730978.41626,120319688.66187467,1011212.0
2024-09-01,USDC,usdc,643639.0,34052658459.414677,34054564860.626736,3037773.0
2024-09-01,USDT,usdt,1098805.0,120112088206.39684,120119004457.07825,2143856.0
2024-09-02,BTC,btc,717673.0,1168312845795.648,19748683.61607434,739986.0
2024-09-02,ETH,eth,488354.0,305449971682.2064,120321858.0502387,1086384.0
2024-09-02,USDC,usdc,647327.0,34059021052.8438,34059658327.825443,3403002.0
2024-09-02,USDT,usdt,1310190.0,120117135642.11948,120119004457.07825,2603039.0
2024-09-03,BTC,btc,699302.0,1138297029175.8743,19749149.24106341,592324.0
2024-09-03,ETH,eth,488483.0,293567769986.86053,120324262.4206676,1129081.0
2024-09-03,USDC,usdc,670478.0,33829757280.470417,33833018799.044277,3217344.0
2024-09-03,USDT,usdt,1324930.0,120084943689.26286,120119004456.93275,2616709.0
2024-09-04,BTC,btc,699461.0,1146137641743.4744,19749621.11604703,728756.0
2024-09-04,ETH,eth,458154.0,295152108259.7269,120326458.34530675,1108873.0
2024-09-04,USDC,usdc,752859.0,34017190835.221992,34019392438.337708,3652808.0
2024-09-04,USDT,usdt,1317667.0,120126578587.17197,120119004456.93056,2646525.0
2024-09-05,BTC,btc,734546.0,1108236739981.0042,19750105.49104703,714387.0
2024-09-05,ETH,eth,463343.0,284837870532.2597,120328617.59902713,1121084.0
2024-09-05,USDC,usdc,713102.0,34245927341.080883,34248026239.58148,3440669.0
2024-09-05,USDT,usdt,1306850.0,120077517962.17944,120119004453.56876,2623943.0
2024-09-06,BTC,btc,726287.0,1063349406183.8052,19750558.61604639,665444.0
2024-09-06,ETH,eth,489148.0,267203613611.2012,120330441.94512194,1124382.0
2024-09-06,USDC,usdc,838299.0,34057032662.893833,34055183109.462425,3661541.0
2024-09-06,USDT,usdt,1384016.0,120090567571.66583,120119004449.14893,2712288.0
2024-09-07,BTC,btc,606660.0,1067869086202.0573,19751052.36604087,794571.0
2024-09-07,ETH,eth,505206.0,273117974171.01453,120332865.9893199,1115728.0
2024-09-07,USDC,usdc,696303.0,34140971875.374992,34142778633.82121,2860865.0
2024-09-07,USDT,usdt,1182068.0,120111607421.80244,120119004449.01488,2205307.0
2024-09-08,BTC,btc,596940.0,1083556715258.8136,19751574.24104087,906655.0
2024-09-08,ETH,eth,559292.0,276779516155.091,120335341.42653696,1085480.0
2024-09-08,USDC,usdc,678429.0,34175042839.285137,34172036132.331177,2858213.0
2024-09-08,USDT,usdt,1125429.0,120129897511.24837,120119004448.69156,2091181.0
2024-09-09,BTC,btc,736827.0,1128547518526.8225,19752027.36603539,570838.0
2024-09-09,ETH,eth,486100.0,284242156425.72394,120337467.59279238,1158357.0
2024-09-09,USDC,usdc,772982.0,34229393412.38321,34233760230.38273,3264826.0
2024-09-09,USDT,usdt,1354041.0,120133871639.89966,120119004448.56947,2639617.0
2024-09-10,BTC,btc,733172.0,1139015466135.6826,19752455.49102993,556413.0
2024-09-10,ETH,eth,497278.0,287553193101.97217,120339497.18760803,1166560.0
2024-09-10,USDC,usdc,754028.0,34736714345.07095,34735971955.43243,3023224.0
2024-09-10,USDT,usdt,1317625.0,120120953309.53584,120115918616.27972,2576164.0
2024-09-11,BTC,btc,662704.0,1133991945926.9812,19752792.99102992,408991.0
2024-09-11,ETH,eth,549027.0,281877527115.5231,120341799.15987872,1170510.0
2024-09-11,USDC,usdc,720751.0,34722030941.99651,34718420426.50335,3254563.0
2024-09-11,USDT,usdt,1308299.0,120136881230.67377,120115918567.202,2557307.0
2024-09-12,BTC,btc,775748.0,1148151626487.3196,19753267.99102987,561823.0
2024-09-12,ETH,eth,487221.0,284292384180.27655,120344001.39291663,1168620.0
2024-09-12,USDC,usdc,710849.0,34934451047.54752,34934333348.88557,2954346.0
2024-09-12,USDT,usdt,1326343.0,120118085171.88235,120115918566.46117,2571167.0
2024-09-13,BTC,btc,794367.0,1195824511492.5513,19753652.36601894,422965.0
2024-09-13,ETH,eth,499824.0,293978531237.75934,120346273.5031107,1158069.0
2024-09-13,USDC,usdc,812566.0,35212646267.94017,35206907817.946106,3011876.0
2024-09-13,USDT,usdt,1376210.0,120204967917.58627,120115918566.46117,2654396.0
2024-09-14,BTC,btc,688474.0,1185386846216.0225,19754086.74101892,637192.0
2024-09-14,ETH,eth,525764.0,290905084608.58154,120348694.06185442,1095765.0
2024-09-14,USDC,usdc,771336.0,35181455673.54019,35182294669.8272,2484369.0
2024-09-14,USDT,usdt,1232689.0,120149849972.52492,120115918566.28545,2289550.0
2024-09-15,BTC,btc,643849.0,1168085465734.0293,19754558.61601892,730022.0
2024-09-15,ETH,eth,541610.0,279129181412.0127,120351106.7254914,1086732.0
2024-09-15,USDC,usdc,694673.0,35135456370.781876,35136402372.31788,2543320.0
2024-09-15,USDT,usdt,1257611.0,120121581306.46774,120115918566.26695,2316938.0
2024-09-16,BTC,btc,746172.0,1150280600030.6746,19754949.24101345,486773.0
2024-09-16,ETH,eth,435137.0,276233121779.6778,120352968.7968857,1101816.0
2024-09-16,USDC,usdc,658696.0,34867691375.32259,34870624792.71268,2899478.0
2024-09-16,USDT,usdt,1355966.0,121094200921.306,121115918566.24995,2692795.0
2024-09-17,BTC,btc,732953.0,1190031170202.8845,19755417.99101343,551806.0
2024-09-17,ETH,eth,464540.0,281276774462.6376,120354668.13753565,1144470.0
2024-09-17,USDC,usdc,714634.0,35003302253.55535,35008669719.39659,2844783.0
2024-09-17,USDT,usdt,1296394.0,121123253133.62215,121115918565.24995,2641972.0
2024-09-18,BTC,btc,720313.0,1211156711137.1653,19755849.24099158,535050.0
2024-09-18,ETH,eth,420578.0,283896012352.4696,120356387.81684364,1132760.0
2024-09-18,USDC,usdc,815862.0,34892422909.83518,34892868900.22497,2997333.0
2024-09-18,USDT,usdt,1367232.0,121134569196.24844,121114929025.09636,2810366.0
2024-09-19,BTC,btc,746741.0,1244536027989.0344,19756230.49095334,449403.0
2024-09-19,ETH,eth,416530.0,297094101910.98175,120357325.0150498,1178603.0
2024-09-19,USDC,usdc,949955.0,34874237418.85612,34876067539.61981,3252006.0
2024-09-19,USDT,usdt,1445261.0,121297001896.94672,121264929025.03464,2965792.0
2024-09-20,BTC,btc,822445.0,1247712645343.231,19756683.61595331,524801.0
2024-09-20,ETH,eth,422622.0,307483300282.57947,120358285.16828416,1156825.0
2024-09-20,USDC,usdc,934469.0,35188589039.651085,35189448801.0723,3425746.0
2024-09-20,USDT,usdt,1455074.0,121244738245.2837,121264929025.02956,2868172.0
2024-09-21,BTC,btc,665209.0,1251962918584.1355,19757105.4909533,564640.0
2024-09-21,ETH,eth,416815.0,313505708721.10236,120359534.0849514,1082726.0
2024-09-21,USDC,usdc,843784.0,35270891975.59256,35254925625.97548,2624777.0
2024-09-21,USDT,usdt,1174457.0,121358821831.50697,121264929025.02492,2306442.0
2024-09-22,BTC,btc,595289.0,1256024783427.4387,19757530.4909533,629903.0
2024-09-22,ETH,eth,436396.0,310664830437.2192,120361032.87119134,1063818.0
2024-09-22,USDC,usdc,791921.0,35304206988.74918,35303621870.39735,2768538.0
2024-09-22,USDT,usdt,1122146.0,121270749759.09604,121264929025.02492,2176902.0
2024-09-23,BTC,btc,796781.0,1251392097859.85,19757986.740926,573531.0
2024-09-23,ETH,eth,418609.0,318710888119.03357,120361927.80923127,1135378.0
2024-09-23,USDC,usdc,843663.0,35205032695.15663,35206237917.85947,3226641.0
2024-09-23,USDT,usdt,1425324.0,121256837673.27869,121264929024.2538,2872374.0
2024-09-24,BTC,btc,749184.0,1271313129462.337,19758439.86592598,531570.0
2024-09-24,ETH,eth,446356.0,319618885344.8603,120361633.63438164,1144263.0
2024-09-24,USDC,usdc,923566.0,35359992440.11247,35361855852.42625,3088619.0
2024-09-24,USDT,usdt,1430834.0,121271934920.70676,121264929024.25346,2890562.0
2024-09-25,BTC,btc,713234.0,1245988223233.761,19758889.86592598,504605.0
2024-09-25,ETH,eth,440864.0,309907024636.3572,120361955.49697687,1151716.0
2024-09-25,USDC,usdc,946309.0,35386870483.00561,35392378259.24047,2908650.0
2024-09-25,USDT,usdt,1396051.0,121220091319.75739,121250795144.29887,2743103.0
2024-09-26,BTC,btc,721855.0,1285496061106.9304,19759296.11591505,483781.0
2024-09-26,ETH,eth,448101.0,316518278860.16187,120362484.89365174,1151158.0
2024-09-26,USDC,usdc,1013286.0,35549935080.90502,35551709448.25006,2912751.0
2024-09-26,USDT,usdt,1479089.0,121274016300.72244,121250795144.26724,2873049.0
2024-09-27,BTC,btc,751618.0,1299551877858.9436,19759724.24090959,434448.0
2024-09-27,ETH,eth,508839.0,324764834411.3466,120363565.49709028,1202550.0
2024-09-27,USDC,usdc,1032590.0,35486792274.62737,35490340471.134605,2937846.0
2024-09-27,USDT,usdt,1453537.0,121263442358.7262,121250795143.99129,2801214.0
2024-09-28,BTC,btc,649697.0,1299634003244.5647,19760127.36590413,521838.0
2024-09-28,ETH,eth,534530.0,321941093577.7301,120365413.76553988,1113743.0
2024-09-28,USDC,usdc,965268.0,35469758027.25008,35476377073.86644,2543136.0
2024-09-28,USDT,usdt,1223426.0,121254917975.30743,121250795143.9852,2317523.0
2024-09-29,BTC,btc,680061.0,1296647099791.2417,19760611.74090413,685081.0
2024-09-29,ETH,eth,497779.0,319731539277.40314,120367243.0208012,1116620.0
2024-09-29,USDC,usdc,951089.0,35413921597.891464,35419665865.486244,2747145.0
2024-09-29,USDT,usdt,1211515.0,121267554356.82422,121250795141.97237,2291341.0
2024-09-30,BTC,btc,732082.0,1250084222714.1135,19761039.8659041,593815.0
2024-09-30,ETH,eth,509251.0,312507752368.3626,120368680.87176628,1195210.0
2024-09-30,USDC,usdc,988553.0,34873454769.8488,34878875414.06491,3246418.0
2024-09-30,USDT,usdt,1489931.0,121198365648.15808,121250795131.87236,2928393.0
2024-10-01,BTC,btc,863700.0,1202652137478.4417,19761530.49089476,624352.0
2024-10-01,ETH,eth,552048.0,294884112787.54395,120369350.4851328,1266656.0
2024-10-01,USDC,usdc,1080910.0,34811402907.17603,34811820155.24436,3450574.0
2024-10-01,USDT,usdt,1513627.0,121236518030.93654,121250795131.68904,2925058.0
2024-10-02,BTC,btc,711643.0,1199279596723.505,19762014.86483653,599545.0
2024-10-02,ETH,eth,496823.0,285047578229.9768,120370779.18715157,1156600.0
2024-10-02,USDC,usdc,1034237.0,34777692675.05628,34779600162.44467,3570949.0
2024-10-02,USDT,usdt,1435071.0,121233053255.35403,121250795129.58904,2785142.0
2024-10-03,BTC,btc,737116.0,1200873514750.2053,19762508.61481409,574536.0
2024-10-03,ETH,eth,521417.0,282816296178.15625,120372583.16456002,1161490.0
2024-10-03,USDC,usdc,963302.0,34684635054.36543,34688006256.9238,3560603.0
2024-10-03,USDT,usdt,1408562.0,121234529304.98924,121250795128.84135,2748789.0
2024-10-04,BTC,btc,784413.0,1226346035907.7808,19763036.73978672,571667.0
2024-10-04,ETH,eth,471079.0,290720008630.0188,120374548.84079918,1139613.0
2024-10-04,USDC,usdc,921614.0,34869547315.000275,34874047127.57457,3314651.0
2024-10-04,USDT,usdt,1395287.0,121243274116.57564,121250795127.87016,2703990.0
2024-10-05,BTC,btc,608641.0,1225939409986.7307,19763508.61478671,759113.0
2024-10-05,ETH,eth,438550.0,290627796115.9307,120376085.9662936,1099244.0
2024-10-05,USDC,usdc,860815.0,34888506548.17175,34893451235.89915,2750089.0
2024-10-05,USDT,usdt,1193211.0,121241130645.7582,121250795098.55827,2302839.0
2024-10-06,BTC,btc,610738.0,1240978188262.51,19763983.61478667,744069.0
2024-10-06,ETH,eth,423173.0,293543027384.27985,120378389.06531118,1069768.0
2024-10-06,USDC,usdc,835838.0,34895265593.55263,34899563251.56194,2748248.0
2024-10-06,USDT,usdt,1153964.0,121225996190.94823,121250795087.41216,2204092.0
2024-10-07,BTC,btc,719501.0,1233629090802.9285,19764467.9897812,717392.0
2024-10-07,ETH,eth,441087.0,292108827728.68634,120378752.16686033,1154423.0
2024-10-07,USDC,usdc,912900.0,34528696943.597786,34533149213.89056,3296373.0
2024-10-07,USDT,usdt,1421996.0,121214310673.53824,121250795086.51447,2835568.0
2024-10-08,BTC,btc,822783.0,1227926230938.8872,19764989.86473206,711462.0
2024-10-08,ETH,eth,434713.0,293676090545.9238,120379288.43314905,1156248.0
2024-10-08,USDC,usdc,900868.0,34182367739.748676,34186207129.732937,3270364.0
2024-10-08,USDT,usdt,1425981.0,121166260670.49213,121241736644.608,2817236.0
2024-10-09,BTC,btc,668278.0,1198084020487.346,19765386.73972658,534258.0
2024-10-09,ETH,eth,482632.0,284959407727.0504,120379570.58270039,1182083.0
2024-10-09,USDC,usdc,983894.0,33856554343.122494,33867732805.970543,3172907.0
2024-10-09,USDT,usdt,1416190.0,121121050140.83392,121241736644.5704,2759892.0
2024-10-10,BTC,btc,679738.0,1190322842678.6824,19765871.11472103,759342.0
2024-10-10,ETH,eth,454242.0,286761992454.9581,120380825.5154286,1154738.0
2024-10-10,USDC,usdc,999074.0,33770572652.936623,33771385516.088978,3333875.0
2024-10-10,USDT,usdt,1449029.0,121139060102.90932,121241736641.6578,2820688.0
2024-10-11,BTC,btc,718986.0,1234653841758.9736,19766308.61470463,631180.0
2024-10-11,ETH,eth,485939.0,293453002360.952,120381439.02549624,1227069.0
2024-10-11,USDC,usdc,977702.0,34220611687.79073,34225970127.0987,3069636.0
2024-10-11,USDT,usdt,1394053.0,121204483309.01855,121241736641.6568,2660416.0
2024-10-12,BTC,btc,606243.0,1249315889028.0068,19766755.48970459,732389.0
2024-10-12,ETH,eth,497572.0,298337352024.39526,120382696.43474296,1159085.0
2024-10-12,USDC,usdc,953694.0,34256591210.580784,34261652535.22419,2824523.0
2024-10-12,USDT,usdt,1193585.0,121219020070.72908,121241736592.75308,2251598.0
2024-10-13,BTC,btc,609844.0,1240577394495.5432,19767186.7396991,643752.0
2024-10-13,ETH,eth,457774.0,296763578519.60724,120384135.4554124,1060369.0
2024-10-13,USDC,usdc,912345.0,34203991379.31811,34208804483.24157,2900133.0
2024-10-13,USDT,usdt,1152369.0,121186083168.2756,121241736592.74178,2156689.0
2024-10-14,BTC,btc,722649.0,1306437310355.3203,19767621.11469362,609666.0
2024-10-14,ETH,eth,498392.0,316723416119.08167,120384647.04213367,1173591.0
2024-10-14,USDC,usdc,1140835.0,34069793225.026367,34077257270.59492,3325475.0
2024-10-14,USDT,usdt,1498444.0,121198746382.63188,121241736592.36047,2874167.0
2024-10-15,BTC,btc,787245.0,1323158084525.4727,19768108.61468267,648296.0
2024-10-15,ETH,eth,516385.0,313065171034.6308,120385465.00576065,1212877.0
2024-10-15,USDC,usdc,1125494.0,34035514391.40899,34040727565.70301,3544600.0
2024-10-15,USDT,usdt,1549528.0,121217431859.12404,121241736592.36047,3019639.0
2024-10-16,BTC,btc,614677.0,1337598426066.1377,19768549.23967718,722995.0
2024-10-16,ETH,eth,491597.0,314448361978.7216,120386639.96816242,1156834.0
2024-10-16,USDC,usdc,1063264.0,33884733118.21674,33888477767.760254,3298951.0
2024-10-16,USDT,usdt,1499802.0,121219746831.84776,121241086684.69032,2883666.0
2024-10-17,BTC,btc,765780.0,1331205778724.287,19769039.8646717,637858.0
2024-10-17,ETH,eth,543592.0,313397275781.61633,120387195.09478489,1247886.0
2024-10-17,USDC,usdc,1127675.0,33897597991.26873,33900871175.846786,3214973.0
2024-10-17,USDT,usdt,1439397.0,121200618472.55576,121241086683.15833,2735138.0
2024-10-18,BTC,btc,723986.0,1352044329417.828,19769464.86466077,471530.0
2024-10-18,ETH,eth,573519.0,317996852908.5302,120387348.38042532,1330449.0
2024-10-18,USDC,usdc,1171048.0,34066955143.604095,34071792433.674152,3136542.0
2024-10-18,USDT,usdt,1451006.0,121227609655.5818,121241086682.08606,2732551.0
2024-10-19,BTC,btc,685573.0,1351436024579.4995,19770005.48965524,738236.0
2024-10-19,ETH,eth,599089.0,318994159518.0482,120388722.11004232,1250641.0
2024-10-19,USDC,usdc,982637.0,34078401943.123936,34082267774.81095,2509873.0
2024-10-19,USDT,usdt,1243853.0,121213488937.91309,121241086678.06049,2322832.0
2024-10-20,BTC,btc,688498.0,1364411911597.1309,19770546.1146388,785369.0
2024-10-20,ETH,eth,533726.0,330606073081.3672,120390390.98797455,1177600.0
2024-10-20,USDC,usdc,1036540.0,34076742325.554737,34082369025.221928,2995342.0
2024-10-20,USDT,usdt,1227240.0,121197431180.21388,121241086678.05785,2254242.0
2024-10-21,BTC,btc,717571.0,1333370812454.5571,19771080.48953557,837363.0
2024-10-21,ETH,eth,538679.0,321125083058.7091,120392120.1797142,1185104.0
2024-10-21,USDC,usdc,1108963.0,33976025534.776314,33981977025.64516,2795603.0
2024-10-21,USDT,usdt,1476081.0,121157151800.36652,121216086672.05106,2778097.0
2024-10-22,BTC,btc,639877.0,1333109112878.5735,19771511.73952461,696851.0
2024-10-22,ETH,eth,536229.0,315826703067.41315,120393679.68864812,1181372.0
2024-10-22,USDC,usdc,1106371.0,33795665341.629105,33803359584.402573,2843268.0
2024-10-22,USDT,usdt,1429267.0,121135099959.29814,121216075170.53268,2672553.0
2024-10-23,BTC,btc,740774.0,1317749059876.3137,19771983.61450366,655119.0
2024-10-23,ETH,eth,509138.0,303598048935.06506,120395018.55454937,1137763.0
2024-10-23,USDC,usdc,1221044.0,33416278599.029648,33420434429.26498,3141706.0
2024-10-23,USDT,usdt,1471004.0,121086089331.32,121216075169.43228,2783741.0
2024-10-24,BTC,btc,656927.0,1347116211228.2568,19772442.98945587,700022.0
2024-10-24,ETH,eth,502403.0,304861088396.8319,120396634.52083628,1132267.0
2024-10-24,USDC,usdc,1205722.0,33519635338.85592,33524320276.17846,2967235.0
2024-10-24,USDT,usdt,1543204.0,121135301603.8159,121216075167.3498,3768255.0
2024-10-25,BTC,btc,859095.0,1310184157590.396,19772921.11445039,503588.0
2024-10-25,ETH,eth,502861.0,290787456359.99664,120398452.99295984,1143624.0
2024-10-25,USDC,usdc,1313157.0,33665478065.706017,33667539337.410954,3570562.0
2024-10-25,USDT,usdt,1579485.0,121000373902.73595,121216075166.9484,3582372.0
2024-10-26,BTC,btc,727063.0,1325277793277.3464,19773377.36445039,603956.0
2024-10-26,ETH,eth,505976.0,298662865481.7372,120400440.77512746,1098532.0
2024-10-26,USDC,usdc,1187870.0,33870112137.587345,33875652655.31341,3237771.0
2024-10-26,USDT,usdt,1345790.0,121057197216.09576,121216075166.91776,3290805.0
2024-10-27,BTC,btc,654362.0,1344626789947.3325,19773880.48945036,695610.0
2024-10-27,ETH,eth,431241.0,302029158631.40216,120402548.42254253,965098.0
2024-10-27,USDC,usdc,1059193.0,33889813341.321064,33893624961.94374,3031854.0
2024-10-27,USDT,usdt,1223033.0,121072862802.1314,121216075164.2969,2282559.0
2024-10-28,BTC,btc,756668.0,1381489809812.0127,19774405.4894449,713082.0
2024-10-28,ETH,eth,458684.0,308979261142.2667,120404113.40150207,1053714.0
2024-10-28,USDC,usdc,1205023.0,33888419444.882076,33893921170.91274,3368071.0
2024-10-28,USDT,usdt,1535431.0,121137114665.1984,121216075163.21574,2837054.0
2024-10-29,BTC,btc,831182.0,1437215455136.4832,19774896.11444483,617786.0
2024-10-29,ETH,eth,523376.0,317294896754.4211,120405482.78793202,1173025.0
2024-10-29,USDC,usdc,1382360.0,33904501044.419327,33910186222.159424,3403748.0
2024-10-29,USDT,usdt,1626813.0,122182844067.00952,122216075163.053,2935295.0
2024-10-30,BTC,btc,794409.0,1432735109920.4976,19775424.23943382,674680.0
2024-10-30,ETH,eth,443016.0,320386378855.9679,120406750.88121746,1106479.0
2024-10-30,USDC,usdc,1272066.0,34158775111.87226,34161978363.69521,3564503.0
2024-10-30,USDT,usdt,1494949.0,122176642479.84036,122216075162.99641,2842494.0
2024-10-31,BTC,btc,789382.0,1391573641948.6345,19775917.98941723,562286.0
2024-10-31,ETH,eth,485178.0,303162417730.1748,120408324.36674713,1085336.0
2024-10-31,USDC,usdc,1219845.0,33867357171.466988,33872469115.817455,3593753.0
2024-10-31,USDT,usdt,1543064.0,122046118752.0964,122216075162.25864,2947353.0
2024-11-01,BTC,btc,819093.0,1374134861457.608,19776396.11441125,547824.0
2024-11-01,ETH,eth,481430.0,302529813604.33514,120410063.076677,1101047.0
2024-11-01,USDC,usdc,1224572.0,34190034074.301224,34190291509.950024,3874452.0
2024-11-01,USDT,usdt,1585054.0,122158637396.4298,122216075162.2511,2983616.0
2024-11-02,BTC,btc,690705.0,1369381390768.1792,19776836.73940964,540251.0
2024-11-02,ETH,eth,490886.0,299690521991.276,120412122.20811456,1073738.0
2024-11-02,USDC,usdc,1179053.0,34148941652.27972,34153388391.747627,3151553.0
2024-11-02,USDT,usdt,1309380.0,122172548636.20464,122216075161.30865,2434132.0
2024-11-03,BTC,btc,627617.0,1359542591577.401,19777249.23940946,455287.0
2024-11-03,ETH,eth,502616.0,295568420811.89246,120414245.5468228,1114734.0
2024-11-03,USDC,usdc,1103608.0,34146879724.045006,34152110418.836983,3335125.0
2024-11-03,USDT,usdt,1271003.0,122148606387.23122,122216075161.30283,2421312.0
2024-11-04,BTC,btc,811710.0,1340516077446.8154,19777721.11439293,462249.0
2024-11-04,ETH,eth,464007.0,288598001643.8694,120416263.13456815,1121115.0
2024-11-04,USDC,usdc,1034384.0,34421984090.2359,34425429288.111176,3407098.0
2024-11-04,USDT,usdt,1507295.0,122134857083.53516,122216075160.6204,2890236.0
2024-11-05,BTC,btc,768957.0,1375333854518.3318,19778155.48938731,457869.0
2024-11-05,ETH,eth,475308.0,292492486815.86835,120418154.30971672,1105923.0
2024-11-05,USDC,usdc,1113769.0,34811046158.42562,34810529334.50998,3465814.0
2024-11-05,USDT,usdt,1567435.0,122212616354.21,122216075148.09328,2920179.0
2024-11-06,BTC,btc,894241.0,1497164174352.868,19778633.61438602,500965.0
2024-11-06,ETH,eth,479645.0,327897815326.4345,120418534.30539498,1195439.0
2024-11-06,USDC,usdc,1526199.0,36083458392.774376,36088845362.38265,4083327.0
2024-11-06,USDT,usdt,1762396.0,122822135637.9357,122714425734.17212,3201476.0
2024-11-07,BTC,btc,792482.0,1502665235112.8457,19779121.11438028,567009.0
2024-11-07,ETH,eth,513491.0,348237840807.7831,120419370.4107284,1223300.0
2024-11-07,USDC,usdc,1411380.0,36268853277.451935,36270890071.31038,3696094.0
2024-11-07,USDT,usdt,1645552.0,122801853143.16864,122714425702.2962,3048708.0
2024-11-08,BTC,btc,848426.0,1513284018479.047,19779564.86435818,481877.0
2024-11-08,ETH,eth,525242.0,356476942981.42303,120420552.799844,1228931.0
2024-11-08,USDC,usdc,1464735.0,36445359443.25117,36448455005.925735,3607833.0
2024-11-08,USDT,usdt,1666418.0,123800000335.75038,123713549846.66447,3006335.0
2024-11-09,BTC,btc,654475.0,1519089160917.0645,19779999.23935142,587132.0
2024-11-09,ETH,eth,500755.0,378124013838.337,120422178.35273825,1154408.0
2024-11-09,USDC,usdc,1402191.0,36371627762.64261,36376168063.287445,3537800.0
2024-11-09,USDT,usdt,1396824.0,124760538035.00554,124713549840.85213,2520102.0
2024-11-10,BTC,btc,793243.0,1590532816418.8228,19780461.73934022,553582.0
2024-11-10,ETH,eth,524956.0,383852713613.04755,120422996.06090704,1211713.0
2024-11-10,USDC,usdc,1592770.0,36288299254.65029,36288766811.6446,4355848.0
2024-11-10,USDT,usdt,1492614.0,124811926164.3198,124713549823.9512,2678315.0
2024-11-11,BTC,btc,941403.0,1757729564966.6409,19780886.73931287,461089.0
2024-11-11,ETH,eth,561074.0,405854148949.8291,120422932.6353016,1276334.0
2024-11-11,USDC,usdc,1726053.0,36218113402.41218,36222033722.84294,4388568.0
2024-11-11,USDT,usdt,1908139.0,126854251643.10287,126713549604.43996,3416680.0
2024-11-12,BTC,btc,1007782.0,1741722501527.2258,19781342.98929098,502742.0
2024-11-12,ETH,eth,545638.0,391991047220.5878,120422452.03589022,1288787.0
2024-11-12,USDC,usdc,1759574.0,35732142968.710686,35731902180.58784,4708559.0
2024-11-12,USDT,usdt,1942925.0,126832029507.97945,126713549591.43456,3457178.0
2024-11-13,BTC,btc,859128.0,1787666712260.7617,19781774.2392854,570985.0
2024-11-13,ETH,eth,527943.0,384249676096.53015,120420309.83984,1270183.0
2024-11-13,USDC,usdc,1825396.0,35865076198.62021,35863505278.982574,4313614.0
2024-11-13,USDT,usdt,1930382.0,127875194623.0694,127713549591.41594,3362061.0
2024-11-14,BTC,btc,839766.0,1725089533526.0042,19782171.11427343,503550.0
2024-11-14,ETH,eth,548302.0,368052105425.6651,120419734.2020102,1284085.0
2024-11-14,USDC,usdc,1853336.0,35895881491.6671,35896567156.897896,4178321.0
2024-11-14,USDT,usdt,1942304.0,129736141466.70416,129713549581.62416,3323525.0
2024-11-15,BTC,btc,886479.0,1802971685081.5476,19782639.86418062,559376.0
2024-11-15,ETH,eth,569301.0,372997067016.5456,120420324.889186,1244665.0
2024-11-15,USDC,usdc,1774544.0,36306824763.58615,36306982501.67595,4062806.0
2024-11-15,USDT,usdt,2017541.0,129741916321.98328,129703813484.26436,3339472.0
2024-11-16,BTC,btc,802492.0,1791712543259.2979,19783130.48914509,608007.0
2024-11-16,ETH,eth,578354.0,377447692617.36914,120421567.67038193,1241006.0
2024-11-16,USDC,usdc,1739573.0,36425985600.45513,36429078610.100266,3890601.0
2024-11-16,USDT,usdt,1699238.0,129766312078.40828,129703813482.3756,2760794.0
2024-11-17,BTC,btc,717710.0,1775241125510.354,19783599.2391384,598836.0
2024-11-17,ETH,eth,569177.0,369721912999.7386,120423097.15991545,1204729.0
2024-11-17,USDC,usdc,1894982.0,36351019067.984055,36346649635.06664,3808506.0
2024-11-17,USDT,usdt,1665474.0,129719905587.49857,129703813482.27826,2615701.0
2024-11-18,BTC,btc,796834.0,1792194846112.7312,19784086.73913822,676948.0
2024-11-18,ETH,eth,532913.0,384019481513.0885,120424261.1223717,1229167.0
2024-11-18,USDC,usdc,1907412.0,36529059231.915565,36542625530.833275,3801561.0
2024-11-18,USDT,usdt,1978303.0,129442699634.025,129703813482.21793,3245843.0
2024-11-19,BTC,btc,757888.0,1825214331192.41,19784633.61411426,815851.0
2024-11-19,ETH,eth,545199.0,374738660843.9252,120425326.21967249,1222473.0
2024-11-19,USDC,usdc,1905945.0,36726039403.94148,36722549734.47682,4061606.0
2024-11-19,USDT,usdt,1934926.0,131035552073.70552,130853813453.9892,3242556.0
2024-11-20,BTC,btc,750264.0,1862965160745.666,19785092.98823511,669311.0
2024-11-20,ETH,eth,562785.0,370122608291.947,120426591.81232736,1243428.0
2024-11-20,USDC,usdc,1924741.0,37013574562.01638,37012224285.02987,4215227.0
2024-11-20,USDT,usdt,1987332.0,131973907996.00893,131853813449.08398,3275442.0
2024-11-21,BTC,btc,977195.0,1949777589238.2932,19785542.9868657,480041.0
2024-11-21,ETH,eth,573282.0,405278021400.7591,120427469.0197379,1266953.0
2024-11-21,USDC,usdc,2125574.0,37532688583.7557,37530449254.20923,4851456.0
2024-11-21,USDT,usdt,2034556.0,131965012483.07803,131822517479.53648,3290851.0
2024-11-22,BTC,btc,902930.0,1957593180961.881,19785989.86100384,539627.0
2024-11-22,ETH,eth,608783.0,400470836802.45776,120428751.50774144,1301173.0
2024-11-22,USDC,usdc,2124536.0,38011591730.56929,38010649712.80205,4674150.0
2024-11-22,USDT,usdt,2025904.0,132974872775.85684,132822517477.55585,3232388.0
2024-11-23,BTC,btc,877099.0,1933272806307.216,19786421.11082408,451335.0
2024-11-23,ETH,eth,595219.0,409145330054.09735,120429965.68486512,1277757.0
2024-11-23,USDC,usdc,1870655.0,38237443169.31326,38237786362.22396,4521361.0
2024-11-23,USDT,usdt,1705895.0,135961885521.45128,135822517474.57796,2777731.0
2024-11-24,BTC,btc,790852.0,1938718690784.532,19786839.86060396,463815.0
2024-11-24,ETH,eth,564490.0,405117163298.96954,120431589.42724468,1207132.0
2024-11-24,USDC,usdc,1726355.0,38158571239.77728,38160097827.53051,4306308.0
2024-11-24,USDT,usdt,1578790.0,135949544112.25175,135822517470.2366,2572333.0
2024-11-25,BTC,btc,956417.0,1847012865185.4243,19787367.98557194,598037.0
2024-11-25,ETH,eth,584087.0,413072700314.51807,120432778.7480857,1292463.0
2024-11-25,USDC,usdc,1845599.0,38052182321.98358,38052039447.04967,4688742.0
2024-11-25,USDT,usdt,1937349.0,135821069775.29828,135822517468.83028,3282650.0
2024-11-26,BTC,btc,790710.0,1818015620103.3584,19787802.3603786,475347.0
2024-11-26,ETH,eth,561936.0,400379210555.13184,120434198.2295404,1265769.0
2024-11-26,USDC,usdc,1870928.0,37894398431.72313,37893603333.130226,5170284.0
2024-11-26,USDT,usdt,1939271.0,135777322998.4014,135822517268.35464,3257178.0
2024-11-27,BTC,btc,800136.0,1899452843747.871,19788217.98530596,462955.0
2024-11-27,ETH,eth,598038.0,441904667909.9972,120435269.35479644,1275842.0
2024-11-27,USDC,usdc,1836725.0,38791263364.81714,38780319135.945625,4928928.0
2024-11-27,USDT,usdt,1871093.0,136256232004.41504,136072517256.84496,3086293.0
2024-11-28,BTC,btc,754947.0,1894525715473.9412,19788661.73523034,523444.0
2024-11-28,ETH,eth,616324.0,431672033883.0947,120437216.37724812,1256719.0
2024-11-28,USDC,usdc,1724855.0,38698396244.57195,38697484968.63518,4508794.0
2024-11-28,USDT,usdt,1798579.0,136092198316.52432,136072517255.44444,2976973.0
2024-11-29,BTC,btc,767132.0,1927431540403.9873,19789039.85990686,348672.0
2024-11-29,ETH,eth,589287.0,433049458432.7085,120438249.01850235,1279446.0
2024-11-29,USDC,usdc,1785932.0,39049910817.399155,39051550259.13654,4554205.0
2024-11-29,USDT,usdt,1891823.0,137147662886.2114,137072517255.3982,3123796.0
2024-11-30,BTC,btc,828664.0,1908971954209.812,19789552.34398553,633055.0
2024-11-30,ETH,eth,551474.0,447217174034.1942,120439798.57963376,1232587.0
2024-11-30,USDC,usdc,1633568.0,39112339898.27098,39112724850.228905,4304417.0
2024-11-30,USDT,usdt,1621184.0,137148472656.57536,137072517245.15665,2747362.0
2024-12-01,BTC,btc,739652.0,1928927963341.32,19790046.07813313,698852.0
2024-12-01,ETH,eth,579646.0,447568370464.17706,120440957.99914125,1228535.0
2024-12-01,USDC,usdc,1615573.0,39468114130.64927,39469619494.09116,4607010.0
2024-12-01,USDT,usdt,1571609.0,137167257316.73547,137072517202.76389,2678870.0
2024-12-02,BTC,btc,925715.0,1894468683534.5496,19790442.94740718,310261.0
2024-12-02,ETH,eth,592286.0,438053517371.3857,120440774.45205536,1341788.0
2024-12-02,USDC,usdc,1724239.0,39188635179.10185,39193227455.23722,5172986.0
2024-12-02,USDT,usdt,1974659.0,138108669805.74268,138072517196.85245,3499599.0
2024-12-03,BTC,btc,918415.0,1900144891598.9807,19790933.51298461,437755.0
2024-12-03,ETH,eth,583738.0,436466212365.0526,120440632.7447256,1349338.0
2024-12-03,USDC,usdc,1701021.0,39266982397.33564,39266973134.01322,4939592.0
2024-12-03,USDT,usdt,1961501.0,138176410494.1686,138072517195.96863,3417624.0
2024-12-04,BTC,btc,887569.0,1957769580344.1077,19791392.8080724,503460.0
2024-12-04,ETH,eth,598566.0,463052919644.99744,120440500.34799162,1339995.0
2024-12-04,USDC,usdc,1853205.0,39740537462.77631,39730825219.1825,5564861.0
2024-12-04,USDT,usdt,1857981.0,138316835292.48395,138071784981.70044,3179149.0
2024-12-05,BTC,btc,968792.0,1918815845330.0728,19791877.12482239,509543.0
2024-12-05,ETH,eth,609650.0,457034528335.8656,120440644.32352014,1344520.0
2024-12-05,USDC,usdc,1867854.0,39326006046.38366,39319025495.85962,5725708.0
2024-12-05,USDT,usdt,1891171.0,139282161730.86813,139071784981.44427,3275368.0
2024-12-06,BTC,btc,872253.0,1978302063761.216,19792302.10743335,433339.0
2024-12-06,ETH,eth,603641.0,483385937275.64087,120440977.28825957,1330997.0
2024-12-06,USDC,usdc,1664543.0,40543725734.893,40545074064.3279,5596738.0
2024-12-06,USDT,usdt,1783140.0,141338163670.68707,141071784979.19803,3068212.0
2024-12-07,BTC,btc,798958.0,1978833208148.32,19792745.81862795,443750.0
2024-12-07,ETH,eth,614603.0,482514557816.418,120442164.68907528,1243988.0
2024-12-07,USDC,usdc,1575823.0,40496559559.84166,40500911662.49329,4720275.0
2024-12-07,USDT,usdt,1515502.0,141197535101.61685,141071784973.82248,2521542.0
2024-12-08,BTC,btc,851865.0,1995134647453.3623,19793202.04336046,419481.0
2024-12-08,ETH,eth,593007.0,481973081589.4537,120443691.35151644,1224361.0
2024-12-08,USDC,usdc,1395148.0,40287195166.159355,40289605939.11653,4426687.0
2024-12-08,USDT,usdt,1433610.0,141148222481.11557,141071784973.7517,2357368.0
2024-12-09,BTC,btc,915304.0,1927714706540.8667,19793723.89738428,401306.0
2024-12-09,ETH,eth,569276.0,447348069106.66315,120443414.30447409,1329408.0
2024-12-09,USDC,usdc,1716486.0,39888415356.76688,39888074281.69208,5659392.0
2024-12-09,USDT,usdt,1838677.0,141135472697.189,141071784972.66095,3185880.0
2024-12-10,BTC,btc,985635.0,1916781784711.18,19794205.12409209,441945.0
2024-12-10,ETH,eth,610919.0,437492479767.7199,120443294.15040572,1379827.0
2024-12-10,USDC,usdc,1888914.0,40022686568.59454,40019362373.82193,5669263.0
2024-12-10,USDT,usdt,2001668.0,141164497108.84464,141071784949.592,3398393.0
2024-12-11,BTC,btc,858578.0,2005399870980.495,19794648.84459111,482129.0
2024-12-11,ETH,eth,595689.0,462124687406.1028,120443871.42646976,1297795.0
2024-12-11,USDC,usdc,1727466.0,40729774534.096115,40728884514.03605,4928212.0
2024-12-11,USDT,usdt,1778996.0,142187419095.98312,142071784948.68256,3025117.0
2024-12-12,BTC,btc,883811.0,1981310308332.672,19795111.21182003,471573.0
2024-12-12,ETH,eth,632555.0,466967569634.0894,120444063.65229665,1350929.0
2024-12-12,USDC,usdc,1610677.0,40742496008.01255,40742660559.056114,4712008.0
2024-12-12,USDT,usdt,1688645.0,143352168799.3119,143321784931.78244,2949793.0
2024-12-13,BTC,btc,936834.0,2005097135868.226,19795642.41641123,527292.0
2024-12-13,ETH,eth,625658.0,470393467949.4728,120445329.11515708,1280204.0
2024-12-13,USDC,usdc,1526559.0,41107535037.95639,41109351975.95615,4020258.0
2024-12-13,USDT,usdt,1636241.0,143335470404.4432,143320965282.45563,2835828.0
2024-12-14,BTC,btc,774578.0,2006672700085.4917,19796139.18299872,523313.0
2024-12-14,ETH,eth,595321.0,465961343138.54144,120446938.64220244,1238981.0
2024-12-14,USDC,usdc,1468512.0,41094647209.422134,41096452922.875534,4057158.0
2024-12-14,USDT,usdt,1449727.0,143280500331.10648,143320965282.36584,2526023.0
2024-12-15,BTC,btc,789756.0,2069758175682.208,19796567.29775711,370567.0
2024-12-15,ETH,eth,572588.0,475491607016.499,120448636.47643349,1199954.0
2024-12-15,USDC,usdc,1419415.0,41199581019.44845,41202315054.31638,4191001.0
2024-12-15,USDT,usdt,1436685.0,143221740108.64148,143320965282.33084,2444072.0
2024-12-16,BTC,btc,952348.0,2095627894157.2795,19797029.76713727,412496.0
2024-12-16,ETH,eth,584730.0,481217094886.3859,120449492.89840412,1288678.0
2024-12-16,USDC,usdc,1614660.0,41598123685.98017,41600686446.80085,4830805.0
2024-12-16,USDT,usdt,1784767.0,143357557507.04977,143320965282.13007,3142093.0
2024-12-17,BTC,btc,829977.0,2100824937855.995,19797454.74843723,417545.0
2024-12-17,ETH,eth,633135.0,467074887893.40826,120450333.10780716,1319728.0
2024-12-17,USDC,usdc,2555155.0,41560106835.21366,41554577207.89058,5548188.0
2024-12-17,USDT,usdt,2389144.0,143324534485.7566,143320965281.9735,3446090.0
2024-12-18,BTC,btc,890898.0,1989090947935.3596,19797904.73223539,415402.0
2024-12-18,ETH,eth,586437.0,438024679134.84814,120451023.34068386,1288421.0
2024-12-18,USDC,usdc,2155782.0,41579071239.73514,41582821674.7461,5671977.0
2024-12-18,USDT,usdt,1979157.0,143249875455.39847,143320965242.4128,3303384.0
2024-12-19,BTC,btc,861604.0,1934241071545.3303,19798357.83271974,437556.0
2024-12-19,ETH,eth,593388.0,413132323994.23944,120451281.23651756,1281658.0
2024-12-19,USDC,usdc,2044860.0,41571875087.77387,41570113707.7838,5553501.0
2024-12-19,USDT,usdt,2004563.0,143187078709.57663,143318274605.4405,3376156.0
2024-12-20,BTC,btc,882836.0,1932711114045.7793,19798829.70078425,391262.0
2024-12-20,ETH,eth,617940.0,418150864664.7876,120451666.96297848,1327871.0
2024-12-20,USDC,usdc,2001583.0,41829810952.643486,41828630916.66096,6392145.0
2024-12-20,USDT,usdt,1988543.0,143263142468.54556,143318274588.66772,3489363.0
2024-12-21,BTC,btc,744752.0,1922372144875.56,19799282.82203878,334464.0
2024-12-21,ETH,eth,636495.0,400969520706.12775,120453371.02291615,1257560.0
2024-12-21,USDC,usdc,1783449.0,41974763674.43713,41976434367.45211,5443972.0
2024-12-21,USDT,usdt,1585245.0,143235660837.43628,143318274588.48227,2713893.0
2024-12-22,BTC,btc,758970.0,1883930144105.8352,19799767.19451128,332182.0
2024-12-22,ETH,eth,661932.0,394894186314.84265,120455291.69494484,1254501.0
2024-12-22,USDC,usdc,1529124.0,42012880334.90202,42015705823.40206,5283938.0
2024-12-22,USDT,usdt,1443875.0,143168557561.75327,143318274586.733,2516337.0
2024-12-23,BTC,btc,804969.0,1877074081164.9585,19800201.56258799,298335.0
2024-12-23,ETH,eth,644736.0,412263743127.97894,120456322.79223712,1306194.0
2024-12-23,USDC,usdc,1594096.0,42308659639.96674,42310685329.843636,5254630.0
2024-12-23,USDT,usdt,1747598.0,143145789569.6973,143318274586.37827,3064163.0
2024-12-24,BTC,btc,763920.0,1953087683978.236,19800614.0601588,323103.0
2024-12-24,ETH,eth,681144.0,420971791008.40106,120458406.0069872,1263508.0
2024-12-24,USDC,usdc,1493569.0,42239136812.83865,42242392525.64202,4248234.0
2024-12-24,USDT,usdt,1660859.0,143222778858.19684,143318274586.3178,2837015.0
2024-12-25,BTC,btc,702219.0,1964968046631.85,19801085.92806539,407080.0
2024-12-25,ETH,eth,647401.0,420498466993.79016,120460666.04795544,1206212.0
2024-12-25,USDC,usdc,1336198.0,42291229386.15432,42290534441.34362,4142461.0
2024-12-25,USDT,usdt,1431354.0,143194090050.31903,143318274584.5536,2584184.0
2024-12-26,BTC,btc,739743.0,1893583393961.579,19801495.29761646,298230.0
2024-12-26,ETH,eth,575672.0,400566123859.3728,120462524.06381053,1208665.0
2024-12-26,USDC,usdc,1461027.0,42584327608.73474,42584342416.75226,4373009.0
2024-12-26,USDT,usdt,1570824.0,143143811058.5887,143318274584.3507,2771456.0
2024-12-27,BTC,btc,846364.0,1865743053845.5872,19801989.04041662,348548.0
2024-12-27,ETH,eth,597038.0,400194315735.0154,120464437.99169213,1240371.0
2024-12-27,USDC,usdc,1451782.0,42539464500.86086,42538303352.58434,4532528.0
2024-12-27,USDT,usdt,1607211.0,143091789501.7472,143318274583.2692,2831849.0
2024-12-28,BTC,btc,704798.0,1883678618362.4536,19802435.90899522,291855.0
2024-12-28,ETH,eth,559493.0,409236197679.3016,120466500.78824767,1193108.0
2024-12-28,USDC,usdc,1408179.0,42860397030.15955,42861458925.24338,3891527.0
2024-12-28,USDT,usdt,1462739.0,143048142364.35135,143318274567.7622,2485518.0
2024-12-29,BTC,btc,727603.0,1850733848828.89,19802929.65099519,432661.0
2024-12-29,ETH,eth,563774.0,403199812594.48224,120468611.26912639,1199862.0
2024-12-29,USDC,usdc,1395047.0,42828594213.04627,42828039195.45176,3509444.0
2024-12-29,USDT,usdt,1388569.0,143057210804.93033,143318274567.01245,2326948.0
2024-12-30,BTC,btc,812462.0,1832275661275.7915,19803426.51700902,362074.0
2024-12-30,ETH,eth,568891.0,404234637885.7718,120470453.75173613,1240007.0
2024-12-30,USDC,usdc,1574822.0,42877675299.98594,42883326858.252686,4590985.0
2024-12-30,USDT,usdt,1708230.0,141045316770.48236,141318274555.77948,3001050.0
2024-12-31,BTC,btc,780332.0,1849474353083.6064,19803829.6240934,315699.0
2024-12-31,ETH,eth,550052.0,401467403901.52094,120471971.12042284,1248109.0
2024-12-31,USDC,usdc,1575278.0,42951263167.31896,42958355616.41849,4317293.0
2024-12-31,USDT,usdt,1647168.0,141031317999.88168,141318274555.7338,2808835.0
2025-01-01,BTC,btc,661798.0,1870627825779.7744,19804267.11404725,290700.0
2025-01-01,ETH,eth,453472.0,403691138301.57465,120472799.97846404,1040808.0
2025-01-01,USDC,usdc,1448490.0,42725398556.53717,42728631801.20114,3921853.0
2025-01-01,USDT,usdt,1390900.0,141013344422.0295,141318274552.63474,2360033.0
2025-01-02,BTC,btc,806065.0,1918121414156.2888,19804788.97841898,412640.0
2025-01-02,ETH,eth,486772.0,415341539699.6714,120473080.3227342,1086430.0
2025-01-02,USDC,usdc,1896540.0,43604353631.825745,43607680780.90158,4746391.0
2025-01-02,USDT,usdt,1718794.0,141157974505.9508,141315240921.6437,2927960.0
2025-01-03,BTC,btc,774077.0,1943302993109.42,19805232.70427525,400483.0
2025-01-03,ETH,eth,555276.0,434461028079.447,120474450.34410584,1236060.0
2025-01-03,USDC,usdc,1768194.0,44412550440.76389,44415663984.24793,4266916.0
2025-01-03,USDT,usdt,1700626.0,141266349302.0103,141315240910.80893,2856076.0
2025-01-04,BTC,btc,699568.0,1945514693256.9512,19805698.31429955,439080.0
2025-01-04,ETH,eth,540771.0,440676515363.043,120476103.69303292,1161690.0
2025-01-04,USDC,usdc,1519052.0,44552722839.28413,44554056077.41206,3628511.0
2025-01-04,USDT,usdt,1451837.0,141293014973.5469,141315240903.8711,2445411.0
2025-01-05,BTC,btc,672568.0,1949222053431.9248,19806185.7957105,433093.0
2025-01-05,ETH,eth,538968.0,438325592659.35675,120477921.26948977,1142808.0
2025-01-05,USDC,usdc,1514671.0,44580938445.26636,44584642220.00309,3540772.0
2025-01-05,USDT,usdt,1459251.0,141278203672.65128,141315240901.5175,2409196.0
2025-01-06,BTC,btc,765227.0,2023829824177.7495,19806601.40750046,364707.0
2025-01-06,ETH,eth,518795.0,443733403143.624,120479025.02479345,1214663.0
2025-01-06,USDC,usdc,1691621.0,44907057449.55564,44909764937.90002,4086023.0
2025-01-06,USDT,usdt,1753103.0,141369860445.4535,141315240901.5175,3019993.0
2025-01-07,BTC,btc,780759.0,1920785694384.26,19807020.1377164,344525.0
2025-01-07,ETH,eth,549766.0,407533453442.9405,120480510.22981992,1212018.0
2025-01-07,USDC,usdc,1798491.0,44573274074.1217,44569679492.16583,4350685.0
2025-01-07,USDT,usdt,1767314.0,141299431828.79984,141315240895.06146,3026268.0
2025-01-08,BTC,btc,739012.0,1882482074934.7832,19807410.75363998,408966.0
2025-01-08,ETH,eth,528335.0,400668567586.948,120482148.36661248,1200637.0
2025-01-08,USDC,usdc,1812223.0,44327732506.314125,44328521409.73979,4454100.0
2025-01-08,USDT,usdt,1803285.0,141281536910.90573,141315240880.13937,3127701.0
2025-01-09,BTC,btc,742304.0,1829182366534.0864,19807885.73248988,528450.0
2025-01-09,ETH,eth,538508.0,387637416928.69025,120483927.73446368,1201934.0
2025-01-09,USDC,usdc,1737246.0,44498830054.33574,44502165840.08043,4692894.0
2025-01-09,USDT,usdt,1722240.0,141311530140.33142,141315240879.86954,2994639.0
2025-01-10,BTC,btc,797315.0,1877019861807.2344,19808329.46759886,405326.0
2025-01-10,ETH,eth,549307.0,393961524359.5528,120485857.4479826,1191720.0
2025-01-10,USDC,usdc,1686936.0,44589899801.18647,44590965384.33471,5110375.0
2025-01-10,USDT,usdt,1698865.0,141295680647.26297,141315240879.7149,3023402.0
2025-01-11,BTC,btc,680515.0,1874037679375.3152,19808760.71631881,368077.0
2025-01-11,ETH,eth,578859.0,395969556180.51495,120488100.98382568,1120421.0
2025-01-11,USDC,usdc,1485127.0,44819362995.18917,44820403169.3371,3996961.0
2025-01-11,USDT,usdt,1408750.0,141270032112.49524,141315240879.35535,2482761.0
2025-01-12,BTC,btc,706797.0,1869082071182.475,19809298.20835871,380129.0
2025-01-12,ETH,eth,539823.0,392578579709.5509,120490433.90908387,1097434.0
2025-01-12,USDC,usdc,1323726.0,44818518761.34132,44819834684.95762,3668648.0
2025-01-12,USDT,usdt,1362101.0,141242668032.221,141315240879.07172,2341163.0
2025-01-13,BTC,btc,730319.0,1869554727226.954,19809698.20317314,407646.0
2025-01-13,ETH,eth,554991.0,377518896911.6239,120492208.600831,1216397.0
2025-01-13,USDC,usdc,1719023.0,44578851728.23582,44580290391.243965,5639973.0
2025-01-13,USDT,usdt,1764202.0,141258716889.23615,141315240878.82248,3178253.0
2025-01-14,BTC,btc,790420.0,1913058643137.184,19810179.44583192,348098.0
2025-01-14,ETH,eth,599208.0,388783965974.7603,120494151.12401596,1228551.0
2025-01-14,USDC,usdc,1613420.0,44561344822.53383,44559999055.7892,4813670.0
2025-01-14,USDT,usdt,1658873.0,141269001033.9399,141315240878.1631,2938122.0
2025-01-15,BTC,btc,804761.0,1984476850035.5469,19810613.81645165,356513.0
2025-01-15,ETH,eth,570274.0,414631307191.7593,120495855.24622336,1235101.0
2025-01-15,USDC,usdc,1707721.0,45196492468.022194,45200013142.64021,4903388.0
2025-01-15,USDT,usdt,1813556.0,141336781150.45255,141313594041.62936,3180723.0
2025-01-16,BTC,btc,787871.0,1980660186323.2664,19811013.81097578,381403.0
2025-01-16,ETH,eth,556504.0,398019117204.5365,120497402.07239628,1243708.0
2025-01-16,USDC,usdc,1807085.0,45290520713.94916,45287414915.746864,5359522.0
2025-01-16,USDT,usdt,1807535.0,141321514465.9065,141313594041.19153,3171390.0
2025-01-17,BTC,btc,844973.0,2066270034307.7468,19811482.55425549,420369.0
2025-01-17,ETH,eth,545962.0,419205659818.7029,120499366.50453216,1244622.0
2025-01-17,USDC,usdc,1834951.0,46271819568.02096,46277896583.26248,5104203.0
2025-01-17,USDT,usdt,1808162.0,141375967137.8318,141313594040.54373,3074928.0
2025-01-18,BTC,btc,730835.0,2068324662803.7656,19811888.80029538,360806.0
2025-01-18,ETH,eth,519864.0,398057734252.4146,120500385.68948154,1242402.0
2025-01-18,USDC,usdc,4603828.0,46356761168.62656,46359394080.775215,6781850.0
2025-01-18,USDT,usdt,2989976.0,141113727012.39615,141313594039.94467,3849549.0
2025-01-19,BTC,btc,777201.0,2000148081999.3276,19812357.54644438,381533.0
2025-01-19,ETH,eth,591559.0,386083988735.3412,120498706.52280994,1342035.0
2025-01-19,USDC,usdc,5478691.0,47149914753.32225,47139151061.47106,7947736.0
2025-01-19,USDT,usdt,3143481.0,141181152612.1252,141313594007.44214,3943346.0
2025-01-20,BTC,btc,852334.0,2032578651970.364,19812832.54293092,353367.0
2025-01-20,ETH,eth,629557.0,395886086566.6308,120497522.22528172,1389309.0
2025-01-20,USDC,usdc,5458436.0,47413835845.61459,47412744849.77141,9187396.0
2025-01-20,USDT,usdt,2769572.0,141163324844.2468,141313593975.22305,4071576.0
2025-01-21,BTC,btc,864025.0,2099964341470.9817,19813248.1656208,329282.0
2025-01-21,ETH,eth,607071.0,400373649144.64526,120498618.12748504,1266425.0
2025-01-21,USDC,usdc,3561425.0,50162767245.783646,50163412232.34358,7348544.0
2025-01-21,USDT,usdt,1991091.0,141330249786.79233,141305079212.8246,3337890.0
2025-01-22,BTC,btc,830610.0,2056488045408.3833,19813716.91363797,429325.0
2025-01-22,ETH,eth,597537.0,390381491143.7904,120500199.3087038,1272295.0
2025-01-22,USDC,usdc,3430919.0,50566470871.408104,50566805193.20466,6382007.0
2025-01-22,USDT,usdt,1851337.0,141396192598.99622,141455079053.89844,3152416.0
2025-01-23,BTC,btc,797154.0,2064328780521.9456,19814141.90542135,326782.0
2025-01-23,ETH,eth,608180.0,401974417097.8327,120501648.44529104,1272961.0
2025-01-23,USDC,usdc,3172395.0,50909653068.14522,50911243783.205376,5924017.0
2025-01-23,USDT,usdt,2051503.0,141473117522.22342,141455079052.43756,3273802.0
2025-01-24,BTC,btc,778133.0,2074905969601.072,19814579.38727566,372822.0
2025-01-24,ETH,eth,630744.0,398916921924.6882,120503140.3664166,1372877.0
2025-01-24,USDC,usdc,2922693.0,51162192131.75234,51163352898.191956,5362983.0
2025-01-24,USDT,usdt,1930090.0,141460020428.01593,141451140640.2307,3113405.0
2025-01-25,BTC,btc,674223.0,2077919319246.3333,19814979.38377799,328968.0
2025-01-25,ETH,eth,789004.0,400494578912.9483,120505120.49421264,1401619.0
2025-01-25,USDC,usdc,2673835.0,51288363275.82904,51290610783.42625,4964382.0
2025-01-25,USDT,usdt,1652384.0,141429223375.78113,141451140640.08267,2610390.0
2025-01-26,BTC,btc,652111.0,2037685117515.953,19815407.50747697,310325.0
2025-01-26,ETH,eth,608826.0,390565988392.6153,120507082.84174351,1224985.0
2025-01-26,USDC,usdc,2526500.0,51162089365.566345,51165780851.63867,4699957.0
2025-01-26,USDT,usdt,1586966.0,141406274725.9755,141451140635.80112,2457772.0
2025-01-27,BTC,btc,800741.0,2019387256103.3848,19815895.00560923,335928.0
2025-01-27,ETH,eth,554206.0,382072529629.23,120508764.79436108,1262797.0
2025-01-27,USDC,usdc,2750931.0,51228023457.30073,51229235118.112175,5756192.0
2025-01-27,USDT,usdt,1956641.0,141424183682.12366,141451140635.635,3280431.0
2025-01-28,BTC,btc,754559.0,2004189620164.2607,19816357.50459816,311149.0
2025-01-28,ETH,eth,549777.0,370059573640.8847,120510757.86089993,1189629.0
2025-01-28,USDC,usdc,2265108.0,51580796807.7117,51578529793.98756,4568339.0
2025-01-28,USDT,usdt,1668271.0,141366542655.9834,141451043216.16516,2612460.0
2025-01-29,BTC,btc,732357.0,2059342337478.6729,19816841.87530066,349802.0
2025-01-29,ETH,eth,544023.0,376446334509.3501,120512984.57252742,1173714.0
2025-01-29,USDC,usdc,2167566.0,51547424140.90985,51545618610.164024,4771715.0
2025-01-29,USDT,usdt,1488844.0,142470928642.3612,142451043213.6492,2454491.0
2025-01-30,BTC,btc,768553.0,2080567196550.5916,19817294.99742512,346376.0
2025-01-30,ETH,eth,543074.0,392379608742.7721,120515238.7342434,1192475.0
2025-01-30,USDC,usdc,2195778.0,52042151692.36601,52041458861.92359,4095771.0
2025-01-30,USDT,usdt,1534547.0,142465018263.75467,142451043209.6342,2455831.0
2025-01-31,BTC,btc,767144.0,2026616849789.96,19817685.61779669,317922.0
2025-01-31,ETH,eth,539938.0,396818341582.07733,120517363.55685116,1187266.0
2025-01-31,USDC,usdc,2018331.0,52396297873.08856,52388139219.8046,4020908.0
2025-01-31,USDT,usdt,1589924.0,142454679214.9443,142451043208.0084,2582919.0
2025-02-01,BTC,btc,732561.0,1993920956096.3496,19818260.61111899,352449.0
2025-02-01,ETH,eth,533961.0,376015537831.2432,120519678.80221036,1128799.0
2025-02-01,USDC,usdc,1990740.0,52313642306.57749,52315266531.88853,3927713.0
2025-02-01,USDT,usdt,1477149.0,142429125730.75497,142451043204.0015,2408662.0
2025-02-02,BTC,btc,762118.0,1930841758541.5393,19818794.97909532,383886.0
2025-02-02,ETH,eth,489399.0,342794289617.6172,120521454.2369568,1127284.0
2025-02-02,USDC,usdc,2256334.0,52280463470.020805,52286543902.54684,5263794.0
2025-02-02,USDT,usdt,1592263.0,142439235476.24808,142451043202.5756,2756171.0
2025-02-03,BTC,btc,872269.0,2013289499842.96,19819273.09623779,363728.0
2025-02-03,ETH,eth,500641.0,346807752144.3735,120520634.02442972,1244916.0
2025-02-03,USDC,usdc,2524912.0,53395068858.75135,53392732873.71079,6819180.0
2025-02-03,USDT,usdt,2018205.0,142672959779.5634,142451043201.6844,3683607.0
2025-02-04,BTC,btc,807567.0,1939319258389.1665,19819682.46882179,313377.0
2025-02-04,ETH,eth,567675.0,328257641598.03656,120522867.18678369,1330098.0
2025-02-04,USDC,usdc,2106478.0,54046068533.5402,54040041546.5117,5430147.0
2025-02-04,USDT,usdt,1755179.0,143466505907.61,143451043185.9858,3128922.0
2025-02-05,BTC,btc,755489.0,1913818765841.2043,19820132.46375376,378194.0
2025-02-05,ETH,eth,605351.0,335163720818.1751,120525231.43870188,1209086.0
2025-02-05,USDC,usdc,1914506.0,54307471980.89902,54302802101.457726,4541812.0
2025-02-05,USDT,usdt,1662451.0,143442923634.94678,143448719637.2875,2944452.0
2025-02-06,BTC,btc,753978.0,1913505112568.9353,19820585.58427882,426147.0
2025-02-06,ETH,eth,659801.0,323632444232.1868,120527578.94048104,1333804.0
2025-02-06,USDC,usdc,1780897.0,54584785801.16884,54581215240.32175,4340565.0
2025-02-06,USDT,usdt,1628341.0,143465417349.03543,143448719634.26245,2915378.0
2025-02-07,BTC,btc,753607.0,1910441627490.0967,19821126.2000898,501276.0
2025-02-07,ETH,eth,662264.0,314939139743.60394,120529970.74757595,1330807.0
2025-02-07,USDC,usdc,1758700.0,55182760973.27248,55181475114.8335,4416783.0
2025-02-07,USDT,usdt,1658398.0,143467199808.86676,143448719633.67703,2973982.0
2025-02-08,BTC,btc,655694.0,1914834861591.3328,19821626.19378163,467968.0
2025-02-08,ETH,eth,700649.0,317863202550.45166,120532416.48821798,1203788.0
2025-02-08,USDC,usdc,1702794.0,54925932093.496414,54916067606.91436,3820527.0
2025-02-08,USDT,usdt,1419792.0,143492713259.89548,143448719320.05045,2424962.0
2025-02-09,BTC,btc,630935.0,1909058965339.104,19822073.06223539,382701.0
2025-02-09,ETH,eth,646027.0,316216455634.73627,120534867.31338371,1187055.0
2025-02-09,USDC,usdc,1950207.0,55144135390.07953,55145517530.8892,3834969.0
2025-02-09,USDT,usdt,1535236.0,143468355513.1555,143448718167.3604,2426039.0
2025-02-10,BTC,btc,784554.0,1930221128141.7024,19822507.43074098,364185.0
2025-02-10,ETH,eth,711876.0,320507650890.22095,120540707.5995262,1356631.0
2025-02-10,USDC,usdc,1865575.0,54937612907.93697,54939628224.02541,4080519.0
2025-02-10,USDT,usdt,1798281.0,143482633651.9566,143448718142.36835,3069868.0
2025-02-11,BTC,btc,778968.0,1899157386552.5632,19822894.92809454,331657.0
2025-02-11,ETH,eth,612087.0,313881271560.9803,120539673.6167322,1325846.0
2025-02-11,USDC,usdc,1949043.0,55027550338.17444,55030491286.479904,4099114.0
2025-02-11,USDT,usdt,1772286.0,143430195806.3278,143448718061.37344,3002950.0
2025-02-12,BTC,btc,713585.0,1937857410916.4807,19823310.54614802,389778.0
2025-02-12,ETH,eth,613684.0,330121807511.74896,120542004.9888454,1275635.0
2025-02-12,USDC,usdc,1920378.0,54973975561.63959,54978288395.487076,4297679.0
2025-02-12,USDT,usdt,1753607.0,143486741260.3748,143444974375.204,2995032.0
2025-02-13,BTC,btc,752473.0,1913685805334.97,19823804.28829496,375861.0
2025-02-13,ETH,eth,627574.0,322445541799.0301,120544373.14962448,1321148.0
2025-02-13,USDC,usdc,1869200.0,54953348801.59192,54956363024.9898,4049853.0
2025-02-13,USDT,usdt,1679252.0,143463458121.52454,143444974156.5126,2891617.0
2025-02-14,BTC,btc,734111.0,1931169458434.916,19824279.2809251,341719.0
2025-02-14,ETH,eth,666254.0,328499961069.78186,120546782.56681585,1349547.0
2025-02-14,USDC,usdc,2032363.0,55229283418.39467,55230088044.38775,4349422.0
2025-02-14,USDT,usdt,1710600.0,143461738295.04132,143444974131.0626,2926250.0
2025-02-15,BTC,btc,651702.0,1934566256851.844,19824779.27431535,310167.0
2025-02-15,ETH,eth,668614.0,324786760761.21564,120549235.54754192,1171706.0
2025-02-15,USDC,usdc,1574666.0,55226660270.05573,55230270472.529976,3234389.0
2025-02-15,USDT,usdt,1440413.0,143471969896.05884,143444974110.93192,2440391.0
2025-02-16,BTC,btc,607272.0,1906837582148.7031,19825251.14105045,306797.0
2025-02-16,ETH,eth,685798.0,320916873534.66345,120551704.61690933,1129295.0
2025-02-16,USDC,usdc,1394899.0,55117361504.27697,55118061245.882675,3146949.0
2025-02-16,USDT,usdt,1344282.0,143460009551.96008,143444974110.69263,2289473.0
2025-02-17,BTC,btc,722465.0,1899111947271.7964,19825679.26066042,327916.0
2025-02-17,ETH,eth,675569.0,330723718540.91187,120553238.30287088,1358017.0
2025-02-17,USDC,usdc,1681557.0,55307197004.36226,55313362302.040726,4097495.0
2025-02-17,USDT,usdt,1660232.0,143445462896.02475,143444974100.8635,2917339.0
2025-02-18,BTC,btc,752996.0,1892284519009.475,19826116.7472204,429401.0
2025-02-18,ETH,eth,606517.0,321536880792.8243,120555641.39738213,1312465.0
2025-02-18,USDC,usdc,1899316.0,55228969815.047455,55239367419.96044,4557606.0
2025-02-18,USDT,usdt,1747979.0,144361283150.82944,144444974099.78,3100136.0
2025-02-19,BTC,btc,680832.0,1916190866477.272,19826510.48629836,448514.0
2025-02-19,ETH,eth,639839.0,327699057250.80475,120558106.35642856,1257368.0
2025-02-19,USDC,usdc,1578272.0,55158536580.89573,55160290710.17537,3895992.0
2025-02-19,USDT,usdt,1605042.0,144446136867.35345,144444974095.29456,2831815.0
2025-02-20,BTC,btc,692965.0,1950814347183.5208,19826916.72818671,482796.0
2025-02-20,ETH,eth,685150.0,330422334011.6877,120560550.11571346,1323505.0
2025-02-20,USDC,usdc,1594648.0,55049472808.69229,55054328208.1617,3832431.0
2025-02-20,USDT,usdt,1697865.0,144466523597.47336,144444973645.71198,2992610.0
2025-02-21,BTC,btc,718521.0,1904394119450.7417,19827319.84583575,454467.0
2025-02-21,ETH,eth,656153.0,320183486526.4595,120562831.08748792,1357193.0
2025-02-21,USDC,usdc,1665246.0,56073363869.28876,56071416999.5093,4327709.0
2025-02-21,USDT,usdt,1674457.0,144367993046.69937,144444973645.25677,3026141.0
2025-02-22,BTC,btc,629577.0,1915474255560.694,19827754.2113292,558602.0
2025-02-22,ETH,eth,652109.0,333526767533.7199,120565287.77811553,1185038.0
2025-02-22,USDC,usdc,1326689.0,55950665073.16425,55939291812.04698,3118192.0
2025-02-22,USDT,usdt,1374290.0,144469126204.5024,144444973638.58047,2424636.0
2025-02-23,BTC,btc,515136.0,1905320016311.215,19828157.32517917,574133.0
2025-02-23,ETH,eth,673471.0,340225314004.08704,120567755.20454064,1119166.0
2025-02-23,USDC,usdc,1222232.0,55910182549.67773,55912298586.97858,2998079.0
2025-02-23,USDT,usdt,1286060.0,144423835901.8421,144444973626.82147,2204690.0
2025-02-24,BTC,btc,713984.0,1821643280725.7832,19828563.56379784,511496.0
2025-02-24,ETH,eth,653722.0,303775975262.47534,120570150.05309434,1304929.0
2025-02-24,USDC,usdc,1774557.0,55511362060.91296,55519031723.34095,4815845.0
2025-02-24,USDT,usdt,1818963.0,144393191318.0382,144443694944.5673,3270463.0
2025-02-25,BTC,btc,837361.0,1760217123608.3984,19829022.93427864,493632.0
2025-02-25,ETH,eth,599245.0,301355244097.82874,120572326.80566896,1397681.0
2025-02-25,USDC,usdc,2235708.0,55153741183.73181,55150476934.76717,6073557.0
2025-02-25,USDT,usdt,2061047.0,144300770585.30963,144443694929.17725,3722590.0
2025-02-26,BTC,btc,827083.0,1665439114292.4233,19829513.54557975,398655.0
2025-02-26,ETH,eth,634182.0,280990640200.25354,120574685.9238989,1289180.0
2025-02-26,USDC,usdc,1791405.0,55118182735.92362,55129242654.25653,5019832.0
2025-02-26,USDT,usdt,1807456.0,144226751697.04233,144443694656.6627,3234734.0
2025-02-27,BTC,btc,890859.0,1678120562077.0845,19829982.28192984,326363.0
2025-02-27,ETH,eth,628254.0,277146095106.2226,120577122.54721928,1302283.0
2025-02-27,USDC,usdc,1632795.0,54563890531.93182,54576722568.93665,5063468.0
2025-02-27,USDT,usdt,1752426.0,144263902697.85187,144442371035.7992,3140173.0
2025-02-28,BTC,btc,915297.0,1670593691979.4983,19830469.77944628,388679.0
2025-02-28,ETH,eth,572524.0,268883693070.15475,120579496.2759254,1342176.0
2025-02-28,USDC,usdc,1892966.0,54892050437.933266,54905480227.91965,5811738.0
2025-02-28,USDT,usdt,1952850.0,143355522193.6331,143442371030.8303,3544128.0
2025-03-01,BTC,btc,796043.0,1702372786377.574,19830919.77817533,283151.0
2025-03-01,ETH,eth,581077.0,266359986058.08917,120581973.27046612,1121214.0
2025-03-01,USDC,usdc,1433885.0,55139596663.28535,55147518998.51501,3988878.0
2025-03-01,USDT,usdt,1544758.0,143405561785.69708,143442371023.46008,2715536.0
2025-03-02,BTC,btc,691454.0,1870648329293.3423,19831313.52299381,271285.0
2025-03-02,ETH,eth,634334.0,303793416355.32654,120584050.02614276,1142048.0
2025-03-02,USDC,usdc,1824032.0,55114632165.101494,55119314735.206474,5081602.0
2025-03-02,USDT,usdt,1672647.0,144458022266.3324,144442370996.06412,2881266.0
2025-03-03,BTC,btc,804674.0,1711798740468.5623,19831782.26242224,372983.0
2025-03-03,ETH,eth,600837.0,259694900722.5667,120586426.25109872,1328012.0
2025-03-03,USDC,usdc,1849247.0,54904130050.95208,54913800966.29564,5778344.0
2025-03-03,USDT,usdt,1926326.0,144338165617.97153,144439764528.35495,3601476.0
2025-03-04,BTC,btc,752956.0,1731824260629.478,19832238.51079673,302840.0
2025-03-04,ETH,eth,581765.0,261685394082.7408,120588779.25961062,1347191.0
2025-03-04,USDC,usdc,1766263.0,55388670773.32674,55397391950.41488,5864982.0
2025-03-04,USDT,usdt,1860438.0,144398448157.28568,144439764524.56232,3558340.0
2025-03-05,BTC,btc,735786.0,1797223681143.754,19832657.25345893,306253.0
2025-03-05,ETH,eth,648492.0,270253298998.35315,120591247.13405567,1273243.0
2025-03-05,USDC,usdc,1530929.0,55617836648.19829,55622909522.28656,4626923.0
2025-03-05,USDT,usdt,1727945.0,144435613493.64035,144439764473.35635,3182825.0
2025-03-06,BTC,btc,825264.0,1789391307662.1536,19833188.49809435,372699.0
2025-03-06,ETH,eth,650999.0,266070170286.79205,120593702.21317272,1339568.0
2025-03-06,USDC,usdc,1431435.0,55979172248.42605,55986251981.08552,4490261.0
2025-03-06,USDT,usdt,1674923.0,144430100238.79245,144434483401.05963,3129557.0
2025-03-07,BTC,btc,863520.0,1716672116469.4514,19833632.23824098,313867.0
2025-03-07,ETH,eth,584152.0,257441262698.58096,120596143.50325412,1277137.0
2025-03-07,USDC,usdc,1596066.0,56839608256.324936,56848330626.562256,4987654.0
2025-03-07,USDT,usdt,1712950.0,144395101059.4296,144434483384.00525,3234089.0
2025-03-08,BTC,btc,673352.0,1709126347862.4343,19834060.3616429,291511.0
2025-03-08,ETH,eth,614600.0,265286477212.4575,120598622.78484245,1097056.0
2025-03-08,USDC,usdc,1295051.0,56800455944.04186,56803832130.76629,3505773.0
2025-03-08,USDT,usdt,1418158.0,144407982319.42358,144434483365.19992,2562885.0
2025-03-09,BTC,btc,664954.0,1599613333429.7493,19834557.23055726,302935.0
2025-03-09,ETH,eth,616335.0,243094656904.6245,120601080.25310102,1123093.0
2025-03-09,USDC,usdc,1379193.0,56785977399.40041,56796216920.26861,4048378.0
2025-03-09,USDT,usdt,1433321.0,144387971974.11057,144434483363.90228,2623516.0
2025-03-10,BTC,btc,800739.0,1567086259002.0354,19835038.47608533,441520.0
2025-03-10,ETH,eth,573333.0,226696882004.85568,120603133.54286738,1283100.0
2025-03-10,USDC,usdc,1621089.0,56491320272.81128,56513847256.75523,5260044.0
2025-03-10,USDT,usdt,1796817.0,144353613838.90622,144434483351.78433,3355851.0
2025-03-11,BTC,btc,782819.0,1641328790899.5469,19835469.72605551,379790.0
2025-03-11,ETH,eth,560914.0,231925855926.55225,120605485.62215264,1311724.0
2025-03-11,USDC,usdc,1600583.0,56870003108.11297,56882667217.74231,5004792.0
2025-03-11,USDT,usdt,1768501.0,144423241122.16553,144432261462.97003,3276229.0
2025-03-12,BTC,btc,745460.0,1658883454607.8372,19835947.84578215,432621.0
2025-03-12,ETH,eth,586370.0,229941295347.69888,120607952.02772342,1221476.0
2025-03-12,USDC,usdc,1456950.0,57000943694.62973,57004539312.175896,4468516.0
2025-03-12,USDT,usdt,1613612.0,144399883279.2032,144432261460.4572,3036244.0
2025-03-13,BTC,btc,764889.0,1608939764835.8203,19836444.71864683,529277.0
2025-03-13,ETH,eth,607478.0,224760702915.82736,120610426.59853484,1183406.0
2025-03-13,USDC,usdc,1374213.0,57103072784.33505,57115481591.45556,4195858.0
2025-03-13,USDT,usdt,1575043.0,144365829906.9722,144432261460.45517,2964447.0
2025-03-14,BTC,btc,779781.0,1668398039427.7195,19836888.46507507,441947.0
2025-03-14,ETH,eth,624019.0,230937974987.02933,120612914.0690371,1165047.0
2025-03-14,USDC,usdc,1428809.0,57342631406.89276,57344095762.50586,3973384.0
2025-03-14,USDT,usdt,1585136.0,144437110007.18903,144412436272.097,2951350.0
2025-03-15,BTC,btc,663845.0,1673333414190.8909,19837300.96369563,472408.0
2025-03-15,ETH,eth,699041.0,233950825948.31775,120615421.10981368,1002601.0
2025-03-15,USDC,usdc,1224233.0,57277928821.16694,57284096221.4433,3359380.0
2025-03-15,USDT,usdt,1384785.0,144429081871.51462,144412436268.3149,2555657.0
2025-03-16,BTC,btc,682615.0,1636458050090.93,19837754.08766151,468961.0
2025-03-16,ETH,eth,616135.0,227328411775.82693,120617930.83202688,971166.0
2025-03-16,USDC,usdc,1150808.0,57206143363.61245,57215157147.69128,3783239.0
2025-03-16,USDT,usdt,1342175.0,144400804103.20535,144412436253.02875,2520712.0
2025-03-17,BTC,btc,777796.0,1666684786731.2976,19838191.58565153,382454.0
2025-03-17,ETH,eth,616869.0,232541048085.54224,120620428.01298717,1139344.0
2025-03-17,USDC,usdc,1169361.0,57411347593.64837,57411309867.064545,3922435.0
2025-03-17,USDT,usdt,1547454.0,144762093650.92194,144762033591.65137,3000560.0
2025-03-18,BTC,btc,728748.0,1640274370270.4656,19838635.33370501,367012.0
2025-03-18,ETH,eth,621708.0,232863687031.27032,120622930.86964692,1165679.0
2025-03-18,USDC,usdc,1159566.0,57411570055.65506,57413713978.33788,3895177.0
2025-03-18,USDT,usdt,1541366.0,144723614415.4482,144760058263.44095,3013076.0
2025-03-19,BTC,btc,757656.0,1721523623549.8943,19839110.3317466,438484.0
2025-03-19,ETH,eth,615315.0,248122387915.36484,120625423.3039636,1211649.0
2025-03-19,USDC,usdc,1261256.0,57846210242.82104,57850698636.88678,4524288.0
2025-03-19,USDT,usdt,1534685.0,145804214467.5718,145758465124.69147,3039249.0
2025-03-20,BTC,btc,813034.0,1669001917236.0315,19839554.07872113,341253.0
2025-03-20,ETH,eth,629660.0,238626717826.22784,120627929.16094708,1210998.0
2025-03-20,USDC,usdc,1311474.0,57899163383.210785,57907067627.06879,4004405.0
2025-03-20,USDT,usdt,1545007.0,145677623971.9993,145758465101.8521,3041894.0
2025-03-21,BTC,btc,769088.0,1667937663818.345,19840007.20270222,318682.0
2025-03-21,ETH,eth,653476.0,237172166228.5624,120630463.61331692,1117996.0
2025-03-21,USDC,usdc,1152703.0,58147742066.33134,58152202386.04886,3939409.0
2025-03-21,USDT,usdt,1481480.0,145714055270.6542,145758465100.30615,2964741.0
2025-03-22,BTC,btc,644074.0,1663052904959.7424,19840475.94273762,412886.0
2025-03-22,ETH,eth,688574.0,238700423188.6992,120632997.22322668,1047954.0
2025-03-22,USDC,usdc,994388.0,58071887089.24256,58068008492.18815,3843295.0
2025-03-22,USDT,usdt,1264619.0,145760762648.74673,145758465098.51373,2491815.0
2025-03-23,BTC,btc,610837.0,1701578513423.3577,19840963.43976163,542672.0
2025-03-23,ETH,eth,644387.0,241015835532.71927,120635534.89776178,979935.0
2025-03-23,USDC,usdc,1065935.0,58257167766.144035,58255488345.56008,3780485.0
2025-03-23,USDT,usdt,1249915.0,145769057977.25378,145758465095.3808,2440969.0
2025-03-24,BTC,btc,809888.0,1732605979469.871,19841444.68753153,481825.0
2025-03-24,ETH,eth,567021.0,250192522606.424,120638039.32146797,1227168.0
2025-03-24,USDC,usdc,1412257.0,58002195559.62036,58007312686.3811,4500298.0
2025-03-24,USDT,usdt,1617236.0,145792070913.34146,145758465094.3774,3169400.0
2025-03-25,BTC,btc,725387.0,1734636202172.6843,19841910.31104373,499703.0
2025-03-25,ETH,eth,599874.0,249135726710.16968,120640560.85577103,1243357.0
2025-03-25,USDC,usdc,1301785.0,58558010011.33908,58560333858.85602,4120885.0
2025-03-25,USDT,usdt,1590806.0,145806004179.74615,145757225968.82227,3162719.0
2025-03-26,BTC,btc,759292.0,1723046786084.8425,19842385.30950609,518025.0
2025-03-26,ETH,eth,625606.0,241941513301.14886,120643081.8083084,1306796.0
2025-03-26,USDC,usdc,1338759.0,58479609036.88368,58485666256.600365,4359083.0
2025-03-26,USDT,usdt,1575422.0,145768512611.0739,145757225967.66614,3178575.0
2025-03-27,BTC,btc,778898.0,1730521029666.2207,19842847.80873067,435123.0
2025-03-27,ETH,eth,604866.0,241697811513.93152,120645602.10515895,1280595.0
2025-03-27,USDC,usdc,1267131.0,58626226961.60891,58625991415.84649,4115915.0
2025-03-27,USDT,usdt,1602390.0,145738120112.9219,145757182938.5752,3232885.0
2025-03-28,BTC,btc,830965.0,1672972784327.986,19843329.05742965,395973.0
2025-03-28,ETH,eth,565035.0,228752072541.91656,120648118.08828488,1296364.0
2025-03-28,USDC,usdc,1353176.0,58680835816.43212,58676579741.305756,4307076.0
2025-03-28,USDT,usdt,1608164.0,146689487579.02344,146757182936.97888,3263051.0
2025-03-29,BTC,btc,665765.0,1637055024373.4478,19843769.68171961,292760.0
2025-03-29,ETH,eth,538941.0,220018393101.96564,120650655.32356945,1128659.0
2025-03-29,USDC,usdc,1307482.0,58562368296.07644,58554873344.05208,4218488.0
2025-03-29,USDT,usdt,1411904.0,146694469132.35733,146757182935.03604,2909776.0
2025-03-30,BTC,btc,611195.0,1631519827648.8333,19844197.80611996,303321.0
2025-03-30,ETH,eth,573805.0,217513615604.0632,120653202.08650967,1062800.0
2025-03-30,USDC,usdc,1115037.0,58453938242.59796,58456116740.740524,3784279.0
2025-03-30,USDT,usdt,1281557.0,146726647845.41632,146757182902.42444,2664190.0
2025-03-31,BTC,btc,770064.0,1636419456087.1692,19844660.30453595,319360.0
2025-03-31,ETH,eth,534039.0,220008878869.03503,120655715.73603325,1317669.0
2025-03-31,USDC,usdc,1388326.0,58177227787.50608,58176016660.63716,4631181.0
2025-03-31,USDT,usdt,1611486.0,147728184081.29904,147757182899.68103,3331411.0
2025-04-01,BTC,btc,807365.0,1691331138973.1042,19845082.17772405,352343.0
2025-04-01,ETH,eth,545849.0,230250220602.3688,120658192.1488243,1300318.0
2025-04-01,USDC,usdc,1730796.0,58478932152.29875,58477979992.72731,4786735.0
2025-04-01,USDT,usdt,1628798.0,147756255250.25485,147754599311.14755,3372163.0
2025-04-02,BTC,btc,769838.0,1638367660664.3127,19845619.67412857,404621.0
2025-04-02,ETH,eth,535608.0,216644974251.25656,120660683.56315398,1302159.0
2025-04-02,USDC,usdc,1540073.0,58920964873.626335,58922724132.981094,5044540.0
2025-04-02,USDT,usdt,1625235.0,147695854548.821,147754599310.95605,3339808.0
2025-04-03,BTC,btc,792583.0,1645870317318.1455,19846094.66498855,395213.0
2025-04-03,ETH,eth,567408.0,218828797687.00153,120663678.45016828,1292692.0
2025-04-03,USDC,usdc,1496087.0,59126847600.13729,59137660112.2903,4558230.0
2025-04-03,USDT,usdt,1730835.0,147688267510.74313,147754599307.5769,3296754.0
2025-04-04,BTC,btc,820433.0,1662637424311.7046,19846657.16238412,422793.0
2025-04-04,ETH,eth,578300.0,218766622588.13687,120665704.88015136,1256395.0
2025-04-04,USDC,usdc,1411057.0,58794207414.427185,58798663983.87521,4901144.0
2025-04-04,USDT,usdt,1565496.0,147695019795.45563,147754597136.89264,3135582.0
2025-04-05,BTC,btc,736838.0,1653312332259.2837,19847169.65940218,294122.0
2025-04-05,ETH,eth,650544.0,217561846864.70877,120668244.13557538,1068681.0
2025-04-05,USDC,usdc,1180517.0,58818383897.0582,58824652387.48314,3568043.0
2025-04-05,USDT,usdt,1329522.0,147684287219.51205,147754597123.6378,2671034.0
2025-04-06,BTC,btc,645459.0,1547104104705.474,19847622.78330522,272974.0
2025-04-06,ETH,eth,567708.0,189344069995.81943,120670476.72520179,1113030.0
2025-04-06,USDC,usdc,1428313.0,58617523688.24132,58610885019.854744,4272164.0
2025-04-06,USDT,usdt,1472715.0,147631829969.623,147754597121.9681,2807330.0
2025-04-07,BTC,btc,791618.0,1576370002657.1194,19848075.9075672,315963.0
2025-04-07,ETH,eth,634899.0,188277532767.91992,120672295.596187,1433231.0
2025-04-07,USDC,usdc,1803801.0,58304691800.73235,58290103906.22017,6293631.0
2025-04-07,USDT,usdt,1894180.0,147704576823.50543,147754597120.8794,3782373.0
2025-04-08,BTC,btc,736263.0,1515465474440.1921,19848554.03181368,360926.0
2025-04-08,ETH,eth,651117.0,177523540140.3257,120674770.59633912,1428053.0
2025-04-08,USDC,usdc,1456763.0,58373837458.59234,58376512555.889145,5036248.0
2025-04-08,USDT,usdt,1689427.0,147585969499.94034,147738319122.42517,3369197.0
2025-04-09,BTC,btc,743091.0,1641918231600.7288,19848963.40626122,320082.0
2025-04-09,ETH,eth,638161.0,200674799594.6252,120676954.65445428,1426415.0
2025-04-09,USDC,usdc,1625166.0,58181910571.48467,58164698911.37272,5713047.0
2025-04-09,USDT,usdt,1735287.0,148666985973.22028,148738319121.53473,3479631.0
2025-04-10,BTC,btc,745006.0,1579198604258.992,19849413.40516973,315731.0
2025-04-10,ETH,eth,547468.0,183706170452.66025,120679205.2448576,1329892.0
2025-04-10,USDC,usdc,1457454.0,58058240560.34575,58061521566.65837,4642024.0
2025-04-10,USDT,usdt,1666095.0,148656073453.1597,148738319118.89032,3310584.0
2025-04-11,BTC,btc,762968.0,1654683660675.4377,19849875.90300781,412324.0
2025-04-11,ETH,eth,520203.0,188935722361.92105,120681691.19817616,1302595.0
2025-04-11,USDC,usdc,1539495.0,58358356572.24496,58362567602.46776,4881764.0
2025-04-11,USDT,usdt,1636424.0,148677669421.42468,148738319117.88028,3330275.0
2025-04-12,BTC,btc,651244.0,1692622392211.0483,19850325.90175683,413756.0
2025-04-12,ETH,eth,549318.0,198700550078.46585,120684199.89435096,1169101.0
2025-04-12,USDC,usdc,1465831.0,58343618837.280205,58348840512.84333,4504467.0
2025-04-12,USDT,usdt,1419632.0,147925534244.44714,147938319117.5685,2939369.0
2025-04-13,BTC,btc,599557.0,1658915898888.8325,19850863.39879054,448011.0
2025-04-13,ETH,eth,569981.0,192291583195.86148,120686742.52764376,1105874.0
2025-04-13,USDC,usdc,1351973.0,58305009052.27008,58311965177.43995,4559934.0
2025-04-13,USDT,usdt,1356683.0,147889782878.18542,147938317590.68356,2859340.0
2025-04-14,BTC,btc,731158.0,1679204714073.2632,19851329.02176633,448201.0
2025-04-14,ETH,eth,561545.0,195933108303.61423,120689088.53068872,1251733.0
2025-04-14,USDC,usdc,1451438.0,58434781608.75104,58434853401.91846,5047861.0
2025-04-14,USDT,usdt,1614461.0,147926086230.74487,147938317585.6828,3505007.0
2025-04-15,BTC,btc,764894.0,1661025030688.434,19851779.01835727,435581.0
2025-04-15,ETH,eth,583041.0,191996735545.15848,120691651.62616111,1238535.0
2025-04-15,USDC,usdc,1450267.0,58460824389.82094,58468766245.95058,4562147.0
2025-04-15,USDT,usdt,1711542.0,147890422795.03104,147911758944.56705,3538663.0
2025-04-16,BTC,btc,715957.0,1670596611909.0215,19852241.51758029,512698.0
2025-04-16,ETH,eth,607438.0,190426695584.88,120694172.0630528,1213894.0
2025-04-16,USDC,usdc,1509600.0,58584384672.66133,58579498507.49282,4771008.0
2025-04-16,USDT,usdt,1686503.0,147924639470.0899,147911758941.0849,3508091.0
2025-04-17,BTC,btc,734302.0,1686301597345.8896,19852719.64043287,555992.0
2025-04-17,ETH,eth,602395.0,191252264734.0799,120696640.1411239,1164340.0
2025-04-17,USDC,usdc,1420886.0,58828714792.7052,58826785367.17914,4239402.0
2025-04-17,USDT,usdt,1619529.0,147927526511.00717,147911758941.01572,3327664.0
2025-04-18,BTC,btc,669757.0,1676295756003.2063,19853144.64028952,512005.0
2025-04-18,ETH,eth,602813.0,191812122974.97327,120699161.24582772,1117701.0
2025-04-18,USDC,usdc,1294040.0,58756619191.695786,58758391771.722755,3714153.0
2025-04-18,USDT,usdt,1523059.0,147901077253.6216,147911758940.8899,3037817.0
2025-04-19,BTC,btc,618431.0,1690030384115.3113,19853579.01218784,548341.0
2025-04-19,ETH,eth,698864.0,194904571012.9758,120701711.5316832,1042005.0
2025-04-19,USDC,usdc,1307069.0,58737728242.9088,58743544092.13473,3571459.0
2025-04-19,USDT,usdt,1411227.0,147895855335.98853,147911758934.74713,2747942.0
2025-04-20,BTC,btc,563502.0,1689606952070.2014,19853963.38402997,468036.0
2025-04-20,ETH,eth,680519.0,191350438562.0888,120704260.26466112,1010667.0
2025-04-20,USDC,usdc,1200827.0,58732643522.6081,58739755438.13389,3290815.0
2025-04-20,USDT,usdt,1327250.0,147894748244.85547,147911758930.47043,2629418.0
2025-04-21,BTC,btc,680575.0,1734490932069.791,19854357.13198692,437926.0
2025-04-21,ETH,eth,577103.0,190351179684.22324,120706786.53591076,1184491.0
2025-04-21,USDC,usdc,1430007.0,58948802454.77283,58955398340.561,4070755.0
2025-04-21,USDT,usdt,1611384.0,147403613916.62167,147409198968.18945,3291538.0
2025-04-22,BTC,btc,792265.0,1856340531375.4473,19854841.50212034,514191.0
2025-04-22,ETH,eth,578892.0,212207109424.76276,120709063.38382705,1292920.0
2025-04-22,USDC,usdc,1710438.0,59717273940.70555,59722293429.14154,4684924.0
2025-04-22,USDT,usdt,1681724.0,148466907373.67896,148409198413.3119,3384221.0
2025-04-23,BTC,btc,716670.0,1860347455519.507,19855197.75012697,425004.0
2025-04-23,ETH,eth,560731.0,217017943850.0821,120711391.44531351,1328925.0
2025-04-23,USDC,usdc,1817349.0,59806649760.84077,59808782324.210526,5415676.0
2025-04-23,USDT,usdt,1697642.0,148487557530.7588,148408791718.77744,3355410.0
2025-04-24,BTC,btc,771761.0,1863449313964.0083,19855638.37310508,460328.0
2025-04-24,ETH,eth,513039.0,213600137073.14145,120713684.2487598,1245757.0
2025-04-24,USDC,usdc,1621565.0,60198204366.92468,60199802878.3395,4608203.0
2025-04-24,USDT,usdt,1677239.0,148476635561.50644,148408692070.36337,3153193.0
2025-04-25,BTC,btc,818112.0,1881789547566.0952,19856088.37048136,385154.0
2025-04-25,ETH,eth,576170.0,216029488661.9077,120716094.33442712,1341665.0
2025-04-25,USDC,usdc,1727255.0,60171913819.88103,60171249557.65906,5052080.0
2025-04-25,USDT,usdt,1685860.0,148499789484.43387,148394635935.06967,3504706.0
2025-04-26,BTC,btc,636351.0,1880301938025.9343,19856503.99538397,330013.0
2025-04-26,ETH,eth,599602.0,219714001358.067,120718618.84633993,1206780.0
2025-04-26,USDC,usdc,1465601.0,60083045424.64591,60084529860.672005,4244756.0
2025-04-26,USDT,usdt,1420785.0,148428368509.0314,148394635933.71555,2928072.0
2025-04-27,BTC,btc,614897.0,1862835334857.3271,19856925.86845264,432684.0
2025-04-27,ETH,eth,582298.0,216501368630.8668,120721163.67816424,1118393.0
2025-04-27,USDC,usdc,1412431.0,59901576337.67882,59906727522.98145,4212975.0
2025-04-27,USDT,usdt,1387850.0,148443113790.7213,148394635906.88333,2981582.0
2025-04-28,BTC,btc,801464.0,1887760823772.7727,19857366.4933841,421997.0
2025-04-28,ETH,eth,563618.0,217289158774.17047,120723415.55938476,1277668.0
2025-04-28,USDC,usdc,1644701.0,60031430583.19012,60032038983.68626,5085376.0
2025-04-28,USDT,usdt,1709387.0,149434162511.8847,149393920930.4221,3757312.0
2025-04-29,BTC,btc,738376.0,1868677522267.078,19857822.7422359,466125.0
2025-04-29,ETH,eth,570943.0,216455613837.37555,120726190.53830609,1288148.0
2025-04-29,USDC,usdc,1561099.0,59961266234.843,59962101881.248276,5054188.0
2025-04-29,USDT,usdt,1702966.0,151427342061.47137,151393920929.25113,3816142.0
2025-04-30,BTC,btc,797218.0,1871375202601.8772,19858235.24088683,344716.0
2025-04-30,ETH,eth,602015.0,216742122366.39664,120728679.13482988,1296565.0
2025-04-30,USDC,usdc,1583268.0,59447696132.02677,59445842176.54779,5117576.0
2025-04-30,USDT,usdt,1756699.0,151421684383.21744,151393920928.92838,3854296.0
2025-05-01,BTC,btc,783416.0,1914607731457.7063,19858657.11484803,330132.0
2025-05-01,ETH,eth,584302.0,221928666236.7795,120731126.06195678,1250968.0
2025-05-01,USDC,usdc,1677553.0,59393676919.94184,59393980886.75883,4722103.0
2025-05-01,USDT,usdt,1656796.0,151450399700.31104,151393920928.4784,3410487.0
2025-05-02,BTC,btc,931165.0,1923202218396.0427,19859153.98960692,380180.0
2025-05-02,ETH,eth,614894.0,222308298975.2047,120733641.03677388,1264375.0
2025-05-02,USDC,usdc,1579382.0,59313098955.311264,59314411455.77776,4388978.0
2025-05-02,USDT,usdt,1563951.0,151462889924.8406,151391804464.69357,3284857.0
2025-05-03,BTC,btc,686500.0,1905408123209.2988,19859666.48887791,389316.0
2025-05-03,ETH,eth,669340.0,221603876059.12677,120736190.72938713,1085909.0
2025-05-03,USDC,usdc,1456265.0,59273860568.521095,59278725614.26368,3854687.0
2025-05-03,USDT,usdt,1409512.0,151420890564.60245,151391804464.1442,2967817.0
2025-05-04,BTC,btc,613491.0,1874352427037.668,19860100.86307036,345861.0
2025-05-04,ETH,eth,604025.0,218448831118.08948,120738733.58340156,1263280.0
2025-05-04,USDC,usdc,1337415.0,59306690446.69216,59309415127.951614,3958967.0
2025-05-04,USDT,usdt,1368261.0,151389498496.50885,151391804463.61697,2906358.0
2025-05-05,BTC,btc,758965.0,1883856515330.3591,19860647.73754278,401820.0
2025-05-05,ETH,eth,590450.0,220042314791.4088,120741273.27874924,1337825.0
2025-05-05,USDC,usdc,1548185.0,59625701165.97746,59625697645.047226,4749472.0
2025-05-05,USDT,usdt,1634294.0,152381635672.6889,152390419079.97876,3539278.0
2025-05-06,BTC,btc,787857.0,1920127894786.8733,19861078.98632881,335143.0
2025-05-06,ETH,eth,586800.0,219057496323.70816,120744272.01042145,1278812.0
2025-05-06,USDC,usdc,1608826.0,58985634777.51432,58980477010.58199,4948580.0
2025-05-06,USDT,usdt,1701888.0,152396954592.87943,152389981948.08115,3599195.0
2025-05-07,BTC,btc,846613.0,1929298928069.274,19861550.86025732,343041.0
2025-05-07,ETH,eth,569398.0,219099979149.18185,120746051.96632718,1308305.0
2025-05-07,USDC,usdc,1705692.0,58879025799.64808,58879625963.47302,4878685.0
2025-05-07,USDT,usdt,1706437.0,153431609926.57578,153389981941.13736,3584172.0
2025-05-08,BTC,btc,852697.0,2047172109216.88,19862047.7320949,371373.0
2025-05-08,ETH,eth,576847.0,264808195185.2241,120747646.25083143,1452571.0
2025-05-08,USDC,usdc,1904785.0,58666849038.11299,58665051120.42208,5654031.0
2025-05-08,USDT,usdt,1839256.0,153372086407.9237,153387665185.02853,3658338.0
2025-05-09,BTC,btc,863281.0,2044660177958.4976,19862485.22816211,335574.0
2025-05-09,ETH,eth,600913.0,282820618221.35046,120749574.15149012,1437369.0
2025-05-09,USDC,usdc,2075303.0,58402687197.74428,58409043746.30063,6129752.0
2025-05-09,USDT,usdt,1821619.0,153402901188.3271,153387665180.09283,3625998.0
2025-05-10,BTC,btc,664831.0,2077323776439.7463,19862953.9781219,326973.0
2025-05-10,ETH,eth,500413.0,312096306238.86444,120751686.61629428,1334495.0
2025-05-10,USDC,usdc,1785901.0,58493392295.471,58501012022.70721,5096252.0
2025-05-10,USDT,usdt,1549933.0,153358901799.22333,153387665169.87253,3026366.0
2025-05-11,BTC,btc,615305.0,2065321653739.3252,19863419.60241787,280245.0
2025-05-11,ETH,eth,493699.0,302807565286.0444,120753792.07125542,1289814.0
2025-05-11,USDC,usdc,1669064.0,58476089810.64544,58481740922.13996,4931072.0
2025-05-11,USDT,usdt,1510624.0,153406549134.90976,153387665169.09277,2923195.0
2025-05-12,BTC,btc,758453.0,2044391264704.0293,19863872.72726223,385997.0
2025-05-12,ETH,eth,544829.0,301114777011.0883,120755704.47573112,1383506.0
2025-05-12,USDC,usdc,2026575.0,58273082584.03962,58275214756.735306,6175660.0
2025-05-12,USDT,usdt,1852216.0,153373441947.3748,153386767460.78345,3657340.0
2025-05-13,BTC,btc,808191.0,2068779473948.4775,19864278.97693762,289432.0
2025-05-13,ETH,eth,565467.0,323208337086.3536,120757753.3878032,1397764.0
2025-05-13,USDC,usdc,2041437.0,58138004563.078575,58140316266.0335,5557929.0
2025-05-13,USDT,usdt,1464620.0,153420707719.07373,153386767459.3268,2561046.0
2025-05-14,BTC,btc,790244.0,2057444005066.128,19864728.9766771,325951.0
2025-05-14,ETH,eth,598472.0,314345526726.08936,120760023.00476852,1395009.0
2025-05-14,USDC,usdc,1968803.0,57806984657.54592,57800660746.5941,5308931.0
2025-05-14,USDT,usdt,1786047.0,153386949025.20712,153386767454.0215,3487123.0
2025-05-15,BTC,btc,754318.0,2060343191624.3508,19865185.22654822,373943.0
2025-05-15,ETH,eth,605477.0,306818948979.08417,120762240.12580965,1422792.0
2025-05-15,USDC,usdc,1865163.0,57754508579.45641,57759414603.7514,5406830.0
2025-05-15,USDT,usdt,1913267.0,155384830419.08688,155386724217.87177,3719125.0
2025-05-16,BTC,btc,829195.0,2057407136238.007,19865610.22528842,365949.0
2025-05-16,ETH,eth,584362.0,307551749437.1957,120764578.50256838,1405697.0
2025-05-16,USDC,usdc,1718592.0,57939052256.62138,57911515653.55144,4725167.0
2025-05-16,USDT,usdt,1757712.0,155437293316.31128,155386724217.70557,3390300.0
2025-05-17,BTC,btc,740377.0,2049979253875.9912,19866057.09968716,293931.0
2025-05-17,ETH,eth,679394.0,298851418896.14374,120767064.39728984,1368235.0
2025-05-17,USDC,usdc,1597213.0,57827568426.75472,57831727520.31129,4258947.0
2025-05-17,USDT,usdt,1551140.0,155451396207.75552,155386724217.17984,2901858.0
2025-05-18,BTC,btc,601421.0,2106167418322.2625,19866563.3485357,641273.0
2025-05-18,ETH,eth,619263.0,297809759488.3066,120769545.2641062,1238571.0
2025-05-18,USDC,usdc,1600163.0,57578626306.92313,57633932065.333244,4652768.0
2025-05-18,USDT,usdt,1508338.0,155342972515.30917,155386724186.24057,2832781.0
2025-05-19,BTC,btc,718046.0,2098270093600.1553,19867003.97333178,583361.0
2025-05-19,ETH,eth,576938.0,305125203119.3962,120771972.84656192,1374666.0
2025-05-19,USDC,usdc,1658930.0,57515304153.59431,57529120158.730354,5239731.0
2025-05-19,USDT,usdt,1746568.0,155416276000.28445,155385860227.77225,3394274.0
2025-05-20,BTC,btc,739140.0,2123699654870.788,19867466.47291531,559405.0
2025-05-20,ETH,eth,618164.0,304994275855.1148,120774367.07010072,1451264.0
2025-05-20,USDC,usdc,1673164.0,57494855758.270004,57497778316.49764,5076412.0
2025-05-20,USDT,usdt,1738563.0,155441541878.0019,155385860213.79327,3347257.0
2025-05-21,BTC,btc,796779.0,2179606908108.4888,19867916.47279327,424978.0
2025-05-21,ETH,eth,596745.0,308945644743.0667,120776637.70996489,1385790.0
2025-05-21,USDC,usdc,1883414.0,57853106203.51996,57859586181.24669,5452588.0
2025-05-21,USDT,usdt,1808896.0,155934058490.1429,155884649478.4486,3409820.0
2025-05-22,BTC,btc,868642.0,2214868273238.022,19868385.22231008,471085.0
2025-05-22,ETH,eth,548411.0,320960346147.52856,120778767.26447941,1392142.0
2025-05-22,USDC,usdc,2021050.0,58309728706.91444,58313128718.140045,5324958.0
2025-05-22,USDT,usdt,1876137.0,155924780243.60077,155884649464.71927,3413595.0
2025-05-23,BTC,btc,809410.0,2131768550759.8008,19868869.59700965,445109.0
2025-05-23,ETH,eth,565438.0,304590573337.2558,120781065.46154507,1423961.0
2025-05-23,USDC,usdc,2133722.0,58629800350.79837,58634633865.30459,5836653.0
2025-05-23,USDT,usdt,1891689.0,155899663245.05264,155884055122.30563,3539565.0
2025-05-24,BTC,btc,644711.0,2144242874092.1272,19869310.22183811,389251.0
2025-05-24,ETH,eth,569633.0,305540031955.64417,120783574.9699018,1240515.0
2025-05-24,USDC,usdc,2407028.0,58616090116.85029,58617857655.00161,4025483.0
2025-05-24,USDT,usdt,1536810.0,155939602162.33105,155884055122.24307,2734679.0
2025-05-25,BTC,btc,625162.0,2164114864279.171,19869782.09646027,357724.0
2025-05-25,ETH,eth,540764.0,307641621671.9446,120786093.92782608,1223203.0
2025-05-25,USDC,usdc,1593835.0,58778365955.553345,58783255131.71623,3914213.0
2025-05-25,USDT,usdt,1494350.0,155935075106.67584,155884055121.89883,2688702.0
2025-05-26,BTC,btc,745729.0,2173249806239.626,19870260.22083733,352991.0
2025-05-26,ETH,eth,545198.0,309451575891.2797,120788550.818034,1359517.0
2025-05-26,USDC,usdc,1693775.0,58784148252.41706,58791308636.915146,4069713.0
2025-05-26,USDT,usdt,1728008.0,155932432634.41833,155883593827.99664,3137966.0
2025-05-27,BTC,btc,706571.0,2167224726480.9917,19870700.84569245,424640.0
2025-05-27,ETH,eth,537019.0,321475210150.0192,120790661.62152252,1404749.0
2025-05-27,USDC,usdc,1727709.0,58692869580.97429,58694632799.52191,4446604.0
2025-05-27,USDT,usdt,1742597.0,155949231089.6632,155883593826.87634,3223365.0
2025-05-28,BTC,btc,782052.0,2144012560051.728,19871213.34525168,540056.0
2025-05-28,ETH,eth,550788.0,323376584923.4084,120792796.61855604,1387336.0
2025-05-28,USDC,usdc,1671548.0,58543744777.78158,58568576143.56333,4135548.0
2025-05-28,USDT,usdt,1741918.0,155856025856.8218,155883416425.7616,3199091.0
2025-05-29,BTC,btc,765279.0,2101094699806.1648,19871710.21876614,390670.0
2025-05-29,ETH,eth,553779.0,318098055645.84186,120794991.65556614,1400670.0
2025-05-29,USDC,usdc,1704064.0,58296409431.818245,58298844032.99345,4446988.0
2025-05-29,USDT,usdt,1726340.0,155887695278.46338,155883413225.24033,3208439.0
2025-05-30,BTC,btc,834229.0,2066336686466.584,19872194.59351097,389971.0
2025-05-30,ETH,eth,584081.0,305046636254.4476,120797171.18507892,1500885.0
2025-05-30,USDC,usdc,1923220.0,58389483904.62668,58395374784.244415,5198243.0
2025-05-30,USDT,usdt,1770554.0,155949209778.67023,155883413222.75284,3388672.0
2025-05-31,BTC,btc,711975.0,2080849592954.8127,19872697.71831411,300176.0
2025-05-31,ETH,eth,639715.0,305932121458.9312,120799615.54594857,1522834.0
2025-05-31,USDC,usdc,1710101.0,58272378230.97044,58278088166.09635,4352547.0
2025-05-31,USDT,usdt,1580535.0,155965367403.33447,155883413221.68005,2867950.0
2025-06-01,BTC,btc,689965.0,2101584910256.234,19873113.34311615,254662.0
2025-06-01,ETH,eth,597460.0,306745510765.3465,120802067.8249656,1313002.0
2025-06-01,USDC,usdc,1644941.0,58212244940.97368,58213885475.24581,4658173.0
2025-06-01,USDT,usdt,1519803.0,155959386262.28845,155883413221.49805,2737031.0
2025-06-02,BTC,btc,771787.0,2104600694548.8584,19873528.96776052,348163.0
2025-06-02,ETH,eth,594300.0,315105107947.62256,120804323.58346298,1417405.0
2025-06-02,USDC,usdc,1686101.0,58340111647.60225,58352783382.12667,4969228.0
2025-06-02,USDT,usdt,1744863.0,155948259638.67245,155883362912.7357,3213682.0
2025-06-03,BTC,btc,864048.0,2096386510265.2192,19873978.96763072,360069.0
2025-06-03,ETH,eth,587140.0,313502507325.18634,120806533.03661774,1433678.0
2025-06-03,USDC,usdc,2092205.0,58804477294.59623,58809328241.01389,5091477.0
2025-06-03,USDT,usdt,1778774.0,155992240744.9473,155883362911.9294,3281914.0
2025-06-04,BTC,btc,720304.0,2082493313911.7288,19874372.71713886,332769.0
2025-06-04,ETH,eth,557098.0,315302894134.03955,120808773.29416811,1399775.0
2025-06-04,USDC,usdc,1744255.0,58818632842.37197,58818193999.05425,4581491.0
2025-06-04,USDT,usdt,1736429.0,155979788982.4726,155883362899.83707,3176295.0
2025-06-05,BTC,btc,781431.0,2020653959614.7,19874791.46574495,321208.0
2025-06-05,ETH,eth,550895.0,292514047367.4027,120810830.43544532,1419398.0
2025-06-05,USDC,usdc,1839799.0,58354343754.902756,58356178652.03526,5059290.0
2025-06-05,USDT,usdt,1799862.0,155978255985.43777,155883048109.12723,3318564.0
2025-06-06,BTC,btc,781673.0,2075390350486.3376,19875210.21573494,296656.0
2025-06-06,ETH,eth,568753.0,299608721674.4958,120813192.6039808,1387542.0
2025-06-06,USDC,usdc,1726969.0,58521612723.593414,58518359778.23265,4697210.0
2025-06-06,USDT,usdt,1649254.0,156012213663.88727,155883048108.8395,3018591.0
2025-06-07,BTC,btc,653737.0,2100563796500.3064,19875657.09035296,290519.0
2025-06-07,ETH,eth,645229.0,305313222213.9366,120815698.84933032,1385771.0
2025-06-07,USDC,usdc,1376611.0,58491253907.04172,58496857360.80952,3930788.0
2025-06-07,USDT,usdt,1443479.0,155976924910.81546,155883048108.7307,2513661.0
2025-06-08,BTC,btc,611460.0,2101458848887.0884,19876135.21478822,323313.0
2025-06-08,ETH,eth,635387.0,303201651192.3543,120818229.90943956,1361016.0
2025-06-08,USDC,usdc,1377057.0,58456347625.93844,58459523641.7177,3698801.0
2025-06-08,USDT,usdt,1417497.0,155967910197.80774,155883048107.78775,2449817.0
2025-06-09,BTC,btc,744523.0,2190361714625.06,19876572.71399197,354588.0
2025-06-09,ETH,eth,683387.0,323401341233.98804,120820536.37833603,1391388.0
2025-06-09,USDC,usdc,1702946.0,58376497744.09699,58426085555.83983,4467173.0
2025-06-09,USDT,usdt,1698020.0,156867190420.14127,156883048106.04407,3106195.0
2025-06-10,BTC,btc,824315.0,2187954364717.5596,19877100.8386734,421700.0
2025-06-10,ETH,eth,618005.0,339054399236.3769,120822700.52278472,1485125.0
2025-06-10,USDC,usdc,1853906.0,58288610173.67468,58299438979.33552,5325199.0
2025-06-10,USDT,usdt,1824839.0,156898404824.27884,156883048104.65967,3385867.0
2025-06-11,BTC,btc,755087.0,2159611107259.7517,19877541.4634359,349470.0
2025-06-11,ETH,eth,613546.0,335236655645.9989,120824952.90115444,1450971.0
2025-06-11,USDC,usdc,1999726.0,58492278429.28455,58494411362.81042,5662761.0
2025-06-11,USDT,usdt,1805029.0,156932678805.84433,156883048063.30685,3322562.0
2025-06-12,BTC,btc,780705.0,2107048260324.6497,19878003.96211326,424933.0
2025-06-12,ETH,eth,620082.0,320547197547.2144,120827220.82169616,1453409.0
2025-06-12,USDC,usdc,1881579.0,58556272590.47913,58557189717.964226,5388586.0
2025-06-12,USDT,usdt,1738388.0,156955647244.1476,156883048063.16235,3197884.0
2025-06-13,BTC,btc,811764.0,2107609876004.3633,19878457.08684579,347897.0
2025-06-13,ETH,eth,567310.0,311501324278.6211,120829571.82160164,1419247.0
2025-06-13,USDC,usdc,1892109.0,59318199753.60812,59323494566.21328,6173511.0
2025-06-13,USDT,usdt,1780459.0,156955639883.03555,156883048059.14236,3321176.0
2025-06-14,BTC,btc,631338.0,2096573162440.2551,19878928.96129285,271851.0
2025-06-14,ETH,eth,648830.0,306078726386.3553,120832125.58021958,1325700.0
2025-06-14,USDC,usdc,1360414.0,59281233155.574745,59290841716.79836,4421675.0
2025-06-14,USDT,usdt,1479590.0,156934053278.39688,156883048059.0892,2692492.0
2025-06-15,BTC,btc,599893.0,2097526247642.757,19879353.96064281,281450.0
2025-06-15,ETH,eth,597463.0,307716353475.6839,120834677.16593827,1265510.0
2025-06-15,USDC,usdc,1330184.0,59256294342.87372,59261057628.90339,4382237.0
2025-06-15,USDT,usdt,1504551.0,156898480576.49985,156883048058.75266,2744285.0
2025-06-16,BTC,btc,722329.0,2131989041082.9204,19879810.20991244,366746.0
2025-06-16,ETH,eth,568812.0,309949836540.58356,120837092.16384,1380852.0
2025-06-16,USDC,usdc,1643908.0,59155154514.0094,59148170461.48899,5180772.0
2025-06-16,USDT,usdt,1789157.0,156994576739.88712,156875956539.3882,3330669.0
2025-06-17,BTC,btc,712578.0,2080031247224.1309,19880178.95961965,359926.0
2025-06-17,ETH,eth,611053.0,303718046989.70154,120839499.96492372,1432126.0
2025-06-17,USDC,usdc,1746606.0,59062056393.952,59061244938.757645,5624627.0
2025-06-17,USDT,usdt,1809775.0,156904760839.8112,156875956536.12555,3353461.0
2025-06-18,BTC,btc,751671.0,2083754349621.352,19880616.45850964,434037.0
2025-06-18,ETH,eth,591960.0,304824070958.46326,120842358.087771,1415169.0
2025-06-18,USDC,usdc,1795487.0,59211554826.03508,59213190768.74325,5428089.0
2025-06-18,USDT,usdt,1826114.0,157686130963.1448,157644543757.98325,3258503.0
2025-06-19,BTC,btc,716269.0,2081735354703.7273,19881013.33336677,307561.0
2025-06-19,ETH,eth,547969.0,304896048951.95465,120844463.45118897,1362756.0
2025-06-19,USDC,usdc,1621603.0,59071947687.58318,59071931610.200615,4765193.0
2025-06-19,USDT,usdt,1618997.0,157669792933.36105,157644543728.60065,2942010.0
2025-06-20,BTC,btc,778947.0,2053259566502.6687,19881485.20777738,353689.0
2025-06-20,ETH,eth,558520.0,290416093063.01917,120846933.62193048,1360603.0
2025-06-20,USDC,usdc,1631066.0,58870914139.099075,58874172405.57663,5013402.0
2025-06-20,USDT,usdt,1634102.0,157685800539.7753,157644543728.39575,3036104.0
2025-06-21,BTC,btc,658427.0,2018973708893.9512,19881925.8325973,310017.0
2025-06-21,ETH,eth,593152.0,273849578471.5447,120849479.40335757,1307499.0
2025-06-21,USDC,usdc,1472264.0,58829511581.305374,58836562884.14068,4706755.0
2025-06-21,USDT,usdt,1479128.0,157784110483.17163,157644543727.88644,2685800.0
2025-06-22,BTC,btc,595271.0,2006104828133.744,19882260.2073716,264346.0
2025-06-22,ETH,eth,501348.0,269179370125.63007,120851841.4288622,1234821.0
2025-06-22,USDC,usdc,1636507.0,58808016116.90406,58810902654.57942,5564563.0
2025-06-22,USDT,usdt,1514638.0,159693153857.24823,159644543727.436,2848601.0
2025-06-23,BTC,btc,691705.0,2097553036699.808,19882594.58211129,291899.0
2025-06-23,ETH,eth,529187.0,292642074168.97095,120853960.39388496,1361464.0
2025-06-23,USDC,usdc,1698091.0,59103426295.01814,59104401703.66128,5459943.0
2025-06-23,USDT,usdt,1707360.0,159774357489.58005,159644543727.11313,3258526.0
2025-06-24,BTC,btc,757208.0,2106879290466.0903,19882960.20681027,279722.0
2025-06-24,ETH,eth,631045.0,295271718993.3992,120856099.05513768,1572073.0
2025-06-24,USDC,usdc,1606313.0,59496790346.918365,59505852544.89808,5126641.0
2025-06-24,USDT,usdt,1674303.0,159714758919.9774,159644543726.26117,3113032.0
2025-06-25,BTC,btc,748961.0,2133590293279.7937,19883407.08158785,387334.0
2025-06-25,ETH,eth,728650.0,292233583683.512,120858257.3925386,1750940.0
2025-06-25,USDC,usdc,1687648.0,59277336064.41469,59274357680.19456,5055061.0
2025-06-25,USDT,usdt,1660399.0,159731660360.2903,159644543725.75763,3034871.0
2025-06-26,BTC,btc,764181.0,2127832022275.34,19883897.70610327,506745.0
2025-06-26,ETH,eth,633814.0,291909347649.57056,120860683.27464372,1507750.0
2025-06-26,USDC,usdc,1558227.0,59267260441.561646,59267680375.886925,4941665.0
2025-06-26,USDT,usdt,1640653.0,159728925207.25104,159644543149.641,3028957.0
2025-06-27,BTC,btc,731987.0,2129424160829.714,19884257.08105605,337361.0
2025-06-27,ETH,eth,595755.0,292735205406.5579,120863196.30549677,1391865.0
2025-06-27,USDC,usdc,2496185.0,59179791415.69449,59179350937.45623,5656792.0
2025-06-27,USDT,usdt,1689901.0,159737378110.4348,159644543149.34863,3021223.0
2025-06-28,BTC,btc,636115.0,2134775105838.6936,19884710.20583045,389138.0
2025-06-28,ETH,eth,646608.0,294697148139.543,120865770.5541819,1299686.0
2025-06-28,USDC,usdc,2548588.0,59134255908.747536,59136353707.248146,5541101.0
2025-06-28,USDT,usdt,1534819.0,159718001038.4062,159644543149.33997,2601172.0
2025-06-29,BTC,btc,545712.0,2154782355944.3953,19885238.33053762,368982.0
2025-06-29,ETH,eth,630826.0,302560630256.9602,120868355.12348692,1236650.0
2025-06-29,USDC,usdc,2007231.0,59083553982.7588,59087197843.88884,4971430.0
2025-06-29,USDT,usdt,1459155.0,159672507589.61893,159644543147.089,2500296.0
2025-06-30,BTC,btc,759866.0,2130813507683.646,19885691.45545754,342103.0
2025-06-30,ETH,eth,571982.0,300842902570.96735,120870773.40676785,1427472.0
2025-06-30,USDC,usdc,2254203.0,59147251934.043274,59150111114.09653,5876856.0
2025-06-30,USDT,usdt,1802063.0,159682151463.48523,159644543146.05823,3245038.0
