date,chain,tvl
2020-10-30,BSC,12873962
2020-10-31,BSC,12873962
2020-11-01,BSC,13037819
2020-11-02,BSC,12770915
2020-11-03,BSC,13495240
2020-11-04,BSC,13530442
2020-11-05,BSC,15338680
2020-11-06,BSC,15497670
2020-11-07,BSC,17966420
2020-11-08,BSC,20704446
2020-11-09,BSC,30993612
2020-11-10,BSC,35145094
2020-11-11,BSC,36601185
2020-11-12,BSC,34609970
2020-11-13,BSC,43141355
2020-11-14,BSC,49405387
2020-11-15,BSC,50307315
2020-11-16,BSC,53024197
2020-11-17,BSC,57720724
2020-11-18,BSC,54573742
2020-11-19,BSC,54663058
2020-11-20,BSC,94196326
2020-11-21,BSC,93928146
2020-11-22,BSC,87435465
2020-11-23,BSC,91017810
2020-11-24,BSC,89695731
2020-11-25,BSC,99562190
2020-11-26,BSC,121411669
2020-11-27,BSC,117202651
2020-11-28,BSC,115299501
2020-11-29,BSC,123496696
2020-11-30,BSC,128877018
2020-12-01,BSC,128877565
2020-12-02,BSC,136185931
2020-12-03,BSC,145726230
2020-12-04,BSC,140793305
2020-12-05,BSC,150801397
2020-12-06,BSC,153931300
2020-12-07,BSC,150942527
2020-12-08,BSC,145172899
2020-12-09,BSC,159227044
2020-12-10,BSC,153624513
2020-12-11,BSC,154954075
2020-12-12,BSC,153322085
2020-12-13,BSC,158235231
2020-12-14,BSC,160183942
2020-12-15,BSC,161153341
2020-12-16,BSC,166531661
2020-12-17,BSC,175162165
2020-12-18,BSC,174539071
2020-12-19,BSC,175953955
2020-12-20,BSC,178428872
2020-12-21,BSC,167655845
2020-12-22,BSC,163504052
2020-12-23,BSC,162487389
2020-12-24,BSC,156996308
2020-12-25,BSC,150390493
2020-12-26,BSC,150263756
2020-12-27,BSC,125116983
2020-12-28,BSC,127729346
2020-12-29,BSC,171635719
2020-12-30,BSC,154285952
2020-12-31,BSC,145355384
2021-01-01,BSC,162854223
2021-01-02,BSC,167630390
2021-01-03,BSC,172123374
2021-01-04,BSC,186895591
2021-01-05,BSC,211045497
2021-01-06,BSC,215858449
2021-01-07,BSC,215456820
2021-01-08,BSC,197292639
2021-01-09,BSC,211193044
2021-01-10,BSC,215677849
2021-01-11,BSC,184496958
2021-01-12,BSC,185600201
2021-01-13,BSC,214434278
2021-01-14,BSC,217599743
2021-01-15,BSC,171685430
2021-01-16,BSC,215420287
2021-01-17,BSC,211031768
2021-01-18,BSC,231750203
2021-01-19,BSC,235382763
2021-01-20,BSC,232123357
2021-01-21,BSC,204701039
2021-01-22,BSC,231994977
2021-01-23,BSC,245764151
2021-01-24,BSC,269642597
2021-01-25,BSC,281525091
2021-01-26,BSC,291509015
2021-01-27,BSC,316893490
2021-01-28,BSC,342144373
2021-01-29,BSC,363634596
2021-01-30,BSC,360983052
2021-01-31,BSC,351526511
2021-02-01,BSC,388359333
2021-02-02,BSC,375610550
2021-02-03,BSC,397560937
2021-02-04,BSC,414897175
2021-02-05,BSC,445859196
2021-02-06,BSC,462654032
2021-02-07,BSC,533451632
2021-02-08,BSC,575448744
2021-02-09,BSC,679656924
2021-02-10,BSC,798431849
2021-02-11,BSC,963095849
2021-02-12,BSC,959651447
2021-02-13,BSC,976320327
2021-02-14,BSC,956275235
2021-02-15,BSC,1033676705
2021-02-16,BSC,1083552801
2021-02-17,BSC,1161302795
2021-02-18,BSC,1278908152
2021-02-19,BSC,1525907580
2021-02-20,BSC,1891195844
2021-02-21,BSC,2045564976
2021-02-22,BSC,2041735457
2021-02-23,BSC,1854970032
2021-02-24,BSC,1510613712
2021-02-25,BSC,1816983477
2021-02-26,BSC,2206453184
2021-02-27,BSC,2079475921
2021-02-28,BSC,2072308334
2021-03-01,BSC,2012083353
2021-03-02,BSC,2198939372
2021-03-03,BSC,2162801167
2021-03-04,BSC,2398172624
2021-03-05,BSC,2349522229
2021-03-06,BSC,2228973222
2021-03-07,BSC,2186218055
2021-03-08,BSC,2048710308
2021-03-09,BSC,2084559584
2021-03-10,BSC,2264455456
2021-03-11,BSC,2649942074
2021-03-12,BSC,3039258524
2021-03-13,BSC,2930154767
2021-03-14,BSC,3021841576
2021-03-15,BSC,3196401079
2021-03-16,BSC,2875910606
2021-03-17,BSC,2816622879
2021-03-18,BSC,2791399826
2021-03-19,BSC,2867857579
2021-03-20,BSC,2948303433
2021-03-21,BSC,3147364010
2021-03-22,BSC,3037424642
2021-03-23,BSC,3346562958
2021-03-24,BSC,3935806346
2021-03-25,BSC,3729892977
2021-03-26,BSC,4040196048
2021-03-27,BSC,4271286403
2021-03-28,BSC,5010176334
2021-03-29,BSC,5070255779
2021-03-30,BSC,5266434608
2021-03-31,BSC,5468648075
2021-04-01,BSC,5592316428
2021-04-02,BSC,6355017752
2021-04-03,BSC,6878966450
2021-04-04,BSC,7177783789
2021-04-05,BSC,6760801325
2021-04-06,BSC,6929169508
2021-04-07,BSC,6878304244
2021-04-08,BSC,6942982866
2021-04-09,BSC,7606094383
2021-04-10,BSC,8966554378
2021-04-11,BSC,9263467924
2021-04-12,BSC,9232019098
2021-04-13,BSC,9851912918
2021-04-14,BSC,10710262230
2021-04-15,BSC,11930941606
2021-04-16,BSC,11890525566
2021-04-17,BSC,11630402118
2021-04-18,BSC,12037209877
2021-04-19,BSC,10726979838
2021-04-20,BSC,11479765719
2021-04-21,BSC,11381719028
2021-04-22,BSC,11194205671
2021-04-23,BSC,11505803377
2021-04-24,BSC,14244531596
2021-04-25,BSC,14806651470
2021-04-26,BSC,15912320208
2021-04-27,BSC,17347364943
2021-04-28,BSC,17742192201
2021-04-29,BSC,18069325744
2021-04-30,BSC,18504519897
2021-05-01,BSC,18789033919
2021-05-02,BSC,20198074812
2021-05-03,BSC,20512703811
2021-05-04,BSC,20479277376
2021-05-05,BSC,21783483709
2021-05-06,BSC,21502464597
2021-05-07,BSC,21690522825
2021-05-08,BSC,21160250076
2021-05-09,BSC,21386057171
2021-05-10,BSC,20906840957
2021-05-11,BSC,20820633077
2021-05-12,BSC,19901516503
2021-05-13,BSC,19841177616
2021-05-14,BSC,19630542342
2021-05-15,BSC,19412490064
2021-05-16,BSC,18800166128
2021-05-17,BSC,18371065265
2021-05-18,BSC,17280825804
2021-05-19,BSC,12331484326
2021-05-20,BSC,11121544167
2021-05-21,BSC,10144124046
2021-05-22,BSC,9776332846
2021-05-23,BSC,8957548086
2021-05-24,BSC,9159086056
2021-05-25,BSC,9610234519
2021-05-26,BSC,9891517468
2021-05-27,BSC,9737117344
2021-05-28,BSC,9373217026
2021-05-29,BSC,9048097183
2021-05-30,BSC,9016425812
2021-05-31,BSC,9668894327
2021-06-01,BSC,10046943581
2021-06-02,BSC,10169120938
2021-06-03,BSC,10853415791
2021-06-04,BSC,11268129870
2021-06-05,BSC,11018248854
2021-06-06,BSC,11018750672
2021-06-07,BSC,10898523047
2021-06-08,BSC,10735466132
2021-06-09,BSC,10819122543
2021-06-10,BSC,10859740985
2021-06-11,BSC,10831971846
2021-06-12,BSC,10747645015
2021-06-13,BSC,11286925724
2021-06-14,BSC,11471224955
2021-06-15,BSC,11554039546
2021-06-16,BSC,11224211454
2021-06-17,BSC,11347871706
2021-06-18,BSC,11300369795
2021-06-19,BSC,10976837864
2021-06-20,BSC,11012324698
2021-06-21,BSC,10206277831
2021-06-22,BSC,9571068343
2021-06-23,BSC,9804285467
2021-06-24,BSC,10355256887
2021-06-25,BSC,10077671788
2021-06-26,BSC,9865357046
2021-06-27,BSC,10186468898
2021-06-28,BSC,10504403732
2021-06-29,BSC,10697621781
2021-06-30,BSC,10796751784
2021-07-01,BSC,10465977908
2021-07-02,BSC,10625231302
2021-07-03,BSC,10594937995
2021-07-04,BSC,10979869411
2021-07-05,BSC,10841229448
2021-07-06,BSC,11314730526
2021-07-07,BSC,11545030298
2021-07-08,BSC,11346765449
2021-07-09,BSC,11554737192
2021-07-10,BSC,11679052531
2021-07-11,BSC,11663028739
2021-07-12,BSC,12026126696
2021-07-13,BSC,11655153597
2021-07-14,BSC,11474854491
2021-07-15,BSC,10652782122
2021-07-16,BSC,10275562981
2021-07-17,BSC,9963489853
2021-07-18,BSC,10272426493
2021-07-19,BSC,10015779810
2021-07-20,BSC,9705241554
2021-07-21,BSC,9839837597
2021-07-22,BSC,10248505009
2021-07-23,BSC,10693849130
2021-07-24,BSC,11017848210
2021-07-25,BSC,11378507546
2021-07-26,BSC,11604817429
2021-07-27,BSC,11888144352
2021-07-28,BSC,12015994071
2021-07-29,BSC,12024014716
2021-07-30,BSC,12024939044
2021-07-31,BSC,11974873449
2021-08-01,BSC,11862063078
2021-08-02,BSC,11759515880
2021-08-03,BSC,11096557484
2021-08-04,BSC,11980410004
2021-08-05,BSC,12255696366
2021-08-06,BSC,12273802032
2021-08-07,BSC,12771969882
2021-08-08,BSC,12844846910
2021-08-09,BSC,12817999444
2021-08-10,BSC,13324150208
2021-08-11,BSC,13173120212
2021-08-12,BSC,13243667503
2021-08-13,BSC,13501111181
2021-08-14,BSC,13805085507
2021-08-15,BSC,13930223732
2021-08-16,BSC,14015526842
2021-08-17,BSC,13720363122
2021-08-18,BSC,13623156787
2021-08-19,BSC,14065048561
2021-08-20,BSC,14796850848
2021-08-21,BSC,14987575596
2021-08-22,BSC,14910708076
2021-08-23,BSC,15427484612
2021-08-24,BSC,14880102309
2021-08-25,BSC,15229192771
2021-08-26,BSC,15144755019
2021-08-27,BSC,15189829743
2021-08-28,BSC,15135213048
2021-08-29,BSC,15105732377
2021-08-30,BSC,14790359987
2021-08-31,BSC,14535840912
2021-09-01,BSC,14882870034
2021-09-02,BSC,15122078676
2021-09-03,BSC,15192619706
2021-09-04,BSC,15369472261
2021-09-05,BSC,15470817495
2021-09-06,BSC,15378899783
2021-09-07,BSC,14128478187
2021-09-08,BSC,13602036524
2021-09-09,BSC,13759791193
2021-09-10,BSC,13301490647
2021-09-11,BSC,13020868344
2021-09-12,BSC,13367909890
2021-09-13,BSC,13223294307
2021-09-14,BSC,13435466251
2021-09-15,BSC,13849249814
2021-09-16,BSC,13909963418
2021-09-17,BSC,13597449300
2021-09-18,BSC,13674574487
2021-09-19,BSC,13834955994
2021-09-20,BSC,12534703513
2021-09-21,BSC,11692735984
2021-09-22,BSC,12177451316
2021-09-23,BSC,12508852637
2021-09-24,BSC,12195316917
2021-09-25,BSC,12121497711
2021-09-26,BSC,12079676108
2021-09-27,BSC,12141002908
2021-09-28,BSC,12070905034
2021-09-29,BSC,11586693575
2021-09-30,BSC,11711812779
2021-10-01,BSC,12272950718
2021-10-02,BSC,12518674025
2021-10-03,BSC,12577138781
2021-10-04,BSC,12696866670
2021-10-05,BSC,12838129436
2021-10-06,BSC,12910253252
2021-10-07,BSC,12969223140
2021-10-08,BSC,13292880115
2021-10-09,BSC,13429307350
2021-10-10,BSC,13335141635
2021-10-11,BSC,13272319965
2021-10-12,BSC,13615910161
2021-10-13,BSC,13551451802
2021-10-14,BSC,13734683773
2021-10-15,BSC,13787648406
2021-10-16,BSC,13830154464
2021-10-17,BSC,13801277720
2021-10-18,BSC,13846315129
2021-10-19,BSC,13958037146
2021-10-20,BSC,14262181095
2021-10-21,BSC,14918673197
2021-10-22,BSC,15008496076
2021-10-23,BSC,15111332157
2021-10-24,BSC,15166386203
2021-10-25,BSC,15064225645
2021-10-26,BSC,15245013124
2021-10-27,BSC,14509808879
2021-10-28,BSC,14398473714
2021-10-29,BSC,14779762009
2021-10-30,BSC,14635478368
2021-10-31,BSC,14494876248
2021-11-01,BSC,14484241493
2021-11-02,BSC,14888949544
2021-11-03,BSC,15141145045
2021-11-04,BSC,15136479452
2021-11-05,BSC,15373534678
2021-11-06,BSC,15262177643
2021-11-07,BSC,15606257153
2021-11-08,BSC,15934360056
2021-11-09,BSC,15700630629
2021-11-10,BSC,15604306844
2021-11-11,BSC,15434097156
2021-11-12,BSC,15559328863
2021-11-13,BSC,15637605459
2021-11-14,BSC,15881460224
2021-11-15,BSC,15869368878
2021-11-16,BSC,15240068876
2021-11-17,BSC,15019804741
2021-11-18,BSC,14669811788
2021-11-19,BSC,14073388132
2021-11-20,BSC,14718005838
2021-11-21,BSC,14664843494
2021-11-22,BSC,14268211299
2021-11-23,BSC,14335799692
2021-11-24,BSC,14498359125
2021-11-25,BSC,14726427151
2021-11-26,BSC,14423612003
2021-11-27,BSC,13906953386
2021-11-28,BSC,14057466038
2021-11-29,BSC,14422048053
2021-11-30,BSC,14559544829
2021-12-01,BSC,14577564860
2021-12-02,BSC,14666294669
2021-12-03,BSC,14277571870
2021-12-04,BSC,13524872921
2021-12-05,BSC,13017813488
2021-12-06,BSC,12880404394
2021-12-07,BSC,13045572948
2021-12-08,BSC,13349496028
2021-12-09,BSC,13085312062
2021-12-10,BSC,12716184843
2021-12-11,BSC,12615446371
2021-12-12,BSC,12858420345
2021-12-13,BSC,12620077717
2021-12-14,BSC,12486051459
2021-12-15,BSC,13144008275
2021-12-16,BSC,13201635473
2021-12-17,BSC,13079288378
2021-12-18,BSC,13049087502
2021-12-19,BSC,13172134279
2021-12-20,BSC,13107812855
2021-12-21,BSC,13201461199
2021-12-22,BSC,13284522417
2021-12-23,BSC,13381199415
2021-12-24,BSC,13532753327
2021-12-25,BSC,13501618894
2021-12-26,BSC,13483854105
2021-12-27,BSC,13557185549
2021-12-28,BSC,13406903586
2021-12-29,BSC,13010414934
2021-12-30,BSC,12809470318
2021-12-31,BSC,12794059092
2022-01-01,BSC,12883540307
2022-01-02,BSC,13011474440
2022-01-03,BSC,12909784015
2022-01-04,BSC,12765005155
2022-01-05,BSC,12511462912
2022-01-06,BSC,12188169721
2022-01-07,BSC,11849375671
2022-01-08,BSC,11549907912
2022-01-09,BSC,11569628332
2022-01-10,BSC,11469340454
2022-01-11,BSC,11577278399
2022-01-12,BSC,11534804035
2022-01-13,BSC,11479596631
2022-01-14,BSC,11501746164
2022-01-15,BSC,11552169211
2022-01-16,BSC,11581179579
2022-01-17,BSC,11419543921
2022-01-18,BSC,11265271947
2022-01-19,BSC,11119087705
2022-01-20,BSC,10957022258
2022-01-21,BSC,10435540681
2022-01-22,BSC,9746002854
2022-01-23,BSC,9496179637
2022-01-24,BSC,9512258360
2022-01-25,BSC,9572970223
2022-01-26,BSC,9574587619
2022-01-27,BSC,9677101998
2022-01-28,BSC,9627568036
2022-01-29,BSC,9651826020
2022-01-30,BSC,9496210105
2022-01-31,BSC,9401403765
2022-02-01,BSC,9534769417
2022-02-02,BSC,9532500409
2022-02-03,BSC,9500067945
2022-02-04,BSC,9795686835
2022-02-05,BSC,10138429609
2022-02-06,BSC,10303077912
2022-02-07,BSC,10477221572
2022-02-08,BSC,10489930370
2022-02-09,BSC,10501919312
2022-02-10,BSC,10505563176
2022-02-11,BSC,10210484495
2022-02-12,BSC,10108654481
2022-02-13,BSC,10102895729
2022-02-14,BSC,10131805512
2022-02-15,BSC,10297959232
2022-02-16,BSC,10275426200
2022-02-17,BSC,10013614735
2022-02-18,BSC,9792681495
2022-02-19,BSC,9722898415
2022-02-20,BSC,9551603252
2022-02-21,BSC,9380868276
2022-02-22,BSC,9335275539
2022-02-23,BSC,9366283838
2022-02-24,BSC,9265289028
2022-02-25,BSC,9303927149
2022-02-26,BSC,9376792137
2022-02-27,BSC,9430080454
2022-02-28,BSC,9581442350
2022-03-01,BSC,9915663859
2022-03-02,BSC,9680417985
2022-03-03,BSC,9683748786
2022-03-04,BSC,9364554949
2022-03-05,BSC,9322332063
2022-03-06,BSC,9325027302
2022-03-07,BSC,9249362186
2022-03-08,BSC,9223620215
2022-03-09,BSC,9589359346
2022-03-10,BSC,9652708399
2022-03-11,BSC,9469399004
2022-03-12,BSC,9514088545
2022-03-13,BSC,9427374457
2022-03-14,BSC,9420603496
2022-03-15,BSC,9481765479
2022-03-16,BSC,9590007572
2022-03-17,BSC,9785677374
2022-03-18,BSC,9819653954
2022-03-19,BSC,9950237903
2022-03-20,BSC,9852846571
2022-03-21,BSC,9779546210
2022-03-22,BSC,10244655473
2022-03-23,BSC,10416940835
2022-03-24,BSC,10627551710
2022-03-25,BSC,10728224098
2022-03-26,BSC,10902075042
2022-03-27,BSC,11202480074
2022-03-28,BSC,11260793533
2022-03-29,BSC,11395392871
2022-03-30,BSC,11362366244
2022-03-31,BSC,11350336963
2022-04-01,BSC,11492193946
2022-04-02,BSC,11707159615
2022-04-03,BSC,11800576235
2022-04-04,BSC,11835520798
2022-04-05,BSC,11824498296
2022-04-06,BSC,11495952085
2022-04-07,BSC,11455313690
2022-04-08,BSC,11637550765
2022-04-09,BSC,11570636413
2022-04-10,BSC,11521149858
2022-04-11,BSC,11212566172
2022-04-12,BSC,10984183224
2022-04-13,BSC,11181257263
2022-04-14,BSC,11163826722
2022-04-15,BSC,11111968775
2022-04-16,BSC,11221650002
2022-04-17,BSC,11194722178
2022-04-18,BSC,11143997294
2022-04-19,BSC,11269569948
2022-04-20,BSC,11406815220
2022-04-21,BSC,11129410548
2022-04-22,BSC,11128998752
2022-04-23,BSC,11098117033
2022-04-24,BSC,11062524007
2022-04-25,BSC,11399265934
2022-04-26,BSC,11327870963
2022-04-27,BSC,11166021562
2022-04-28,BSC,11264920850
2022-04-29,BSC,10686471149
2022-04-30,BSC,10411464730
2022-05-01,BSC,10373105678
2022-05-02,BSC,10514500008
2022-05-03,BSC,10477089040
2022-05-04,BSC,10619073249
2022-05-05,BSC,10528644827
2022-05-06,BSC,10433724379
2022-05-07,BSC,10415277929
2022-05-08,BSC,10195881870
2022-05-09,BSC,9520524483
2022-05-10,BSC,9177321871
2022-05-11,BSC,8825404387
2022-05-12,BSC,8111751120
2022-05-13,BSC,7356505227
2022-05-14,BSC,7645091731
2022-05-15,BSC,7414972494
2022-05-16,BSC,7695317087
2022-05-17,BSC,7533151615
2022-05-18,BSC,7694603736
2022-05-19,BSC,7420171008
2022-05-20,BSC,7703713931
2022-05-21,BSC,7704409118
2022-05-22,BSC,7856047385
2022-05-23,BSC,7957672727
2022-05-24,BSC,7921639377
2022-05-25,BSC,8048342645
2022-05-26,BSC,8055401595
2022-05-27,BSC,7690240748
2022-05-28,BSC,7619300308
2022-05-29,BSC,7657373941
2022-05-30,BSC,7553857449
2022-05-31,BSC,7827642974
2022-06-01,BSC,7814951391
2022-06-02,BSC,7418176766
2022-06-03,BSC,7492887387
2022-06-04,BSC,7354745697
2022-06-05,BSC,7317406597
2022-06-06,BSC,7297290988
2022-06-07,BSC,7220706983
2022-06-08,BSC,7241993987
2022-06-09,BSC,7166501405
2022-06-10,BSC,6941498530
2022-06-11,BSC,6883106263
2022-06-12,BSC,6773969704
2022-06-13,BSC,6660353308
2022-06-14,BSC,5599733352
2022-06-15,BSC,5623913731
2022-06-16,BSC,5568787800
2022-06-17,BSC,5285670487
2022-06-18,BSC,5353748734
2022-06-19,BSC,5065894980
2022-06-20,BSC,5197779858
2022-06-21,BSC,5283698318
2022-06-22,BSC,5260661508
2022-06-23,BSC,5217106339
2022-06-24,BSC,5283005879
2022-06-25,BSC,5334510576
2022-06-26,BSC,5348803495
2022-06-27,BSC,5313443006
2022-06-28,BSC,5317419504
2022-06-29,BSC,5312976183
2022-06-30,BSC,5326462263
2022-07-01,BSC,5304065459
2022-07-02,BSC,5333851066
2022-07-03,BSC,5319441496
2022-07-04,BSC,5487443224
2022-07-05,BSC,5521748343
2022-07-06,BSC,5531180729
2022-07-07,BSC,5701471288
2022-07-08,BSC,5603873035
2022-07-09,BSC,5569575724
2022-07-10,BSC,5658740972
2022-07-11,BSC,5540658598
2022-07-12,BSC,5346093036
2022-07-13,BSC,5255919624
2022-07-14,BSC,5385008172
2022-07-15,BSC,5502020939
2022-07-16,BSC,5502296357
2022-07-17,BSC,5618836505
2022-07-18,BSC,5614551131
2022-07-19,BSC,5835005631
2022-07-20,BSC,5899427211
2022-07-21,BSC,5811153869
2022-07-22,BSC,5912713383
2022-07-23,BSC,5872353804
2022-07-24,BSC,5859290317
2022-07-25,BSC,5810717837
2022-07-26,BSC,5607553036
2022-07-27,BSC,5629150161
2022-07-28,BSC,5869163141
2022-07-29,BSC,6001530991
2022-07-30,BSC,6136587447
2022-07-31,BSC,6082172938
2022-08-01,BSC,6039531312
2022-08-02,BSC,5986559894
2022-08-03,BSC,5913104482
2022-08-04,BSC,6128775115
2022-08-05,BSC,6157866763
2022-08-06,BSC,6241772053
2022-08-07,BSC,6178566924
2022-08-08,BSC,6314938261
2022-08-09,BSC,6356226640
2022-08-10,BSC,6246030840
2022-08-11,BSC,6422624105
2022-08-12,BSC,6324038865
2022-08-13,BSC,6344577800
2022-08-14,BSC,6348991363
2022-08-15,BSC,6256135539
2022-08-16,BSC,6223856103
2022-08-17,BSC,6198974669
2022-08-18,BSC,6021289843
2022-08-19,BSC,5907411284
2022-08-20,BSC,5756890527
2022-08-21,BSC,5755118959
2022-08-22,BSC,5921172802
2022-08-23,BSC,5924770486
2022-08-24,BSC,5930325766
2022-08-25,BSC,5953924588
2022-08-26,BSC,5969589776
2022-08-27,BSC,5761736768
2022-08-28,BSC,5723746006
2022-08-29,BSC,5642794300
2022-08-30,BSC,5805167742
2022-08-31,BSC,5789179044
2022-09-01,BSC,5728470955
2022-09-02,BSC,5752354406
2022-09-03,BSC,5738883526
2022-09-04,BSC,5740022200
2022-09-05,BSC,5735876396
2022-09-06,BSC,5890509828
2022-09-07,BSC,5623736638
2022-09-08,BSC,5760823600
2022-09-09,BSC,5787919453
2022-09-10,BSC,5905401105
2022-09-11,BSC,5961253654
2022-09-12,BSC,5874930283
2022-09-13,BSC,5907957202
2022-09-14,BSC,5663549239
2022-09-15,BSC,5555248131
2022-09-16,BSC,5567260321
2022-09-17,BSC,5672828397
2022-09-18,BSC,5687767581
2022-09-19,BSC,5574158894
2022-09-20,BSC,5664287205
2022-09-21,BSC,5658081380
2022-09-22,BSC,5647300087
2022-09-23,BSC,5764975457
2022-09-24,BSC,5770286262
2022-09-25,BSC,5748688437
2022-09-26,BSC,5748721294
2022-09-27,BSC,5797338759
2022-09-28,BSC,5761432487
2022-09-29,BSC,5828631201
2022-09-30,BSC,5826766622
2022-10-01,BSC,5801263594
2022-10-02,BSC,5783566661
2022-10-03,BSC,5805149178
2022-10-04,BSC,5838860104
2022-10-05,BSC,5928123526
2022-10-06,BSC,5910966318
2022-10-07,BSC,5914210699
2022-10-08,BSC,5889982620
2022-10-09,BSC,5843419520
2022-10-10,BSC,5852951379
2022-10-11,BSC,5799652272
2022-10-12,BSC,5791653289
2022-10-13,BSC,5770779340
2022-10-14,BSC,5777695465
2022-10-15,BSC,5751640108
2022-10-16,BSC,5746586369
2022-10-17,BSC,5775604821
2022-10-18,BSC,5777211457
2022-10-19,BSC,5763474963
2022-10-20,BSC,5769287295
2022-10-21,BSC,5706763709
2022-10-22,BSC,5722252577
2022-10-23,BSC,5733014897
2022-10-24,BSC,5786544544
2022-10-25,BSC,5766828030
2022-10-26,BSC,5955500143
2022-10-27,BSC,6020900561
2022-10-28,BSC,5972920053
2022-10-29,BSC,6042655562
2022-10-30,BSC,6189831592
2022-10-31,BSC,6302114891
2022-11-01,BSC,6126677855
2022-11-02,BSC,6280620315
2022-11-03,BSC,6131750248
2022-11-04,BSC,6313592789
2022-11-05,BSC,6463181084
2022-11-06,BSC,6506447217
2022-11-07,BSC,6329931173
2022-11-08,BSC,6482048687
2022-11-09,BSC,6259712962
2022-11-10,BSC,5558175654
2022-11-11,BSC,5609132127
2022-11-12,BSC,5470045762
2022-11-13,BSC,5482753173
2022-11-14,BSC,5626901510
2022-11-15,BSC,5351716470
2022-11-16,BSC,5496642850
2022-11-17,BSC,5204728587
2022-11-18,BSC,5467203578
2022-11-19,BSC,5458923778
2022-11-20,BSC,5122836661
2022-11-21,BSC,5089322379
2022-11-22,BSC,5313891505
2022-11-23,BSC,5418263221
2022-11-24,BSC,5455677761
2022-11-25,BSC,5543990113
2022-11-26,BSC,5381904623
2022-11-27,BSC,5896733199
2022-11-28,BSC,5803710377
2022-11-29,BSC,5537938262
2022-11-30,BSC,5532267224
2022-12-01,BSC,5610692566
2022-12-02,BSC,5637726439
2022-12-03,BSC,5078428196
2022-12-04,BSC,5447129984
2022-12-05,BSC,5529561968
2022-12-06,BSC,5333847332
2022-12-07,BSC,5616259751
2022-12-08,BSC,6003481432
2022-12-09,BSC,5550268795
2022-12-10,BSC,5542835842
2022-12-11,BSC,5744252104
2022-12-12,BSC,5518046415
2022-12-13,BSC,5408548977
2022-12-14,BSC,5040024930
2022-12-15,BSC,5004224985
2022-12-16,BSC,5018066802
2022-12-17,BSC,4697288104
2022-12-18,BSC,4722834976
2022-12-19,BSC,4787913409
2022-12-20,BSC,4723217077
2022-12-21,BSC,4802689728
2022-12-22,BSC,4773393698
2022-12-23,BSC,4723825199
2022-12-24,BSC,4708261425
2022-12-25,BSC,4695858688
2022-12-26,BSC,4664748101
2022-12-27,BSC,4663447210
2022-12-28,BSC,4693502496
2022-12-29,BSC,4668091897
2022-12-30,BSC,4676092748
2022-12-31,BSC,4656728352
2023-01-01,BSC,4653905143
2023-01-02,BSC,4635144544
2023-01-03,BSC,4655603171
2023-01-04,BSC,4630162815
2023-01-05,BSC,4764087527
2023-01-06,BSC,4746778980
2023-01-07,BSC,4825670923
2023-01-08,BSC,4803699830
2023-01-09,BSC,4957456256
2023-01-10,BSC,4931711096
2023-01-11,BSC,4950446936
2023-01-12,BSC,5092617140
2023-01-13,BSC,5118469691
2023-01-14,BSC,5324630657
2023-01-15,BSC,5269490922
2023-01-16,BSC,5295845973
2023-01-17,BSC,5253328560
2023-01-18,BSC,5267842324
2023-01-19,BSC,5152701624
2023-01-20,BSC,5224323356
2023-01-21,BSC,5382827210
2023-01-22,BSC,5379446097
2023-01-23,BSC,5417441151
2023-01-24,BSC,5434968842
2023-01-25,BSC,5377092951
2023-01-26,BSC,5448494144
2023-01-27,BSC,5392937131
2023-01-28,BSC,5460160036
2023-01-29,BSC,5450022573
2023-01-30,BSC,5561193616
2023-01-31,BSC,5371921771
2023-02-01,BSC,5452645677
2023-02-02,BSC,5567407444
2023-02-03,BSC,5577322915
2023-02-04,BSC,5635825580
2023-02-05,BSC,5616280311
2023-02-06,BSC,5602971212
2023-02-07,BSC,5558269670
2023-02-08,BSC,5667036413
2023-02-09,BSC,5602801982
2023-02-10,BSC,5337078669
2023-02-11,BSC,5329477055
2023-02-12,BSC,5377313255
2023-02-13,BSC,5400981558
2023-02-14,BSC,5051889323
2023-02-15,BSC,5100453940
2023-02-16,BSC,5351443187
2023-02-17,BSC,5244009804
2023-02-18,BSC,5366077217
2023-02-19,BSC,5392444947
2023-02-20,BSC,5329283297
2023-02-21,BSC,5338315284
2023-02-22,BSC,5263930546
2023-02-23,BSC,5263558996
2023-02-24,BSC,5226093000
2023-02-25,BSC,5143286645
2023-02-26,BSC,5149372065
2023-02-27,BSC,5241797820
2023-02-28,BSC,5204825698
2023-03-01,BSC,5206352497
2023-03-02,BSC,5234310344
2023-03-03,BSC,5184912732
2023-03-04,BSC,5075464067
2023-03-05,BSC,5064173056
2023-03-06,BSC,5077730521
2023-03-07,BSC,5067535342
2023-03-08,BSC,5098261038
2023-03-09,BSC,5033324598
2023-03-10,BSC,4847209740
2023-03-11,BSC,4817535103
2023-03-12,BSC,4569296201
2023-03-13,BSC,4749757951
2023-03-14,BSC,4944531723
2023-03-15,BSC,4996994741
2023-03-16,BSC,4951945144
2023-03-17,BSC,4621125186
2023-03-18,BSC,4739049669
2023-03-19,BSC,4668961526
2023-03-20,BSC,4643245069
2023-03-21,BSC,4604983489
2023-03-22,BSC,4698063849
2023-03-23,BSC,4783684071
2023-03-24,BSC,4865102964
2023-03-25,BSC,4818434539
2023-03-26,BSC,4829468646
2023-03-27,BSC,4872651117
2023-03-28,BSC,4720475779
2023-03-29,BSC,4749355224
2023-03-30,BSC,4813655490
2023-03-31,BSC,4828650883
2023-04-01,BSC,4855497430
2023-04-02,BSC,4837795675
2023-04-03,BSC,4829917379
2023-04-04,BSC,4793432914
2023-04-05,BSC,4879360935
2023-04-06,BSC,4848573288
2023-04-07,BSC,4827196962
2023-04-08,BSC,4778064642
2023-04-09,BSC,4752445252
2023-04-10,BSC,4751267404
2023-04-11,BSC,4791256920
2023-04-12,BSC,4793676720
2023-04-13,BSC,4766888058
2023-04-14,BSC,4854538950
2023-04-15,BSC,4961194634
2023-04-16,BSC,4973527053
2023-04-17,BSC,5007692691
2023-04-18,BSC,4975610038
2023-04-19,BSC,5018587290
2023-04-20,BSC,4835833375
2023-04-21,BSC,4781928447
2023-04-22,BSC,4731938393
2023-04-23,BSC,4609796334
2023-04-24,BSC,4610661599
2023-04-25,BSC,4582918761
2023-04-26,BSC,4636010290
2023-04-27,BSC,4595769985
2023-04-28,BSC,4711255105
2023-04-29,BSC,4736733103
2023-04-30,BSC,4767684202
2023-05-01,BSC,4699816736
2023-05-02,BSC,4504487235
2023-05-03,BSC,4550705820
2023-05-04,BSC,4722454591
2023-05-05,BSC,4688804623
2023-05-06,BSC,4760012271
2023-05-07,BSC,4659184093
2023-05-08,BSC,4636652275
2023-05-09,BSC,4522072542
2023-05-10,BSC,4533849671
2023-05-11,BSC,4569838035
2023-05-12,BSC,4495641407
2023-05-13,BSC,4501533735
2023-05-14,BSC,4528161223
2023-05-15,BSC,4534845669
2023-05-16,BSC,4581177180
2023-05-17,BSC,4586774283
2023-05-18,BSC,4597123482
2023-05-19,BSC,4556149918
2023-05-20,BSC,4567641583
2023-05-21,BSC,4602585192
2023-05-22,BSC,4503244608
2023-05-23,BSC,4527984309
2023-05-24,BSC,4536679676
2023-05-25,BSC,4409498793
2023-05-26,BSC,4370684538
2023-05-27,BSC,4399930235
2023-05-28,BSC,4400709485
2023-05-29,BSC,4471695154
2023-05-30,BSC,4391693395
2023-05-31,BSC,4376839429
2023-06-01,BSC,4307825045
2023-06-02,BSC,4270541404
2023-06-03,BSC,4243750607
2023-06-04,BSC,4190877614
2023-06-05,BSC,4167363919
2023-06-06,BSC,3925675103
2023-06-07,BSC,3963224560
2023-06-08,BSC,3766879531
2023-06-09,BSC,3765594731
2023-06-10,BSC,3733576396
2023-06-11,BSC,3483209918
2023-06-12,BSC,3433917640
2023-06-13,BSC,3384911771
2023-06-14,BSC,3427922455
2023-06-15,BSC,3297189842
2023-06-16,BSC,3251133878
2023-06-17,BSC,3265271446
2023-06-18,BSC,3314550232
2023-06-19,BSC,3313582520
2023-06-20,BSC,3331059623
2023-06-21,BSC,3374314701
2023-06-22,BSC,3376670980
2023-06-23,BSC,3349940923
2023-06-24,BSC,3375182843
2023-06-25,BSC,3329894161
2023-06-26,BSC,3337233336
2023-06-27,BSC,3317573720
2023-06-28,BSC,3323107641
2023-06-29,BSC,3282120489
2023-06-30,BSC,3291226200
2023-07-01,BSC,3373767834
2023-07-02,BSC,3410566754
2023-07-03,BSC,3400512206
2023-07-04,BSC,3403495785
2023-07-05,BSC,3364638529
2023-07-06,BSC,3324584755
2023-07-07,BSC,3247246758
2023-07-08,BSC,3272192669
2023-07-09,BSC,3276687471
2023-07-10,BSC,3305720269
2023-07-11,BSC,3332361456
2023-07-12,BSC,3367688854
2023-07-13,BSC,3320380598
2023-07-14,BSC,3424809401
2023-07-15,BSC,3342075328
2023-07-16,BSC,3377314019
2023-07-17,BSC,3362880511
2023-07-18,BSC,3425328654
2023-07-19,BSC,3344463336
2023-07-20,BSC,3334406935
2023-07-21,BSC,3315756590
2023-07-22,BSC,3336000005
2023-07-23,BSC,3309130575
2023-07-24,BSC,3322075598
2023-07-25,BSC,3265506839
2023-07-26,BSC,3244485123
2023-07-27,BSC,3248537059
2023-07-28,BSC,3260442379
2023-07-29,BSC,3301028153
2023-07-30,BSC,3322629532
2023-07-31,BSC,3312784077
2023-08-01,BSC,3293065365
2023-08-02,BSC,3192984085
2023-08-03,BSC,3132093077
2023-08-04,BSC,3122815662
2023-08-05,BSC,3106332734
2023-08-06,BSC,3121672048
2023-08-07,BSC,3128321277
2023-08-08,BSC,3110146900
2023-08-09,BSC,3148161274
2023-08-10,BSC,3142484633
2023-08-11,BSC,3129878051
2023-08-12,BSC,3115407967
2023-08-13,BSC,3116186429
2023-08-14,BSC,3114901993
2023-08-15,BSC,3117328465
2023-08-16,BSC,3058319875
2023-08-17,BSC,2945188875
2023-08-18,BSC,2816375963
2023-08-19,BSC,2814826473
2023-08-20,BSC,2820910672
2023-08-21,BSC,2814033631
2023-08-22,BSC,2795406082
2023-08-23,BSC,2800893482
2023-08-24,BSC,2823980223
2023-08-25,BSC,2822498963
2023-08-26,BSC,2815825262
2023-08-27,BSC,2806419708
2023-08-28,BSC,2810495492
2023-08-29,BSC,2814161016
2023-08-30,BSC,2897109510
2023-08-31,BSC,2853899036
2023-09-01,BSC,2819993271
2023-09-02,BSC,2884155842
2023-09-03,BSC,2883921916
2023-09-04,BSC,2890359678
2023-09-05,BSC,2893048543
2023-09-06,BSC,2879403340
2023-09-07,BSC,2868317514
2023-09-08,BSC,2897041371
2023-09-09,BSC,2860344684
2023-09-10,BSC,2848774995
2023-09-11,BSC,2810248465
2023-09-12,BSC,2742715717
2023-09-13,BSC,2785489288
2023-09-14,BSC,2803692711
2023-09-15,BSC,2793878100
2023-09-16,BSC,2816377805
2023-09-17,BSC,2784585826
2023-09-18,BSC,2791348692
2023-09-19,BSC,2813182791
2023-09-20,BSC,2820471070
2023-09-21,BSC,2802365255
2023-09-22,BSC,2756711105
2023-09-23,BSC,2768061075
2023-09-24,BSC,2775343644
2023-09-25,BSC,2753036237
2023-09-26,BSC,2774617133
2023-09-27,BSC,2791091797
2023-09-28,BSC,2800695212
2023-09-29,BSC,2831205128
2023-09-30,BSC,2809975187
2023-10-01,BSC,2812162180
2023-10-02,BSC,2839984740
2023-10-03,BSC,2796730197
2023-10-04,BSC,2759530675
2023-10-05,BSC,2786874838
2023-10-06,BSC,2766395909
2023-10-07,BSC,2773442836
2023-10-08,BSC,2764245056
2023-10-09,BSC,2746603569
2023-10-10,BSC,2688329605
2023-10-11,BSC,2630687021
2023-10-12,BSC,2591746822
2023-10-13,BSC,2571811591
2023-10-14,BSC,2628865334
2023-10-15,BSC,2634497614
2023-10-16,BSC,2660649864
2023-10-17,BSC,2651300701
2023-10-18,BSC,2621227927
2023-10-19,BSC,2612693645
2023-10-20,BSC,2619413431
2023-10-21,BSC,2637520884
2023-10-22,BSC,2668606958
2023-10-23,BSC,2696471677
2023-10-24,BSC,2827522998
2023-10-25,BSC,2781179601
2023-10-26,BSC,2773348550
2023-10-27,BSC,2763793894
2023-10-28,BSC,2768052274
2023-10-29,BSC,2758951220
2023-10-30,BSC,2794763674
2023-10-31,BSC,2781170443
2023-11-01,BSC,2770566701
2023-11-02,BSC,2788441432
2023-11-03,BSC,2786210384
2023-11-04,BSC,2828588442
2023-11-05,BSC,2892451958
2023-11-06,BSC,2890722448
2023-11-07,BSC,2946600531
2023-11-08,BSC,2914130519
2023-11-09,BSC,2927560092
2023-11-10,BSC,2991815444
2023-11-11,BSC,2984708094
2023-11-12,BSC,2982492386
2023-11-13,BSC,2968072792
2023-11-14,BSC,2909638060
2023-11-15,BSC,2923748005
2023-11-16,BSC,3008435680
2023-11-17,BSC,2905044763
2023-11-18,BSC,2913391295
2023-11-19,BSC,2917017225
2023-11-20,BSC,2944199389
2023-11-21,BSC,2978551155
2023-11-22,BSC,2772072334
2023-11-23,BSC,2859143553
2023-11-24,BSC,2835201609
2023-11-25,BSC,2848397069
2023-11-26,BSC,2866846509
2023-11-27,BSC,2889239705
2023-11-28,BSC,2927235205
2023-11-29,BSC,2934720277
2023-11-30,BSC,2916424909
2023-12-01,BSC,2908698918
2023-12-02,BSC,2930824652
2023-12-03,BSC,2974774833
2023-12-04,BSC,2961758802
2023-12-05,BSC,2998102879
2023-12-06,BSC,3021733480
2023-12-07,BSC,3007695387
2023-12-08,BSC,3046041036
2023-12-09,BSC,3107744081
2023-12-10,BSC,3073733546
2023-12-11,BSC,3015212541
2023-12-12,BSC,3079551497
2023-12-13,BSC,3087529323
2023-12-14,BSC,3055973778
2023-12-15,BSC,3054519320
2023-12-16,BSC,2985622557
2023-12-17,BSC,2998973442
2023-12-18,BSC,2969731993
2023-12-19,BSC,3043301739
2023-12-20,BSC,2985508965
2023-12-21,BSC,3083090136
2023-12-22,BSC,3171630810
2023-12-23,BSC,3183230144
2023-12-24,BSC,3184046007
2023-12-25,BSC,3133097677
2023-12-26,BSC,3166117021
2023-12-27,BSC,3441687538
2023-12-28,BSC,3509276433
2023-12-29,BSC,3494365384
2023-12-30,BSC,3447972039
2023-12-31,BSC,3472308515
2024-01-01,BSC,3440840212
2024-01-02,BSC,3518175709
2024-01-03,BSC,3495698689
2024-01-04,BSC,3537816544
2024-01-05,BSC,3537217968
2024-01-06,BSC,3420097567
2024-01-07,BSC,3378868347
2024-01-08,BSC,3356587785
2024-01-09,BSC,3454142349
2024-01-10,BSC,3521487448
2024-01-11,BSC,3574328988
2024-01-12,BSC,3610976487
2024-01-13,BSC,3483147044
2024-01-14,BSC,3535307427
2024-01-15,BSC,3555970139
2024-01-16,BSC,3468582145
2024-01-17,BSC,3513355865
2024-01-18,BSC,3624254774
2024-01-19,BSC,3441776659
2024-01-20,BSC,3421983056
2024-01-21,BSC,3440220064
2024-01-22,BSC,3440136147
2024-01-23,BSC,3324813541
2024-01-24,BSC,3281227740
2024-01-25,BSC,3366189654
2024-01-26,BSC,3404034291
2024-01-27,BSC,3525037866
2024-01-28,BSC,3574068536
2024-01-29,BSC,3565361419
2024-01-30,BSC,3606638804
2024-01-31,BSC,3570182811
2024-02-01,BSC,3496366280
2024-02-02,BSC,3504180158
2024-02-03,BSC,3524521079
2024-02-04,BSC,3494871596
2024-02-05,BSC,3552952309
2024-02-06,BSC,3540326355
2024-02-07,BSC,3582678167
2024-02-08,BSC,3639071844
2024-02-09,BSC,3528935801
2024-02-10,BSC,3585175919
2024-02-11,BSC,3589985887
2024-02-12,BSC,3586246682
2024-02-13,BSC,3669387251
2024-02-14,BSC,3631011092
2024-02-15,BSC,3724240796
2024-02-16,BSC,3824122763
2024-02-17,BSC,3863860933
2024-02-18,BSC,3816447783
2024-02-19,BSC,3950462092
2024-02-20,BSC,4013861147
2024-02-21,BSC,4179168400
2024-02-22,BSC,4100561842
2024-02-23,BSC,4096193166
2024-02-24,BSC,4065885811
2024-02-25,BSC,4068983943
2024-02-26,BSC,4115307226
2024-02-27,BSC,4235375545
2024-02-28,BSC,4238319401
2024-02-29,BSC,4450553437
2024-03-01,BSC,4559974840
2024-03-02,BSC,4643450802
2024-03-03,BSC,4622086961
2024-03-04,BSC,4681541537
2024-03-05,BSC,4739404635
2024-03-06,BSC,4548971714
2024-03-07,BSC,4812772096
2024-03-08,BSC,4824640271
2024-03-09,BSC,4946728290
2024-03-10,BSC,5015566043
2024-03-11,BSC,5196041201
2024-03-12,BSC,5296283768
2024-03-13,BSC,5417758902
2024-03-14,BSC,5843810375
2024-03-15,BSC,5665502150
2024-03-16,BSC,5656347819
2024-03-17,BSC,5339183508
2024-03-18,BSC,5442800707
2024-03-19,BSC,5457219534
2024-03-20,BSC,5042923317
2024-03-21,BSC,5323550041
2024-03-22,BSC,5444534272
2024-03-23,BSC,5308368447
2024-03-24,BSC,5372536195
2024-03-25,BSC,5518251867
2024-03-26,BSC,5690703141
2024-03-27,BSC,5645160442
2024-03-28,BSC,5576754536
2024-03-29,BSC,5678837333
2024-03-30,BSC,5761292890
2024-03-31,BSC,5642064637
2024-04-01,BSC,5679727914
2024-04-02,BSC,5510888615
2024-04-03,BSC,5476769488
2024-04-04,BSC,5542084008
2024-04-05,BSC,5674285935
2024-04-06,BSC,5345012571
2024-04-07,BSC,5409523486
2024-04-08,BSC,5422098737
2024-04-09,BSC,5542445245
2024-04-10,BSC,5651205030
2024-04-11,BSC,5782023102
2024-04-12,BSC,5730034527
2024-04-13,BSC,5491147750
2024-04-14,BSC,4836373794
2024-04-15,BSC,4954607334
2024-04-16,BSC,4843510728
2024-04-17,BSC,4782717291
2024-04-18,BSC,4930487906
2024-04-19,BSC,5026386817
2024-04-20,BSC,5054987746
2024-04-21,BSC,5110864931
2024-04-22,BSC,5140934166
2024-04-23,BSC,5241576870
2024-04-24,BSC,5259052012
2024-04-25,BSC,4979552791
2024-04-26,BSC,5016913203
2024-04-27,BSC,4956665662
2024-04-28,BSC,4932004167
2024-04-29,BSC,5009264313
2024-04-30,BSC,4918968432
2024-05-01,BSC,4816193313
2024-05-02,BSC,4721237462
2024-05-03,BSC,4800911021
2024-05-04,BSC,4998307417
2024-05-05,BSC,5033783286
2024-05-06,BSC,5033189983
2024-05-07,BSC,5020501630
2024-05-08,BSC,4935821280
2024-05-09,BSC,4896168789
2024-05-10,BSC,4972029338
2024-05-11,BSC,4849360164
2024-05-12,BSC,4893626815
2024-05-13,BSC,4885513060
2024-05-14,BSC,4795393066
2024-05-15,BSC,4641322616
2024-05-16,BSC,4857525471
2024-05-17,BSC,4800793949
2024-05-18,BSC,4923966338
2024-05-19,BSC,4960584256
2024-05-20,BSC,4921286028
2024-05-21,BSC,5128298858
2024-05-22,BSC,5223322074
2024-05-23,BSC,5217657657
2024-05-24,BSC,5099751030
2024-05-25,BSC,5213608133
2024-05-26,BSC,5216442780
2024-05-27,BSC,5218170887
2024-05-28,BSC,5263629300
2024-05-29,BSC,5241095739
2024-05-30,BSC,5167066657
2024-05-31,BSC,5021433955
2024-06-01,BSC,4967674639
2024-06-02,BSC,5021436382
2024-06-03,BSC,4984223213
2024-06-04,BSC,5086150494
2024-06-05,BSC,5363940326
2024-06-06,BSC,5444328483
2024-06-07,BSC,5489944552
2024-06-08,BSC,5300818666
2024-06-09,BSC,5286687808
2024-06-10,BSC,5253144516
2024-06-11,BSC,5089553811
2024-06-12,BSC,4991476017
2024-06-13,BSC,5050536969
2024-06-14,BSC,4902128480
2024-06-15,BSC,4872902717
2024-06-16,BSC,4890242597
2024-06-17,BSC,4967356397
2024-06-18,BSC,4865188718
2024-06-19,BSC,4763353636
2024-06-20,BSC,4803471625
2024-06-21,BSC,4786714691
2024-06-22,BSC,4737513437
2024-06-23,BSC,4753742534
2024-06-24,BSC,4693193140
2024-06-25,BSC,4582774619
2024-06-26,BSC,4701482938
2024-06-27,BSC,4655875978
2024-06-28,BSC,4699771180
2024-06-29,BSC,4621987045
2024-06-30,BSC,4681619667
2024-07-01,BSC,4712783619
2024-07-02,BSC,4740905304
2024-07-03,BSC,4717221634
2024-07-04,BSC,4556450354
2024-07-05,BSC,4356440965
2024-07-06,BSC,4184729049
2024-07-07,BSC,4361137434
2024-07-08,BSC,4181721120
2024-07-09,BSC,4268800234
2024-07-10,BSC,4317011662
2024-07-11,BSC,4365619553
2024-07-12,BSC,4284412411
2024-07-13,BSC,4309508055
2024-07-14,BSC,4326358872
2024-07-15,BSC,4451041668
2024-07-16,BSC,4652012895
2024-07-17,BSC,4635332574
2024-07-18,BSC,4596977530
2024-07-19,BSC,4580320885
2024-07-20,BSC,4724353817
2024-07-21,BSC,4737177760
2024-07-22,BSC,4775028952
2024-07-23,BSC,4713219484
2024-07-24,BSC,4637598367
2024-07-25,BSC,4573256838
2024-07-26,BSC,4547982167
2024-07-27,BSC,4622465228
2024-07-28,BSC,4663865291
2024-07-29,BSC,4646554085
2024-07-30,BSC,4634012100
2024-07-31,BSC,4619560705
2024-08-01,BSC,4592967258
2024-08-02,BSC,4622139110
2024-08-03,BSC,4375952376
2024-08-04,BSC,4313161385
2024-08-05,BSC,4163599967
2024-08-06,BSC,3836588870
2024-08-07,BSC,3947467436
2024-08-08,BSC,3849044842
2024-08-09,BSC,4116195448
2024-08-10,BSC,4131503155
2024-08-11,BSC,4191732809
2024-08-12,BSC,4070754077
2024-08-13,BSC,4119522399
2024-08-14,BSC,4191950487
2024-08-15,BSC,4146479679
2024-08-16,BSC,4040188757
2024-08-17,BSC,4085945021
2024-08-18,BSC,4147919953
2024-08-19,BSC,4127734017
2024-08-20,BSC,4204622511
2024-08-21,BSC,4251671322
2024-08-22,BSC,4292692830
2024-08-23,BSC,4326207590
2024-08-24,BSC,4539342878
2024-08-25,BSC,4510852706
2024-08-26,BSC,4522337368
2024-08-27,BSC,4331215169
2024-08-28,BSC,4139273743
2024-08-29,BSC,4140706013
2024-08-30,BSC,4137178549
2024-08-31,BSC,4129130557
2024-09-01,BSC,4123380323
2024-09-02,BSC,4056663627
2024-09-03,BSC,4140309335
2024-09-04,BSC,4092160604
2024-09-05,BSC,4115770855
2024-09-06,BSC,4037757796
2024-09-07,BSC,3907062220
2024-09-08,BSC,3956266269
2024-09-09,BSC,3999209617
2024-09-10,BSC,4147708504
2024-09-11,BSC,4148089145
2024-09-12,BSC,4230233701
2024-09-13,BSC,4255044825
2024-09-14,BSC,4407272047
2024-09-15,BSC,4370170669
2024-09-16,BSC,4399409619
2024-09-17,BSC,4191514707
2024-09-18,BSC,4301351723
2024-09-19,BSC,4268428834
2024-09-20,BSC,4400348744
2024-09-21,BSC,4510985960
2024-09-22,BSC,4597973101
2024-09-23,BSC,4598063305
2024-09-24,BSC,4595914957
2024-09-25,BSC,4619564479
2024-09-26,BSC,4506288240
2024-09-27,BSC,4703229415
2024-09-28,BSC,4735862764
2024-09-29,BSC,4751338073
2024-09-30,BSC,4741576376
2024-10-01,BSC,4605898160
2024-10-02,BSC,4398113288
2024-10-03,BSC,4348058227
2024-10-04,BSC,4355318340
2024-10-05,BSC,4443667817
2024-10-06,BSC,4459913636
2024-10-07,BSC,4480684859
2024-10-08,BSC,4544501008
2024-10-09,BSC,4538902418
2024-10-10,BSC,4348125087
2024-10-11,BSC,4272860523
2024-10-12,BSC,4468010960
2024-10-13,BSC,4459026962
2024-10-14,BSC,4430746253
2024-10-15,BSC,4598101806
2024-10-16,BSC,4586680808
2024-10-17,BSC,4605971679
2024-10-18,BSC,4551151530
2024-10-19,BSC,4592120226
2024-10-20,BSC,4605537056
2024-10-21,BSC,4635417373
2024-10-22,BSC,4603994603
2024-10-23,BSC,4592087075
2024-10-24,BSC,4486259129
2024-10-25,BSC,4574709138
2024-10-26,BSC,4400558950
2024-10-27,BSC,4395787128
2024-10-28,BSC,4459551121
2024-10-29,BSC,4526279419
2024-10-30,BSC,4579771614
2024-10-31,BSC,4528431008
2024-11-01,BSC,4412153350
2024-11-02,BSC,4383014434
2024-11-03,BSC,4355672547
2024-11-04,BSC,4290923962
2024-11-05,BSC,4239548929
2024-11-06,BSC,4337809767
2024-11-07,BSC,4605260926
2024-11-08,BSC,4620357109
2024-11-09,BSC,4637949449
2024-11-10,BSC,4766604044
2024-11-11,BSC,4927440191
2024-11-12,BSC,5124614483
2024-11-13,BSC,5061743762
2024-11-14,BSC,4979597241
2024-11-15,BSC,5017045188
2024-11-16,BSC,5044207554
2024-11-17,BSC,5132888750
2024-11-18,BSC,5093199160
2024-11-19,BSC,5144582519
2024-11-20,BSC,5060708966
2024-11-21,BSC,4979661894
2024-11-22,BSC,5148949028
2024-11-23,BSC,5176084210
2024-11-24,BSC,5284314338
2024-11-25,BSC,5330676455
2024-11-26,BSC,5159276963
2024-11-27,BSC,5010256288
2024-11-28,BSC,5329888899
2024-11-29,BSC,5372545081
2024-11-30,BSC,5389071691
2024-12-01,BSC,5410698154
2024-12-02,BSC,5436083838
2024-12-03,BSC,5262278389
2024-12-04,BSC,5594373351
2024-12-05,BSC,5645103664
2024-12-06,BSC,5532957757
2024-12-07,BSC,5670339586
2024-12-08,BSC,5704997408
2024-12-09,BSC,5664831255
2024-12-10,BSC,5281609536
2024-12-11,BSC,5208910524
2024-12-12,BSC,5468273882
2024-12-13,BSC,5412870558
2024-12-14,BSC,5634285548
2024-12-15,BSC,5564241267
2024-12-16,BSC,5733680662
2024-12-17,BSC,5689048218
2024-12-18,BSC,5619213487
2024-12-19,BSC,5556284797
2024-12-20,BSC,5400613316
2024-12-21,BSC,5427567214
2024-12-22,BSC,5369777667
2024-12-23,BSC,5299975663
2024-12-24,BSC,5515126414
2024-12-25,BSC,5654558067
2024-12-26,BSC,5655615172
2024-12-27,BSC,5507616470
2024-12-28,BSC,5474291325
2024-12-29,BSC,5618384273
2024-12-30,BSC,5458729551
2024-12-31,BSC,5453316761
2025-01-01,BSC,5470896992
2025-01-02,BSC,5517424034
2025-01-03,BSC,5558258864
2025-01-04,BSC,5708158146
2025-01-05,BSC,5693210252
2025-01-06,BSC,5677974181
2025-01-07,BSC,5855864728
2025-01-08,BSC,5527274359
2025-01-09,BSC,5474607160
2025-01-10,BSC,5373285222
2025-01-11,BSC,5494335633
2025-01-12,BSC,5518070513
2025-01-13,BSC,5472185134
2025-01-14,BSC,5416618429
2025-01-15,BSC,5532796361
2025-01-16,BSC,5673683264
2025-01-17,BSC,5666500338
2025-01-18,BSC,5804899739
2025-01-19,BSC,5668702438
2025-01-20,BSC,5566174890
2025-01-21,BSC,5541276131
2025-01-22,BSC,5636688367
2025-01-23,BSC,5619254768
2025-01-24,BSC,5606396191
2025-01-25,BSC,5449719248
2025-01-26,BSC,5483561984
2025-01-27,BSC,5409510724
2025-01-28,BSC,5379079951
2025-01-29,BSC,5282283513
2025-01-30,BSC,5367942307
2025-01-31,BSC,5589597924
2025-02-01,BSC,5552773686
2025-02-02,BSC,5408284866
2025-02-03,BSC,5103858346
2025-02-04,BSC,5144822583
2025-02-05,BSC,4942882804
2025-02-06,BSC,4936032364
2025-02-07,BSC,4932387565
2025-02-08,BSC,4972576809
2025-02-09,BSC,5163006519
2025-02-10,BSC,5174729221
2025-02-11,BSC,5186497925
2025-02-12,BSC,5250393003
2025-02-13,BSC,5539472152
2025-02-14,BSC,5437583651
2025-02-15,BSC,5541922342
2025-02-16,BSC,5531315705
2025-02-17,BSC,5565335198
2025-02-18,BSC,5526659654
2025-02-19,BSC,5433349488
2025-02-20,BSC,5506986451
2025-02-21,BSC,5560399670
2025-02-22,BSC,5524973297
2025-02-23,BSC,5685439804
2025-02-24,BSC,5628249852
2025-02-25,BSC,5338817238
2025-02-26,BSC,5222247096
2025-02-27,BSC,5014324651
2025-02-28,BSC,5106034065
2025-03-01,BSC,5019203337
2025-03-02,BSC,5110119365
2025-03-03,BSC,5295443321
2025-03-04,BSC,4910170843
2025-03-05,BSC,4955421839
2025-03-06,BSC,5092195922
2025-03-07,BSC,5029806065
2025-03-08,BSC,5011436789
2025-03-09,BSC,5003280418
2025-03-10,BSC,4726178076
2025-03-11,BSC,4573794834
2025-03-12,BSC,4723154175
2025-03-13,BSC,4814997448
2025-03-14,BSC,5090180698
2025-03-15,BSC,5207368920
2025-03-16,BSC,5329146093
2025-03-17,BSC,5257683437
2025-03-18,BSC,5424733879
2025-03-19,BSC,5408944955
2025-03-20,BSC,5420514800
2025-03-21,BSC,5346646498
2025-03-22,BSC,5388230738
2025-03-23,BSC,5374825685
2025-03-24,BSC,5456488380
2025-03-25,BSC,5580269568
2025-03-26,BSC,5571205055
2025-03-27,BSC,5444145862
2025-03-28,BSC,5436278320
2025-03-29,BSC,5300391084
2025-03-30,BSC,5187806311
2025-03-31,BSC,5238942693
2025-04-01,BSC,5312171488
2025-04-02,BSC,5161390513
2025-04-03,BSC,5186655304
2025-04-04,BSC,5208840548
2025-04-05,BSC,5268311151
2025-04-06,BSC,5262611071
2025-04-07,BSC,4916062302
2025-04-08,BSC,4893474836
2025-04-09,BSC,4829605570
2025-04-10,BSC,5098107145
2025-04-11,BSC,5002821041
2025-04-12,BSC,5074949682
2025-04-13,BSC,5176461264
2025-04-14,BSC,5092674174
2025-04-15,BSC,5144365602
2025-04-16,BSC,5320492658
2025-04-17,BSC,5366632584
2025-04-18,BSC,5421967669
2025-04-19,BSC,5451345588
2025-04-20,BSC,5481797131
2025-04-21,BSC,5501726675
2025-04-22,BSC,5553046390
2025-04-23,BSC,5755088187
2025-04-24,BSC,5793421989
2025-04-25,BSC,5775621305
2025-04-26,BSC,5812307271
2025-04-27,BSC,5859768678
2025-04-28,BSC,5820737730
2025-04-29,BSC,5838432652
2025-04-30,BSC,5813136258
2025-05-01,BSC,5830128811
2025-05-02,BSC,5839911806
2025-05-03,BSC,5884909028
2025-05-04,BSC,5860382802
2025-05-05,BSC,5773546252
2025-05-06,BSC,5789770732
2025-05-07,BSC,5917430937
2025-05-08,BSC,5939014543
2025-05-09,BSC,6184532306
2025-05-10,BSC,6401334087
2025-05-11,BSC,6188021100
2025-05-12,BSC,6157126496
2025-05-13,BSC,6154949233
2025-05-14,BSC,6242998072
2025-05-15,BSC,6140825277
2025-05-16,BSC,6108991501
2025-05-17,BSC,6068470797
2025-05-18,BSC,6020133016
2025-05-19,BSC,6072528510
2025-05-20,BSC,6063584343
2025-05-21,BSC,6057771151
2025-05-22,BSC,6415507395
2025-05-23,BSC,6506093514
2025-05-24,BSC,6253283982
2025-05-25,BSC,6262951564
2025-05-26,BSC,6368706924
2025-05-27,BSC,6382202891
2025-05-28,BSC,6455860457
2025-05-29,BSC,6421707491
2025-05-30,BSC,6297617655
2025-05-31,BSC,6125954999
2025-06-01,BSC,6097211979
2025-06-02,BSC,6124506742
2025-06-03,BSC,6232080936
2025-06-04,BSC,5911819234
2025-06-05,BSC,5888340007
2025-06-06,BSC,5666945244
2025-06-07,BSC,5800025346
2025-06-08,BSC,5859518552
2025-06-09,BSC,5871299077
2025-06-10,BSC,6095153426
2025-06-11,BSC,6143056898
2025-06-12,BSC,6075633371
2025-06-13,BSC,5903576583
2025-06-14,BSC,5927374718
2025-06-15,BSC,5867080637
2025-06-16,BSC,5899103287
2025-06-17,BSC,5949108157
2025-06-18,BSC,5879658599
2025-06-19,BSC,5885963304
2025-06-20,BSC,5876420974
2025-06-21,BSC,5837903877
2025-06-22,BSC,5730890976
2025-06-23,BSC,5647237428
2025-06-24,BSC,5846683381
2025-06-25,BSC,5831066702
2025-06-26,BSC,5901212616
2025-06-27,BSC,5862473972
2025-06-28,BSC,5917347609
2025-06-29,BSC,5933418109
2025-06-30,BSC,5971244261
2025-07-01,BSC,5950747839
2025-07-02,BSC,5870364605
2025-07-03,BSC,6013749863
2025-07-04,BSC,6045124965
2025-07-05,BSC,5973085921
2025-07-06,BSC,5972670721
2025-07-07,BSC,6033074174
2025-07-08,BSC,5977652212
2025-07-09,BSC,6002216204
2025-07-10,BSC,6117602530
2025-07-11,BSC,6229280001
2025-07-12,BSC,6245377186
2025-07-13,BSC,6224136538
2025-07-14,BSC,6273015417
2025-07-15,BSC,6310010022
2025-07-16,BSC,6357516196
2025-07-17,BSC,6420052527
2025-07-18,BSC,6484773032
2025-07-19,BSC,6505758985
2025-07-20,BSC,6552741926
2025-07-21,BSC,6627837928
2025-07-22,BSC,6681905906
2025-07-23,BSC,6823287272
2025-07-24,BSC,6726049170
2025-07-25,BSC,6643854478
2025-07-26,BSC,6759912623
2025-07-27,BSC,6809896917
2025-07-28,BSC,7038174245
2025-07-29,BSC,6902701880
2025-07-30,BSC,6827186736
2025-07-31,BSC,6800704272
2025-08-01,BSC,6706928601
2025-08-02,BSC,6603179885
2025-08-03,BSC,6480764973
2025-08-04,BSC,6580417329
2025-08-05,BSC,6660939318
2025-08-06,BSC,6595442911
2025-08-07,BSC,6698490484
2025-08-08,BSC,6794836607
2025-08-09,BSC,6811502475
2025-08-10,BSC,6879974516
2025-08-11,BSC,6927892656
2025-08-12,BSC,6927787874
2025-08-13,BSC,7094318790
2025-08-14,BSC,7208346555
2025-08-15,BSC,7042886241
2025-08-16,BSC,6984678858
2025-08-17,BSC,7036660707
2025-08-18,BSC,7099825641
2025-08-19,BSC,7023451808
2025-08-20,BSC,7095704369
2025-08-21,BSC,7414129897
2025-08-22,BSC,7280987993
2025-08-23,BSC,7607864714
2025-08-24,BSC,7523906113
2025-08-25,BSC,7426745174
2025-08-26,BSC,7177640717
2025-08-27,BSC,7395013672
2025-08-28,BSC,7396103714
2025-08-29,BSC,7477467427
2025-08-30,BSC,7282922299
2025-08-31,BSC,7278733294
2025-09-01,BSC,7244279607
2025-09-02,BSC,7159228367
2025-09-03,BSC,7222395566
2025-09-04,BSC,7232570497
2025-09-05,BSC,7180252295
2025-09-06,BSC,7206888477
2025-09-07,BSC,7217539997
2025-09-08,BSC,7317704349
2025-09-09,BSC,7311149968
2025-09-10,BSC,7266539421
2025-09-11,BSC,7338396141
2025-09-12,BSC,7403655681
2025-09-13,BSC,7509029500
2025-09-14,BSC,7541696374
2025-09-15,BSC,7509703494
2025-09-16,BSC,7457674228
2025-09-17,BSC,7594741104
2025-09-18,BSC,7720254243
2025-09-19,BSC,7740191942
2025-09-20,BSC,7687140174
2025-09-21,BSC,7936806875
2025-09-22,BSC,7927383608
2025-09-23,BSC,7671732924
2025-09-24,BSC,7708555580
2025-09-25,BSC,7729531006
2025-09-26,BSC,7403384592
2025-09-27,BSC,7454388047
2025-09-28,BSC,7489965269
2025-09-29,BSC,7655485466
2025-09-30,BSC,7796978863
2025-10-01,BSC,7713363847
2025-10-02,BSC,7885822295
2025-10-03,BSC,8060908945
2025-10-04,BSC,8547287424
2025-10-05,BSC,8466815403
2025-10-06,BSC,8524723198
2025-10-07,BSC,8842549709
2025-10-08,BSC,9126600976
2025-10-09,BSC,9178835648
2025-10-10,BSC,9010924818
2025-10-11,BSC,8240488612
2025-10-12,BSC,8198865773
2025-10-13,BSC,9023841444
2025-10-14,BSC,9144775268
2025-10-15,BSC,8784297326
2025-10-16,BSC,8595263710
2025-10-17,BSC,8380080441
2025-10-18,BSC,8100795823
2025-10-19,BSC,8181137110
2025-10-20,BSC,8281373357
2025-10-21,BSC,8293854279
2025-10-22,BSC,8105107788
2025-10-23,BSC,8127805877
2025-10-24,BSC,8610725326
2025-10-25,BSC,8371511622
2025-10-26,BSC,8434827110
2025-10-27,BSC,8584213481
2025-10-28,BSC,8654609336
2025-10-29,BSC,8512171919
2025-10-30,BSC,8534856515
2025-10-31,BSC,8355044954
2025-11-01,BSC,8302656582
2025-11-02,BSC,8272189266
2025-11-03,BSC,8294731149
2025-11-04,BSC,7840702394
2025-11-05,BSC,7479270337
2025-11-06,BSC,7574447604
2025-11-07,BSC,7445893720
2025-11-08,BSC,7681201108
2025-11-09,BSC,8058651767
2025-11-10,BSC,7794147054
2025-11-11,BSC,7712621164
2025-11-12,BSC,7507186570
2025-11-13,BSC,7415626086
2025-11-14,BSC,7225650909
2025-11-15,BSC,7168200133
2025-11-16,BSC,7245922242
2025-11-17,BSC,7186338171
2025-11-18,BSC,7082534110
2025-11-19,BSC,7193141337
2025-11-20,BSC,7084541746
2025-11-21,BSC,6850849074
2025-11-22,BSC,6683207738
2025-11-23,BSC,6672430310
2025-11-24,BSC,6773548034
2025-11-25,BSC,6888016992
2025-11-26,BSC,6889077696
2025-11-27,BSC,7061680278
2025-11-28,BSC,7068148347
2025-11-29,BSC,7041803739
2025-11-30,BSC,7009855252
2025-12-01,BSC,6871753248
2025-12-02,BSC,6565887464
2025-12-03,BSC,6937348259
2025-12-04,BSC,7115740196
2025-12-05,BSC,7037843113
2025-12-06,BSC,6914518248
2025-12-07,BSC,6944180311
2025-12-08,BSC,6927348529
2025-12-09,BSC,6988827944
2025-12-10,BSC,7030815576
2025-12-11,BSC,6983556733
2025-12-12,BSC,6877880898
2025-12-13,BSC,6800266568
2025-12-14,BSC,6860183667
2025-12-15,BSC,6744213751
2025-12-16,BSC,6593439746
2025-12-17,BSC,6677417374
2025-12-18,BSC,6523806498
2025-12-19,BSC,6386473835
2025-12-20,BSC,6527645833
2025-12-21,BSC,6521407823
2025-12-22,BSC,6505821699
2025-12-23,BSC,6569702699
2025-12-24,BSC,6469027001
2025-12-25,BSC,6427648748
2025-12-26,BSC,6358064578
2025-12-27,BSC,6345104941
2025-12-28,BSC,6408403877
2025-12-29,BSC,6513201485
2025-12-30,BSC,6486253396
2025-12-31,BSC,6605906281
2026-01-01,BSC,6597328934
2026-01-02,BSC,6627083909
2026-01-03,BSC,6736740174
2026-01-04,BSC,6725607103
2026-01-05,BSC,6808190696
2026-01-06,BSC,6901273843
2026-01-07,BSC,6862428246
2026-01-08,BSC,6817858012
2026-01-09,BSC,6779833618
2026-01-10,BSC,6830771623
2026-01-11,BSC,6885791284
2026-01-12,BSC,6883652939
2026-01-13,BSC,6913218166
2026-01-14,BSC,7189433086
2026-01-15,BSC,7175977344
2026-01-16,BSC,7095875333
2026-01-17,BSC,7106531597
2026-01-18,BSC,7164087126
2026-01-19,BSC,6979635966
2026-01-20,BSC,7011657066
2026-01-21,BSC,6747217519
2026-01-22,BSC,6796327844
2026-01-23,BSC,6805279437
2026-01-24,BSC,6794760000
2026-01-25,BSC,6793714530
2026-01-26,BSC,6644167497
2026-01-27,BSC,6743672301
2026-01-28,BSC,6828317503
2026-01-29,BSC,6837558664
2026-01-30,BSC,6587071539
2026-01-31,BSC,6610112846
2026-02-01,BSC,6179951290
2026-02-02,BSC,6064897836
2026-02-03,BSC,6168060727
2026-02-04,BSC,6042692417
2026-02-05,BSC,5756619714
2026-02-06,BSC,5102999862
2026-02-07,BSC,5537039003
2026-02-08,BSC,5509128086
2026-02-09,BSC,5541865174
2026-02-10,BSC,5533770494
2026-02-11,BSC,5457316928
2026-02-12,BSC,5434721296
2026-02-13,BSC,5642912790
2026-02-14,BSC,5763236183
2026-02-15,BSC,5878799691
2026-02-16,BSC,5806210751
2026-02-17,BSC,5843331191
2026-02-18,BSC,5781430917
2026-02-19,BSC,5676181949
2026-02-20,BSC,5632269146
2026-02-21,BSC,5710376259
2026-02-22,BSC,5699490583
2026-02-23,BSC,5662882180
2026-02-24,BSC,5455377625
2026-02-25,BSC,5422049452
2026-02-26,BSC,5722634466
2026-02-27,BSC,5717253337
2026-02-28,BSC,5676098816
2026-03-01,BSC,5677941217
2026-03-02,BSC,5671086153
2026-03-03,BSC,5613561608
2026-03-04,BSC,5635622729
2026-03-05,BSC,5952760469
2026-03-06,BSC,5965005551
2026-03-07,BSC,5845452876
2026-03-08,BSC,5804281317
2026-03-09,BSC,5749693333
2026-03-10,BSC,5846122899
2026-03-11,BSC,5915453863
2026-03-12,BSC,5886808230
2026-03-13,BSC,5799570989
2026-03-14,BSC,5794276590
2026-03-15,BSC,5810260884
2026-03-16,BSC,5871837064
2026-03-17,BSC,5953572909
2026-03-18,BSC,5887526237
2026-03-19,BSC,5758152831
2026-03-20,BSC,5703876248
2026-03-21,BSC,5743950816
2026-03-22,BSC,5675297574
2026-03-23,BSC,5383298454
2026-03-24,BSC,5446274004
2026-03-25,BSC,5471335534
2026-03-26,BSC,5517989095
2026-03-27,BSC,5369112442
2026-03-28,BSC,5253925833
2026-03-29,BSC,5263046049
2026-03-30,BSC,5247066573
2026-03-31,BSC,5346035358
2026-04-01,BSC,5404660749
2026-04-02,BSC,5377027037
2026-04-03,BSC,5240284059
2026-04-04,BSC,5353136843
2026-04-05,BSC,5300448697
2026-04-06,BSC,5355289319
2026-04-07,BSC,5355312846
2026-04-08,BSC,5459170073
2026-04-09,BSC,5371708761
2026-04-10,BSC,5380296932
2026-04-11,BSC,5490514702
2026-04-12,BSC,5497694741
2026-04-13,BSC,5441707665
2026-04-14,BSC,5538410411
2026-04-15,BSC,5523613581
2026-04-16,BSC,5549724556
2026-04-17,BSC,5585460837
2026-04-18,BSC,5643861575
2026-04-19,BSC,5521619614
2026-04-20,BSC,5404296232
2026-04-21,BSC,5445046018
2026-04-22,BSC,5475992476
2026-04-23,BSC,5547652243
2026-04-24,BSC,5587977915
2026-04-25,BSC,5578184390
2026-04-26,BSC,5546709386
2026-04-27,BSC,5580886869
2026-04-28,BSC,5504524779
2026-04-29,BSC,5489292203
2026-04-30,BSC,5458441985
2026-05-01,BSC,5441615361
2026-05-02,BSC,5470550038
2026-05-03,BSC,5485263734
2026-05-04,BSC,5473263002
2026-05-05,BSC,5533179846
2026-05-06,BSC,5582386247
2026-05-07,BSC,5583787208
2026-05-08,BSC,5521192847
2026-05-09,BSC,5605533663
2026-05-10,BSC,5600906843
2026-05-11,BSC,5678784307
2026-05-12,BSC,5666163435
2026-05-13,BSC,5652727681
2026-05-14,BSC,5660584376
2026-05-15,BSC,5706919293
2026-05-16,BSC,5628570417
2026-05-17,BSC,5549384788
2026-05-18,BSC,5518677815
2026-05-19,BSC,5497019594
2026-05-20,BSC,5473205178
2026-05-21,BSC,5464164484
2026-05-22,BSC,5474968515
2026-05-23,BSC,5443362062
2026-05-24,BSC,5493744655
2026-05-25,BSC,5535816160
2026-05-26,BSC,5553984156
2026-05-27,BSC,5498466531
2026-05-28,BSC,5444000442
2026-05-29,BSC,5383544324
2026-05-30,BSC,5418343631
2026-05-31,BSC,5728807850
2026-06-01,BSC,5679697303
2026-06-02,BSC,5570331468
2026-06-03,BSC,5339852687
2026-06-04,BSC,5207731727
2026-06-05,BSC,5169469573
2026-06-06,BSC,4991870452
2026-06-07,BSC,5009793448
2026-06-08,BSC,5156311514
2026-06-09,BSC,5125380657
2026-06-10,BSC,5114164688
2026-06-11,BSC,5109197861
2026-06-12,BSC,5184566042
2026-06-13,BSC,5199235403
2026-06-14,BSC,5232939819
2026-06-15,BSC,5269592718
2026-06-16,BSC,5291800800
2026-06-17,BSC,5229651128
2026-06-18,BSC,5142145350
2026-06-19,BSC,5048103656
2026-06-20,BSC,5043430248
2026-06-21,BSC,5084317914
2026-06-22,BSC,5052825496
2026-06-23,BSC,5083350886
2026-06-24,BSC,5024962742
2026-06-25,BSC,4945666289
2026-06-26,BSC,4920358977
2026-06-27,BSC,4923908461
2026-06-28,BSC,4901241710
2026-06-29,BSC,4806085948
2026-06-30,BSC,4829793564
2026-07-01,BSC,4753697888
2026-07-02,BSC,4787052202
2026-07-03,BSC,4857604881
2026-07-04,BSC,4955994697
2026-07-05,BSC,4925753794
2026-07-06,BSC,4976973681
2026-07-07,BSC,4967257149
2026-07-08,BSC,4891540058
2026-07-09,BSC,4820883169
2026-07-10,BSC,4853654327
2026-07-11,BSC,4904364590
2026-07-12,BSC,4913486161
2026-07-13,BSC,4909814232
2026-07-14,BSC,4847299307
2026-07-15,BSC,4937308478
2026-07-16,BSC,4952632617
2026-07-17,BSC,4874074774
2026-07-18,BSC,4875960615
2026-07-19,BSC,4897548079
2026-07-20,BSC,4868474967
2026-07-21,BSC,4892676080
2026-07-22,BSC,4920303394
2026-07-23,BSC,4819454405
2026-07-24,BSC,4741734178
2026-07-25,BSC,4790501584
2026-07-26,BSC,4800314667
2026-07-27,BSC,4843315676
2026-07-28,BSC,4784873738
2026-07-29,BSC,4768180457
2026-07-30,BSC,4789800231
2026-07-31,BSC,4870637402
2026-08-01,BSC,4842149053
2026-08-02,BSC,4784635950
2026-08-03,BSC,4819819039
2026-08-04,BSC,4834126947
2026-08-05,BSC,4842312244
2026-08-06,BSC,4840551322
2026-08-07,BSC,4845380898
2026-08-08,BSC,4737511862
2026-08-09,BSC,4920886280
2026-08-10,BSC,4902173789
2026-08-11,BSC,4892214090
2026-08-12,BSC,4947626655
2026-08-13,BSC,4926119997
2026-08-14,BSC,4909724077
2026-08-15,BSC,4900498477
2026-08-16,BSC,4880353789
2021-03-20,Bitcoin,64933229
2021-03-21,Bitcoin,65842441
2021-03-22,Bitcoin,62926579
2021-03-23,Bitcoin,62607414
2021-03-24,Bitcoin,60169756
2021-03-25,Bitcoin,60169756
2021-03-26,Bitcoin,63386771
2021-03-27,Bitcoin,64748628
2021-03-28,Bitcoin,64797039
2021-03-29,Bitcoin,67229352
2021-03-30,Bitcoin,68776082
2021-03-31,Bitcoin,69032777
2021-04-01,Bitcoin,68183027
2021-04-02,Bitcoin,68647014
2021-04-03,Bitcoin,66759527
2021-04-04,Bitcoin,68696060
2021-04-05,Bitcoin,70311417
2021-04-06,Bitcoin,70311417
2021-04-07,Bitcoin,68988389
2021-04-08,Bitcoin,67101233
2021-04-09,Bitcoin,69726319
2021-04-10,Bitcoin,69374240
2021-04-11,Bitcoin,72281441
2021-04-12,Bitcoin,72833512
2021-04-13,Bitcoin,72122927
2021-04-14,Bitcoin,76611986
2021-04-15,Bitcoin,75934015
2021-04-16,Bitcoin,76436571
2021-04-17,Bitcoin,74025150
2021-04-18,Bitcoin,72032678
2021-04-19,Bitcoin,67610681
2021-04-20,Bitcoin,66290312
2021-04-21,Bitcoin,68159002
2021-04-22,Bitcoin,65074099
2021-04-23,Bitcoin,62765438
2021-04-24,Bitcoin,61247648
2021-04-25,Bitcoin,60543004
2021-04-26,Bitcoin,59603797
2021-04-27,Bitcoin,65417282
2021-04-28,Bitcoin,67093514
2021-04-29,Bitcoin,66793797
2021-04-30,Bitcoin,65747360
2021-05-01,Bitcoin,70953468
2021-05-02,Bitcoin,71007442
2021-05-03,Bitcoin,71143295
2021-05-04,Bitcoin,69793604
2021-05-05,Bitcoin,67130459
2021-05-06,Bitcoin,71644479
2021-05-07,Bitcoin,71368887
2021-05-08,Bitcoin,72518641
2021-05-09,Bitcoin,74422823
2021-05-10,Bitcoin,73888688
2021-05-11,Bitcoin,71931840
2021-05-12,Bitcoin,73898215
2021-05-13,Bitcoin,64904055
2021-05-14,Bitcoin,65673884
2021-05-15,Bitcoin,62229493
2021-05-16,Bitcoin,61856103
2021-05-17,Bitcoin,58074268
2021-05-18,Bitcoin,57230269
2021-05-19,Bitcoin,49434203
2021-05-20,Bitcoin,53938818
2021-05-21,Bitcoin,47484824
2021-05-22,Bitcoin,50809210
2021-05-23,Bitcoin,46073506
2021-05-24,Bitcoin,52088419
2021-05-25,Bitcoin,52164410
2021-05-26,Bitcoin,52972228
2021-05-27,Bitcoin,52697596
2021-05-28,Bitcoin,48455525
2021-05-29,Bitcoin,47838589
2021-05-30,Bitcoin,49617540
2021-05-31,Bitcoin,51942814
2021-06-01,Bitcoin,51284223
2021-06-02,Bitcoin,53260377
2021-06-03,Bitcoin,55398792
2021-06-04,Bitcoin,52172546
2021-06-05,Bitcoin,50973517
2021-06-06,Bitcoin,51532530
2021-06-07,Bitcoin,49524212
2021-06-08,Bitcoin,49250460
2021-06-09,Bitcoin,54787696
2021-06-10,Bitcoin,53830608
2021-06-11,Bitcoin,54367582
2021-06-12,Bitcoin,53223517
2021-06-13,Bitcoin,58571176
2021-06-14,Bitcoin,61321970
2021-06-15,Bitcoin,61332278
2021-06-16,Bitcoin,58921037
2021-06-17,Bitcoin,58987875
2021-06-18,Bitcoin,55581510
2021-06-19,Bitcoin,56535019
2021-06-20,Bitcoin,56765787
2021-06-21,Bitcoin,50553613
2021-06-22,Bitcoin,52245790
2021-06-23,Bitcoin,53576072
2021-06-24,Bitcoin,56100449
2021-06-25,Bitcoin,51423641
2021-06-26,Bitcoin,52044592
2021-06-27,Bitcoin,56295311
2021-06-28,Bitcoin,56329705
2021-06-29,Bitcoin,59308129
2021-06-30,Bitcoin,57793658
2021-07-01,Bitcoin,55526214
2021-07-02,Bitcoin,56046614
2021-07-03,Bitcoin,57141176
2021-07-04,Bitcoin,58990660
2021-07-05,Bitcoin,57538825
2021-07-06,Bitcoin,57991615
2021-07-07,Bitcoin,58652652
2021-07-08,Bitcoin,57583945
2021-07-09,Bitcoin,60173057
2021-07-10,Bitcoin,59827437
2021-07-11,Bitcoin,61621730
2021-07-12,Bitcoin,59868831
2021-07-13,Bitcoin,59025776
2021-07-14,Bitcoin,60375185
2021-07-15,Bitcoin,58877684
2021-07-16,Bitcoin,58742076
2021-07-17,Bitcoin,59238991
2021-07-18,Bitcoin,59543359
2021-07-19,Bitcoin,58260448
2021-07-20,Bitcoin,56418363
2021-07-21,Bitcoin,61208442
2021-07-22,Bitcoin,62715960
2021-07-23,Bitcoin,65573382
2021-07-24,Bitcoin,67491005
2021-07-25,Bitcoin,69159855
2021-07-26,Bitcoin,75225407
2021-07-27,Bitcoin,79150030
2021-07-28,Bitcoin,81821947
2021-07-29,Bitcoin,82357228
2021-07-30,Bitcoin,85316303
2021-07-31,Bitcoin,87944800
2021-08-01,Bitcoin,85431237
2021-08-02,Bitcoin,84070420
2021-08-03,Bitcoin,82830130
2021-08-04,Bitcoin,85851159
2021-08-05,Bitcoin,89321394
2021-08-06,Bitcoin,93234601
2021-08-07,Bitcoin,97368554
2021-08-08,Bitcoin,97566629
2021-08-09,Bitcoin,102585844
2021-08-10,Bitcoin,102052219
2021-08-11,Bitcoin,103472326
2021-08-12,Bitcoin,100225357
2021-08-13,Bitcoin,108378214
2021-08-14,Bitcoin,107649197
2021-08-15,Bitcoin,107611746
2021-08-16,Bitcoin,105424961
2021-08-17,Bitcoin,103050101
2021-08-18,Bitcoin,103871535
2021-08-19,Bitcoin,107765557
2021-08-20,Bitcoin,113688809
2021-08-21,Bitcoin,114147289
2021-08-22,Bitcoin,113464646
2021-08-23,Bitcoin,115331350
2021-08-24,Bitcoin,113553778
2021-08-25,Bitcoin,115200209
2021-08-26,Bitcoin,112713696
2021-08-27,Bitcoin,116717482
2021-08-28,Bitcoin,117215299
2021-08-29,Bitcoin,117867340
2021-08-30,Bitcoin,113553664
2021-08-31,Bitcoin,112156011
2021-09-01,Bitcoin,115342264
2021-09-02,Bitcoin,117514325
2021-09-03,Bitcoin,118584514
2021-09-04,Bitcoin,119161280
2021-09-05,Bitcoin,123253471
2021-09-06,Bitcoin,125696804
2021-09-07,Bitcoin,113854677
2021-09-08,Bitcoin,113243987
2021-09-09,Bitcoin,113822533
2021-09-10,Bitcoin,110084544
2021-09-11,Bitcoin,112009927
2021-09-12,Bitcoin,115613877
2021-09-13,Bitcoin,112881144
2021-09-14,Bitcoin,117586744
2021-09-15,Bitcoin,121423762
2021-09-16,Bitcoin,128427125
2021-09-17,Bitcoin,122191004
2021-09-18,Bitcoin,125189382
2021-09-19,Bitcoin,123297252
2021-09-20,Bitcoin,112914849
2021-09-21,Bitcoin,112634821
2021-09-22,Bitcoin,121254261
2021-09-23,Bitcoin,125530860
2021-09-24,Bitcoin,125124942
2021-09-25,Bitcoin,125215752
2021-09-26,Bitcoin,126782231
2021-09-27,Bitcoin,126769343
2021-09-28,Bitcoin,123873916
2021-09-29,Bitcoin,123946208
2021-09-30,Bitcoin,131120033
2021-10-01,Bitcoin,144082430
2021-10-02,Bitcoin,145308854
2021-10-03,Bitcoin,145906316
2021-10-04,Bitcoin,148999818
2021-10-05,Bitcoin,157196758
2021-10-06,Bitcoin,155732904
2021-10-07,Bitcoin,165806759
2021-10-08,Bitcoin,163466924
2021-10-09,Bitcoin,164403977
2021-10-10,Bitcoin,167284142
2021-10-11,Bitcoin,167268876
2021-10-12,Bitcoin,175064425
2021-10-13,Bitcoin,173840813
2021-10-14,Bitcoin,179565104
2021-10-15,Bitcoin,179105922
2021-10-16,Bitcoin,190800712
2021-10-17,Bitcoin,192373252
2021-10-18,Bitcoin,194940968
2021-10-19,Bitcoin,196959968
2021-10-20,Bitcoin,204356079
2021-10-21,Bitcoin,210091311
2021-10-22,Bitcoin,199936187
2021-10-23,Bitcoin,194643569
2021-10-24,Bitcoin,197758505
2021-10-25,Bitcoin,196859939
2021-10-26,Bitcoin,190922398
2021-10-27,Bitcoin,190738786
2021-10-28,Bitcoin,190373522
2021-10-29,Bitcoin,200555186
2021-10-30,Bitcoin,201330139
2021-10-31,Bitcoin,201945135
2021-11-01,Bitcoin,199547638
2021-11-02,Bitcoin,196360831
2021-11-03,Bitcoin,203098679
2021-11-04,Bitcoin,204402163
2021-11-05,Bitcoin,200103585
2021-11-06,Bitcoin,200457812
2021-11-07,Bitcoin,202539050
2021-11-08,Bitcoin,212215543
2021-11-09,Bitcoin,221061495
2021-11-10,Bitcoin,219546001
2021-11-11,Bitcoin,212716570
2021-11-12,Bitcoin,214645994
2021-11-13,Bitcoin,212677613
2021-11-14,Bitcoin,212927028
2021-11-15,Bitcoin,218252758
2021-11-16,Bitcoin,208478708
2021-11-17,Bitcoin,197860340
2021-11-18,Bitcoin,202660193
2021-11-19,Bitcoin,188859285
2021-11-20,Bitcoin,192478279
2021-11-21,Bitcoin,199642645
2021-11-22,Bitcoin,193401037
2021-11-23,Bitcoin,188670474
2021-11-24,Bitcoin,191633705
2021-11-25,Bitcoin,189572671
2021-11-26,Bitcoin,196466712
2021-11-27,Bitcoin,180711094
2021-11-28,Bitcoin,182322494
2021-11-29,Bitcoin,188501843
2021-11-30,Bitcoin,194306086
2021-12-01,Bitcoin,193470060
2021-12-02,Bitcoin,192349826
2021-12-03,Bitcoin,190125150
2021-12-04,Bitcoin,179279711
2021-12-05,Bitcoin,163575847
2021-12-06,Bitcoin,164303167
2021-12-07,Bitcoin,168792447
2021-12-08,Bitcoin,169013640
2021-12-09,Bitcoin,169564332
2021-12-10,Bitcoin,163048515
2021-12-11,Bitcoin,160747241
2021-12-12,Bitcoin,165022230
2021-12-13,Bitcoin,168559349
2021-12-14,Bitcoin,156462910
2021-12-15,Bitcoin,161417946
2021-12-16,Bitcoin,163731925
2021-12-17,Bitcoin,160200604
2021-12-18,Bitcoin,154644097
2021-12-19,Bitcoin,156228819
2021-12-20,Bitcoin,157180535
2021-12-21,Bitcoin,157870534
2021-12-22,Bitcoin,164717056
2021-12-23,Bitcoin,163493521
2021-12-24,Bitcoin,171941696
2021-12-25,Bitcoin,172624085
2021-12-26,Bitcoin,171335441
2021-12-27,Bitcoin,171392499
2021-12-28,Bitcoin,169071173
2021-12-29,Bitcoin,160326782
2021-12-30,Bitcoin,157512144
2021-12-31,Bitcoin,157850008
2022-01-01,Bitcoin,157006040
2022-01-02,Bitcoin,160737057
2022-01-03,Bitcoin,159103089
2022-01-04,Bitcoin,156094617
2022-01-05,Bitcoin,155295827
2022-01-06,Bitcoin,146890342
2022-01-07,Bitcoin,144444178
2022-01-08,Bitcoin,141886446
2022-01-09,Bitcoin,140674732
2022-01-10,Bitcoin,141568415
2022-01-11,Bitcoin,141414681
2022-01-12,Bitcoin,145415315
2022-01-13,Bitcoin,149034000
2022-01-14,Bitcoin,145351557
2022-01-15,Bitcoin,146785207
2022-01-16,Bitcoin,146677310
2022-01-17,Bitcoin,145502883
2022-01-18,Bitcoin,143452112
2022-01-19,Bitcoin,143492043
2022-01-20,Bitcoin,142044083
2022-01-21,Bitcoin,138539987
2022-01-22,Bitcoin,124372513
2022-01-23,Bitcoin,119257905
2022-01-24,Bitcoin,122661479
2022-01-25,Bitcoin,124058612
2022-01-26,Bitcoin,126821358
2022-01-27,Bitcoin,126212915
2022-01-28,Bitcoin,127436170
2022-01-29,Bitcoin,129644745
2022-01-30,Bitcoin,130993534
2022-01-31,Bitcoin,127972412
2022-02-01,Bitcoin,132635782
2022-02-02,Bitcoin,134440151
2022-02-03,Bitcoin,128238041
2022-02-04,Bitcoin,129212454
2022-02-05,Bitcoin,143700324
2022-02-06,Bitcoin,144711581
2022-02-07,Bitcoin,145714878
2022-02-08,Bitcoin,153910477
2022-02-09,Bitcoin,155591675
2022-02-10,Bitcoin,156048431
2022-02-11,Bitcoin,152432181
2022-02-12,Bitcoin,149119437
2022-02-13,Bitcoin,148697858
2022-02-14,Bitcoin,149572007
2022-02-15,Bitcoin,150418512
2022-02-16,Bitcoin,156320171
2022-02-17,Bitcoin,143768017
2022-02-18,Bitcoin,143529321
2022-02-19,Bitcoin,141708986
2022-02-20,Bitcoin,141956858
2022-02-21,Bitcoin,136993061
2022-02-22,Bitcoin,133088357
2022-02-23,Bitcoin,135777771
2022-02-24,Bitcoin,131941513
2022-02-25,Bitcoin,134942173
2022-02-26,Bitcoin,138388768
2022-02-27,Bitcoin,137923472
2022-02-28,Bitcoin,133612934
2022-03-01,Bitcoin,153004609
2022-03-02,Bitcoin,155683392
2022-03-03,Bitcoin,155111627
2022-03-04,Bitcoin,148393875
2022-03-05,Bitcoin,138263346
2022-03-06,Bitcoin,140444176
2022-03-07,Bitcoin,136537646
2022-03-08,Bitcoin,136349806
2022-03-09,Bitcoin,138221421
2022-03-10,Bitcoin,150188417
2022-03-11,Bitcoin,139628141
2022-03-12,Bitcoin,140415952
2022-03-13,Bitcoin,140307582
2022-03-14,Bitcoin,136697479
2022-03-15,Bitcoin,143093532
2022-03-16,Bitcoin,141336313
2022-03-17,Bitcoin,147949402
2022-03-18,Bitcoin,147787202
2022-03-19,Bitcoin,152259237
2022-03-20,Bitcoin,153508614
2022-03-21,Bitcoin,150424215
2022-03-22,Bitcoin,149616222
2022-03-23,Bitcoin,153982135
2022-03-24,Bitcoin,155542246
2022-03-25,Bitcoin,160050850
2022-03-26,Bitcoin,161356629
2022-03-27,Bitcoin,161833310
2022-03-28,Bitcoin,170802706
2022-03-29,Bitcoin,173796530
2022-03-30,Bitcoin,173288343
2022-03-31,Bitcoin,174447626
2022-04-01,Bitcoin,169248287
2022-04-02,Bitcoin,172166012
2022-04-03,Bitcoin,171899375
2022-04-04,Bitcoin,174151819
2022-04-05,Bitcoin,175540077
2022-04-06,Bitcoin,169651902
2022-04-07,Bitcoin,163124466
2022-04-08,Bitcoin,164161108
2022-04-09,Bitcoin,160431077
2022-04-10,Bitcoin,162351130
2022-04-11,Bitcoin,161236036
2022-04-12,Bitcoin,146359360
2022-04-13,Bitcoin,147885649
2022-04-14,Bitcoin,152538640
2022-04-15,Bitcoin,148028505
2022-04-16,Bitcoin,149826776
2022-04-17,Bitcoin,150188125
2022-04-18,Bitcoin,147716271
2022-04-19,Bitcoin,152924269
2022-04-20,Bitcoin,154878911
2022-04-21,Bitcoin,155644751
2022-04-22,Bitcoin,149331785
2022-04-23,Bitcoin,146380767
2022-04-24,Bitcoin,146318654
2022-04-25,Bitcoin,144720292
2022-04-26,Bitcoin,149619199
2022-04-27,Bitcoin,140923852
2022-04-28,Bitcoin,146318927
2022-04-29,Bitcoin,148506476
2022-04-30,Bitcoin,144411131
2022-05-01,Bitcoin,141851184
2022-05-02,Bitcoin,145952904
2022-05-03,Bitcoin,144727478
2022-05-04,Bitcoin,143273795
2022-05-05,Bitcoin,149991500
2022-05-06,Bitcoin,137143004
2022-05-07,Bitcoin,136487868
2022-05-08,Bitcoin,134506530
2022-05-09,Bitcoin,130108016
2022-05-10,Bitcoin,117084169
2022-05-11,Bitcoin,120090279
2022-05-12,Bitcoin,115820216
2022-05-13,Bitcoin,113542602
2022-05-14,Bitcoin,114097843
2022-05-15,Bitcoin,116547729
2022-05-16,Bitcoin,120475735
2022-05-17,Bitcoin,117240229
2022-05-18,Bitcoin,176849365
2022-05-19,Bitcoin,167733123
2022-05-20,Bitcoin,171935286
2022-05-21,Bitcoin,167083496
2022-05-22,Bitcoin,169044514
2022-05-23,Bitcoin,172796393
2022-05-24,Bitcoin,169161957
2022-05-25,Bitcoin,170673373
2022-05-26,Bitcoin,172396313
2022-05-27,Bitcoin,168400103
2022-05-28,Bitcoin,164250034
2022-05-29,Bitcoin,165220589
2022-05-30,Bitcoin,166768962
2022-05-31,Bitcoin,182428210
2022-06-01,Bitcoin,183185186
2022-06-02,Bitcoin,175979454
2022-06-03,Bitcoin,178756047
2022-06-04,Bitcoin,174729987
2022-06-05,Bitcoin,176678076
2022-06-06,Bitcoin,178874171
2022-06-07,Bitcoin,184141136
2022-06-08,Bitcoin,185251322
2022-06-09,Bitcoin,180655711
2022-06-10,Bitcoin,180146463
2022-06-11,Bitcoin,174386801
2022-06-12,Bitcoin,169276529
2022-06-13,Bitcoin,159832994
2022-06-14,Bitcoin,132725421
2022-06-15,Bitcoin,129292483
2022-06-16,Bitcoin,130657660
2022-06-17,Bitcoin,119700542
2022-06-18,Bitcoin,118704721
2022-06-19,Bitcoin,108868331
2022-06-20,Bitcoin,118390458
2022-06-21,Bitcoin,118472344
2022-06-22,Bitcoin,121005095
2022-06-23,Bitcoin,116683426
2022-06-24,Bitcoin,122420124
2022-06-25,Bitcoin,126016843
2022-06-26,Bitcoin,128327418
2022-06-27,Bitcoin,126403656
2022-06-28,Bitcoin,121857537
2022-06-29,Bitcoin,120208372
2022-06-30,Bitcoin,119154416
2022-07-01,Bitcoin,115627209
2022-07-02,Bitcoin,115070412
2022-07-03,Bitcoin,115341014
2022-07-04,Bitcoin,115451260
2022-07-05,Bitcoin,122581309
2022-07-06,Bitcoin,122909131
2022-07-07,Bitcoin,125692440
2022-07-08,Bitcoin,128395007
2022-07-09,Bitcoin,141612515
2022-07-10,Bitcoin,141532090
2022-07-11,Bitcoin,137564486
2022-07-12,Bitcoin,132562901
2022-07-13,Bitcoin,129893468
2022-07-14,Bitcoin,131484387
2022-07-15,Bitcoin,133632585
2022-07-16,Bitcoin,137653349
2022-07-17,Bitcoin,139522296
2022-07-18,Bitcoin,137384671
2022-07-19,Bitcoin,144697986
2022-07-20,Bitcoin,156688514
2022-07-21,Bitcoin,155189072
2022-07-22,Bitcoin,157103817
2022-07-23,Bitcoin,154195232
2022-07-24,Bitcoin,151932445
2022-07-25,Bitcoin,151544435
2022-07-26,Bitcoin,105835559
2022-07-27,Bitcoin,103395920
2022-07-28,Bitcoin,111270795
2022-07-29,Bitcoin,118102502
2022-07-30,Bitcoin,118570937
2022-07-31,Bitcoin,118518183
2022-08-01,Bitcoin,114993795
2022-08-02,Bitcoin,114405580
2022-08-03,Bitcoin,111687548
2022-08-04,Bitcoin,113118552
2022-08-05,Bitcoin,112285764
2022-08-06,Bitcoin,115039241
2022-08-07,Bitcoin,114262187
2022-08-08,Bitcoin,115633863
2022-08-09,Bitcoin,119384584
2022-08-10,Bitcoin,114692372
2022-08-11,Bitcoin,121546814
2022-08-12,Bitcoin,121744821
2022-08-13,Bitcoin,124096704
2022-08-14,Bitcoin,124898249
2022-08-15,Bitcoin,124470515
2022-08-16,Bitcoin,122670171
2022-08-17,Bitcoin,121956767
2022-08-18,Bitcoin,118532586
2022-08-19,Bitcoin,116921076
2022-08-20,Bitcoin,107559267
2022-08-21,Bitcoin,107854823
2022-08-22,Bitcoin,108449939
2022-08-23,Bitcoin,106553791
2022-08-24,Bitcoin,107078575
2022-08-25,Bitcoin,107893299
2022-08-26,Bitcoin,108561806
2022-08-27,Bitcoin,101869817
2022-08-28,Bitcoin,100853778
2022-08-29,Bitcoin,99408226
2022-08-30,Bitcoin,102411582
2022-08-31,Bitcoin,101359081
2022-09-01,Bitcoin,101352651
2022-09-02,Bitcoin,102159068
2022-09-03,Bitcoin,102302341
2022-09-04,Bitcoin,101467209
2022-09-05,Bitcoin,102464993
2022-09-06,Bitcoin,103323145
2022-09-07,Bitcoin,96975229
2022-09-08,Bitcoin,99834250
2022-09-09,Bitcoin,100265173
2022-09-10,Bitcoin,109562687
2022-09-11,Bitcoin,112229743
2022-09-12,Bitcoin,112943379
2022-09-13,Bitcoin,116103090
2022-09-14,Bitcoin,105223980
2022-09-15,Bitcoin,105777346
2022-09-16,Bitcoin,103615327
2022-09-17,Bitcoin,104904160
2022-09-18,Bitcoin,104998172
2022-09-19,Bitcoin,102188414
2022-09-20,Bitcoin,102433568
2022-09-21,Bitcoin,99546508
2022-09-22,Bitcoin,97383567
2022-09-23,Bitcoin,101825395
2022-09-24,Bitcoin,101172111
2022-09-25,Bitcoin,100549653
2022-09-26,Bitcoin,100168521
2022-09-27,Bitcoin,103084183
2022-09-28,Bitcoin,102425855
2022-09-29,Bitcoin,103799420
2022-09-30,Bitcoin,104853827
2022-10-01,Bitcoin,104581669
2022-10-02,Bitcoin,104232782
2022-10-03,Bitcoin,103313359
2022-10-04,Bitcoin,106253866
2022-10-05,Bitcoin,110049210
2022-10-06,Bitcoin,110225859
2022-10-07,Bitcoin,108479677
2022-10-08,Bitcoin,106210752
2022-10-09,Bitcoin,105607453
2022-10-10,Bitcoin,106265885
2022-10-11,Bitcoin,104170162
2022-10-12,Bitcoin,104577259
2022-10-13,Bitcoin,104772133
2022-10-14,Bitcoin,106053247
2022-10-15,Bitcoin,104846235
2022-10-16,Bitcoin,104518734
2022-10-17,Bitcoin,105062345
2022-10-18,Bitcoin,106975163
2022-10-19,Bitcoin,104463673
2022-10-20,Bitcoin,103908033
2022-10-21,Bitcoin,104418640
2022-10-22,Bitcoin,105205444
2022-10-23,Bitcoin,105941928
2022-10-24,Bitcoin,107957926
2022-10-25,Bitcoin,107288550
2022-10-26,Bitcoin,111966884
2022-10-27,Bitcoin,115850535
2022-10-28,Bitcoin,113382852
2022-10-29,Bitcoin,115369238
2022-10-30,Bitcoin,114783784
2022-10-31,Bitcoin,114374778
2022-11-01,Bitcoin,114168464
2022-11-02,Bitcoin,114392519
2022-11-03,Bitcoin,112667532
2022-11-04,Bitcoin,113122887
2022-11-05,Bitcoin,117910980
2022-11-06,Bitcoin,119158884
2022-11-07,Bitcoin,117338493
2022-11-08,Bitcoin,115883873
2022-11-09,Bitcoin,103112270
2022-11-10,Bitcoin,90186082
2022-11-11,Bitcoin,97676169
2022-11-12,Bitcoin,93953149
2022-11-13,Bitcoin,93815972
2022-11-14,Bitcoin,90606935
2022-11-15,Bitcoin,92594460
2022-11-16,Bitcoin,93207508
2022-11-17,Bitcoin,92379952
2022-11-18,Bitcoin,93372169
2022-11-19,Bitcoin,93333430
2022-11-20,Bitcoin,92714487
2022-11-21,Bitcoin,90214038
2022-11-22,Bitcoin,87271994
2022-11-23,Bitcoin,88969628
2022-11-24,Bitcoin,91368446
2022-11-25,Bitcoin,90936225
2022-11-26,Bitcoin,91464962
2022-11-27,Bitcoin,91254149
2022-11-28,Bitcoin,91565939
2022-11-29,Bitcoin,90218517
2022-11-30,Bitcoin,93104613
2022-12-01,Bitcoin,95183315
2022-12-02,Bitcoin,94228009
2022-12-03,Bitcoin,94031547
2022-12-04,Bitcoin,98193729
2022-12-05,Bitcoin,99698412
2022-12-06,Bitcoin,98826346
2022-12-07,Bitcoin,99171461
2022-12-08,Bitcoin,97829534
2022-12-09,Bitcoin,99412202
2022-12-10,Bitcoin,99044312
2022-12-11,Bitcoin,99100378
2022-12-12,Bitcoin,98350860
2022-12-13,Bitcoin,99571142
2022-12-14,Bitcoin,103740986
2022-12-15,Bitcoin,103658695
2022-12-16,Bitcoin,102008406
2022-12-17,Bitcoin,97958664
2022-12-18,Bitcoin,98337406
2022-12-19,Bitcoin,98448657
2022-12-20,Bitcoin,96668378
2022-12-21,Bitcoin,98593323
2022-12-22,Bitcoin,99027158
2022-12-23,Bitcoin,98208624
2022-12-24,Bitcoin,98278887
2022-12-25,Bitcoin,98311227
2022-12-26,Bitcoin,97856394
2022-12-27,Bitcoin,98112999
2022-12-28,Bitcoin,96678691
2022-12-29,Bitcoin,96505917
2022-12-30,Bitcoin,97142303
2022-12-31,Bitcoin,96889517
2023-01-01,Bitcoin,96503943
2023-01-02,Bitcoin,97050338
2023-01-03,Bitcoin,97974062
2023-01-04,Bitcoin,97914008
2023-01-05,Bitcoin,98980257
2023-01-06,Bitcoin,99347608
2023-01-07,Bitcoin,99829277
2023-01-08,Bitcoin,99616176
2023-01-09,Bitcoin,100858583
2023-01-10,Bitcoin,101451693
2023-01-11,Bitcoin,102981715
2023-01-12,Bitcoin,107617961
2023-01-13,Bitcoin,111335086
2023-01-14,Bitcoin,123347485
2023-01-15,Bitcoin,122127081
2023-01-16,Bitcoin,123874618
2023-01-17,Bitcoin,124078795
2023-01-18,Bitcoin,125497809
2023-01-19,Bitcoin,122631198
2023-01-20,Bitcoin,125014696
2023-01-21,Bitcoin,134292463
2023-01-22,Bitcoin,136093004
2023-01-23,Bitcoin,135556643
2023-01-24,Bitcoin,136969662
2023-01-25,Bitcoin,134982795
2023-01-26,Bitcoin,138350521
2023-01-27,Bitcoin,137002501
2023-01-28,Bitcoin,138715614
2023-01-29,Bitcoin,138843926
2023-01-30,Bitcoin,141997967
2023-01-31,Bitcoin,136881793
2023-02-01,Bitcoin,138494819
2023-02-02,Bitcoin,145241008
2023-02-03,Bitcoin,142059094
2023-02-04,Bitcoin,141269641
2023-02-05,Bitcoin,140689604
2023-02-06,Bitcoin,139658044
2023-02-07,Bitcoin,138233243
2023-02-08,Bitcoin,141266776
2023-02-09,Bitcoin,139293751
2023-02-10,Bitcoin,132457660
2023-02-11,Bitcoin,131457980
2023-02-12,Bitcoin,132372711
2023-02-13,Bitcoin,131848114
2023-02-14,Bitcoin,132484273
2023-02-15,Bitcoin,134921384
2023-02-16,Bitcoin,149957395
2023-02-17,Bitcoin,143122196
2023-02-18,Bitcoin,149973567
2023-02-19,Bitcoin,150262685
2023-02-20,Bitcoin,147650841
2023-02-21,Bitcoin,151908111
2023-02-22,Bitcoin,148625223
2023-02-23,Bitcoin,147198422
2023-02-24,Bitcoin,146163916
2023-02-25,Bitcoin,141993000
2023-02-26,Bitcoin,142012907
2023-02-27,Bitcoin,145250132
2023-02-28,Bitcoin,144160118
2023-03-01,Bitcoin,142239991
2023-03-02,Bitcoin,145461477
2023-03-03,Bitcoin,144430865
2023-03-04,Bitcoin,137015896
2023-03-05,Bitcoin,137075504
2023-03-06,Bitcoin,137419267
2023-03-07,Bitcoin,137370682
2023-03-08,Bitcoin,136619442
2023-03-09,Bitcoin,133205454
2023-03-10,Bitcoin,123355180
2023-03-11,Bitcoin,124057712
2023-03-12,Bitcoin,124811926
2023-03-13,Bitcoin,137921933
2023-03-14,Bitcoin,148342839
2023-03-15,Bitcoin,151813434
2023-03-16,Bitcoin,150034437
2023-03-17,Bitcoin,153905253
2023-03-18,Bitcoin,169183745
2023-03-19,Bitcoin,167799727
2023-03-20,Bitcoin,172754015
2023-03-21,Bitcoin,173051657
2023-03-22,Bitcoin,173913024
2023-03-23,Bitcoin,169862212
2023-03-24,Bitcoin,175309551
2023-03-25,Bitcoin,171325105
2023-03-26,Bitcoin,171278303
2023-03-27,Bitcoin,173533882
2023-03-28,Bitcoin,170612214
2023-03-29,Bitcoin,167502091
2023-03-30,Bitcoin,173989349
2023-03-31,Bitcoin,173820756
2023-04-01,Bitcoin,174744397
2023-04-02,Bitcoin,174192403
2023-04-03,Bitcoin,172411723
2023-04-04,Bitcoin,170489879
2023-04-05,Bitcoin,199231993
2023-04-06,Bitcoin,196057897
2023-04-07,Bitcoin,195892254
2023-04-08,Bitcoin,195265726
2023-04-09,Bitcoin,196546848
2023-04-10,Bitcoin,199456531
2023-04-11,Bitcoin,208553410
2023-04-12,Bitcoin,211636481
2023-04-13,Bitcoin,209708899
2023-04-14,Bitcoin,215603676
2023-04-15,Bitcoin,213145121
2023-04-16,Bitcoin,212549557
2023-04-17,Bitcoin,209351052
2023-04-18,Bitcoin,206656355
2023-04-19,Bitcoin,213969519
2023-04-20,Bitcoin,203095656
2023-04-21,Bitcoin,198039459
2023-04-22,Bitcoin,188489862
2023-04-23,Bitcoin,190306212
2023-04-24,Bitcoin,191052237
2023-04-25,Bitcoin,189228711
2023-04-26,Bitcoin,195018838
2023-04-27,Bitcoin,200955817
2023-04-28,Bitcoin,202185376
2023-04-29,Bitcoin,200895646
2023-04-30,Bitcoin,200916787
2023-05-01,Bitcoin,201379754
2023-05-02,Bitcoin,193682211
2023-05-03,Bitcoin,196669048
2023-05-04,Bitcoin,199489899
2023-05-05,Bitcoin,198644574
2023-05-06,Bitcoin,203912627
2023-05-07,Bitcoin,198401227
2023-05-08,Bitcoin,195596248
2023-05-09,Bitcoin,188649673
2023-05-10,Bitcoin,189750969
2023-05-11,Bitcoin,187571814
2023-05-12,Bitcoin,183977483
2023-05-13,Bitcoin,182410681
2023-05-14,Bitcoin,181739211
2023-05-15,Bitcoin,180603061
2023-05-16,Bitcoin,183484314
2023-05-17,Bitcoin,182057053
2023-05-18,Bitcoin,176948589
2023-05-19,Bitcoin,173542393
2023-05-20,Bitcoin,173586506
2023-05-21,Bitcoin,175538083
2023-05-22,Bitcoin,172174293
2023-05-23,Bitcoin,174858707
2023-05-24,Bitcoin,177882885
2023-05-25,Bitcoin,171908531
2023-05-26,Bitcoin,173446377
2023-05-27,Bitcoin,175244642
2023-05-28,Bitcoin,177629632
2023-05-29,Bitcoin,185645397
2023-05-30,Bitcoin,181840135
2023-05-31,Bitcoin,182392024
2023-06-01,Bitcoin,177763427
2023-06-02,Bitcoin,175003566
2023-06-03,Bitcoin,178512474
2023-06-04,Bitcoin,177713866
2023-06-05,Bitcoin,178163035
2023-06-06,Bitcoin,169146184
2023-06-07,Bitcoin,179393314
2023-06-08,Bitcoin,173649794
2023-06-09,Bitcoin,173982619
2023-06-10,Bitcoin,174459957
2023-06-11,Bitcoin,168768563
2023-06-12,Bitcoin,169669393
2023-06-13,Bitcoin,169130613
2023-06-14,Bitcoin,170268655
2023-06-15,Bitcoin,163992102
2023-06-16,Bitcoin,165835910
2023-06-17,Bitcoin,171102234
2023-06-18,Bitcoin,171646447
2023-06-19,Bitcoin,171679761
2023-06-20,Bitcoin,175390504
2023-06-21,Bitcoin,185376686
2023-06-22,Bitcoin,197371660
2023-06-23,Bitcoin,196014300
2023-06-24,Bitcoin,200227460
2023-06-25,Bitcoin,200202947
2023-06-26,Bitcoin,200068884
2023-06-27,Bitcoin,198924366
2023-06-28,Bitcoin,200223120
2023-06-29,Bitcoin,197126546
2023-06-30,Bitcoin,199234699
2023-07-01,Bitcoin,199839817
2023-07-02,Bitcoin,206281261
2023-07-03,Bitcoin,201256050
2023-07-04,Bitcoin,204767333
2023-07-05,Bitcoin,201228361
2023-07-06,Bitcoin,199179984
2023-07-07,Bitcoin,196695575
2023-07-08,Bitcoin,198926148
2023-07-09,Bitcoin,198554646
2023-07-10,Bitcoin,197737990
2023-07-11,Bitcoin,183019129
2023-07-12,Bitcoin,182350426
2023-07-13,Bitcoin,181149701
2023-07-14,Bitcoin,187607834
2023-07-15,Bitcoin,181545197
2023-07-16,Bitcoin,181285555
2023-07-17,Bitcoin,181092664
2023-07-18,Bitcoin,182077128
2023-07-19,Bitcoin,181446338
2023-07-20,Bitcoin,182162138
2023-07-21,Bitcoin,181365243
2023-07-22,Bitcoin,181105770
2023-07-23,Bitcoin,179999869
2023-07-24,Bitcoin,181557613
2023-07-25,Bitcoin,176583898
2023-07-26,Bitcoin,168871904
2023-07-27,Bitcoin,169624345
2023-07-28,Bitcoin,169178306
2023-07-29,Bitcoin,169903621
2023-07-30,Bitcoin,170108666
2023-07-31,Bitcoin,171163315
2023-08-01,Bitcoin,170302057
2023-08-02,Bitcoin,172916157
2023-08-03,Bitcoin,168857711
2023-08-04,Bitcoin,168831550
2023-08-05,Bitcoin,168677774
2023-08-06,Bitcoin,168995783
2023-08-07,Bitcoin,168680604
2023-08-08,Bitcoin,169577746
2023-08-09,Bitcoin,172776538
2023-08-10,Bitcoin,172001748
2023-08-11,Bitcoin,172132490
2023-08-12,Bitcoin,172539481
2023-08-13,Bitcoin,173599279
2023-08-14,Bitcoin,174138869
2023-08-15,Bitcoin,175138123
2023-08-16,Bitcoin,175289503
2023-08-17,Bitcoin,169614014
2023-08-18,Bitcoin,159512039
2023-08-19,Bitcoin,156475895
2023-08-20,Bitcoin,158097014
2023-08-21,Bitcoin,156834291
2023-08-22,Bitcoin,157557467
2023-08-23,Bitcoin,156568373
2023-08-24,Bitcoin,158360119
2023-08-25,Bitcoin,156459322
2023-08-26,Bitcoin,156507045
2023-08-27,Bitcoin,156732591
2023-08-28,Bitcoin,157594791
2023-08-29,Bitcoin,154445445
2023-08-30,Bitcoin,165074919
2023-08-31,Bitcoin,162628590
2023-09-01,Bitcoin,155759441
2023-09-02,Bitcoin,154940226
2023-09-03,Bitcoin,154597032
2023-09-04,Bitcoin,154288128
2023-09-05,Bitcoin,153905092
2023-09-06,Bitcoin,154547987
2023-09-07,Bitcoin,155321967
2023-09-08,Bitcoin,158436113
2023-09-09,Bitcoin,155237521
2023-09-10,Bitcoin,155263730
2023-09-11,Bitcoin,155263579
2023-09-12,Bitcoin,150895929
2023-09-13,Bitcoin,155740545
2023-09-14,Bitcoin,157745193
2023-09-15,Bitcoin,160049647
2023-09-16,Bitcoin,161434171
2023-09-17,Bitcoin,160804412
2023-09-18,Bitcoin,159603012
2023-09-19,Bitcoin,161179316
2023-09-20,Bitcoin,164592618
2023-09-21,Bitcoin,163932238
2023-09-22,Bitcoin,161327850
2023-09-23,Bitcoin,161066238
2023-09-24,Bitcoin,161061907
2023-09-25,Bitcoin,154684476
2023-09-26,Bitcoin,153647778
2023-09-27,Bitcoin,148104639
2023-09-28,Bitcoin,147845450
2023-09-29,Bitcoin,153470248
2023-09-30,Bitcoin,153421370
2023-10-01,Bitcoin,152966725
2023-10-02,Bitcoin,159918484
2023-10-03,Bitcoin,166990494
2023-10-04,Bitcoin,171252648
2023-10-05,Bitcoin,182106307
2023-10-06,Bitcoin,182800893
2023-10-07,Bitcoin,182853732
2023-10-08,Bitcoin,183432990
2023-10-09,Bitcoin,183173663
2023-10-10,Bitcoin,180331493
2023-10-11,Bitcoin,175612364
2023-10-12,Bitcoin,174114814
2023-10-13,Bitcoin,174269396
2023-10-14,Bitcoin,176296094
2023-10-15,Bitcoin,176363924
2023-10-16,Bitcoin,179410595
2023-10-17,Bitcoin,187145146
2023-10-18,Bitcoin,188148711
2023-10-19,Bitcoin,187832308
2023-10-20,Bitcoin,189739761
2023-10-21,Bitcoin,197169599
2023-10-22,Bitcoin,197827578
2023-10-23,Bitcoin,197967774
2023-10-24,Bitcoin,219385576
2023-10-25,Bitcoin,221185391
2023-10-26,Bitcoin,225912196
2023-10-27,Bitcoin,224522139
2023-10-28,Bitcoin,224783293
2023-10-29,Bitcoin,225868690
2023-10-30,Bitcoin,228331064
2023-10-31,Bitcoin,235560739
2023-11-01,Bitcoin,232041828
2023-11-02,Bitcoin,238537069
2023-11-03,Bitcoin,233407914
2023-11-04,Bitcoin,236693591
2023-11-05,Bitcoin,238563357
2023-11-06,Bitcoin,238043481
2023-11-07,Bitcoin,238982047
2023-11-08,Bitcoin,241388984
2023-11-09,Bitcoin,241076391
2023-11-10,Bitcoin,249515732
2023-11-11,Bitcoin,254005230
2023-11-12,Bitcoin,255452036
2023-11-13,Bitcoin,258978063
2023-11-14,Bitcoin,258682823
2023-11-15,Bitcoin,253393846
2023-11-16,Bitcoin,276806275
2023-11-17,Bitcoin,265142864
2023-11-18,Bitcoin,270335733
2023-11-19,Bitcoin,266667430
2023-11-20,Bitcoin,270742703
2023-11-21,Bitcoin,272538670
2023-11-22,Bitcoin,260289445
2023-11-23,Bitcoin,277552660
2023-11-24,Bitcoin,273695559
2023-11-25,Bitcoin,277793202
2023-11-26,Bitcoin,276300280
2023-11-27,Bitcoin,273495318
2023-11-28,Bitcoin,272234788
2023-11-29,Bitcoin,277236610
2023-11-30,Bitcoin,276856369
2023-12-01,Bitcoin,267629148
2023-12-02,Bitcoin,276231546
2023-12-03,Bitcoin,290317321
2023-12-04,Bitcoin,295037203
2023-12-05,Bitcoin,302289426
2023-12-06,Bitcoin,316263587
2023-12-07,Bitcoin,313406934
2023-12-08,Bitcoin,311023576
2023-12-09,Bitcoin,316978945
2023-12-10,Bitcoin,312831231
2023-12-11,Bitcoin,315791215
2023-12-12,Bitcoin,297009851
2023-12-13,Bitcoin,296083943
2023-12-14,Bitcoin,305066415
2023-12-15,Bitcoin,306736318
2023-12-16,Bitcoin,300181022
2023-12-17,Bitcoin,302004296
2023-12-18,Bitcoin,295147266
2023-12-19,Bitcoin,302842786
2023-12-20,Bitcoin,297145311
2023-12-21,Bitcoin,309517381
2023-12-22,Bitcoin,309985401
2023-12-23,Bitcoin,308985686
2023-12-24,Bitcoin,307245423
2023-12-25,Bitcoin,311076539
2023-12-26,Bitcoin,315300879
2023-12-27,Bitcoin,305833028
2023-12-28,Bitcoin,314926509
2023-12-29,Bitcoin,309660864
2023-12-30,Bitcoin,304601048
2023-12-31,Bitcoin,304519392
2024-01-01,Bitcoin,304656425
2024-01-02,Bitcoin,315252556
2024-01-03,Bitcoin,324501799
2024-01-04,Bitcoin,308449447
2024-01-05,Bitcoin,318295536
2024-01-06,Bitcoin,316679858
2024-01-07,Bitcoin,313485200
2024-01-08,Bitcoin,312987487
2024-01-09,Bitcoin,335688206
2024-01-10,Bitcoin,329811006
2024-01-11,Bitcoin,319952796
2024-01-12,Bitcoin,319892059
2024-01-13,Bitcoin,294995858
2024-01-14,Bitcoin,302756439
2024-01-15,Bitcoin,290805654
2024-01-16,Bitcoin,295160540
2024-01-17,Bitcoin,300229688
2024-01-18,Bitcoin,295239413
2024-01-19,Bitcoin,284671695
2024-01-20,Bitcoin,287841352
2024-01-21,Bitcoin,286324058
2024-01-22,Bitcoin,288468883
2024-01-23,Bitcoin,276107278
2024-01-24,Bitcoin,273989300
2024-01-25,Bitcoin,279848768
2024-01-26,Bitcoin,279995926
2024-01-27,Bitcoin,294555872
2024-01-28,Bitcoin,295066387
2024-01-29,Bitcoin,296039060
2024-01-30,Bitcoin,303522942
2024-01-31,Bitcoin,304710914
2024-02-01,Bitcoin,302378343
2024-02-02,Bitcoin,307732416
2024-02-03,Bitcoin,306950613
2024-02-04,Bitcoin,304181288
2024-02-05,Bitcoin,300969321
2024-02-06,Bitcoin,300291327
2024-02-07,Bitcoin,305856487
2024-02-08,Bitcoin,308613238
2024-02-09,Bitcoin,315348153
2024-02-10,Bitcoin,330209677
2024-02-11,Bitcoin,333792259
2024-02-12,Bitcoin,339201781
2024-02-13,Bitcoin,348194386
2024-02-14,Bitcoin,346770526
2024-02-15,Bitcoin,365367342
2024-02-16,Bitcoin,364522624
2024-02-17,Bitcoin,366185629
2024-02-18,Bitcoin,354484995
2024-02-19,Bitcoin,357002999
2024-02-20,Bitcoin,355336656
2024-02-21,Bitcoin,350095163
2024-02-22,Bitcoin,347672895
2024-02-23,Bitcoin,346276950
2024-02-24,Bitcoin,338588861
2024-02-25,Bitcoin,342431569
2024-02-26,Bitcoin,342538733
2024-02-27,Bitcoin,364527035
2024-02-28,Bitcoin,381453869
2024-02-29,Bitcoin,404318954
2024-03-01,Bitcoin,399179468
2024-03-02,Bitcoin,404996027
2024-03-03,Bitcoin,400824749
2024-03-04,Bitcoin,412654872
2024-03-05,Bitcoin,434240836
2024-03-06,Bitcoin,408171750
2024-03-07,Bitcoin,420274253
2024-03-08,Bitcoin,433425236
2024-03-09,Bitcoin,443951950
2024-03-10,Bitcoin,448953494
2024-03-11,Bitcoin,454172190
2024-03-12,Bitcoin,478989350
2024-03-13,Bitcoin,477825242
2024-03-14,Bitcoin,486426744
2024-03-15,Bitcoin,475376831
2024-03-16,Bitcoin,461119776
2024-03-17,Bitcoin,431155582
2024-03-18,Bitcoin,451067499
2024-03-19,Bitcoin,447775224
2024-03-20,Bitcoin,404685138
2024-03-21,Bitcoin,442854503
2024-03-22,Bitcoin,446195715
2024-03-23,Bitcoin,442024609
2024-03-24,Bitcoin,443230357
2024-03-25,Bitcoin,451017800
2024-03-26,Bitcoin,457269176
2024-03-27,Bitcoin,462164667
2024-03-28,Bitcoin,455139879
2024-03-29,Bitcoin,468056211
2024-03-30,Bitcoin,461872215
2024-03-31,Bitcoin,459484521
2024-04-01,Bitcoin,469909902
2024-04-02,Bitcoin,460690356
2024-04-03,Bitcoin,443862806
2024-04-04,Bitcoin,433416474
2024-04-05,Bitcoin,444258691
2024-04-06,Bitcoin,438295344
2024-04-07,Bitcoin,443580457
2024-04-08,Bitcoin,447905415
2024-04-09,Bitcoin,465081096
2024-04-10,Bitcoin,447602104
2024-04-11,Bitcoin,452706696
2024-04-12,Bitcoin,453198675
2024-04-13,Bitcoin,426774358
2024-04-14,Bitcoin,398116267
2024-04-15,Bitcoin,413875175
2024-04-16,Bitcoin,399586719
2024-04-17,Bitcoin,404555498
2024-04-18,Bitcoin,391298532
2024-04-19,Bitcoin,402653472
2024-04-20,Bitcoin,413566451
2024-04-21,Bitcoin,417099343
2024-04-22,Bitcoin,419123636
2024-04-23,Bitcoin,430232884
2024-04-24,Bitcoin,430068388
2024-04-25,Bitcoin,414614662
2024-04-26,Bitcoin,418020763
2024-04-27,Bitcoin,413819866
2024-04-28,Bitcoin,407191962
2024-04-29,Bitcoin,410658202
2024-04-30,Bitcoin,407578391
2024-05-01,Bitcoin,389973180
2024-05-02,Bitcoin,378068094
2024-05-03,Bitcoin,388260628
2024-05-04,Bitcoin,413193194
2024-05-05,Bitcoin,419824650
2024-05-06,Bitcoin,419730860
2024-05-07,Bitcoin,419023640
2024-05-08,Bitcoin,415960070
2024-05-09,Bitcoin,408638629
2024-05-10,Bitcoin,419062222
2024-05-11,Bitcoin,406648708
2024-05-12,Bitcoin,405504505
2024-05-13,Bitcoin,412413267
2024-05-14,Bitcoin,419621656
2024-05-15,Bitcoin,409852008
2024-05-16,Bitcoin,441750887
2024-05-17,Bitcoin,436907713
2024-05-18,Bitcoin,451074249
2024-05-19,Bitcoin,452338305
2024-05-20,Bitcoin,447662641
2024-05-21,Bitcoin,470579000
2024-05-22,Bitcoin,470873114
2024-05-23,Bitcoin,466822648
2024-05-24,Bitcoin,456534748
2024-05-25,Bitcoin,466597793
2024-05-26,Bitcoin,469659621
2024-05-27,Bitcoin,468061881
2024-05-28,Bitcoin,477708278
2024-05-29,Bitcoin,464312191
2024-05-30,Bitcoin,458153032
2024-05-31,Bitcoin,460468642
2024-06-01,Bitcoin,454442959
2024-06-02,Bitcoin,456326362
2024-06-03,Bitcoin,457512680
2024-06-04,Bitcoin,467313687
2024-06-05,Bitcoin,479914870
2024-06-06,Bitcoin,483837340
2024-06-07,Bitcoin,480798427
2024-06-08,Bitcoin,469253233
2024-06-09,Bitcoin,467693700
2024-06-10,Bitcoin,470020972
2024-06-11,Bitcoin,469086083
2024-06-12,Bitcoin,463154909
2024-06-13,Bitcoin,468374463
2024-06-14,Bitcoin,456705996
2024-06-15,Bitcoin,451294970
2024-06-16,Bitcoin,451333612
2024-06-17,Bitcoin,454646702
2024-06-18,Bitcoin,451869770
2024-06-19,Bitcoin,441268794
2024-06-20,Bitcoin,440921606
2024-06-21,Bitcoin,441876199
2024-06-22,Bitcoin,435093151
2024-06-23,Bitcoin,436603345
2024-06-24,Bitcoin,432583326
2024-06-25,Bitcoin,413486062
2024-06-26,Bitcoin,427688217
2024-06-27,Bitcoin,419985767
2024-06-28,Bitcoin,423764395
2024-06-29,Bitcoin,415307622
2024-06-30,Bitcoin,420123097
2024-07-01,Bitcoin,432808544
2024-07-02,Bitcoin,436470304
2024-07-03,Bitcoin,429853917
2024-07-04,Bitcoin,416736332
2024-07-05,Bitcoin,401949257
2024-07-06,Bitcoin,388123185
2024-07-07,Bitcoin,400136736
2024-07-08,Bitcoin,391893729
2024-07-09,Bitcoin,394192661
2024-07-10,Bitcoin,401059695
2024-07-11,Bitcoin,399746720
2024-07-12,Bitcoin,399568654
2024-07-13,Bitcoin,402729726
2024-07-14,Bitcoin,411850476
2024-07-15,Bitcoin,430065219
2024-07-16,Bitcoin,447418364
2024-07-17,Bitcoin,450760063
2024-07-18,Bitcoin,451534688
2024-07-19,Bitcoin,449388634
2024-07-20,Bitcoin,470848548
2024-07-21,Bitcoin,473074748
2024-07-22,Bitcoin,479646669
2024-07-23,Bitcoin,476775677
2024-07-24,Bitcoin,459689905
2024-07-25,Bitcoin,456864425
2024-07-26,Bitcoin,458420107
2024-07-27,Bitcoin,473194730
2024-07-28,Bitcoin,478745485
2024-07-29,Bitcoin,472444705
2024-07-30,Bitcoin,470987385
2024-07-31,Bitcoin,462012025
2024-08-01,Bitcoin,427959760
2024-08-02,Bitcoin,426810186
2024-08-03,Bitcoin,409659979
2024-08-04,Bitcoin,400509541
2024-08-05,Bitcoin,386264002
2024-08-06,Bitcoin,362403098
2024-08-07,Bitcoin,370281098
2024-08-08,Bitcoin,364607005
2024-08-09,Bitcoin,403443646
2024-08-10,Bitcoin,400682255
2024-08-11,Bitcoin,402248394
2024-08-12,Bitcoin,578180975
2024-08-13,Bitcoin,581838443
2024-08-14,Bitcoin,601780604
2024-08-15,Bitcoin,581353311
2024-08-16,Bitcoin,566529004
2024-08-17,Bitcoin,583231491
2024-08-18,Bitcoin,584685984
2024-08-19,Bitcoin,586752249
2024-08-20,Bitcoin,577150526
2024-08-21,Bitcoin,566263514
2024-08-22,Bitcoin,581479211
2024-08-23,Bitcoin,569614884
2024-08-24,Bitcoin,613608589
2024-08-25,Bitcoin,607541419
2024-08-26,Bitcoin,612328849
2024-08-27,Bitcoin,648400110
2024-08-28,Bitcoin,604515554
2024-08-29,Bitcoin,606028883
2024-08-30,Bitcoin,607520824
2024-08-31,Bitcoin,607529315
2024-09-01,Bitcoin,606836772
2024-09-02,Bitcoin,595381426
2024-09-03,Bitcoin,608986751
2024-09-04,Bitcoin,639503500
2024-09-05,Bitcoin,644150801
2024-09-06,Bitcoin,619880905
2024-09-07,Bitcoin,593770609
2024-09-08,Bitcoin,598301678
2024-09-09,Bitcoin,608475498
2024-09-10,Bitcoin,636368723
2024-09-11,Bitcoin,639557713
2024-09-12,Bitcoin,638141035
2024-09-13,Bitcoin,644941604
2024-09-14,Bitcoin,673652805
2024-09-15,Bitcoin,670388371
2024-09-16,Bitcoin,665231319
2024-09-17,Bitcoin,649209195
2024-09-18,Bitcoin,675980091
2024-09-19,Bitcoin,680003832
2024-09-20,Bitcoin,704739798
2024-09-21,Bitcoin,709565928
2024-09-22,Bitcoin,711071998
2024-09-23,Bitcoin,707104827
2024-09-24,Bitcoin,716287580
2024-09-25,Bitcoin,730758343
2024-09-26,Bitcoin,725371942
2024-09-27,Bitcoin,758658560
2024-09-28,Bitcoin,765992045
2024-09-29,Bitcoin,763841903
2024-09-30,Bitcoin,765208434
2024-10-01,Bitcoin,740398999
2024-10-02,Bitcoin,706283678
2024-10-03,Bitcoin,701595935
2024-10-04,Bitcoin,704165125
2024-10-05,Bitcoin,688731406
2024-10-06,Bitcoin,684865093
2024-10-07,Bitcoin,693472493
2024-10-08,Bitcoin,700767800
2024-10-09,Bitcoin,688896274
2024-10-10,Bitcoin,672304925
2024-10-11,Bitcoin,678624143
2024-10-12,Bitcoin,710379663
2024-10-13,Bitcoin,721864543
2024-10-14,Bitcoin,715958485
2024-10-15,Bitcoin,751036345
2024-10-16,Bitcoin,761810967
2024-10-17,Bitcoin,787071737
2024-10-18,Bitcoin,781222847
2024-10-19,Bitcoin,792366589
2024-10-20,Bitcoin,798817539
2024-10-21,Bitcoin,809642797
2024-10-22,Bitcoin,2387763457
2024-10-23,Bitcoin,2402727693
2024-10-24,Bitcoin,2363089326
2024-10-25,Bitcoin,2437295094
2024-10-26,Bitcoin,2386593327
2024-10-27,Bitcoin,2382259988
2024-10-28,Bitcoin,2408440460
2024-10-29,Bitcoin,2475135283
2024-10-30,Bitcoin,2565558802
2024-10-31,Bitcoin,2557798388
2024-11-01,Bitcoin,2479794656
2024-11-02,Bitcoin,2450160753
2024-11-03,Bitcoin,2437435149
2024-11-04,Bitcoin,2418366796
2024-11-05,Bitcoin,2385766564
2024-11-06,Bitcoin,2441019815
2024-11-07,Bitcoin,2672760673
2024-11-08,Bitcoin,2684546720
2024-11-09,Bitcoin,2692849025
2024-11-10,Bitcoin,2695388914
2024-11-11,Bitcoin,2836179048
2024-11-12,Bitcoin,3110277755
2024-11-13,Bitcoin,3192149292
2024-11-14,Bitcoin,3230960843
2024-11-15,Bitcoin,3090749685
2024-11-16,Bitcoin,3227910131
2024-11-17,Bitcoin,3250139345
2024-11-18,Bitcoin,3226711296
2024-11-19,Bitcoin,3259208145
2024-11-20,Bitcoin,3301499280
2024-11-21,Bitcoin,3363739774
2024-11-22,Bitcoin,3523356486
2024-11-23,Bitcoin,3543477243
2024-11-24,Bitcoin,3507865090
2024-11-25,Bitcoin,3519175741
2024-11-26,Bitcoin,3368032330
2024-11-27,Bitcoin,3315169979
2024-11-28,Bitcoin,3479119988
2024-11-29,Bitcoin,3459184922
2024-11-30,Bitcoin,3523189121
2024-12-01,Bitcoin,3492615707
2024-12-02,Bitcoin,3535025187
2024-12-03,Bitcoin,3413699708
2024-12-04,Bitcoin,3427809304
2024-12-05,Bitcoin,3522134514
2024-12-06,Bitcoin,3434559758
2024-12-07,Bitcoin,3535659129
2024-12-08,Bitcoin,3477881674
2024-12-09,Bitcoin,3492029262
2024-12-10,Bitcoin,3363045591
2024-12-11,Bitcoin,4153210863
2024-12-12,Bitcoin,4678819023
2024-12-13,Bitcoin,4929538324
2024-12-14,Bitcoin,5013880635
2024-12-15,Bitcoin,5276845599
2024-12-16,Bitcoin,6416504590
2024-12-17,Bitcoin,7236659882
2024-12-18,Bitcoin,7244253352
2024-12-19,Bitcoin,6883043815
2024-12-20,Bitcoin,6638541110
2024-12-21,Bitcoin,6618129192
2024-12-22,Bitcoin,6598698398
2024-12-23,Bitcoin,6492483899
2024-12-24,Bitcoin,6471088844
2024-12-25,Bitcoin,6726152192
2024-12-26,Bitcoin,6752236643
2024-12-27,Bitcoin,6498166265
2024-12-28,Bitcoin,6400117280
2024-12-29,Bitcoin,6473935376
2024-12-30,Bitcoin,6361678851
2024-12-31,Bitcoin,6305835321
2025-01-01,Bitcoin,6339929674
2025-01-02,Bitcoin,6431428632
2025-01-03,Bitcoin,6583607931
2025-01-04,Bitcoin,6660750007
2025-01-05,Bitcoin,6672955326
2025-01-06,Bitcoin,6692228071
2025-01-07,Bitcoin,6916462936
2025-01-08,Bitcoin,6557754148
2025-01-09,Bitcoin,6434948983
2025-01-10,Bitcoin,6242009934
2025-01-11,Bitcoin,6406630596
2025-01-12,Bitcoin,6402724848
2025-01-13,Bitcoin,6383704577
2025-01-14,Bitcoin,6369507295
2025-01-15,Bitcoin,6520070619
2025-01-16,Bitcoin,6741095809
2025-01-17,Bitcoin,6739088605
2025-01-18,Bitcoin,7051577622
2025-01-19,Bitcoin,7021907886
2025-01-20,Bitcoin,6794828659
2025-01-21,Bitcoin,6924508127
2025-01-22,Bitcoin,7139372907
2025-01-23,Bitcoin,7018633536
2025-01-24,Bitcoin,7015963562
2025-01-25,Bitcoin,7053158211
2025-01-26,Bitcoin,7088405344
2025-01-27,Bitcoin,6956590961
2025-01-28,Bitcoin,6888339454
2025-01-29,Bitcoin,6863138075
2025-01-30,Bitcoin,7050024880
2025-01-31,Bitcoin,7106939044
2025-02-01,Bitcoin,6940839346
2025-02-02,Bitcoin,6881032391
2025-02-03,Bitcoin,6629464144
2025-02-04,Bitcoin,6938817776
2025-02-05,Bitcoin,6712977080
2025-02-06,Bitcoin,6621754164
2025-02-07,Bitcoin,6619114927
2025-02-08,Bitcoin,6608753007
2025-02-09,Bitcoin,6617513125
2025-02-10,Bitcoin,6647413457
2025-02-11,Bitcoin,6698644766
2025-02-12,Bitcoin,6546398163
2025-02-13,Bitcoin,6683699637
2025-02-14,Bitcoin,6580021535
2025-02-15,Bitcoin,6588838801
2025-02-16,Bitcoin,6595134448
2025-02-17,Bitcoin,6501966787
2025-02-18,Bitcoin,6467757506
2025-02-19,Bitcoin,6435196284
2025-02-20,Bitcoin,6519855361
2025-02-21,Bitcoin,6648876319
2025-02-22,Bitcoin,6464808174
2025-02-23,Bitcoin,6521503193
2025-02-24,Bitcoin,6502257532
2025-02-25,Bitcoin,6224961725
2025-02-26,Bitcoin,5978398401
2025-02-27,Bitcoin,5683463815
2025-02-28,Bitcoin,5689654776
2025-03-01,Bitcoin,5618451226
2025-03-02,Bitcoin,5693677536
2025-03-03,Bitcoin,6150129284
2025-03-04,Bitcoin,5680169562
2025-03-05,Bitcoin,5686451645
2025-03-06,Bitcoin,5894494277
2025-03-07,Bitcoin,5854230756
2025-03-08,Bitcoin,5657799925
2025-03-09,Bitcoin,5620079436
2025-03-10,Bitcoin,5286518198
2025-03-11,Bitcoin,5111510717
2025-03-12,Bitcoin,5385028060
2025-03-13,Bitcoin,5446749943
2025-03-14,Bitcoin,5289408041
2025-03-15,Bitcoin,5449042690
2025-03-16,Bitcoin,5458778000
2025-03-17,Bitcoin,5397185053
2025-03-18,Bitcoin,5450049750
2025-03-19,Bitcoin,5405119406
2025-03-20,Bitcoin,5597328402
2025-03-21,Bitcoin,5480650569
2025-03-22,Bitcoin,5466627596
2025-03-23,Bitcoin,5487019525
2025-03-24,Bitcoin,5651218809
2025-03-25,Bitcoin,5712960997
2025-03-26,Bitcoin,5691956835
2025-03-27,Bitcoin,5654905198
2025-03-28,Bitcoin,5663926339
2025-03-29,Bitcoin,5486239925
2025-03-30,Bitcoin,5376750782
2025-03-31,Bitcoin,5350612875
2025-04-01,Bitcoin,5360022819
2025-04-02,Bitcoin,5454198175
2025-04-03,Bitcoin,5292911575
2025-04-04,Bitcoin,5319916359
2025-04-05,Bitcoin,5342089404
2025-04-06,Bitcoin,5291294234
2025-04-07,Bitcoin,4963760473
2025-04-08,Bitcoin,4930703128
2025-04-09,Bitcoin,4716299268
2025-04-10,Bitcoin,5119496294
2025-04-11,Bitcoin,4911036737
2025-04-12,Bitcoin,5133948145
2025-04-13,Bitcoin,5236017588
2025-04-14,Bitcoin,5171989281
2025-04-15,Bitcoin,5072722176
2025-04-16,Bitcoin,4967314203
2025-04-17,Bitcoin,3667669147
2025-04-18,Bitcoin,3690353605
2025-04-19,Bitcoin,3662130803
2025-04-20,Bitcoin,3696421322
2025-04-21,Bitcoin,3748592972
2025-04-22,Bitcoin,3769979568
2025-04-23,Bitcoin,4033589936
2025-04-24,Bitcoin,4021600032
2025-04-25,Bitcoin,4048469744
2025-04-26,Bitcoin,5268300957
2025-04-27,Bitcoin,5827553047
2025-04-28,Bitcoin,5858423299
2025-04-29,Bitcoin,5952995139
2025-04-30,Bitcoin,5765489825
2025-05-01,Bitcoin,5757022586
2025-05-02,Bitcoin,6053051896
2025-05-03,Bitcoin,6071564223
2025-05-04,Bitcoin,5977706672
2025-05-05,Bitcoin,5877083023
2025-05-06,Bitcoin,5897528435
2025-05-07,Bitcoin,6059969417
2025-05-08,Bitcoin,6079992104
2025-05-09,Bitcoin,6411712553
2025-05-10,Bitcoin,6412873440
2025-05-11,Bitcoin,6517533672
2025-05-12,Bitcoin,6469526410
2025-05-13,Bitcoin,6192963052
2025-05-14,Bitcoin,6277989382
2025-05-15,Bitcoin,6192380816
2025-05-16,Bitcoin,6202471652
2025-05-17,Bitcoin,6174930695
2025-05-18,Bitcoin,6155017248
2025-05-19,Bitcoin,6323454142
2025-05-20,Bitcoin,6260719610
2025-05-21,Bitcoin,6546195546
2025-05-22,Bitcoin,6719213475
2025-05-23,Bitcoin,6825768227
2025-05-24,Bitcoin,6535183923
2025-05-25,Bitcoin,6513559812
2025-05-26,Bitcoin,6590167517
2025-05-27,Bitcoin,6620867684
2025-05-28,Bitcoin,6553658675
2025-05-29,Bitcoin,6430799751
2025-05-30,Bitcoin,6237865232
2025-05-31,Bitcoin,6132511907
2025-06-01,Bitcoin,6162501500
2025-06-02,Bitcoin,6235687012
2025-06-03,Bitcoin,6144646122
2025-06-04,Bitcoin,6040951554
2025-06-05,Bitcoin,6003420008
2025-06-06,Bitcoin,5828737078
2025-06-07,Bitcoin,5987174793
2025-06-08,Bitcoin,6030600190
2025-06-09,Bitcoin,6039405331
2025-06-10,Bitcoin,6268706185
2025-06-11,Bitcoin,6456115761
2025-06-12,Bitcoin,6543222301
2025-06-13,Bitcoin,6240682480
2025-06-14,Bitcoin,6410054518
2025-06-15,Bitcoin,6385682958
2025-06-16,Bitcoin,6333180994
2025-06-17,Bitcoin,6420994507
2025-06-18,Bitcoin,6293192290
2025-06-19,Bitcoin,6303710961
2025-06-20,Bitcoin,6343653803
2025-06-21,Bitcoin,6222973506
2025-06-22,Bitcoin,6123565958
2025-06-23,Bitcoin,6079837737
2025-06-24,Bitcoin,6362453277
2025-06-25,Bitcoin,6246508071
2025-06-26,Bitcoin,6325623665
2025-06-27,Bitcoin,6344288249
2025-06-28,Bitcoin,6353755722
2025-06-29,Bitcoin,6329118578
2025-06-30,Bitcoin,6389677025
2025-07-01,Bitcoin,6276216153
2025-07-02,Bitcoin,6162425625
2025-07-03,Bitcoin,6376962169
2025-07-04,Bitcoin,6355355547
2025-07-05,Bitcoin,6256257121
2025-07-06,Bitcoin,6240622904
2025-07-07,Bitcoin,6281813630
2025-07-08,Bitcoin,6260745420
2025-07-09,Bitcoin,6318150021
2025-07-10,Bitcoin,6452098748
2025-07-11,Bitcoin,6787988781
2025-07-12,Bitcoin,6879301863
2025-07-13,Bitcoin,6890826928
2025-07-14,Bitcoin,7000535513
2025-07-15,Bitcoin,7008700338
2025-07-16,Bitcoin,6872851297
2025-07-17,Bitcoin,7003525610
2025-07-18,Bitcoin,7026874161
2025-07-19,Bitcoin,6956203654
2025-07-20,Bitcoin,6971529989
2025-07-21,Bitcoin,7001992399
2025-07-22,Bitcoin,6897608060
2025-07-23,Bitcoin,7045486167
2025-07-24,Bitcoin,6998065210
2025-07-25,Bitcoin,6936814706
2025-07-26,Bitcoin,6900064609
2025-07-27,Bitcoin,6923012242
2025-07-28,Bitcoin,7015711912
2025-07-29,Bitcoin,6927629096
2025-07-30,Bitcoin,6926037372
2025-07-31,Bitcoin,6928540493
2025-08-01,Bitcoin,6814512681
2025-08-02,Bitcoin,6630582366
2025-08-03,Bitcoin,6576776969
2025-08-04,Bitcoin,6697114826
2025-08-05,Bitcoin,6722940605
2025-08-06,Bitcoin,6673421326
2025-08-07,Bitcoin,6733888643
2025-08-08,Bitcoin,6885356855
2025-08-09,Bitcoin,6837122576
2025-08-10,Bitcoin,6842666879
2025-08-11,Bitcoin,6764669523
2025-08-12,Bitcoin,6747869079
2025-08-13,Bitcoin,6815404627
2025-08-14,Bitcoin,7338597913
2025-08-15,Bitcoin,7671359521
2025-08-16,Bitcoin,7622219071
2025-08-17,Bitcoin,7632092998
2025-08-18,Bitcoin,7611606705
2025-08-19,Bitcoin,7539519708
2025-08-20,Bitcoin,7330447459
2025-08-21,Bitcoin,7409704777
2025-08-22,Bitcoin,7895441729
2025-08-23,Bitcoin,8197088541
2025-08-24,Bitcoin,8102738887
2025-08-25,Bitcoin,7967698929
2025-08-26,Bitcoin,7637078340
2025-08-27,Bitcoin,7782493149
2025-08-28,Bitcoin,8016184656
2025-08-29,Bitcoin,8104386398
2025-08-30,Bitcoin,7848771984
2025-08-31,Bitcoin,7882902693
2025-09-01,Bitcoin,7805949917
2025-09-02,Bitcoin,7879598563
2025-09-03,Bitcoin,7936963843
2025-09-04,Bitcoin,7995869527
2025-09-05,Bitcoin,7915056941
2025-09-06,Bitcoin,7846802262
2025-09-07,Bitcoin,7829646197
2025-09-08,Bitcoin,7876305923
2025-09-09,Bitcoin,7935193793
2025-09-10,Bitcoin,7851893814
2025-09-11,Bitcoin,8102144944
2025-09-12,Bitcoin,8573360749
2025-09-13,Bitcoin,8593245577
2025-09-14,Bitcoin,8588300413
2025-09-15,Bitcoin,8537248246
2025-09-16,Bitcoin,8535696772
2025-09-17,Bitcoin,8712638868
2025-09-18,Bitcoin,8760692220
2025-09-19,Bitcoin,8822988006
2025-09-20,Bitcoin,8673416924
2025-09-21,Bitcoin,8669698516
2025-09-22,Bitcoin,8602260407
2025-09-23,Bitcoin,8447248090
2025-09-24,Bitcoin,8313444667
2025-09-25,Bitcoin,8395199196
2025-09-26,Bitcoin,8124062689
2025-09-27,Bitcoin,8090508697
2025-09-28,Bitcoin,8140189294
2025-09-29,Bitcoin,8333836410
2025-09-30,Bitcoin,8481431023
2025-10-01,Bitcoin,8467541345
2025-10-02,Bitcoin,8798481623
2025-10-03,Bitcoin,8765891922
2025-10-04,Bitcoin,9014428531
2025-10-05,Bitcoin,9015476980
2025-10-06,Bitcoin,9100891212
2025-10-07,Bitcoin,9125456230
2025-10-08,Bitcoin,8887202646
2025-10-09,Bitcoin,8998990509
2025-10-10,Bitcoin,8880202219
2025-10-11,Bitcoin,8254634258
2025-10-12,Bitcoin,8083990259
2025-10-13,Bitcoin,8455719189
2025-10-14,Bitcoin,8447601908
2025-10-15,Bitcoin,8248295382
2025-10-16,Bitcoin,8146371024
2025-10-17,Bitcoin,7983852537
2025-10-18,Bitcoin,7822700728
2025-10-19,Bitcoin,7850569427
2025-10-20,Bitcoin,7958185469
2025-10-21,Bitcoin,8089847378
2025-10-22,Bitcoin,8004620850
2025-10-23,Bitcoin,7915789282
2025-10-24,Bitcoin,8086610215
2025-10-25,Bitcoin,8095409639
2025-10-26,Bitcoin,8165198508
2025-10-27,Bitcoin,8353370132
2025-10-28,Bitcoin,8233091090
2025-10-29,Bitcoin,8147632373
2025-10-30,Bitcoin,8035736008
2025-10-31,Bitcoin,8023004551
2025-11-01,Bitcoin,8044657925
2025-11-02,Bitcoin,8043766325
2025-11-03,Bitcoin,8048019623
2025-11-04,Bitcoin,7816191833
2025-11-05,Bitcoin,7454807314
2025-11-06,Bitcoin,7614663262
2025-11-07,Bitcoin,7462042001
2025-11-08,Bitcoin,7592806914
2025-11-09,Bitcoin,7480338759
2025-11-10,Bitcoin,7754990820
2025-11-11,Bitcoin,7765690091
2025-11-12,Bitcoin,7587616081
2025-11-13,Bitcoin,7489451940
2025-11-14,Bitcoin,7267474246
2025-11-15,Bitcoin,6997749085
2025-11-16,Bitcoin,7029513730
2025-11-17,Bitcoin,6957385658
2025-11-18,Bitcoin,6807081503
2025-11-19,Bitcoin,6799104204
2025-11-20,Bitcoin,6764897249
2025-11-21,Bitcoin,6390484113
2025-11-22,Bitcoin,6282595310
2025-11-23,Bitcoin,6269341172
2025-11-24,Bitcoin,6431036987
2025-11-25,Bitcoin,6424544663
2025-11-26,Bitcoin,6375028238
2025-11-27,Bitcoin,6559671320
2025-11-28,Bitcoin,6580585161
2025-11-29,Bitcoin,6555696525
2025-11-30,Bitcoin,6567922804
2025-12-01,Bitcoin,6439518097
2025-12-02,Bitcoin,6228535076
2025-12-03,Bitcoin,6562942402
2025-12-04,Bitcoin,6690167669
2025-12-05,Bitcoin,6638467982
2025-12-06,Bitcoin,6421543653
2025-12-07,Bitcoin,6436965401
2025-12-08,Bitcoin,6518320960
2025-12-09,Bitcoin,6545767327
2025-12-10,Bitcoin,6694024119
2025-12-11,Bitcoin,6642004670
2025-12-12,Bitcoin,6681836603
2025-12-13,Bitcoin,6925284944
2025-12-14,Bitcoin,7018642350
2025-12-15,Bitcoin,6877104700
2025-12-16,Bitcoin,6688979911
2025-12-17,Bitcoin,6801231640
2025-12-18,Bitcoin,6687488836
2025-12-19,Bitcoin,6622548699
2025-12-20,Bitcoin,6821037091
2025-12-21,Bitcoin,6849732881
2025-12-22,Bitcoin,6908162941
2025-12-23,Bitcoin,6871849471
2025-12-24,Bitcoin,6836028173
2025-12-25,Bitcoin,6850935797
2025-12-26,Bitcoin,6818902774
2025-12-27,Bitcoin,6785114910
2025-12-28,Bitcoin,6817578572
2025-12-29,Bitcoin,6720917500
2025-12-30,Bitcoin,6669264379
2025-12-31,Bitcoin,6743170426
2026-01-01,Bitcoin,6789877823
2026-01-02,Bitcoin,6865835549
2026-01-03,Bitcoin,6984174109
2026-01-04,Bitcoin,7065556542
2026-01-05,Bitcoin,7117289326
2026-01-06,Bitcoin,7261344902
2026-01-07,Bitcoin,7204465719
2026-01-08,Bitcoin,7020479666
2026-01-09,Bitcoin,6972499205
2026-01-10,Bitcoin,6972658288
2026-01-11,Bitcoin,6956776075
2026-01-12,Bitcoin,6989967823
2026-01-13,Bitcoin,7016998944
2026-01-14,Bitcoin,7375626174
2026-01-15,Bitcoin,7465634470
2026-01-16,Bitcoin,7389197785
2026-01-17,Bitcoin,7388656916
2026-01-18,Bitcoin,7360012177
2026-01-19,Bitcoin,7151246572
2026-01-20,Bitcoin,7139645603
2026-01-21,Bitcoin,6809648545
2026-01-22,Bitcoin,6925308197
2026-01-23,Bitcoin,6900336873
2026-01-24,Bitcoin,6898695776
2026-01-25,Bitcoin,6868096135
2026-01-26,Bitcoin,6689672837
2026-01-27,Bitcoin,6640237338
2026-01-28,Bitcoin,6610192529
2026-01-29,Bitcoin,6593515992
2026-01-30,Bitcoin,6246732802
2026-01-31,Bitcoin,6230895893
2026-02-01,Bitcoin,5861194626
2026-02-02,Bitcoin,5780363098
2026-02-03,Bitcoin,5871039154
2026-02-04,Bitcoin,5592986492
2026-02-05,Bitcoin,5465750509
2026-02-06,Bitcoin,4562309437
2026-02-07,Bitcoin,5268704382
2026-02-08,Bitcoin,5174787301
2026-02-09,Bitcoin,5267053726
2026-02-10,Bitcoin,5235304754
2026-02-11,Bitcoin,5139754382
2026-02-12,Bitcoin,5025350076
2026-02-13,Bitcoin,4956186371
2026-02-14,Bitcoin,5145571729
2026-02-15,Bitcoin,5177505119
2026-02-16,Bitcoin,5117284329
2026-02-17,Bitcoin,5118522307
2026-02-18,Bitcoin,4988126896
2026-02-19,Bitcoin,4905690095
2026-02-20,Bitcoin,4960200521
2026-02-21,Bitcoin,5011794250
2026-02-22,Bitcoin,5022258150
2026-02-23,Bitcoin,4436053990
2026-02-24,Bitcoin,4238362068
2026-02-25,Bitcoin,4200012695
2026-02-26,Bitcoin,4457786042
2026-02-27,Bitcoin,4368317644
2026-02-28,Bitcoin,4292765173
2026-03-01,Bitcoin,4338867807
2026-03-02,Bitcoin,4278946281
2026-03-03,Bitcoin,4485879089
2026-03-04,Bitcoin,4434102828
2026-03-05,Bitcoin,4693075229
2026-03-06,Bitcoin,4563209725
2026-03-07,Bitcoin,4390765616
2026-03-08,Bitcoin,4367458421
2026-03-09,Bitcoin,4319224235
2026-03-10,Bitcoin,4417269599
2026-03-11,Bitcoin,4477579917
2026-03-12,Bitcoin,2867456900
2026-03-13,Bitcoin,2952012499
2026-03-14,Bitcoin,2901880719
2026-03-15,Bitcoin,2932802684
2026-03-16,Bitcoin,2991393465
2026-03-17,Bitcoin,3090828697
2026-03-18,Bitcoin,3047691534
2026-03-19,Bitcoin,2937071721
2026-03-20,Bitcoin,2895616767
2026-03-21,Bitcoin,2915465525
2026-03-22,Bitcoin,2828176904
2026-03-23,Bitcoin,2804703908
2026-03-24,Bitcoin,3277462223
2026-03-25,Bitcoin,4050047083
2026-03-26,Bitcoin,4408300868
2026-03-27,Bitcoin,4486612543
2026-03-28,Bitcoin,4338650468
2026-03-29,Bitcoin,4477237541
2026-03-30,Bitcoin,4452623783
2026-03-31,Bitcoin,4528028956
2026-04-01,Bitcoin,4603505231
2026-04-02,Bitcoin,4612973799
2026-04-03,Bitcoin,4515012231
2026-04-04,Bitcoin,4526473949
2026-04-05,Bitcoin,4546167870
2026-04-06,Bitcoin,4673725289
2026-04-07,Bitcoin,4659283679
2026-04-08,Bitcoin,4869378276
2026-04-09,Bitcoin,4796967870
2026-04-10,Bitcoin,4870954075
2026-04-11,Bitcoin,4938458530
2026-04-12,Bitcoin,4946361063
2026-04-13,Bitcoin,4788244260
2026-04-14,Bitcoin,5038461704
2026-04-15,Bitcoin,5046190657
2026-04-16,Bitcoin,5050473443
2026-04-17,Bitcoin,5063433829
2026-04-18,Bitcoin,5208532985
2026-04-19,Bitcoin,5112260708
2026-04-20,Bitcoin,4991776647
2026-04-21,Bitcoin,5110216601
2026-04-22,Bitcoin,5119064772
2026-04-23,Bitcoin,5244592785
2026-04-24,Bitcoin,5229129408
2026-04-25,Bitcoin,5161522691
2026-04-26,Bitcoin,5160328072
2026-04-27,Bitcoin,5236735966
2026-04-28,Bitcoin,5139020361
2026-04-29,Bitcoin,5079005736
2026-04-30,Bitcoin,5050547643
2026-05-01,Bitcoin,5080417052
2026-05-02,Bitcoin,5196561923
2026-05-03,Bitcoin,5231887562
2026-05-04,Bitcoin,5223789538
2026-05-05,Bitcoin,5316775518
2026-05-06,Bitcoin,5394533315
2026-05-07,Bitcoin,5412576907
2026-05-08,Bitcoin,5323969889
2026-05-09,Bitcoin,5258527984
2026-05-10,Bitcoin,5281359994
2026-05-11,Bitcoin,5353803414
2026-05-12,Bitcoin,5340185233
2026-05-13,Bitcoin,5285276794
2026-05-14,Bitcoin,5199224549
2026-05-15,Bitcoin,5336358399
2026-05-16,Bitcoin,5227731029
2026-05-17,Bitcoin,5169945368
2026-05-18,Bitcoin,5104833304
2026-05-19,Bitcoin,5087167680
2026-05-20,Bitcoin,5067280763
2026-05-21,Bitcoin,5119779092
2026-05-22,Bitcoin,5105722618
2026-05-23,Bitcoin,4970424680
2026-05-24,Bitcoin,5046245411
2026-05-25,Bitcoin,5081194253
2026-05-26,Bitcoin,5071985410
2026-05-27,Bitcoin,4994874986
2026-05-28,Bitcoin,4895482128
2026-05-29,Bitcoin,4808880031
2026-05-30,Bitcoin,4788614409
2026-05-31,Bitcoin,4819432918
2026-06-01,Bitcoin,4815071778
2026-06-02,Bitcoin,4645382277
2026-06-03,Bitcoin,4374934453
2026-06-04,Bitcoin,4212402805
2026-06-05,Bitcoin,4177358061
2026-06-06,Bitcoin,4022576749
2026-06-07,Bitcoin,4005826600
2026-06-08,Bitcoin,4188937755
2026-06-09,Bitcoin,4120513795
2026-06-10,Bitcoin,4051743339
2026-06-11,Bitcoin,4060610453
2026-06-12,Bitcoin,4188822365
2026-06-13,Bitcoin,4184446945
2026-06-14,Bitcoin,4245429360
2026-06-15,Bitcoin,4321958431
2026-06-16,Bitcoin,4363797894
2026-06-17,Bitcoin,4322619787
2026-06-18,Bitcoin,4241007639
2026-06-19,Bitcoin,4126290824
2026-06-20,Bitcoin,4172784990
2026-06-21,Bitcoin,4215916438
2026-06-22,Bitcoin,4186259407
2026-06-23,Bitcoin,4195147464
2026-06-24,Bitcoin,4110327891
2026-06-25,Bitcoin,4001864252
2026-06-26,Bitcoin,3905474793
2026-06-27,Bitcoin,3925734815
2026-06-28,Bitcoin,3938984399
2026-06-29,Bitcoin,3900873557
2026-06-30,Bitcoin,3936668257
2026-07-01,Bitcoin,3798895170
2026-07-02,Bitcoin,3900686763
2026-07-03,Bitcoin,4019948345
2026-07-04,Bitcoin,4109135005
2026-07-05,Bitcoin,4126630679
2026-07-06,Bitcoin,4128096966
2026-07-07,Bitcoin,3681605785
2026-07-08,Bitcoin,3497724306
2026-07-09,Bitcoin,3423762675
2026-07-10,Bitcoin,3497482845
2026-07-11,Bitcoin,3556840255
2026-07-12,Bitcoin,3537794375
2026-07-13,Bitcoin,3494106115
2026-07-14,Bitcoin,3570000364
2026-07-15,Bitcoin,3726598621
2026-07-16,Bitcoin,3710107132
2026-07-17,Bitcoin,4160989463
2026-07-18,Bitcoin,4154797647
2026-07-19,Bitcoin,4231105452
2026-07-20,Bitcoin,4226966904
2026-07-21,Bitcoin,4296905611
2026-07-22,Bitcoin,4370853312
2026-07-23,Bitcoin,4329312144
2026-07-24,Bitcoin,4262851570
2026-07-25,Bitcoin,4202461237
2026-07-26,Bitcoin,4216430419
2026-07-27,Bitcoin,4270166000
2026-07-28,Bitcoin,4148999254
2026-07-29,Bitcoin,4179661917
2026-07-30,Bitcoin,4072521730
2026-07-31,Bitcoin,3615699842
2026-08-01,Bitcoin,3431628918
2026-08-02,Bitcoin,3490594013
2026-08-03,Bitcoin,3508925021
2026-08-04,Bitcoin,3596729936
2026-08-05,Bitcoin,3628066077
2026-08-06,Bitcoin,3527984472
2026-08-07,Bitcoin,3516430579
2026-08-08,Bitcoin,3552576766
2026-08-09,Bitcoin,3548896974
2026-08-10,Bitcoin,3540285320
2026-08-11,Bitcoin,3494075509
2026-08-12,Bitcoin,3474279954
2026-08-13,Bitcoin,3435006470
2026-08-14,Bitcoin,3436096201
2026-08-15,Bitcoin,3415333845
2026-08-16,Bitcoin,3420833910
2017-09-27,Ethereum,0
2017-09-28,Ethereum,0
2017-09-29,Ethereum,0
2017-09-30,Ethereum,0
2017-10-01,Ethereum,0
2017-10-02,Ethereum,0
2017-10-03,Ethereum,0
2017-10-04,Ethereum,0
2017-10-05,Ethereum,0
2017-10-06,Ethereum,0
2017-10-07,Ethereum,0
2017-10-08,Ethereum,0
2017-10-09,Ethereum,0
2017-10-10,Ethereum,0
2017-10-11,Ethereum,0
2017-10-12,Ethereum,0
2017-10-13,Ethereum,0
2017-10-14,Ethereum,0
2017-10-15,Ethereum,0
2017-10-16,Ethereum,0
2017-10-17,Ethereum,0
2017-10-18,Ethereum,0
2017-10-19,Ethereum,0
2017-10-20,Ethereum,0
2017-10-21,Ethereum,0
2017-10-22,Ethereum,0
2017-10-23,Ethereum,0
2017-10-24,Ethereum,0
2017-10-25,Ethereum,0
2017-10-26,Ethereum,0
2017-10-27,Ethereum,0
2017-10-28,Ethereum,0
2017-10-29,Ethereum,0
2017-10-30,Ethereum,0
2017-10-31,Ethereum,0
2017-11-01,Ethereum,0
2017-11-02,Ethereum,0
2017-11-03,Ethereum,0
2017-11-04,Ethereum,0
2017-11-05,Ethereum,0
2017-11-06,Ethereum,0
2017-11-07,Ethereum,0
2017-11-08,Ethereum,0
2017-11-09,Ethereum,0
2017-11-10,Ethereum,0
2017-11-11,Ethereum,0
2017-11-12,Ethereum,0
2017-11-13,Ethereum,0
2017-11-14,Ethereum,0
2017-11-15,Ethereum,0
2017-11-16,Ethereum,0
2017-11-17,Ethereum,0
2017-11-18,Ethereum,0
2017-11-19,Ethereum,0
2017-11-20,Ethereum,0
2017-11-21,Ethereum,0
2017-11-22,Ethereum,0
2017-11-23,Ethereum,0
2017-11-24,Ethereum,0
2017-11-25,Ethereum,0
2017-11-26,Ethereum,0
2017-11-27,Ethereum,0
2017-11-28,Ethereum,0
2017-11-29,Ethereum,0
2017-11-30,Ethereum,0
2017-12-01,Ethereum,0
2017-12-02,Ethereum,0
2017-12-03,Ethereum,0
2017-12-04,Ethereum,0
2017-12-05,Ethereum,0
2017-12-06,Ethereum,0
2017-12-07,Ethereum,0
2017-12-08,Ethereum,0
2017-12-09,Ethereum,0
2017-12-10,Ethereum,0
2017-12-11,Ethereum,0
2017-12-12,Ethereum,0
2017-12-13,Ethereum,0
2017-12-14,Ethereum,0
2017-12-15,Ethereum,0
2017-12-16,Ethereum,0
2017-12-17,Ethereum,0
2017-12-18,Ethereum,0
2017-12-19,Ethereum,0
2017-12-20,Ethereum,0
2017-12-21,Ethereum,0
2017-12-22,Ethereum,0
2017-12-23,Ethereum,0
2017-12-24,Ethereum,0
2017-12-25,Ethereum,0
2017-12-26,Ethereum,0
2017-12-27,Ethereum,0
2017-12-28,Ethereum,0
2017-12-29,Ethereum,0
2017-12-30,Ethereum,0
2017-12-31,Ethereum,0
2018-01-01,Ethereum,0
2018-01-02,Ethereum,0
2018-01-03,Ethereum,0
2018-01-04,Ethereum,0
2018-01-05,Ethereum,0
2018-01-06,Ethereum,0
2018-01-07,Ethereum,0
2018-01-08,Ethereum,0
2018-01-09,Ethereum,0
2018-01-10,Ethereum,0
2018-01-11,Ethereum,0
2018-01-12,Ethereum,0
2018-01-13,Ethereum,0
2018-01-14,Ethereum,0
2018-01-15,Ethereum,0
2018-01-16,Ethereum,0
2018-01-17,Ethereum,0
2018-01-18,Ethereum,0
2018-01-19,Ethereum,0
2018-01-20,Ethereum,0
2018-01-21,Ethereum,0
2018-01-22,Ethereum,0
2018-01-23,Ethereum,0
2018-01-24,Ethereum,0
2018-01-25,Ethereum,0
2018-01-26,Ethereum,0
2018-01-27,Ethereum,0
2018-01-28,Ethereum,0
2018-01-29,Ethereum,0
2018-01-30,Ethereum,0
2018-01-31,Ethereum,0
2018-02-01,Ethereum,0
2018-02-02,Ethereum,0
2018-02-03,Ethereum,0
2018-02-04,Ethereum,0
2018-02-05,Ethereum,0
2018-02-06,Ethereum,0
2018-02-07,Ethereum,0
2018-02-08,Ethereum,0
2018-02-09,Ethereum,0
2018-02-10,Ethereum,0
2018-02-11,Ethereum,0
2018-02-12,Ethereum,6685317
2018-02-13,Ethereum,6685317
2018-02-14,Ethereum,6685317
2018-02-15,Ethereum,7335070
2018-02-16,Ethereum,11799306
2018-02-17,Ethereum,11799306
2018-02-18,Ethereum,11799306
2018-02-19,Ethereum,11799306
2018-02-20,Ethereum,11799306
2018-02-21,Ethereum,11620897
2018-02-22,Ethereum,9686994
2018-02-23,Ethereum,11924788
2018-02-24,Ethereum,11924788
2018-02-25,Ethereum,11924788
2018-02-26,Ethereum,11293138
2018-02-27,Ethereum,11293138
2018-02-28,Ethereum,18351636
2018-03-01,Ethereum,18351636
2018-03-02,Ethereum,18351636
2018-03-03,Ethereum,18351636
2018-03-04,Ethereum,18351636
2018-03-05,Ethereum,18351636
2018-03-06,Ethereum,15284730
2018-03-07,Ethereum,15284730
2018-03-08,Ethereum,14201508
2018-03-09,Ethereum,14201508
2018-03-10,Ethereum,14201508
2018-03-11,Ethereum,14201508
2018-03-12,Ethereum,14201508
2018-03-13,Ethereum,14201508
2018-03-14,Ethereum,14529180
2018-03-15,Ethereum,10883302
2018-03-16,Ethereum,10883302
2018-03-17,Ethereum,10883302
2018-03-18,Ethereum,10883302
2018-03-19,Ethereum,10883302
2018-03-20,Ethereum,10883302
2018-03-21,Ethereum,10883302
2018-03-22,Ethereum,10883302
2018-03-23,Ethereum,10883302
2018-03-24,Ethereum,10883302
2018-03-25,Ethereum,10883302
2018-03-26,Ethereum,10883302
2018-03-27,Ethereum,10883302
2018-03-28,Ethereum,10883302
2018-03-29,Ethereum,10975192
2018-03-30,Ethereum,8872233
2018-03-31,Ethereum,8872233
2018-04-01,Ethereum,8872233
2018-04-02,Ethereum,8872233
2018-04-03,Ethereum,8709109
2018-04-04,Ethereum,8709109
2018-04-05,Ethereum,8709109
2018-04-06,Ethereum,8994812
2018-04-07,Ethereum,11513795
2018-04-08,Ethereum,11513795
2018-04-09,Ethereum,11513795
2018-04-10,Ethereum,11513795
2018-04-11,Ethereum,11513795
2018-04-12,Ethereum,11513795
2018-04-13,Ethereum,11513795
2018-04-14,Ethereum,11599561
2018-04-15,Ethereum,11860237
2018-04-16,Ethereum,16745423
2018-04-17,Ethereum,16745423
2018-04-18,Ethereum,16745423
2018-04-19,Ethereum,16745423
2018-04-20,Ethereum,19173183
2018-04-21,Ethereum,19173183
2018-04-22,Ethereum,19557950
2018-04-23,Ethereum,21963401
2018-04-24,Ethereum,21963401
2018-04-25,Ethereum,21963401
2018-04-26,Ethereum,21963401
2018-04-27,Ethereum,22367479
2018-04-28,Ethereum,28948697
2018-04-29,Ethereum,28977326
2018-04-30,Ethereum,28969763
2018-05-01,Ethereum,28984307
2018-05-02,Ethereum,28977941
2018-05-03,Ethereum,35203792
2018-05-04,Ethereum,29514151
2018-05-05,Ethereum,29565821
2018-05-06,Ethereum,29590838
2018-05-07,Ethereum,29584982
2018-05-08,Ethereum,23996888
2018-05-09,Ethereum,24006329
2018-05-10,Ethereum,29220087
2018-05-11,Ethereum,29200576
2018-05-12,Ethereum,29180118
2018-05-13,Ethereum,29161024
2018-05-14,Ethereum,29172651
2018-05-15,Ethereum,29192404
2018-05-16,Ethereum,27637293
2018-05-17,Ethereum,27621514
2018-05-18,Ethereum,26702764
2018-05-19,Ethereum,30301579
2018-05-20,Ethereum,30305637
2018-05-21,Ethereum,30318592
2018-05-22,Ethereum,29046638
2018-05-23,Ethereum,29017571
2018-05-24,Ethereum,28956511
2018-05-25,Ethereum,28999900
2018-05-26,Ethereum,28971623
2018-05-27,Ethereum,24783617
2018-05-28,Ethereum,24794527
2018-05-29,Ethereum,24743844
2018-05-30,Ethereum,31952258
2018-05-31,Ethereum,31943323
2018-06-01,Ethereum,31963581
2018-06-02,Ethereum,31952510
2018-06-03,Ethereum,31986000
2018-06-04,Ethereum,30750887
2018-06-05,Ethereum,30741186
2018-06-06,Ethereum,30734367
2018-06-07,Ethereum,30749864
2018-06-08,Ethereum,30135166
2018-06-09,Ethereum,30137891
2018-06-10,Ethereum,30134960
2018-06-11,Ethereum,20200363
2018-06-12,Ethereum,20202458
2018-06-13,Ethereum,20177422
2018-06-14,Ethereum,20171150
2018-06-15,Ethereum,21673737
2018-06-16,Ethereum,21665463
2018-06-17,Ethereum,24002627
2018-06-18,Ethereum,24004364
2018-06-19,Ethereum,24031704
2018-06-20,Ethereum,24037291
2018-06-21,Ethereum,24045886
2018-06-22,Ethereum,23763827
2018-06-23,Ethereum,21165759
2018-06-24,Ethereum,21175105
2018-06-25,Ethereum,21162437
2018-06-26,Ethereum,21165475
2018-06-27,Ethereum,19744994
2018-06-28,Ethereum,19764441
2018-06-29,Ethereum,19771694
2018-06-30,Ethereum,22475278
2018-07-01,Ethereum,22483726
2018-07-02,Ethereum,22490475
2018-07-03,Ethereum,22513321
2018-07-04,Ethereum,22493042
2018-07-05,Ethereum,22510025
2018-07-06,Ethereum,22526670
2018-07-07,Ethereum,22495522
2018-07-08,Ethereum,25093689
2018-07-09,Ethereum,23126728
2018-07-10,Ethereum,19628038
2018-07-11,Ethereum,19573614
2018-07-12,Ethereum,19899688
2018-07-13,Ethereum,19890030
2018-07-14,Ethereum,19896837
2018-07-15,Ethereum,19888431
2018-07-16,Ethereum,19913834
2018-07-17,Ethereum,19929339
2018-07-18,Ethereum,19924898
2018-07-19,Ethereum,19894895
2018-07-20,Ethereum,20149827
2018-07-21,Ethereum,20590476
2018-07-22,Ethereum,20596340
2018-07-23,Ethereum,20605860
2018-07-24,Ethereum,20578762
2018-07-25,Ethereum,20265462
2018-07-26,Ethereum,20259382
2018-07-27,Ethereum,20250097
2018-07-28,Ethereum,17813102
2018-07-29,Ethereum,17815710
2018-07-30,Ethereum,17814972
2018-07-31,Ethereum,17810324
2018-08-01,Ethereum,17795180
2018-08-02,Ethereum,16575227
2018-08-03,Ethereum,16575865
2018-08-04,Ethereum,16174201
2018-08-05,Ethereum,16159086
2018-08-06,Ethereum,358439
2018-08-07,Ethereum,367117
2018-08-08,Ethereum,367758
2018-08-09,Ethereum,340001
2018-08-10,Ethereum,337587
2018-08-11,Ethereum,16800664
2018-08-12,Ethereum,16800809
2018-08-13,Ethereum,16533578
2018-08-14,Ethereum,16535473
2018-08-15,Ethereum,16534267
2018-08-16,Ethereum,16552382
2018-08-17,Ethereum,16562358
2018-08-18,Ethereum,16790597
2018-08-19,Ethereum,16788445
2018-08-20,Ethereum,16786536
2018-08-21,Ethereum,16782137
2018-08-22,Ethereum,16948572
2018-08-23,Ethereum,12059764
2018-08-24,Ethereum,14320257
2018-08-25,Ethereum,12189870
2018-08-26,Ethereum,13119602
2018-08-27,Ethereum,20787329
2018-08-28,Ethereum,21681043
2018-08-29,Ethereum,13842550
2018-08-30,Ethereum,13838204
2018-08-31,Ethereum,13826746
2018-09-01,Ethereum,33918185
2018-09-02,Ethereum,34461150
2018-09-03,Ethereum,34454043
2018-09-04,Ethereum,34394921
2018-09-05,Ethereum,34281081
2018-09-06,Ethereum,34141470
2018-09-07,Ethereum,31632459
2018-09-08,Ethereum,31627730
2018-09-09,Ethereum,31565234
2018-09-10,Ethereum,30914431
2018-09-11,Ethereum,32694805
2018-09-12,Ethereum,32416971
2018-09-13,Ethereum,32697437
2018-09-14,Ethereum,31981413
2018-09-15,Ethereum,17286027
2018-09-16,Ethereum,18181250
2018-09-17,Ethereum,16785441
2018-09-18,Ethereum,17156973
2018-09-19,Ethereum,17052370
2018-09-20,Ethereum,17295231
2018-09-21,Ethereum,17467378
2018-09-22,Ethereum,17735981
2018-09-23,Ethereum,12120894
2018-09-24,Ethereum,12001453
2018-09-25,Ethereum,10599223
2018-09-26,Ethereum,15541932
2018-09-27,Ethereum,11336827
2018-09-28,Ethereum,14120352
2018-09-29,Ethereum,15375082
2018-09-30,Ethereum,15840876
2018-10-01,Ethereum,16736615
2018-10-02,Ethereum,17016009
2018-10-03,Ethereum,16680954
2018-10-04,Ethereum,14741093
2018-10-05,Ethereum,15414443
2018-10-06,Ethereum,16097534
2018-10-07,Ethereum,15813653
2018-10-08,Ethereum,14055504
2018-10-09,Ethereum,14110331
2018-10-10,Ethereum,14232859
2018-10-11,Ethereum,14193284
2018-10-12,Ethereum,11928443
2018-10-13,Ethereum,12858389
2018-10-14,Ethereum,13118608
2018-10-15,Ethereum,13107525
2018-10-16,Ethereum,15120367
2018-10-17,Ethereum,14676038
2018-10-18,Ethereum,16459120
2018-10-19,Ethereum,15766661
2018-10-20,Ethereum,16173353
2018-10-21,Ethereum,15344886
2018-10-22,Ethereum,16626445
2018-10-23,Ethereum,17177485
2018-10-24,Ethereum,17060213
2018-10-25,Ethereum,17745805
2018-10-26,Ethereum,18335693
2018-10-27,Ethereum,16297339
2018-10-28,Ethereum,18124774
2018-10-29,Ethereum,18378903
2018-10-30,Ethereum,17137508
2018-10-31,Ethereum,15904405
2018-11-01,Ethereum,16170857
2018-11-02,Ethereum,16004698
2018-11-03,Ethereum,11825468
2018-11-04,Ethereum,18343307
2018-11-05,Ethereum,16132848
2018-11-06,Ethereum,16123521
2018-11-07,Ethereum,16610845
2018-11-08,Ethereum,16583198
2018-11-09,Ethereum,15826144
2018-11-10,Ethereum,15734245
2018-11-11,Ethereum,16062153
2018-11-12,Ethereum,15554185
2018-11-13,Ethereum,15761892
2018-11-14,Ethereum,15442880
2018-11-15,Ethereum,12952073
2018-11-16,Ethereum,12990309
2018-11-17,Ethereum,12813281
2018-11-18,Ethereum,12519141
2018-11-19,Ethereum,23183102
2018-11-20,Ethereum,10263670
2018-11-21,Ethereum,8741508
2018-11-22,Ethereum,9535385
2018-11-23,Ethereum,10694808
2018-11-24,Ethereum,10583791
2018-11-25,Ethereum,9642573
2018-11-26,Ethereum,10688756
2018-11-27,Ethereum,10013259
2018-11-28,Ethereum,11008664
2018-11-29,Ethereum,12544817
2018-11-30,Ethereum,12491893
2018-12-01,Ethereum,12166000
2018-12-02,Ethereum,13221851
2018-12-03,Ethereum,12384552
2018-12-04,Ethereum,10976654
2018-12-05,Ethereum,10974056
2018-12-06,Ethereum,9090091
2018-12-07,Ethereum,8277595
2018-12-08,Ethereum,8813639
2018-12-09,Ethereum,9296580
2018-12-10,Ethereum,8282530
2018-12-11,Ethereum,8164333
2018-12-12,Ethereum,8027331
2018-12-13,Ethereum,8382716
2018-12-14,Ethereum,7975874
2018-12-15,Ethereum,7395409
2018-12-16,Ethereum,7772209
2018-12-17,Ethereum,8236167
2018-12-18,Ethereum,9340631
2018-12-19,Ethereum,9786858
2018-12-20,Ethereum,9593244
2018-12-21,Ethereum,10845835
2018-12-22,Ethereum,11597399
2018-12-23,Ethereum,12002498
2018-12-24,Ethereum,13135497
2018-12-25,Ethereum,14344601
2018-12-26,Ethereum,13105091
2018-12-27,Ethereum,13964751
2018-12-28,Ethereum,12584979
2018-12-29,Ethereum,12995052
2018-12-30,Ethereum,4149781
2018-12-31,Ethereum,3926020
2019-01-01,Ethereum,3802744
2019-01-02,Ethereum,4008486
2019-01-03,Ethereum,5319596
2019-01-04,Ethereum,289570752
2019-01-05,Ethereum,304883618
2019-01-06,Ethereum,314016364
2019-01-07,Ethereum,302615159
2019-01-08,Ethereum,301528544
2019-01-09,Ethereum,294935504
2019-01-10,Ethereum,122685489
2019-01-11,Ethereum,260106725
2019-01-12,Ethereum,292940172
2019-01-13,Ethereum,260217997
2019-01-14,Ethereum,194196424
2019-01-15,Ethereum,263607393
2019-01-16,Ethereum,264927702
2019-01-17,Ethereum,270539227
2019-01-18,Ethereum,279843104
2019-01-19,Ethereum,246234892
2019-01-20,Ethereum,253866163
2019-01-21,Ethereum,250653941
2019-01-22,Ethereum,242704516
2019-01-23,Ethereum,238042263
2019-01-24,Ethereum,245751182
2019-01-25,Ethereum,243997393
2019-01-26,Ethereum,244144401
2019-01-27,Ethereum,247621419
2019-01-28,Ethereum,241999811
2019-01-29,Ethereum,113101993
2019-01-30,Ethereum,220276514
2019-01-31,Ethereum,224991272
2019-02-01,Ethereum,230868863
2019-02-02,Ethereum,229338297
2019-02-03,Ethereum,232341479
2019-02-04,Ethereum,232426627
2019-02-05,Ethereum,231779965
2019-02-06,Ethereum,233650015
2019-02-07,Ethereum,225717422
2019-02-08,Ethereum,231314639
2019-02-09,Ethereum,237932307
2019-02-10,Ethereum,263945502
2019-02-11,Ethereum,261409662
2019-02-12,Ethereum,266842887
2019-02-13,Ethereum,265032641
2019-02-14,Ethereum,270656042
2019-02-15,Ethereum,267234814
2019-02-16,Ethereum,279959533
2019-02-17,Ethereum,271616640
2019-02-18,Ethereum,284669961
2019-02-19,Ethereum,308871100
2019-02-20,Ethereum,328181470
2019-02-21,Ethereum,325575107
2019-02-22,Ethereum,325103155
2019-02-23,Ethereum,333555760
2019-02-24,Ethereum,335154182
2019-02-25,Ethereum,367148268
2019-02-26,Ethereum,313312485
2019-02-27,Ethereum,312348327
2019-02-28,Ethereum,315587243
2019-03-01,Ethereum,313264205
2019-03-02,Ethereum,317917225
2019-03-03,Ethereum,306928585
2019-03-04,Ethereum,308802967
2019-03-05,Ethereum,291872587
2019-03-06,Ethereum,299413989
2019-03-07,Ethereum,323339859
2019-03-08,Ethereum,325847315
2019-03-09,Ethereum,317686632
2019-03-10,Ethereum,327652303
2019-03-11,Ethereum,317114163
2019-03-12,Ethereum,314311842
2019-03-13,Ethereum,316017852
2019-03-14,Ethereum,310309736
2019-03-15,Ethereum,313273709
2019-03-16,Ethereum,319734544
2019-03-17,Ethereum,338848314
2019-03-18,Ethereum,338427917
2019-03-19,Ethereum,334112955
2019-03-20,Ethereum,331367254
2019-03-21,Ethereum,332058133
2019-03-22,Ethereum,329173533
2019-03-23,Ethereum,321656817
2019-03-24,Ethereum,324065528
2019-03-25,Ethereum,324888324
2019-03-26,Ethereum,319263059
2019-03-27,Ethereum,316212716
2019-03-28,Ethereum,331333288
2019-03-29,Ethereum,325149316
2019-03-30,Ethereum,334364887
2019-03-31,Ethereum,340535136
2019-04-01,Ethereum,337701754
2019-04-02,Ethereum,335250863
2019-04-03,Ethereum,366236322
2019-04-04,Ethereum,397580056
2019-04-05,Ethereum,382233613
2019-04-06,Ethereum,391714035
2019-04-07,Ethereum,391038985
2019-04-08,Ethereum,402160711
2019-04-09,Ethereum,422159412
2019-04-10,Ethereum,421201009
2019-04-11,Ethereum,431439729
2019-04-12,Ethereum,395146858
2019-04-13,Ethereum,396666901
2019-04-14,Ethereum,389297705
2019-04-15,Ethereum,389969859
2019-04-16,Ethereum,392816437
2019-04-17,Ethereum,383270419
2019-04-18,Ethereum,396528397
2019-04-19,Ethereum,402965067
2019-04-20,Ethereum,405717234
2019-04-21,Ethereum,399268586
2019-04-22,Ethereum,389058388
2019-04-23,Ethereum,396465156
2019-04-24,Ethereum,403778689
2019-04-25,Ethereum,379574360
2019-04-26,Ethereum,374166223
2019-04-27,Ethereum,358142236
2019-04-28,Ethereum,356347839
2019-04-29,Ethereum,360706733
2019-04-30,Ethereum,350720090
2019-05-01,Ethereum,366040359
2019-05-02,Ethereum,373150581
2019-05-03,Ethereum,366280821
2019-05-04,Ethereum,374710083
2019-05-05,Ethereum,369623355
2019-05-06,Ethereum,370720025
2019-05-07,Ethereum,371812432
2019-05-08,Ethereum,401884732
2019-05-09,Ethereum,381494784
2019-05-10,Ethereum,382347193
2019-05-11,Ethereum,379417947
2019-05-12,Ethereum,408271891
2019-05-13,Ethereum,412618171
2019-05-14,Ethereum,419161736
2019-05-15,Ethereum,447956743
2019-05-16,Ethereum,493000950
2019-05-17,Ethereum,499481561
2019-05-18,Ethereum,463518933
2019-05-19,Ethereum,473558178
2019-05-20,Ethereum,505820225
2019-05-21,Ethereum,496279202
2019-05-22,Ethereum,495087452
2019-05-23,Ethereum,497002142
2019-05-24,Ethereum,476495368
2019-05-25,Ethereum,494995333
2019-05-26,Ethereum,502451751
2019-05-27,Ethereum,487371992
2019-05-28,Ethereum,514872051
2019-05-29,Ethereum,498987033
2019-05-30,Ethereum,494627934
2019-05-31,Ethereum,512537933
2019-06-01,Ethereum,472847399
2019-06-02,Ethereum,497830025
2019-06-03,Ethereum,500127190
2019-06-04,Ethereum,485851448
2019-06-05,Ethereum,455464631
2019-06-06,Ethereum,458331950
2019-06-07,Ethereum,461237618
2019-06-08,Ethereum,465315261
2019-06-09,Ethereum,465711379
2019-06-10,Ethereum,456916372
2019-06-11,Ethereum,458463024
2019-06-12,Ethereum,452611499
2019-06-13,Ethereum,470698244
2019-06-14,Ethereum,481696600
2019-06-15,Ethereum,480287425
2019-06-16,Ethereum,491502339
2019-06-17,Ethereum,505563829
2019-06-18,Ethereum,508648762
2019-06-19,Ethereum,500888028
2019-06-20,Ethereum,499846692
2019-06-21,Ethereum,503507244
2019-06-22,Ethereum,540552020
2019-06-23,Ethereum,568785450
2019-06-24,Ethereum,567445764
2019-06-25,Ethereum,573143459
2019-06-26,Ethereum,568708212
2019-06-27,Ethereum,591078274
2019-06-28,Ethereum,552910720
2019-06-29,Ethereum,543051020
2019-06-30,Ethereum,542532241
2019-07-01,Ethereum,531461064
2019-07-02,Ethereum,525350725
2019-07-03,Ethereum,502883500
2019-07-04,Ethereum,530495517
2019-07-05,Ethereum,534615690
2019-07-06,Ethereum,532710865
2019-07-07,Ethereum,524221247
2019-07-08,Ethereum,534477607
2019-07-09,Ethereum,560331576
2019-07-10,Ethereum,563890234
2019-07-11,Ethereum,551630909
2019-07-12,Ethereum,502577319
2019-07-13,Ethereum,506751356
2019-07-14,Ethereum,492044116
2019-07-15,Ethereum,454555786
2019-07-16,Ethereum,451334563
2019-07-17,Ethereum,461975687
2019-07-18,Ethereum,443736851
2019-07-19,Ethereum,436985774
2019-07-20,Ethereum,437208909
2019-07-21,Ethereum,452675725
2019-07-22,Ethereum,487291800
2019-07-23,Ethereum,434230255
2019-07-24,Ethereum,409186274
2019-07-25,Ethereum,448443317
2019-07-26,Ethereum,428073197
2019-07-27,Ethereum,422243898
2019-07-28,Ethereum,402767290
2019-07-29,Ethereum,407166104
2019-07-30,Ethereum,406781868
2019-07-31,Ethereum,408697642
2019-08-01,Ethereum,417633282
2019-08-02,Ethereum,418221061
2019-08-03,Ethereum,428073353
2019-08-04,Ethereum,431471834
2019-08-05,Ethereum,429764804
2019-08-06,Ethereum,454195125
2019-08-07,Ethereum,436040933
2019-08-08,Ethereum,433419583
2019-08-09,Ethereum,452962074
2019-08-10,Ethereum,436374290
2019-08-11,Ethereum,428714829
2019-08-12,Ethereum,441895509
2019-08-13,Ethereum,442896825
2019-08-14,Ethereum,451379386
2019-08-15,Ethereum,433576742
2019-08-16,Ethereum,412932231
2019-08-17,Ethereum,417466602
2019-08-18,Ethereum,416010185
2019-08-19,Ethereum,431515559
2019-08-20,Ethereum,452669640
2019-08-21,Ethereum,443632021
2019-08-22,Ethereum,431246765
2019-08-23,Ethereum,430470024
2019-08-24,Ethereum,435344422
2019-08-25,Ethereum,434835163
2019-08-26,Ethereum,436731046
2019-08-27,Ethereum,435634766
2019-08-28,Ethereum,438418831
2019-08-29,Ethereum,434881647
2019-08-30,Ethereum,420084933
2019-08-31,Ethereum,419174143
2019-09-01,Ethereum,414229850
2019-09-02,Ethereum,419822865
2019-09-03,Ethereum,427393987
2019-09-04,Ethereum,446062511
2019-09-05,Ethereum,441680361
2019-09-06,Ethereum,430397388
2019-09-07,Ethereum,432542951
2019-09-08,Ethereum,431670284
2019-09-09,Ethereum,444064062
2019-09-10,Ethereum,454119915
2019-09-11,Ethereum,448765165
2019-09-12,Ethereum,448360732
2019-09-13,Ethereum,453065654
2019-09-14,Ethereum,449959697
2019-09-15,Ethereum,448075648
2019-09-16,Ethereum,476918786
2019-09-17,Ethereum,490743644
2019-09-18,Ethereum,504647334
2019-09-19,Ethereum,524619550
2019-09-20,Ethereum,521270612
2019-09-21,Ethereum,534853682
2019-09-22,Ethereum,531410497
2019-09-23,Ethereum,521089432
2019-09-24,Ethereum,513747689
2019-09-25,Ethereum,473798880
2019-09-26,Ethereum,429765681
2019-09-27,Ethereum,448885279
2019-09-28,Ethereum,448305047
2019-09-29,Ethereum,459055196
2019-09-30,Ethereum,449392756
2019-10-01,Ethereum,460478737
2019-10-02,Ethereum,468467860
2019-10-03,Ethereum,469759575
2019-10-04,Ethereum,464886362
2019-10-05,Ethereum,464292908
2019-10-06,Ethereum,458924231
2019-10-07,Ethereum,457835664
2019-10-08,Ethereum,469556828
2019-10-09,Ethereum,479618450
2019-10-10,Ethereum,497798465
2019-10-11,Ethereum,507867466
2019-10-12,Ethereum,495437951
2019-10-13,Ethereum,491387221
2019-10-14,Ethereum,495508497
2019-10-15,Ethereum,494457857
2019-10-16,Ethereum,491295305
2019-10-17,Ethereum,485289283
2019-10-18,Ethereum,488902927
2019-10-19,Ethereum,483195757
2019-10-20,Ethereum,484359011
2019-10-21,Ethereum,482779013
2019-10-22,Ethereum,501495158
2019-10-23,Ethereum,501612538
2019-10-24,Ethereum,504293040
2019-10-25,Ethereum,487781757
2019-10-26,Ethereum,536564631
2019-10-27,Ethereum,552363304
2019-10-28,Ethereum,585884484
2019-10-29,Ethereum,591157220
2019-10-30,Ethereum,598073585
2019-10-31,Ethereum,579395203
2019-11-01,Ethereum,558561779
2019-11-02,Ethereum,557071114
2019-11-03,Ethereum,557849668
2019-11-04,Ethereum,555886499
2019-11-05,Ethereum,592041728
2019-11-06,Ethereum,595937674
2019-11-07,Ethereum,597909996
2019-11-08,Ethereum,586054174
2019-11-09,Ethereum,600199426
2019-11-10,Ethereum,599493501
2019-11-11,Ethereum,583384591
2019-11-12,Ethereum,598450857
2019-11-13,Ethereum,604460707
2019-11-14,Ethereum,601074950
2019-11-15,Ethereum,596137614
2019-11-16,Ethereum,573659308
2019-11-17,Ethereum,583648172
2019-11-18,Ethereum,599124673
2019-11-19,Ethereum,608190626
2019-11-20,Ethereum,606769946
2019-11-21,Ethereum,605215546
2019-11-22,Ethereum,602025708
2019-11-23,Ethereum,568695755
2019-11-24,Ethereum,574619036
2019-11-25,Ethereum,588834677
2019-11-26,Ethereum,598978707
2019-11-27,Ethereum,614130077
2019-11-28,Ethereum,645973332
2019-11-29,Ethereum,646738314
2019-11-30,Ethereum,623022852
2019-12-01,Ethereum,618998157
2019-12-02,Ethereum,592530843
2019-12-03,Ethereum,624871193
2019-12-04,Ethereum,619422598
2019-12-05,Ethereum,616758251
2019-12-06,Ethereum,614418082
2019-12-07,Ethereum,607765633
2019-12-08,Ethereum,606638338
2019-12-09,Ethereum,630375654
2019-12-10,Ethereum,627975429
2019-12-11,Ethereum,608680182
2019-12-12,Ethereum,607080709
2019-12-13,Ethereum,617521228
2019-12-14,Ethereum,611408968
2019-12-15,Ethereum,613549511
2019-12-16,Ethereum,623841597
2019-12-17,Ethereum,614464203
2019-12-18,Ethereum,582714940
2019-12-19,Ethereum,574674054
2019-12-20,Ethereum,592958634
2019-12-21,Ethereum,596259664
2019-12-22,Ethereum,597689907
2019-12-23,Ethereum,609592628
2019-12-24,Ethereum,614842712
2019-12-25,Ethereum,604710916
2019-12-26,Ethereum,594297587
2019-12-27,Ethereum,589013702
2019-12-28,Ethereum,585762476
2019-12-29,Ethereum,594827274
2019-12-30,Ethereum,603662457
2019-12-31,Ethereum,609578786
2020-01-01,Ethereum,606094144
2020-01-02,Ethereum,605260224
2020-01-03,Ethereum,599700961
2020-01-04,Ethereum,609194464
2020-01-05,Ethereum,608225875
2020-01-06,Ethereum,610140084
2020-01-07,Ethereum,609488563
2020-01-08,Ethereum,616940071
2020-01-09,Ethereum,627337915
2020-01-10,Ethereum,591002739
2020-01-11,Ethereum,585697860
2020-01-12,Ethereum,615427563
2020-01-13,Ethereum,619481866
2020-01-14,Ethereum,627897116
2020-01-15,Ethereum,677754524
2020-01-16,Ethereum,700335339
2020-01-17,Ethereum,704767165
2020-01-18,Ethereum,729580177
2020-01-19,Ethereum,720435461
2020-01-20,Ethereum,700193516
2020-01-21,Ethereum,698828005
2020-01-22,Ethereum,728094072
2020-01-23,Ethereum,717928005
2020-01-24,Ethereum,698880694
2020-01-25,Ethereum,694165601
2020-01-26,Ethereum,701940467
2020-01-27,Ethereum,709907244
2020-01-28,Ethereum,745635194
2020-01-29,Ethereum,760463093
2020-01-30,Ethereum,772944085
2020-01-31,Ethereum,781557542
2020-02-01,Ethereum,794204774
2020-02-02,Ethereum,804187470
2020-02-03,Ethereum,814154940
2020-02-04,Ethereum,808800998
2020-02-05,Ethereum,805940611
2020-02-06,Ethereum,838576557
2020-02-07,Ethereum,878624778
2020-02-08,Ethereum,891727767
2020-02-09,Ethereum,901519597
2020-02-10,Ethereum,889444973
2020-02-11,Ethereum,882783893
2020-02-12,Ethereum,896848641
2020-02-13,Ethereum,987054648
2020-02-14,Ethereum,1011705815
2020-02-15,Ethereum,1045119349
2020-02-16,Ethereum,1041206488
2020-02-17,Ethereum,1003854491
2020-02-18,Ethereum,968978260
2020-02-19,Ethereum,1032769866
2020-02-20,Ethereum,956123481
2020-02-21,Ethereum,896019923
2020-02-22,Ethereum,914739349
2020-02-23,Ethereum,921830239
2020-02-24,Ethereum,945222348
2020-02-25,Ethereum,937314876
2020-02-26,Ethereum,895231268
2020-02-27,Ethereum,835945023
2020-02-28,Ethereum,829811516
2020-02-29,Ethereum,811948702
2020-03-01,Ethereum,828293436
2020-03-02,Ethereum,815453026
2020-03-03,Ethereum,818795704
2020-03-04,Ethereum,833516907
2020-03-05,Ethereum,813432960
2020-03-06,Ethereum,824903310
2020-03-07,Ethereum,850504891
2020-03-08,Ethereum,849998127
2020-03-09,Ethereum,781909022
2020-03-10,Ethereum,752107406
2020-03-11,Ethereum,770000473
2020-03-12,Ethereum,665641906
2020-03-13,Ethereum,525851096
2020-03-14,Ethereum,514778002
2020-03-15,Ethereum,484409708
2020-03-16,Ethereum,448184299
2020-03-17,Ethereum,434318818
2020-03-18,Ethereum,448529183
2020-03-19,Ethereum,445124343
2020-03-20,Ethereum,493642228
2020-03-21,Ethereum,517392587
2020-03-22,Ethereum,497837898
2020-03-23,Ethereum,476912091
2020-03-24,Ethereum,486317736
2020-03-25,Ethereum,526959232
2020-03-26,Ethereum,517665933
2020-03-27,Ethereum,527549814
2020-03-28,Ethereum,524942287
2020-03-29,Ethereum,509393752
2020-03-30,Ethereum,510937039
2020-03-31,Ethereum,534587501
2020-04-01,Ethereum,538376176
2020-04-02,Ethereum,538121598
2020-04-03,Ethereum,565868238
2020-04-04,Ethereum,578553007
2020-04-05,Ethereum,570144871
2020-04-06,Ethereum,577880379
2020-04-07,Ethereum,621895422
2020-04-08,Ethereum,647701695
2020-04-09,Ethereum,630170852
2020-04-10,Ethereum,611977022
2020-04-11,Ethereum,592765664
2020-04-12,Ethereum,589826842
2020-04-13,Ethereum,592503414
2020-04-14,Ethereum,585227311
2020-04-15,Ethereum,591533900
2020-04-16,Ethereum,588991734
2020-04-17,Ethereum,629446719
2020-04-18,Ethereum,630898211
2020-04-19,Ethereum,658250604
2020-04-20,Ethereum,672866021
2020-04-21,Ethereum,664914576
2020-04-22,Ethereum,648027848
2020-04-23,Ethereum,669556852
2020-04-24,Ethereum,676641578
2020-04-25,Ethereum,683341353
2020-04-26,Ethereum,697361971
2020-04-27,Ethereum,719337412
2020-04-28,Ethereum,722085076
2020-04-29,Ethereum,728167140
2020-04-30,Ethereum,767906915
2020-05-01,Ethereum,761478823
2020-05-02,Ethereum,767298058
2020-05-03,Ethereum,786258081
2020-05-04,Ethereum,779147498
2020-05-05,Ethereum,747930398
2020-05-06,Ethereum,778277487
2020-05-07,Ethereum,783840135
2020-05-08,Ethereum,777823899
2020-05-09,Ethereum,795417922
2020-05-10,Ethereum,797271459
2020-05-11,Ethereum,740775650
2020-05-12,Ethereum,724299529
2020-05-13,Ethereum,732558911
2020-05-14,Ethereum,726564700
2020-05-15,Ethereum,748941423
2020-05-16,Ethereum,737205932
2020-05-17,Ethereum,748126855
2020-05-18,Ethereum,750396553
2020-05-19,Ethereum,780951924
2020-05-20,Ethereum,833141935
2020-05-21,Ethereum,843826338
2020-05-22,Ethereum,818852707
2020-05-23,Ethereum,834623115
2020-05-24,Ethereum,836650227
2020-05-25,Ethereum,826134440
2020-05-26,Ethereum,821527685
2020-05-27,Ethereum,824166971
2020-05-28,Ethereum,833777143
2020-05-29,Ethereum,835296058
2020-05-30,Ethereum,860461043
2020-05-31,Ethereum,922003392
2020-06-01,Ethereum,932138792
2020-06-02,Ethereum,932589534
2020-06-03,Ethereum,961083535
2020-06-04,Ethereum,947052111
2020-06-05,Ethereum,965359060
2020-06-06,Ethereum,969586732
2020-06-07,Ethereum,968813914
2020-06-08,Ethereum,970008062
2020-06-09,Ethereum,975017952
2020-06-10,Ethereum,932375728
2020-06-11,Ethereum,946503846
2020-06-12,Ethereum,974272676
2020-06-13,Ethereum,973521611
2020-06-14,Ethereum,962436658
2020-06-15,Ethereum,944477943
2020-06-16,Ethereum,940672280
2020-06-17,Ethereum,1061094488
2020-06-18,Ethereum,1105540779
2020-06-19,Ethereum,1204604021
2020-06-20,Ethereum,1327349271
2020-06-21,Ethereum,1416669467
2020-06-22,Ethereum,1490653109
2020-06-23,Ethereum,1522333767
2020-06-24,Ethereum,1586636307
2020-06-25,Ethereum,1640441438
2020-06-26,Ethereum,1651089134
2020-06-27,Ethereum,1662901923
2020-06-28,Ethereum,1666854521
2020-06-29,Ethereum,1677355172
2020-06-30,Ethereum,1663748788
2020-07-01,Ethereum,1670850694
2020-07-02,Ethereum,1764777082
2020-07-03,Ethereum,1772901599
2020-07-04,Ethereum,1812469054
2020-07-05,Ethereum,1861224169
2020-07-06,Ethereum,1898045285
2020-07-07,Ethereum,1972462717
2020-07-08,Ethereum,2055942187
2020-07-09,Ethereum,2125543591
2020-07-10,Ethereum,2133734500
2020-07-11,Ethereum,2126408703
2020-07-12,Ethereum,2173923037
2020-07-13,Ethereum,2205398117
2020-07-14,Ethereum,2169248091
2020-07-15,Ethereum,2195390062
2020-07-16,Ethereum,2213524384
2020-07-17,Ethereum,2258111784
2020-07-18,Ethereum,2298315381
2020-07-19,Ethereum,2348525267
2020-07-20,Ethereum,2590383033
2020-07-21,Ethereum,2746186942
2020-07-22,Ethereum,2894266070
2020-07-23,Ethereum,3011436225
2020-07-24,Ethereum,3228090245
2020-07-25,Ethereum,3260769871
2020-07-26,Ethereum,3266427323
2020-07-27,Ethereum,3196840509
2020-07-28,Ethereum,3221568027
2020-07-29,Ethereum,3198928338
2020-07-30,Ethereum,3325120382
2020-07-31,Ethereum,3426725571
2020-08-01,Ethereum,3648572252
2020-08-02,Ethereum,3673641292
2020-08-03,Ethereum,3737402643
2020-08-04,Ethereum,3860160819
2020-08-05,Ethereum,3998888072
2020-08-06,Ethereum,4042749089
2020-08-07,Ethereum,4018369221
2020-08-08,Ethereum,4050812131
2020-08-09,Ethereum,4149123931
2020-08-10,Ethereum,4279970436
2020-08-11,Ethereum,4274720878
2020-08-12,Ethereum,4289913464
2020-08-13,Ethereum,4240334938
2020-08-14,Ethereum,4442292002
2020-08-15,Ethereum,5448312988
2020-08-16,Ethereum,5581089568
2020-08-17,Ethereum,5827303563
2020-08-18,Ethereum,5961340560
2020-08-19,Ethereum,5889965506
2020-08-20,Ethereum,5968164262
2020-08-21,Ethereum,6089881006
2020-08-22,Ethereum,5965629985
2020-08-23,Ethereum,6121622438
2020-08-24,Ethereum,6139782716
2020-08-25,Ethereum,6328266930
2020-08-26,Ethereum,6428640894
2020-08-27,Ethereum,6658236581
2020-08-28,Ethereum,6643211146
2020-08-29,Ethereum,7080432905
2020-08-30,Ethereum,7333063262
2020-08-31,Ethereum,7757328031
2020-09-01,Ethereum,8151918371
2020-09-02,Ethereum,8832690949
2020-09-03,Ethereum,8660171784
2020-09-04,Ethereum,8191541382
2020-09-05,Ethereum,8151087454
2020-09-06,Ethereum,6971328714
2020-09-07,Ethereum,7203836710
2020-09-08,Ethereum,7250758636
2020-09-09,Ethereum,8207846698
2020-09-10,Ethereum,7286283984
2020-09-11,Ethereum,8379632562
2020-09-12,Ethereum,8014646703
2020-09-13,Ethereum,7566579658
2020-09-14,Ethereum,7907995994
2020-09-15,Ethereum,8083049609
2020-09-16,Ethereum,7998899209
2020-09-17,Ethereum,7608636948
2020-09-18,Ethereum,8149255918
2020-09-19,Ethereum,8682384432
2020-09-20,Ethereum,9344804351
2020-09-21,Ethereum,9383942116
2020-09-22,Ethereum,8790330815
2020-09-23,Ethereum,8843101785
2020-09-24,Ethereum,8934065020
2020-09-25,Ethereum,9230409047
2020-09-26,Ethereum,9460347087
2020-09-27,Ethereum,9716557610
2020-09-28,Ethereum,9733028530
2020-09-29,Ethereum,9801071168
2020-09-30,Ethereum,9724179935
2020-10-01,Ethereum,9697087675
2020-10-02,Ethereum,9619943822
2020-10-03,Ethereum,9359539690
2020-10-04,Ethereum,9451272975
2020-10-05,Ethereum,9424147531
2020-10-06,Ethereum,9242351082
2020-10-07,Ethereum,8814161284
2020-10-08,Ethereum,8687037947
2020-10-09,Ethereum,8953470511
2020-10-10,Ethereum,9366265458
2020-10-11,Ethereum,9446513959
2020-10-12,Ethereum,9544303742
2020-10-13,Ethereum,9604875044
2020-10-14,Ethereum,9654544621
2020-10-15,Ethereum,9550777297
2020-10-16,Ethereum,9472936517
2020-10-17,Ethereum,9311510106
2020-10-18,Ethereum,9282879138
2020-10-19,Ethereum,9385371541
2020-10-20,Ethereum,9353774620
2020-10-21,Ethereum,9193529008
2020-10-22,Ethereum,9316576713
2020-10-23,Ethereum,9514118841
2020-10-24,Ethereum,9556682877
2020-10-25,Ethereum,9665564186
2020-10-26,Ethereum,9860860706
2020-10-27,Ethereum,9405978095
2020-10-28,Ethereum,9617000736
2020-10-29,Ethereum,9555730278
2020-10-30,Ethereum,9354827447
2020-10-31,Ethereum,9303919995
2020-11-01,Ethereum,9411534068
2020-11-02,Ethereum,9427744604
2020-11-03,Ethereum,9201253719
2020-11-04,Ethereum,9203912667
2020-11-05,Ethereum,9298008637
2020-11-06,Ethereum,9677658198
2020-11-07,Ethereum,10170065725
2020-11-08,Ethereum,10184095502
2020-11-09,Ethereum,10500009703
2020-11-10,Ethereum,10772661453
2020-11-11,Ethereum,10970560139
2020-11-12,Ethereum,11185535208
2020-11-13,Ethereum,11203583443
2020-11-14,Ethereum,11401322964
2020-11-15,Ethereum,11377289555
2020-11-16,Ethereum,11371831674
2020-11-17,Ethereum,12014230465
2020-11-18,Ethereum,11146009471
2020-11-19,Ethereum,11239541629
2020-11-20,Ethereum,11433552868
2020-11-21,Ethereum,11849439269
2020-11-22,Ethereum,11918723729
2020-11-23,Ethereum,11568888602
2020-11-24,Ethereum,12057305463
2020-11-25,Ethereum,11929123879
2020-11-26,Ethereum,11555446677
2020-11-27,Ethereum,10737128211
2020-11-28,Ethereum,10753304454
2020-11-29,Ethereum,11157821448
2020-11-30,Ethereum,11827776817
2020-12-01,Ethereum,12303682738
2020-12-02,Ethereum,12260723600
2020-12-03,Ethereum,12396375587
2020-12-04,Ethereum,12400250918
2020-12-05,Ethereum,12052724421
2020-12-06,Ethereum,12363941752
2020-12-07,Ethereum,12391687186
2020-12-08,Ethereum,12424341369
2020-12-09,Ethereum,12037659948
2020-12-10,Ethereum,12045902341
2020-12-11,Ethereum,11764091695
2020-12-12,Ethereum,11678739825
2020-12-13,Ethereum,12126631871
2020-12-14,Ethereum,12404025453
2020-12-15,Ethereum,12513567184
2020-12-16,Ethereum,12757404077
2020-12-17,Ethereum,12951601058
2020-12-18,Ethereum,13310601874
2020-12-19,Ethereum,13509288332
2020-12-20,Ethereum,13661265333
2020-12-21,Ethereum,13318204977
2020-12-22,Ethereum,13137099562
2020-12-23,Ethereum,13470605263
2020-12-24,Ethereum,13183870002
2020-12-25,Ethereum,13409331946
2020-12-26,Ethereum,13938594284
2020-12-27,Ethereum,14022277400
2020-12-28,Ethereum,14259563778
2020-12-29,Ethereum,14910963507
2020-12-30,Ethereum,14643167990
2020-12-31,Ethereum,14553477631
2021-01-01,Ethereum,14718515682
2021-01-02,Ethereum,14980290541
2021-01-03,Ethereum,15598265460
2021-01-04,Ethereum,17052654533
2021-01-05,Ethereum,18271125492
2021-01-06,Ethereum,19778365658
2021-01-07,Ethereum,20582691137
2021-01-08,Ethereum,21263587948
2021-01-09,Ethereum,21441417533
2021-01-10,Ethereum,21677953799
2021-01-11,Ethereum,21194254081
2021-01-12,Ethereum,19493694504
2021-01-13,Ethereum,20114553966
2021-01-14,Ethereum,20571170399
2021-01-15,Ethereum,20841126088
2021-01-16,Ethereum,21252613607
2021-01-17,Ethereum,21660255112
2021-01-18,Ethereum,21856525195
2021-01-19,Ethereum,22453821642
2021-01-20,Ethereum,23199746251
2021-01-21,Ethereum,21906078044
2021-01-22,Ethereum,20591580000
2021-01-23,Ethereum,21561270682
2021-01-24,Ethereum,22463524176
2021-01-25,Ethereum,23780197107
2021-01-26,Ethereum,23863948920
2021-01-27,Ethereum,23313906189
2021-01-28,Ethereum,22961106193
2021-01-29,Ethereum,24185674128
2021-01-30,Ethereum,25246884302
2021-01-31,Ethereum,25078657513
2021-02-01,Ethereum,24955985483
2021-02-02,Ethereum,25705473352
2021-02-03,Ethereum,28698811960
2021-02-04,Ethereum,30620302509
2021-02-05,Ethereum,31942664956
2021-02-06,Ethereum,33299305838
2021-02-07,Ethereum,32868686351
2021-02-08,Ethereum,33123165617
2021-02-09,Ethereum,35382270953
2021-02-10,Ethereum,36730303501
2021-02-11,Ethereum,37689039745
2021-02-12,Ethereum,38532970003
2021-02-13,Ethereum,38235780238
2021-02-14,Ethereum,38025556764
2021-02-15,Ethereum,38384014586
2021-02-16,Ethereum,38081180721
2021-02-17,Ethereum,38603500257
2021-02-18,Ethereum,39238600419
2021-02-19,Ethereum,39946810846
2021-02-20,Ethereum,40805217868
2021-02-21,Ethereum,41693172308
2021-02-22,Ethereum,40963231049
2021-02-23,Ethereum,37072115101
2021-02-24,Ethereum,34454993644
2021-02-25,Ethereum,36239934312
2021-02-26,Ethereum,34982489087
2021-02-27,Ethereum,33901546008
2021-02-28,Ethereum,33569024395
2021-03-01,Ethereum,33758669271
2021-03-02,Ethereum,36283856753
2021-03-03,Ethereum,36971081756
2021-03-04,Ethereum,37870600296
2021-03-05,Ethereum,37347226162
2021-03-06,Ethereum,37074159016
2021-03-07,Ethereum,37376263463
2021-03-08,Ethereum,37231922093
2021-03-09,Ethereum,38452822359
2021-03-10,Ethereum,39961762992
2021-03-11,Ethereum,39382035167
2021-03-12,Ethereum,39543035384
2021-03-13,Ethereum,41686575858
2021-03-14,Ethereum,43851825614
2021-03-15,Ethereum,43357765187
2021-03-16,Ethereum,41969292053
2021-03-17,Ethereum,42461153597
2021-03-18,Ethereum,43211484330
2021-03-19,Ethereum,43307154217
2021-03-20,Ethereum,44421163649
2021-03-21,Ethereum,44857245016
2021-03-22,Ethereum,43575281561
2021-03-23,Ethereum,42598094155
2021-03-24,Ethereum,41555441596
2021-03-25,Ethereum,40767170198
2021-03-26,Ethereum,40005134864
2021-03-27,Ethereum,41862795384
2021-03-28,Ethereum,41779081294
2021-03-29,Ethereum,42293652727
2021-03-30,Ethereum,44543880088
2021-03-31,Ethereum,46482600727
2021-04-01,Ethereum,46693464737
2021-04-02,Ethereum,48216486293
2021-04-03,Ethereum,49688233582
2021-04-04,Ethereum,54931395185
2021-04-05,Ethereum,55718370912
2021-04-06,Ethereum,56657608209
2021-04-07,Ethereum,56898538750
2021-04-08,Ethereum,52967055340
2021-04-09,Ethereum,55134159924
2021-04-10,Ethereum,55642137765
2021-04-11,Ethereum,56636134405
2021-04-12,Ethereum,56481522030
2021-04-13,Ethereum,57234276389
2021-04-14,Ethereum,59391519886
2021-04-15,Ethereum,62270797962
2021-04-16,Ethereum,63886762035
2021-04-17,Ethereum,64097463408
2021-04-18,Ethereum,63250095706
2021-04-19,Ethereum,59029057334
2021-04-20,Ethereum,59183612796
2021-04-21,Ethereum,60415805704
2021-04-22,Ethereum,60712686373
2021-04-23,Ethereum,62465915922
2021-04-24,Ethereum,59139447616
2021-04-25,Ethereum,56978290416
2021-04-26,Ethereum,58938115234
2021-04-27,Ethereum,64391463479
2021-04-28,Ethereum,66515003762
2021-04-29,Ethereum,68470539733
2021-04-30,Ethereum,66355067089
2021-05-01,Ethereum,67490626181
2021-05-02,Ethereum,69564328050
2021-05-03,Ethereum,70123900525
2021-05-04,Ethereum,75404364835
2021-05-05,Ethereum,75467325856
2021-05-06,Ethereum,76760875787
2021-05-07,Ethereum,78725467521
2021-05-08,Ethereum,78276340266
2021-05-09,Ethereum,81309004458
2021-05-10,Ethereum,82933478733
2021-05-11,Ethereum,83519659114
2021-05-12,Ethereum,84368650747
2021-05-13,Ethereum,83283473206
2021-05-14,Ethereum,78283879842
2021-05-15,Ethereum,81747220063
2021-05-16,Ethereum,78730473853
2021-05-17,Ethereum,77082877898
2021-05-18,Ethereum,74457856270
2021-05-19,Ethereum,71855319132
2021-05-20,Ethereum,60745347154
2021-05-21,Ethereum,60565447684
2021-05-22,Ethereum,57925468696
2021-05-23,Ethereum,52726956465
2021-05-24,Ethereum,50155952203
2021-05-25,Ethereum,56208407005
2021-05-26,Ethereum,58080560747
2021-05-27,Ethereum,61845250877
2021-05-28,Ethereum,60385975859
2021-05-29,Ethereum,55841527990
2021-05-30,Ethereum,54542948134
2021-05-31,Ethereum,57478657539
2021-06-01,Ethereum,59966296650
2021-06-02,Ethereum,61008781125
2021-06-03,Ethereum,63973407740
2021-06-04,Ethereum,64655155619
2021-06-05,Ethereum,62303429562
2021-06-06,Ethereum,62892052738
2021-06-07,Ethereum,63619855136
2021-06-08,Ethereum,63201013845
2021-06-09,Ethereum,61684505860
2021-06-10,Ethereum,63072227219
2021-06-11,Ethereum,61383644182
2021-06-12,Ethereum,60007083477
2021-06-13,Ethereum,60013333079
2021-06-14,Ethereum,61825983784
2021-06-15,Ethereum,63502295984
2021-06-16,Ethereum,63837950711
2021-06-17,Ethereum,61112732910
2021-06-18,Ethereum,59716581058
2021-06-19,Ethereum,58249941006
2021-06-20,Ethereum,57655129426
2021-06-21,Ethereum,54305274338
2021-06-22,Ethereum,49885162568
2021-06-23,Ethereum,49927720421
2021-06-24,Ethereum,51602209395
2021-06-25,Ethereum,51733203439
2021-06-26,Ethereum,50061494554
2021-06-27,Ethereum,50359219824
2021-06-28,Ethereum,51923977080
2021-06-29,Ethereum,53757136277
2021-06-30,Ethereum,55331482236
2021-07-01,Ethereum,55581216058
2021-07-02,Ethereum,54807790712
2021-07-03,Ethereum,54788272838
2021-07-04,Ethereum,56771186823
2021-07-05,Ethereum,58067093125
2021-07-06,Ethereum,58128211858
2021-07-07,Ethereum,60004501493
2021-07-08,Ethereum,60132414290
2021-07-09,Ethereum,57865793312
2021-07-10,Ethereum,57858135742
2021-07-11,Ethereum,58454619179
2021-07-12,Ethereum,58032063552
2021-07-13,Ethereum,56671991381
2021-07-14,Ethereum,55836271997
2021-07-15,Ethereum,55766519335
2021-07-16,Ethereum,54712044245
2021-07-17,Ethereum,54165289125
2021-07-18,Ethereum,54672423538
2021-07-19,Ethereum,54315987943
2021-07-20,Ethereum,52798055786
2021-07-21,Ethereum,52915220532
2021-07-22,Ethereum,55946333456
2021-07-23,Ethereum,55816516194
2021-07-24,Ethereum,57225132130
2021-07-25,Ethereum,58123771503
2021-07-26,Ethereum,59204811772
2021-07-27,Ethereum,60022237539
2021-07-28,Ethereum,61573239773
2021-07-29,Ethereum,61274190483
2021-07-30,Ethereum,62695603186
2021-07-31,Ethereum,64064230537
2021-08-01,Ethereum,64984085249
2021-08-02,Ethereum,64603960156
2021-08-03,Ethereum,64650592677
2021-08-04,Ethereum,64464560924
2021-08-05,Ethereum,66926286740
2021-08-06,Ethereum,68869793408
2021-08-07,Ethereum,70726517064
2021-08-08,Ethereum,73161095748
2021-08-09,Ethereum,72305169681
2021-08-10,Ethereum,74002288924
2021-08-11,Ethereum,73837796355
2021-08-12,Ethereum,74010581714
2021-08-13,Ethereum,73855046145
2021-08-14,Ethereum,77366255933
2021-08-15,Ethereum,76619025472
2021-08-16,Ethereum,76790443849
2021-08-17,Ethereum,74674675979
2021-08-18,Ethereum,73082393098
2021-08-19,Ethereum,74104293637
2021-08-20,Ethereum,76341221432
2021-08-21,Ethereum,78469424901
2021-08-22,Ethereum,77890248580
2021-08-23,Ethereum,78665169373
2021-08-24,Ethereum,79006782913
2021-08-25,Ethereum,77119729425
2021-08-26,Ethereum,77327656555
2021-08-27,Ethereum,76371768379
2021-08-28,Ethereum,78855784948
2021-08-29,Ethereum,78331615740
2021-08-30,Ethereum,77971211575
2021-08-31,Ethereum,78582592748
2021-09-01,Ethereum,82168848993
2021-09-02,Ethereum,86370596709
2021-09-03,Ethereum,86673590681
2021-09-04,Ethereum,88230363475
2021-09-05,Ethereum,88399607721
2021-09-06,Ethereum,89689794070
2021-09-07,Ethereum,87287882585
2021-09-08,Ethereum,80936379343
2021-09-09,Ethereum,80668032027
2021-09-10,Ethereum,79350050839
2021-09-11,Ethereum,77081461945
2021-09-12,Ethereum,78087864328
2021-09-13,Ethereum,79614564143
2021-09-14,Ethereum,78406713477
2021-09-15,Ethereum,82163007720
2021-09-16,Ethereum,84325468142
2021-09-17,Ethereum,83459359367
2021-09-18,Ethereum,81697547022
2021-09-19,Ethereum,81764570871
2021-09-20,Ethereum,78023664659
2021-09-21,Ethereum,71801782565
2021-09-22,Ethereum,71718265486
2021-09-23,Ethereum,76115530853
2021-09-24,Ethereum,76277846027
2021-09-25,Ethereum,74008802940
2021-09-26,Ethereum,74786763294
2021-09-27,Ethereum,75797342815
2021-09-28,Ethereum,73346180868
2021-09-29,Ethereum,72261303689
2021-09-30,Ethereum,73729987574
2021-10-01,Ethereum,76190032201
2021-10-02,Ethereum,79844960322
2021-10-03,Ethereum,81156522375
2021-10-04,Ethereum,81456286682
2021-10-05,Ethereum,81901430164
2021-10-06,Ethereum,83171829797
2021-10-07,Ethereum,84549257675
2021-10-08,Ethereum,83932007343
2021-10-09,Ethereum,83361600801
2021-10-10,Ethereum,83586911557
2021-10-11,Ethereum,81476338665
2021-10-12,Ethereum,83231706064
2021-10-13,Ethereum,83042427243
2021-10-14,Ethereum,85417490002
2021-10-15,Ethereum,88238068744
2021-10-16,Ethereum,90345841398
2021-10-17,Ethereum,90177485202
2021-10-18,Ethereum,90633537229
2021-10-19,Ethereum,89127907442
2021-10-20,Ethereum,91156194438
2021-10-21,Ethereum,97030561720
2021-10-22,Ethereum,95159631172
2021-10-23,Ethereum,93753228232
2021-10-24,Ethereum,96712018711
2021-10-25,Ethereum,95650500790
2021-10-26,Ethereum,97767138037
2021-10-27,Ethereum,96673228001
2021-10-28,Ethereum,93084455078
2021-10-29,Ethereum,98016231620
2021-10-30,Ethereum,95660853770
2021-10-31,Ethereum,93435560977
2021-11-01,Ethereum,93409052681
2021-11-02,Ethereum,94739448479
2021-11-03,Ethereum,100645177227
2021-11-04,Ethereum,101525984830
2021-11-05,Ethereum,101274385985
2021-11-06,Ethereum,100679778930
2021-11-07,Ethereum,101735209685
2021-11-08,Ethereum,104329512085
2021-11-09,Ethereum,107449681996
2021-11-10,Ethereum,106641966264
2021-11-11,Ethereum,104283153330
2021-11-12,Ethereum,105634589170
2021-11-13,Ethereum,104870183720
2021-11-14,Ethereum,105346386652
2021-11-15,Ethereum,105666849526
2021-11-16,Ethereum,103746477547
2021-11-17,Ethereum,98810835286
2021-11-18,Ethereum,100092754499
2021-11-19,Ethereum,95689038375
2021-11-20,Ethereum,100911230268
2021-11-21,Ethereum,103384626659
2021-11-22,Ethereum,101413074457
2021-11-23,Ethereum,97965073187
2021-11-24,Ethereum,102122951232
2021-11-25,Ethereum,101071769080
2021-11-26,Ethereum,104760856543
2021-11-27,Ethereum,96695494890
2021-11-28,Ethereum,97419768091
2021-11-29,Ethereum,100711085975
2021-11-30,Ethereum,102916102771
2021-12-01,Ethereum,105103433304
2021-12-02,Ethereum,104304841641
2021-12-03,Ethereum,103274666936
2021-12-04,Ethereum,98567595005
2021-12-05,Ethereum,94666131013
2021-12-06,Ethereum,95447154300
2021-12-07,Ethereum,98458077566
2021-12-08,Ethereum,98399638444
2021-12-09,Ethereum,100484339825
2021-12-10,Ethereum,95409935696
2021-12-11,Ethereum,92355502663
2021-12-12,Ethereum,94885455446
2021-12-13,Ethereum,95985177549
2021-12-14,Ethereum,90505642973
2021-12-15,Ethereum,91114280321
2021-12-16,Ethereum,94065455938
2021-12-17,Ethereum,93060871880
2021-12-18,Ethereum,91956504578
2021-12-19,Ethereum,93938568684
2021-12-20,Ethereum,93445799256
2021-12-21,Ethereum,92632800358
2021-12-22,Ethereum,95277199662
2021-12-23,Ethereum,94997941443
2021-12-24,Ethereum,97677994327
2021-12-25,Ethereum,96926830147
2021-12-26,Ethereum,98202063097
2021-12-27,Ethereum,98588894484
2021-12-28,Ethereum,98179439033
2021-12-29,Ethereum,94546320338
2021-12-30,Ethereum,92281187349
2021-12-31,Ethereum,92778045589
2022-01-01,Ethereum,92450314111
2022-01-02,Ethereum,94086528188
2022-01-03,Ethereum,95237100219
2022-01-04,Ethereum,95394518164
2022-01-05,Ethereum,95397031688
2022-01-06,Ethereum,91657755138
2022-01-07,Ethereum,90131863904
2022-01-08,Ethereum,87626996482
2022-01-09,Ethereum,85841020293
2022-01-10,Ethereum,86787516227
2022-01-11,Ethereum,85478330443
2022-01-12,Ethereum,87918594452
2022-01-13,Ethereum,89933666977
2022-01-14,Ethereum,87975534645
2022-01-15,Ethereum,88682293906
2022-01-16,Ethereum,89120074252
2022-01-17,Ethereum,89490743101
2022-01-18,Ethereum,87371214073
2022-01-19,Ethereum,87026958395
2022-01-20,Ethereum,86093141981
2022-01-21,Ethereum,84120181800
2022-01-22,Ethereum,75099034763
2022-01-23,Ethereum,70745972092
2022-01-24,Ethereum,72546898088
2022-01-25,Ethereum,70321798728
2022-01-26,Ethereum,71869921033
2022-01-27,Ethereum,72575465458
2022-01-28,Ethereum,67713928024
2022-01-29,Ethereum,68751686217
2022-01-30,Ethereum,70229587858
2022-01-31,Ethereum,69842429559
2022-02-01,Ethereum,70926286361
2022-02-02,Ethereum,72404141232
2022-02-03,Ethereum,70747386706
2022-02-04,Ethereum,71146908079
2022-02-05,Ethereum,75719329197
2022-02-06,Ethereum,76852121128
2022-02-07,Ethereum,77873126257
2022-02-08,Ethereum,79308666810
2022-02-09,Ethereum,79459385544
2022-02-10,Ethereum,80615842123
2022-02-11,Ethereum,78386769871
2022-02-12,Ethereum,76335311277
2022-02-13,Ethereum,76355199619
2022-02-14,Ethereum,75883824489
2022-02-15,Ethereum,76148688811
2022-02-16,Ethereum,79546330662
2022-02-17,Ethereum,79113723648
2022-02-18,Ethereum,75501715196
2022-02-19,Ethereum,74003941891
2022-02-20,Ethereum,73554015955
2022-02-21,Ethereum,71585139088
2022-02-22,Ethereum,70005802259
2022-02-23,Ethereum,70752217573
2022-02-24,Ethereum,69848772294
2022-02-25,Ethereum,69393337181
2022-02-26,Ethereum,70760507918
2022-02-27,Ethereum,70807736394
2022-02-28,Ethereum,68611067695
2022-03-01,Ethereum,72922308643
2022-03-02,Ethereum,73694070439
2022-03-03,Ethereum,73563753368
2022-03-04,Ethereum,71906292910
2022-03-05,Ethereum,68815401085
2022-03-06,Ethereum,69610995960
2022-03-07,Ethereum,68059462345
2022-03-08,Ethereum,67608971727
2022-03-09,Ethereum,68554331107
2022-03-10,Ethereum,71050774486
2022-03-11,Ethereum,69204087879
2022-03-12,Ethereum,68256341899
2022-03-13,Ethereum,68493832213
2022-03-14,Ethereum,67470186737
2022-03-15,Ethereum,68417622284
2022-03-16,Ethereum,68751629758
2022-03-17,Ethereum,71709998439
2022-03-18,Ethereum,71866218273
2022-03-19,Ethereum,73732883107
2022-03-20,Ethereum,73886739915
2022-03-21,Ethereum,72683564216
2022-03-22,Ethereum,75128022573
2022-03-23,Ethereum,76469292363
2022-03-24,Ethereum,77310624022
2022-03-25,Ethereum,78118390394
2022-03-26,Ethereum,77177357564
2022-03-27,Ethereum,77963693925
2022-03-28,Ethereum,80083627656
2022-03-29,Ethereum,80297307015
2022-03-30,Ethereum,81113182407
2022-03-31,Ethereum,81508736155
2022-04-01,Ethereum,77496088782
2022-04-02,Ethereum,80233210379
2022-04-03,Ethereum,79841035500
2022-04-04,Ethereum,80738539273
2022-04-05,Ethereum,80746500670
2022-04-06,Ethereum,78796058705
2022-04-07,Ethereum,75975188335
2022-04-08,Ethereum,77347901278
2022-04-09,Ethereum,76400662764
2022-04-10,Ethereum,77331839258
2022-04-11,Ethereum,76614702623
2022-04-12,Ethereum,72707082258
2022-04-13,Ethereum,73539755963
2022-04-14,Ethereum,74818600098
2022-04-15,Ethereum,73356952532
2022-04-16,Ethereum,73698013695
2022-04-17,Ethereum,74028556475
2022-04-18,Ethereum,72614022786
2022-04-19,Ethereum,73675614238
2022-04-20,Ethereum,74258591271
2022-04-21,Ethereum,74060872006
2022-04-22,Ethereum,72195525836
2022-04-23,Ethereum,71770296068
2022-04-24,Ethereum,71442836851
2022-04-25,Ethereum,71184823340
2022-04-26,Ethereum,73316585255
2022-04-27,Ethereum,70101545551
2022-04-28,Ethereum,71440803969
2022-04-29,Ethereum,71636516323
2022-04-30,Ethereum,69803627986
2022-05-01,Ethereum,67898776742
2022-05-02,Ethereum,68946479188
2022-05-03,Ethereum,68902502997
2022-05-04,Ethereum,68200852243
2022-05-05,Ethereum,70514498216
2022-05-06,Ethereum,67235829368
2022-05-07,Ethereum,66753981572
2022-05-08,Ethereum,64752309692
2022-05-09,Ethereum,62567656942
2022-05-10,Ethereum,57448531034
2022-05-11,Ethereum,57813732385
2022-05-12,Ethereum,49520391397
2022-05-13,Ethereum,45109975238
2022-05-14,Ethereum,45551768072
2022-05-15,Ethereum,45686151883
2022-05-16,Ethereum,46981386116
2022-05-17,Ethereum,45387762802
2022-05-18,Ethereum,46669405957
2022-05-19,Ethereum,44591814314
2022-05-20,Ethereum,46233515960
2022-05-21,Ethereum,44927939624
2022-05-22,Ethereum,45097375300
2022-05-23,Ethereum,46458989038
2022-05-24,Ethereum,45912211414
2022-05-25,Ethereum,46228805753
2022-05-26,Ethereum,45900179878
2022-05-27,Ethereum,43934047047
2022-05-28,Ethereum,43068740187
2022-05-29,Ethereum,43934610280
2022-05-30,Ethereum,44022884794
2022-05-31,Ethereum,46705045080
2022-06-01,Ethereum,46217158798
2022-06-02,Ethereum,44405472251
2022-06-03,Ethereum,44702506958
2022-06-04,Ethereum,43837237653
2022-06-05,Ethereum,43593615617
2022-06-06,Ethereum,43942610772
2022-06-07,Ethereum,44033618141
2022-06-08,Ethereum,44042410830
2022-06-09,Ethereum,43856514369
2022-06-10,Ethereum,43572222192
2022-06-11,Ethereum,41498540051
2022-06-12,Ethereum,39666587921
2022-06-13,Ethereum,38005026015
2022-06-14,Ethereum,33069779204
2022-06-15,Ethereum,32133811339
2022-06-16,Ethereum,31923959838
2022-06-17,Ethereum,29554618646
2022-06-18,Ethereum,29996416161
2022-06-19,Ethereum,28146950838
2022-06-20,Ethereum,29472442313
2022-06-21,Ethereum,29892667818
2022-06-22,Ethereum,29893733752
2022-06-23,Ethereum,29587116240
2022-06-24,Ethereum,30644577685
2022-06-25,Ethereum,31427801414
2022-06-26,Ethereum,31593550490
2022-06-27,Ethereum,31091333559
2022-06-28,Ethereum,30708678702
2022-06-29,Ethereum,29919704508
2022-06-30,Ethereum,29479574774
2022-07-01,Ethereum,29159253903
2022-07-02,Ethereum,29216964448
2022-07-03,Ethereum,29376376266
2022-07-04,Ethereum,29527379174
2022-07-05,Ethereum,30579808794
2022-07-06,Ethereum,30513159724
2022-07-07,Ethereum,31005468229
2022-07-08,Ethereum,31252752054
2022-07-09,Ethereum,30635643190
2022-07-10,Ethereum,30661583131
2022-07-11,Ethereum,29970911456
2022-07-12,Ethereum,29076404955
2022-07-13,Ethereum,28161421377
2022-07-14,Ethereum,28772237891
2022-07-15,Ethereum,29653283954
2022-07-16,Ethereum,30050607242
2022-07-17,Ethereum,30873145289
2022-07-18,Ethereum,30818518149
2022-07-19,Ethereum,33140580821
2022-07-20,Ethereum,33048161444
2022-07-21,Ethereum,32709945527
2022-07-22,Ethereum,33158682640
2022-07-23,Ethereum,33282706154
2022-07-24,Ethereum,33365789270
2022-07-25,Ethereum,34059488106
2022-07-26,Ethereum,32131268145
2022-07-27,Ethereum,32066145698
2022-07-28,Ethereum,34049075688
2022-07-29,Ethereum,35132209936
2022-07-30,Ethereum,34986332535
2022-07-31,Ethereum,34945643910
2022-08-01,Ethereum,34804014552
2022-08-02,Ethereum,34483008399
2022-08-03,Ethereum,34058929445
2022-08-04,Ethereum,34500093966
2022-08-05,Ethereum,34958392582
2022-08-06,Ethereum,35482517391
2022-08-07,Ethereum,35051670003
2022-08-08,Ethereum,35872148153
2022-08-09,Ethereum,35864765520
2022-08-10,Ethereum,34853762549
2022-08-11,Ethereum,36726478606
2022-08-12,Ethereum,36697121875
2022-08-13,Ethereum,36990150191
2022-08-14,Ethereum,37096843543
2022-08-15,Ethereum,36454483560
2022-08-16,Ethereum,36027614653
2022-08-17,Ethereum,36033227935
2022-08-18,Ethereum,35402475171
2022-08-19,Ethereum,35153722061
2022-08-20,Ethereum,32987995184
2022-08-21,Ethereum,32660305191
2022-08-22,Ethereum,32731711529
2022-08-23,Ethereum,32733542352
2022-08-24,Ethereum,32903991461
2022-08-25,Ethereum,33117073407
2022-08-26,Ethereum,33312016135
2022-08-27,Ethereum,31609848821
2022-08-28,Ethereum,31385284578
2022-08-29,Ethereum,30830520261
2022-08-30,Ethereum,31987373145
2022-08-31,Ethereum,31890863507
2022-09-01,Ethereum,31751818445
2022-09-02,Ethereum,32099290666
2022-09-03,Ethereum,32112330661
2022-09-04,Ethereum,31804019554
2022-09-05,Ethereum,31858122931
2022-09-06,Ethereum,32323902293
2022-09-07,Ethereum,30937653983
2022-09-08,Ethereum,31545553740
2022-09-09,Ethereum,31528634456
2022-09-10,Ethereum,32459661560
2022-09-11,Ethereum,32996862362
2022-09-12,Ethereum,32631592078
2022-09-13,Ethereum,32120858393
2022-09-14,Ethereum,30287782351
2022-09-15,Ethereum,29418973754
2022-09-16,Ethereum,28600163080
2022-09-17,Ethereum,28646172998
2022-09-18,Ethereum,29038733447
2022-09-19,Ethereum,28062959172
2022-09-20,Ethereum,28247327157
2022-09-21,Ethereum,28334752791
2022-09-22,Ethereum,27596562862
2022-09-23,Ethereum,28638047388
2022-09-24,Ethereum,28853494281
2022-09-25,Ethereum,28805655648
2022-09-26,Ethereum,28631894489
2022-09-27,Ethereum,29169812594
2022-09-28,Ethereum,29296431485
2022-09-29,Ethereum,29360609682
2022-09-30,Ethereum,29284937867
2022-10-01,Ethereum,29212179678
2022-10-02,Ethereum,29615689116
2022-10-03,Ethereum,29193508609
2022-10-04,Ethereum,29545060757
2022-10-05,Ethereum,29954031217
2022-10-06,Ethereum,30053920918
2022-10-07,Ethereum,30029840355
2022-10-08,Ethereum,29752038876
2022-10-09,Ethereum,29612894838
2022-10-10,Ethereum,29655265007
2022-10-11,Ethereum,29236305892
2022-10-12,Ethereum,29205455245
2022-10-13,Ethereum,29220228451
2022-10-14,Ethereum,28787507906
2022-10-15,Ethereum,28776796113
2022-10-16,Ethereum,28690561135
2022-10-17,Ethereum,29050572116
2022-10-18,Ethereum,29339279330
2022-10-19,Ethereum,29074981603
2022-10-20,Ethereum,28607564561
2022-10-21,Ethereum,28394768593
2022-10-22,Ethereum,28411925585
2022-10-23,Ethereum,28496507157
2022-10-24,Ethereum,29133599230
2022-10-25,Ethereum,28779734664
2022-10-26,Ethereum,29929968264
2022-10-27,Ethereum,30832392439
2022-10-28,Ethereum,30344813364
2022-10-29,Ethereum,30611656582
2022-10-30,Ethereum,31282930324
2022-10-31,Ethereum,30952971413
2022-11-01,Ethereum,30600274195
2022-11-02,Ethereum,30437182975
2022-11-03,Ethereum,29949549446
2022-11-04,Ethereum,30114242023
2022-11-05,Ethereum,31228605714
2022-11-06,Ethereum,31157254153
2022-11-07,Ethereum,30684719827
2022-11-08,Ethereum,30381858109
2022-11-09,Ethereum,26945793811
2022-11-10,Ethereum,23929889327
2022-11-11,Ethereum,25102545188
2022-11-12,Ethereum,24764352764
2022-11-13,Ethereum,24353344679
2022-11-14,Ethereum,23970661779
2022-11-15,Ethereum,24195666477
2022-11-16,Ethereum,24293195463
2022-11-17,Ethereum,24031029262
2022-11-18,Ethereum,23897778585
2022-11-19,Ethereum,23902755283
2022-11-20,Ethereum,23962150023
2022-11-21,Ethereum,23119977749
2022-11-22,Ethereum,22780450564
2022-11-23,Ethereum,22683699219
2022-11-24,Ethereum,23002604664
2022-11-25,Ethereum,22741878265
2022-11-26,Ethereum,22820501671
2022-11-27,Ethereum,22886863174
2022-11-28,Ethereum,22659516896
2022-11-29,Ethereum,22429250079
2022-11-30,Ethereum,23233119426
2022-12-01,Ethereum,23520757125
2022-12-02,Ethereum,23523542428
2022-12-03,Ethereum,23523113392
2022-12-04,Ethereum,23219436270
2022-12-05,Ethereum,23621742358
2022-12-06,Ethereum,23298482323
2022-12-07,Ethereum,23297027520
2022-12-08,Ethereum,23051361797
2022-12-09,Ethereum,23468399917
2022-12-10,Ethereum,23442111789
2022-12-11,Ethereum,23504776083
2022-12-12,Ethereum,23418396122
2022-12-13,Ethereum,23482477983
2022-12-14,Ethereum,23918233353
2022-12-15,Ethereum,23812502181
2022-12-16,Ethereum,23231161134
2022-12-17,Ethereum,22244137353
2022-12-18,Ethereum,22320265456
2022-12-19,Ethereum,22380471322
2022-12-20,Ethereum,22157662332
2022-12-21,Ethereum,22545107517
2022-12-22,Ethereum,22631673808
2022-12-23,Ethereum,22666719030
2022-12-24,Ethereum,22721528137
2022-12-25,Ethereum,22713465609
2022-12-26,Ethereum,22556877817
2022-12-27,Ethereum,22652197341
2022-12-28,Ethereum,22479548883
2022-12-29,Ethereum,22314735415
2022-12-30,Ethereum,22363523678
2022-12-31,Ethereum,22284913378
2023-01-01,Ethereum,22110569318
2023-01-02,Ethereum,22047664240
2023-01-03,Ethereum,22349313926
2023-01-04,Ethereum,22403496441
2023-01-05,Ethereum,22795738055
2023-01-06,Ethereum,22747755249
2023-01-07,Ethereum,22840511391
2023-01-08,Ethereum,22975704836
2023-01-09,Ethereum,23321878278
2023-01-10,Ethereum,23613394274
2023-01-11,Ethereum,23695302099
2023-01-12,Ethereum,24310194055
2023-01-13,Ethereum,24443127126
2023-01-14,Ethereum,25705194944
2023-01-15,Ethereum,25629472563
2023-01-16,Ethereum,25919512335
2023-01-17,Ethereum,25995731240
2023-01-18,Ethereum,26091330881
2023-01-19,Ethereum,25519359468
2023-01-20,Ethereum,25990285568
2023-01-21,Ethereum,27240855365
2023-01-22,Ethereum,27058328473
2023-01-23,Ethereum,27057896232
2023-01-24,Ethereum,27133262216
2023-01-25,Ethereum,26603242544
2023-01-26,Ethereum,27323386447
2023-01-27,Ethereum,27187071283
2023-01-28,Ethereum,27340386789
2023-01-29,Ethereum,27224196428
2023-01-30,Ethereum,27812718359
2023-01-31,Ethereum,27005886965
2023-02-01,Ethereum,27163590362
2023-02-02,Ethereum,28250986888
2023-02-03,Ethereum,27889957973
2023-02-04,Ethereum,28117677587
2023-02-05,Ethereum,28079432655
2023-02-06,Ethereum,27774254173
2023-02-07,Ethereum,27704711045
2023-02-08,Ethereum,28315926581
2023-02-09,Ethereum,28002595364
2023-02-10,Ethereum,26884577306
2023-02-11,Ethereum,26643991422
2023-02-12,Ethereum,26974441499
2023-02-13,Ethereum,26790043629
2023-02-14,Ethereum,26782252218
2023-02-15,Ethereum,27280583800
2023-02-16,Ethereum,28915013745
2023-02-17,Ethereum,28470586878
2023-02-18,Ethereum,29136272291
2023-02-19,Ethereum,29321976063
2023-02-20,Ethereum,29126115304
2023-02-21,Ethereum,29491737061
2023-02-22,Ethereum,28738725839
2023-02-23,Ethereum,28568863622
2023-02-24,Ethereum,28635826884
2023-02-25,Ethereum,28063334092
2023-02-26,Ethereum,27918377020
2023-02-27,Ethereum,28534956672
2023-02-28,Ethereum,28566999843
2023-03-01,Ethereum,28387643796
2023-03-02,Ethereum,28990100221
2023-03-03,Ethereum,28799267198
2023-03-04,Ethereum,27858956082
2023-03-05,Ethereum,27971977497
2023-03-06,Ethereum,27989588751
2023-03-07,Ethereum,27920283018
2023-03-08,Ethereum,27903224233
2023-03-09,Ethereum,27402430206
2023-03-10,Ethereum,26110607368
2023-03-11,Ethereum,25971349070
2023-03-12,Ethereum,25476418368
2023-03-13,Ethereum,27735899647
2023-03-14,Ethereum,27933681512
2023-03-15,Ethereum,28023844471
2023-03-16,Ethereum,27168817310
2023-03-17,Ethereum,27158949317
2023-03-18,Ethereum,28499344490
2023-03-19,Ethereum,28515691892
2023-03-20,Ethereum,28528830345
2023-03-21,Ethereum,28571595709
2023-03-22,Ethereum,29101405792
2023-03-23,Ethereum,28459867953
2023-03-24,Ethereum,29055249707
2023-03-25,Ethereum,28373482638
2023-03-26,Ethereum,28280617806
2023-03-27,Ethereum,28447281911
2023-03-28,Ethereum,27903073276
2023-03-29,Ethereum,28257555880
2023-03-30,Ethereum,28515248722
2023-03-31,Ethereum,28564420363
2023-04-01,Ethereum,28810489885
2023-04-02,Ethereum,28755304472
2023-04-03,Ethereum,28514471194
2023-04-04,Ethereum,28712692775
2023-04-05,Ethereum,29630369198
2023-04-06,Ethereum,29487937974
2023-04-07,Ethereum,29348273466
2023-04-08,Ethereum,29193589046
2023-04-09,Ethereum,29218124053
2023-04-10,Ethereum,29294186500
2023-04-11,Ethereum,29773224072
2023-04-12,Ethereum,29546489489
2023-04-13,Ethereum,29654452468
2023-04-14,Ethereum,31307814553
2023-04-15,Ethereum,31319292422
2023-04-16,Ethereum,31407571335
2023-04-17,Ethereum,31140022861
2023-04-18,Ethereum,30604008582
2023-04-19,Ethereum,30972685118
2023-04-20,Ethereum,29420445393
2023-04-21,Ethereum,29162781244
2023-04-22,Ethereum,28046588935
2023-04-23,Ethereum,28130371312
2023-04-24,Ethereum,28113370104
2023-04-25,Ethereum,27805904450
2023-04-26,Ethereum,28066021294
2023-04-27,Ethereum,28530921494
2023-04-28,Ethereum,28402819171
2023-04-29,Ethereum,28076144208
2023-04-30,Ethereum,28215117818
2023-05-01,Ethereum,27946203794
2023-05-02,Ethereum,27437382854
2023-05-03,Ethereum,27805039674
2023-05-04,Ethereum,28230594023
2023-05-05,Ethereum,27996626129
2023-05-06,Ethereum,29070954906
2023-05-07,Ethereum,28281715173
2023-05-08,Ethereum,27985252051
2023-05-09,Ethereum,27280864269
2023-05-10,Ethereum,27365290178
2023-05-11,Ethereum,27046940107
2023-05-12,Ethereum,26590988779
2023-05-13,Ethereum,26606808452
2023-05-14,Ethereum,26505392762
2023-05-15,Ethereum,26457859211
2023-05-16,Ethereum,26740706673
2023-05-17,Ethereum,26819973196
2023-05-18,Ethereum,26778657570
2023-05-19,Ethereum,26579847460
2023-05-20,Ethereum,26631205764
2023-05-21,Ethereum,26845506020
2023-05-22,Ethereum,26585570806
2023-05-23,Ethereum,26787358460
2023-05-24,Ethereum,27135461596
2023-05-25,Ethereum,26506177739
2023-05-26,Ethereum,26567785684
2023-05-27,Ethereum,26793117002
2023-05-28,Ethereum,26975551829
2023-05-29,Ethereum,27745780349
2023-05-30,Ethereum,27434654540
2023-05-31,Ethereum,27482481418
2023-06-01,Ethereum,26587087851
2023-06-02,Ethereum,26531813731
2023-06-03,Ethereum,26982632797
2023-06-04,Ethereum,26889010519
2023-06-05,Ethereum,26816646151
2023-06-06,Ethereum,25905928561
2023-06-07,Ethereum,26691139126
2023-06-08,Ethereum,26066698924
2023-06-09,Ethereum,26146848213
2023-06-10,Ethereum,25902531217
2023-06-11,Ethereum,24936483310
2023-06-12,Ethereum,24945676483
2023-06-13,Ethereum,24736556836
2023-06-14,Ethereum,24804269305
2023-06-15,Ethereum,23916467777
2023-06-16,Ethereum,23886933822
2023-06-17,Ethereum,24364330538
2023-06-18,Ethereum,24533102689
2023-06-19,Ethereum,24514898159
2023-06-20,Ethereum,24640440792
2023-06-21,Ethereum,25415921482
2023-06-22,Ethereum,26489378054
2023-06-23,Ethereum,26188665703
2023-06-24,Ethereum,26319720707
2023-06-25,Ethereum,26221109269
2023-06-26,Ethereum,26507231334
2023-06-27,Ethereum,26201965853
2023-06-28,Ethereum,26296399512
2023-06-29,Ethereum,25796998517
2023-06-30,Ethereum,26051895301
2023-07-01,Ethereum,26908076346
2023-07-02,Ethereum,26800149099
2023-07-03,Ethereum,26989476763
2023-07-04,Ethereum,27059181072
2023-07-05,Ethereum,26936927006
2023-07-06,Ethereum,26566474979
2023-07-07,Ethereum,25889890284
2023-07-08,Ethereum,26157578465
2023-07-09,Ethereum,26134713769
2023-07-10,Ethereum,26080750436
2023-07-11,Ethereum,26147610394
2023-07-12,Ethereum,26226880973
2023-07-13,Ethereum,26166856061
2023-07-14,Ethereum,27159970086
2023-07-15,Ethereum,26507305478
2023-07-16,Ethereum,26616919181
2023-07-17,Ethereum,26472068047
2023-07-18,Ethereum,26324095737
2023-07-19,Ethereum,26084853134
2023-07-20,Ethereum,25839719815
2023-07-21,Ethereum,25826593744
2023-07-22,Ethereum,25836198188
2023-07-23,Ethereum,25387448157
2023-07-24,Ethereum,25627792845
2023-07-25,Ethereum,25107237348
2023-07-26,Ethereum,25105168414
2023-07-27,Ethereum,25235346651
2023-07-28,Ethereum,25162783436
2023-07-29,Ethereum,25314695754
2023-07-30,Ethereum,25378640440
2023-07-31,Ethereum,23387222338
2023-08-01,Ethereum,22986733048
2023-08-02,Ethereum,22831913827
2023-08-03,Ethereum,22577656515
2023-08-04,Ethereum,22997983487
2023-08-05,Ethereum,23125004103
2023-08-06,Ethereum,23197572625
2023-08-07,Ethereum,23282203865
2023-08-08,Ethereum,23572421143
2023-08-09,Ethereum,24056060428
2023-08-10,Ethereum,24109368675
2023-08-11,Ethereum,24422478231
2023-08-12,Ethereum,24648687235
2023-08-13,Ethereum,24648510556
2023-08-14,Ethereum,24546259758
2023-08-15,Ethereum,24692667451
2023-08-16,Ethereum,24372604622
2023-08-17,Ethereum,23912237121
2023-08-18,Ethereum,22864477374
2023-08-19,Ethereum,22644143718
2023-08-20,Ethereum,22748117113
2023-08-21,Ethereum,22260614615
2023-08-22,Ethereum,22185226052
2023-08-23,Ethereum,21832892205
2023-08-24,Ethereum,22301089285
2023-08-25,Ethereum,22154853840
2023-08-26,Ethereum,22061961560
2023-08-27,Ethereum,22037921217
2023-08-28,Ethereum,22225360754
2023-08-29,Ethereum,22247442750
2023-08-30,Ethereum,22936574805
2023-08-31,Ethereum,22650912387
2023-09-01,Ethereum,22012730644
2023-09-02,Ethereum,21830808651
2023-09-03,Ethereum,21906085347
2023-09-04,Ethereum,21951799985
2023-09-05,Ethereum,21835710283
2023-09-06,Ethereum,21744717984
2023-09-07,Ethereum,21615876551
2023-09-08,Ethereum,21830637649
2023-09-09,Ethereum,21656492439
2023-09-10,Ethereum,21611885769
2023-09-11,Ethereum,21506568310
2023-09-12,Ethereum,20715382514
2023-09-13,Ethereum,21114939621
2023-09-14,Ethereum,21275680810
2023-09-15,Ethereum,21454807289
2023-09-16,Ethereum,21686291345
2023-09-17,Ethereum,21588455821
2023-09-18,Ethereum,21451264572
2023-09-19,Ethereum,21514959017
2023-09-20,Ethereum,21603400068
2023-09-21,Ethereum,21356920688
2023-09-22,Ethereum,20922459666
2023-09-23,Ethereum,21066519213
2023-09-24,Ethereum,21003780034
2023-09-25,Ethereum,20819903974
2023-09-26,Ethereum,20946126167
2023-09-27,Ethereum,20995082933
2023-09-28,Ethereum,20951798145
2023-09-29,Ethereum,21395527836
2023-09-30,Ethereum,21445387792
2023-10-01,Ethereum,21449436032
2023-10-02,Ethereum,22052866253
2023-10-03,Ethereum,21424026868
2023-10-04,Ethereum,21222831738
2023-10-05,Ethereum,21279012419
2023-10-06,Ethereum,21023400944
2023-10-07,Ethereum,21302991285
2023-10-08,Ethereum,21246848457
2023-10-09,Ethereum,21143560300
2023-10-10,Ethereum,20625186167
2023-10-11,Ethereum,20195133375
2023-10-12,Ethereum,20060542943
2023-10-13,Ethereum,19620222280
2023-10-14,Ethereum,20018802656
2023-10-15,Ethereum,20075878364
2023-10-16,Ethereum,20109715073
2023-10-17,Ethereum,20524296799
2023-10-18,Ethereum,20215656004
2023-10-19,Ethereum,19936269289
2023-10-20,Ethereum,20064908484
2023-10-21,Ethereum,20431879040
2023-10-22,Ethereum,20849448674
2023-10-23,Ethereum,21427109729
2023-10-24,Ethereum,22594061113
2023-10-25,Ethereum,22548443249
2023-10-26,Ethereum,22729160974
2023-10-27,Ethereum,22762419584
2023-10-28,Ethereum,22591311286
2023-10-29,Ethereum,22572175841
2023-10-30,Ethereum,22807360619
2023-10-31,Ethereum,23202078982
2023-11-01,Ethereum,22971483426
2023-11-02,Ethereum,23599891610
2023-11-03,Ethereum,23035264165
2023-11-04,Ethereum,23668355039
2023-11-05,Ethereum,24135556504
2023-11-06,Ethereum,24161617277
2023-11-07,Ethereum,24277321612
2023-11-08,Ethereum,24226274807
2023-11-09,Ethereum,24418890887
2023-11-10,Ethereum,26294993296
2023-11-11,Ethereum,26066353131
2023-11-12,Ethereum,25769987914
2023-11-13,Ethereum,25823611528
2023-11-14,Ethereum,25509317955
2023-11-15,Ethereum,25029539845
2023-11-16,Ethereum,26046336085
2023-11-17,Ethereum,24921876921
2023-11-18,Ethereum,24970651308
2023-11-19,Ethereum,25120094804
2023-11-20,Ethereum,25802956505
2023-11-21,Ethereum,25877925254
2023-11-22,Ethereum,24648276186
2023-11-23,Ethereum,26054824562
2023-11-24,Ethereum,26000276270
2023-11-25,Ethereum,26196735955
2023-11-26,Ethereum,26134989004
2023-11-27,Ethereum,26043720508
2023-11-28,Ethereum,25631914895
2023-11-29,Ethereum,25838527389
2023-11-30,Ethereum,25705616241
2023-12-01,Ethereum,25927536686
2023-12-02,Ethereum,26303577289
2023-12-03,Ethereum,27167379985
2023-12-04,Ethereum,27496805731
2023-12-05,Ethereum,27869170014
2023-12-06,Ethereum,28506158250
2023-12-07,Ethereum,27904141015
2023-12-08,Ethereum,29032567088
2023-12-09,Ethereum,29288314247
2023-12-10,Ethereum,28486951759
2023-12-11,Ethereum,28208922450
2023-12-12,Ethereum,27238172861
2023-12-13,Ethereum,26832713214
2023-12-14,Ethereum,27569555640
2023-12-15,Ethereum,28184966889
2023-12-16,Ethereum,27147467448
2023-12-17,Ethereum,27343778093
2023-12-18,Ethereum,27056274147
2023-12-19,Ethereum,27523956904
2023-12-20,Ethereum,27379614438
2023-12-21,Ethereum,27742243368
2023-12-22,Ethereum,27915752419
2023-12-23,Ethereum,28759068515
2023-12-24,Ethereum,28651410873
2023-12-25,Ethereum,28301420148
2023-12-26,Ethereum,28411532283
2023-12-27,Ethereum,27989968201
2023-12-28,Ethereum,29531852945
2023-12-29,Ethereum,29097350503
2023-12-30,Ethereum,28575901139
2023-12-31,Ethereum,28554978275
2024-01-01,Ethereum,28452353833
2024-01-02,Ethereum,29566121523
2024-01-03,Ethereum,29705978670
2024-01-04,Ethereum,28079288363
2024-01-05,Ethereum,29167060538
2024-01-06,Ethereum,29170692765
2024-01-07,Ethereum,28955946173
2024-01-08,Ethereum,28576553020
2024-01-09,Ethereum,29743089780
2024-01-10,Ethereum,29944709184
2024-01-11,Ethereum,32301713778
2024-01-12,Ethereum,32517438048
2024-01-13,Ethereum,31206398679
2024-01-14,Ethereum,31704106608
2024-01-15,Ethereum,30942434838
2024-01-16,Ethereum,31248326423
2024-01-17,Ethereum,31758842527
2024-01-18,Ethereum,31199813461
2024-01-19,Ethereum,30740310961
2024-01-20,Ethereum,31016575599
2024-01-21,Ethereum,30990072543
2024-01-22,Ethereum,30893560842
2024-01-23,Ethereum,29766175093
2024-01-24,Ethereum,29120023679
2024-01-25,Ethereum,28991089821
2024-01-26,Ethereum,28907764223
2024-01-27,Ethereum,29705228978
2024-01-28,Ethereum,29770856605
2024-01-29,Ethereum,29651259919
2024-01-30,Ethereum,30299215651
2024-01-31,Ethereum,30321319122
2024-02-01,Ethereum,29574321713
2024-02-02,Ethereum,30025578662
2024-02-03,Ethereum,30166976683
2024-02-04,Ethereum,29925650367
2024-02-05,Ethereum,29868188423
2024-02-06,Ethereum,31248199532
2024-02-07,Ethereum,32634263738
2024-02-08,Ethereum,33487625550
2024-02-09,Ethereum,34348981630
2024-02-10,Ethereum,35637332051
2024-02-11,Ethereum,35876033237
2024-02-12,Ethereum,36049393449
2024-02-13,Ethereum,37784803671
2024-02-14,Ethereum,37507510407
2024-02-15,Ethereum,39433317292
2024-02-16,Ethereum,39828830603
2024-02-17,Ethereum,39591200236
2024-02-18,Ethereum,39471444422
2024-02-19,Ethereum,40668607456
2024-02-20,Ethereum,41563523035
2024-02-21,Ethereum,42204424244
2024-02-22,Ethereum,41943992775
2024-02-23,Ethereum,42157275883
2024-02-24,Ethereum,41455486434
2024-02-25,Ethereum,42320807586
2024-02-26,Ethereum,43582519551
2024-02-27,Ethereum,44809336196
2024-02-28,Ethereum,45920075053
2024-02-29,Ethereum,47838470345
2024-03-01,Ethereum,47545698975
2024-03-02,Ethereum,49068637306
2024-03-03,Ethereum,48875250802
2024-03-04,Ethereum,49871484098
2024-03-05,Ethereum,51718474482
2024-03-06,Ethereum,50616290907
2024-03-07,Ethereum,54160367249
2024-03-08,Ethereum,54383764669
2024-03-09,Ethereum,55090305911
2024-03-10,Ethereum,55445219228
2024-03-11,Ethereum,55142896948
2024-03-12,Ethereum,57677257699
2024-03-13,Ethereum,56248116466
2024-03-14,Ethereum,56468162068
2024-03-15,Ethereum,54953025098
2024-03-16,Ethereum,53233320858
2024-03-17,Ethereum,50571846323
2024-03-18,Ethereum,52122867571
2024-03-19,Ethereum,50406443763
2024-03-20,Ethereum,46235395891
2024-03-21,Ethereum,51244844964
2024-03-22,Ethereum,50595824023
2024-03-23,Ethereum,48656638665
2024-03-24,Ethereum,49341536540
2024-03-25,Ethereum,50713244142
2024-03-26,Ethereum,52901158819
2024-03-27,Ethereum,53141443621
2024-03-28,Ethereum,52161395040
2024-03-29,Ethereum,53205271709
2024-03-30,Ethereum,52608904464
2024-03-31,Ethereum,52715028056
2024-04-01,Ethereum,54528007015
2024-04-02,Ethereum,52873758477
2024-04-03,Ethereum,49971162061
2024-04-04,Ethereum,50594726057
2024-04-05,Ethereum,50970380500
2024-04-06,Ethereum,51260181361
2024-04-07,Ethereum,51706516131
2024-04-08,Ethereum,52722689451
2024-04-09,Ethereum,56135335138
2024-04-10,Ethereum,53770697406
2024-04-11,Ethereum,54387309616
2024-04-12,Ethereum,55345028901
2024-04-13,Ethereum,50464730139
2024-04-14,Ethereum,46681064554
2024-04-15,Ethereum,49552931535
2024-04-16,Ethereum,48970629526
2024-04-17,Ethereum,49410337112
2024-04-18,Ethereum,48031845903
2024-04-19,Ethereum,49249637524
2024-04-20,Ethereum,49455503840
2024-04-21,Ethereum,50792230521
2024-04-22,Ethereum,50953363726
2024-04-23,Ethereum,51523255290
2024-04-24,Ethereum,52015253553
2024-04-25,Ethereum,50776847190
2024-04-26,Ethereum,51174453012
2024-04-27,Ethereum,50933012399
2024-04-28,Ethereum,52769800176
2024-04-29,Ethereum,52572634696
2024-04-30,Ethereum,51541837183
2024-05-01,Ethereum,48299070880
2024-05-02,Ethereum,48373289643
2024-05-03,Ethereum,48884003238
2024-05-04,Ethereum,50855926136
2024-05-05,Ethereum,51130681229
2024-05-06,Ethereum,51741203835
2024-05-07,Ethereum,50405635647
2024-05-08,Ethereum,49597675732
2024-05-09,Ethereum,48686005178
2024-05-10,Ethereum,49515215164
2024-05-11,Ethereum,48069843630
2024-05-12,Ethereum,48246984651
2024-05-13,Ethereum,48567893950
2024-05-14,Ethereum,48516219485
2024-05-15,Ethereum,47778492841
2024-05-16,Ethereum,49756196929
2024-05-17,Ethereum,49077303501
2024-05-18,Ethereum,50969569847
2024-05-19,Ethereum,51351535615
2024-05-20,Ethereum,50778738831
2024-05-21,Ethereum,58129964055
2024-05-22,Ethereum,59549407508
2024-05-23,Ethereum,59880580591
2024-05-24,Ethereum,59614919134
2024-05-25,Ethereum,59515998381
2024-05-26,Ethereum,59941697363
2024-05-27,Ethereum,61393239027
2024-05-28,Ethereum,61480104765
2024-05-29,Ethereum,60756430624
2024-05-30,Ethereum,59760821890
2024-05-31,Ethereum,59749092246
2024-06-01,Ethereum,60700547901
2024-06-02,Ethereum,61308000156
2024-06-03,Ethereum,61145349270
2024-06-04,Ethereum,60753503065
2024-06-05,Ethereum,61458188016
2024-06-06,Ethereum,62364731288
2024-06-07,Ethereum,61733085688
2024-06-08,Ethereum,60210928860
2024-06-09,Ethereum,59892232003
2024-06-10,Ethereum,60154066505
2024-06-11,Ethereum,59069501462
2024-06-12,Ethereum,57709955805
2024-06-13,Ethereum,58305767082
2024-06-14,Ethereum,57546044869
2024-06-15,Ethereum,57539472347
2024-06-16,Ethereum,58504471387
2024-06-17,Ethereum,58854798921
2024-06-18,Ethereum,57481732254
2024-06-19,Ethereum,57155011915
2024-06-20,Ethereum,57968351064
2024-06-21,Ethereum,56826270673
2024-06-22,Ethereum,57005342141
2024-06-23,Ethereum,57047553874
2024-06-24,Ethereum,55613622915
2024-06-25,Ethereum,54850626385
2024-06-26,Ethereum,55873734136
2024-06-27,Ethereum,55551145952
2024-06-28,Ethereum,55930686420
2024-06-29,Ethereum,54785169162
2024-06-30,Ethereum,54851765478
2024-07-01,Ethereum,55958307062
2024-07-02,Ethereum,55896921401
2024-07-03,Ethereum,55091842781
2024-07-04,Ethereum,53678184167
2024-07-05,Ethereum,50609687512
2024-07-06,Ethereum,50016620099
2024-07-07,Ethereum,50165553446
2024-07-08,Ethereum,48522725681
2024-07-09,Ethereum,50161507125
2024-07-10,Ethereum,50666181500
2024-07-11,Ethereum,51148888945
2024-07-12,Ethereum,51342112707
2024-07-13,Ethereum,51527975653
2024-07-14,Ethereum,52270778593
2024-07-15,Ethereum,53802841357
2024-07-16,Ethereum,55370284180
2024-07-17,Ethereum,55863828506
2024-07-18,Ethereum,55224099726
2024-07-19,Ethereum,54933311032
2024-07-20,Ethereum,56286200459
2024-07-21,Ethereum,56639045845
2024-07-22,Ethereum,56636278700
2024-07-23,Ethereum,56193557022
2024-07-24,Ethereum,56484570403
2024-07-25,Ethereum,53872611860
2024-07-26,Ethereum,52842038031
2024-07-27,Ethereum,54195604305
2024-07-28,Ethereum,54219905416
2024-07-29,Ethereum,54710905121
2024-07-30,Ethereum,55391120926
2024-07-31,Ethereum,54742438475
2024-08-01,Ethereum,53656536709
2024-08-02,Ethereum,53063001368
2024-08-03,Ethereum,50396510855
2024-08-04,Ethereum,49075867057
2024-08-05,Ethereum,44265555986
2024-08-06,Ethereum,42772547698
2024-08-07,Ethereum,43895288528
2024-08-08,Ethereum,42256643602
2024-08-09,Ethereum,45904376623
2024-08-10,Ethereum,45779801547
2024-08-11,Ethereum,45920840859
2024-08-12,Ethereum,44668893032
2024-08-13,Ethereum,45897299056
2024-08-14,Ethereum,46813499202
2024-08-15,Ethereum,45543174373
2024-08-16,Ethereum,45152464391
2024-08-17,Ethereum,45637394172
2024-08-18,Ethereum,45723652761
2024-08-19,Ethereum,46155222441
2024-08-20,Ethereum,45916104993
2024-08-21,Ethereum,45454623328
2024-08-22,Ethereum,46412195227
2024-08-23,Ethereum,46114337009
2024-08-24,Ethereum,48497030907
2024-08-25,Ethereum,48102645271
2024-08-26,Ethereum,48302077648
2024-08-27,Ethereum,47014891417
2024-08-28,Ethereum,43575994255
2024-08-29,Ethereum,44447796182
2024-08-30,Ethereum,44505182826
2024-08-31,Ethereum,44543147615
2024-09-01,Ethereum,44414313581
2024-09-02,Ethereum,43268474604
2024-09-03,Ethereum,44937893769
2024-09-04,Ethereum,43540211177
2024-09-05,Ethereum,44016413298
2024-09-06,Ethereum,43173283529
2024-09-07,Ethereum,40900163893
2024-09-08,Ethereum,41607970210
2024-09-09,Ethereum,42100394728
2024-09-10,Ethereum,43194910699
2024-09-11,Ethereum,43621578071
2024-09-12,Ethereum,43096503003
2024-09-13,Ethereum,43401578824
2024-09-14,Ethereum,45054093929
2024-09-15,Ethereum,44605751702
2024-09-16,Ethereum,43535436914
2024-09-17,Ethereum,42662069461
2024-09-18,Ethereum,43550741237
2024-09-19,Ethereum,43527205568
2024-09-20,Ethereum,45337600461
2024-09-21,Ethereum,46718294177
2024-09-22,Ethereum,47025231640
2024-09-23,Ethereum,46648122280
2024-09-24,Ethereum,48161291583
2024-09-25,Ethereum,48378909522
2024-09-26,Ethereum,47272573029
2024-09-27,Ethereum,48283198380
2024-09-28,Ethereum,49102831765
2024-09-29,Ethereum,48712776115
2024-09-30,Ethereum,48519089183
2024-10-01,Ethereum,47539933214
2024-10-02,Ethereum,45608857284
2024-10-03,Ethereum,44243678954
2024-10-04,Ethereum,43725514190
2024-10-05,Ethereum,44838652881
2024-10-06,Ethereum,44571732357
2024-10-07,Ethereum,44724334182
2024-10-08,Ethereum,44847958012
2024-10-09,Ethereum,44272840908
2024-10-10,Ethereum,43552206923
2024-10-11,Ethereum,43415674239
2024-10-12,Ethereum,44874450977
2024-10-13,Ethereum,45565690933
2024-10-14,Ethereum,45251037013
2024-10-15,Ethereum,47730911416
2024-10-16,Ethereum,47021867045
2024-10-17,Ethereum,46951605349
2024-10-18,Ethereum,46217779280
2024-10-19,Ethereum,46748886870
2024-10-20,Ethereum,46846655036
2024-10-21,Ethereum,48212142352
2024-10-22,Ethereum,47196009937
2024-10-23,Ethereum,47311392282
2024-10-24,Ethereum,45460466715
2024-10-25,Ethereum,45985227115
2024-10-26,Ethereum,45031891780
2024-10-27,Ethereum,45309391750
2024-10-28,Ethereum,45857010402
2024-10-29,Ethereum,46713724573
2024-10-30,Ethereum,47739598338
2024-10-31,Ethereum,48293561728
2024-11-01,Ethereum,46170307142
2024-11-02,Ethereum,46220537604
2024-11-03,Ethereum,46007269523
2024-11-04,Ethereum,45759646722
2024-11-05,Ethereum,44616628355
2024-11-06,Ethereum,45493151744
2024-11-07,Ethereum,50082292507
2024-11-08,Ethereum,52404735853
2024-11-09,Ethereum,53368432911
2024-11-10,Ethereum,55560214191
2024-11-11,Ethereum,56697929606
2024-11-12,Ethereum,59071161794
2024-11-13,Ethereum,58440190432
2024-11-14,Ethereum,57559208795
2024-11-15,Ethereum,55690801142
2024-11-16,Ethereum,56362979625
2024-11-17,Ethereum,56712310541
2024-11-18,Ethereum,56219872313
2024-11-19,Ethereum,57835474403
2024-11-20,Ethereum,56894458381
2024-11-21,Ethereum,56610361303
2024-11-22,Ethereum,61335166910
2024-11-23,Ethereum,61252312321
2024-11-24,Ethereum,62402783524
2024-11-25,Ethereum,61958057968
2024-11-26,Ethereum,61908128995
2024-11-27,Ethereum,60908741523
2024-11-28,Ethereum,66916162693
2024-11-29,Ethereum,65921377080
2024-11-30,Ethereum,66749160745
2024-12-01,Ethereum,68539869978
2024-12-02,Ethereum,68836153944
2024-12-03,Ethereum,67639018034
2024-12-04,Ethereum,68189481067
2024-12-05,Ethereum,71834954784
2024-12-06,Ethereum,70870138713
2024-12-07,Ethereum,74823722253
2024-12-08,Ethereum,74940625425
2024-12-09,Ethereum,75080618167
2024-12-10,Ethereum,69927001627
2024-12-11,Ethereum,69294698430
2024-12-12,Ethereum,72886918794
2024-12-13,Ethereum,73360228640
2024-12-14,Ethereum,74103631070
2024-12-15,Ethereum,73824594083
2024-12-16,Ethereum,74811019931
2024-12-17,Ethereum,75808637481
2024-12-18,Ethereum,73950227302
2024-12-19,Ethereum,69947748213
2024-12-20,Ethereum,66470202465
2024-12-21,Ethereum,66875714013
2024-12-22,Ethereum,64772704920
2024-12-23,Ethereum,64279207645
2024-12-24,Ethereum,66602134609
2024-12-25,Ethereum,68248579212
2024-12-26,Ethereum,68312164805
2024-12-27,Ethereum,65802663809
2024-12-28,Ethereum,65566130113
2024-12-29,Ethereum,66946294206
2024-12-30,Ethereum,66259576532
2024-12-31,Ethereum,65610613373
2025-01-01,Ethereum,65226200550
2025-01-02,Ethereum,66095457182
2025-01-03,Ethereum,67528411890
2025-01-04,Ethereum,70162437173
2025-01-05,Ethereum,71031139148
2025-01-06,Ethereum,71015182419
2025-01-07,Ethereum,71690860487
2025-01-08,Ethereum,66523600186
2025-01-09,Ethereum,65634650408
2025-01-10,Ethereum,64052400395
2025-01-11,Ethereum,65166397569
2025-01-12,Ethereum,65727095474
2025-01-13,Ethereum,65184353768
2025-01-14,Ethereum,63642177419
2025-01-15,Ethereum,65657055299
2025-01-16,Ethereum,69175812353
2025-01-17,Ethereum,67038862419
2025-01-18,Ethereum,69603997492
2025-01-19,Ethereum,66792585049
2025-01-20,Ethereum,65316796699
2025-01-21,Ethereum,66092622260
2025-01-22,Ethereum,67140069775
2025-01-23,Ethereum,65921265787
2025-01-24,Ethereum,67167366186
2025-01-25,Ethereum,66981733088
2025-01-26,Ethereum,67466030872
2025-01-27,Ethereum,66355107399
2025-01-28,Ethereum,64064324435
2025-01-29,Ethereum,63045360662
2025-01-30,Ethereum,64200174738
2025-01-31,Ethereum,66010544282
2025-02-01,Ethereum,66522515074
2025-02-02,Ethereum,64070789008
2025-02-03,Ethereum,59266578587
2025-02-04,Ethereum,60512873764
2025-02-05,Ethereum,59001899236
2025-02-06,Ethereum,59564932342
2025-02-07,Ethereum,58813490948
2025-02-08,Ethereum,58259743228
2025-02-09,Ethereum,58467851184
2025-02-10,Ethereum,58482159056
2025-02-11,Ethereum,59254260920
2025-02-12,Ethereum,58534766093
2025-02-13,Ethereum,60674500759
2025-02-14,Ethereum,59978581867
2025-02-15,Ethereum,60523830351
2025-02-16,Ethereum,60297727933
2025-02-17,Ethereum,59712280753
2025-02-18,Ethereum,60744862468
2025-02-19,Ethereum,59684824127
2025-02-20,Ethereum,60495694255
2025-02-21,Ethereum,60792842673
2025-02-22,Ethereum,58513264303
2025-02-23,Ethereum,59747975290
2025-02-24,Ethereum,61072262240
2025-02-25,Ethereum,56241808016
2025-02-26,Ethereum,55274845006
2025-02-27,Ethereum,52131840561
2025-02-28,Ethereum,51784661212
2025-03-01,Ethereum,51811160966
2025-03-02,Ethereum,51899389758
2025-03-03,Ethereum,56980684406
2025-03-04,Ethereum,51283606891
2025-03-05,Ethereum,51463874221
2025-03-06,Ethereum,53217736452
2025-03-07,Ethereum,51729877931
2025-03-08,Ethereum,51439173208
2025-03-09,Ethereum,52174932474
2025-03-10,Ethereum,48988737086
2025-03-11,Ethereum,46616851432
2025-03-12,Ethereum,47963532438
2025-03-13,Ethereum,47896410454
2025-03-14,Ethereum,47379771197
2025-03-15,Ethereum,48628994054
2025-03-16,Ethereum,49110359899
2025-03-17,Ethereum,48382302984
2025-03-18,Ethereum,49025785067
2025-03-19,Ethereum,49093910211
2025-03-20,Ethereum,50639807416
2025-03-21,Ethereum,49239818077
2025-03-22,Ethereum,49145494555
2025-03-23,Ethereum,49534037869
2025-03-24,Ethereum,50570186849
2025-03-25,Ethereum,52399727983
2025-03-26,Ethereum,52963637580
2025-03-27,Ethereum,52142413096
2025-03-28,Ethereum,51716111858
2025-03-29,Ethereum,49383583694
2025-03-30,Ethereum,48098448390
2025-03-31,Ethereum,46878562126
2025-04-01,Ethereum,48068856566
2025-04-02,Ethereum,49564082261
2025-04-03,Ethereum,47901977524
2025-04-04,Ethereum,48357656972
2025-04-05,Ethereum,48623893613
2025-04-06,Ethereum,48684114590
2025-04-07,Ethereum,44638694016
2025-04-08,Ethereum,44482971613
2025-04-09,Ethereum,43069343882
2025-04-10,Ethereum,46239087537
2025-04-11,Ethereum,43889374298
2025-04-12,Ethereum,44288803266
2025-04-13,Ethereum,45380061884
2025-04-14,Ethereum,45042634133
2025-04-15,Ethereum,45115139485
2025-04-16,Ethereum,44812102861
2025-04-17,Ethereum,45050159102
2025-04-18,Ethereum,44926601673
2025-04-19,Ethereum,44709013877
2025-04-20,Ethereum,45335567024
2025-04-21,Ethereum,44925385519
2025-04-22,Ethereum,44069296406
2025-04-23,Ethereum,47587157543
2025-04-24,Ethereum,48555315197
2025-04-25,Ethereum,48918960147
2025-04-26,Ethereum,49604827641
2025-04-27,Ethereum,49878009525
2025-04-28,Ethereum,49589610554
2025-04-29,Ethereum,49712028691
2025-04-30,Ethereum,49494438338
2025-05-01,Ethereum,49228226538
2025-05-02,Ethereum,50194843798
2025-05-03,Ethereum,50658125887
2025-05-04,Ethereum,50586326477
2025-05-05,Ethereum,50152976481
2025-05-06,Ethereum,49751302271
2025-05-07,Ethereum,49755000176
2025-05-08,Ethereum,48670425089
2025-05-09,Ethereum,55617492074
2025-05-10,Ethereum,57842983809
2025-05-11,Ethereum,61458119895
2025-05-12,Ethereum,60595897064
2025-05-13,Ethereum,59285365454
2025-05-14,Ethereum,62365067773
2025-05-15,Ethereum,60279672353
2025-05-16,Ethereum,59041748784
2025-05-17,Ethereum,59269858347
2025-05-18,Ethereum,58550566353
2025-05-19,Ethereum,58882353068
2025-05-20,Ethereum,60062338627
2025-05-21,Ethereum,60337677926
2025-05-22,Ethereum,61226591710
2025-05-23,Ethereum,62972879388
2025-05-24,Ethereum,60290182895
2025-05-25,Ethereum,60401048527
2025-05-26,Ethereum,60793447850
2025-05-27,Ethereum,61428491192
2025-05-28,Ethereum,62792941102
2025-05-29,Ethereum,63049378621
2025-05-30,Ethereum,61551623183
2025-05-31,Ethereum,59918314643
2025-06-01,Ethereum,59998077201
2025-06-02,Ethereum,60522632319
2025-06-03,Ethereum,61133758584
2025-06-04,Ethereum,61126620463
2025-06-05,Ethereum,61478223887
2025-06-06,Ethereum,58247298428
2025-06-07,Ethereum,59565701710
2025-06-08,Ethereum,60563076232
2025-06-09,Ethereum,60396610670
2025-06-10,Ethereum,62818945989
2025-06-11,Ethereum,65210262465
2025-06-12,Ethereum,64775241293
2025-06-13,Ethereum,61265222360
2025-06-14,Ethereum,60964571287
2025-06-15,Ethereum,60598711390
2025-06-16,Ethereum,60610360524
2025-06-17,Ethereum,62465804665
2025-06-18,Ethereum,61714416818
2025-06-19,Ethereum,62085575961
2025-06-20,Ethereum,62123251496
2025-06-21,Ethereum,59973160433
2025-06-22,Ethereum,57724199463
2025-06-23,Ethereum,56239138452
2025-06-24,Ethereum,59974381778
2025-06-25,Ethereum,60788149795
2025-06-26,Ethereum,60752411447
2025-06-27,Ethereum,60022757160
2025-06-28,Ethereum,60220112486
2025-06-29,Ethereum,61278236841
2025-06-30,Ethereum,62272125186
2025-07-01,Ethereum,61843008292
2025-07-02,Ethereum,60706689355
2025-07-03,Ethereum,63272861803
2025-07-04,Ethereum,64143445468
2025-07-05,Ethereum,62883030934
2025-07-06,Ethereum,63332706960
2025-07-07,Ethereum,64250919027
2025-07-08,Ethereum,63565310176
2025-07-09,Ethereum,64905636472
2025-07-10,Ethereum,67742825968
2025-07-11,Ethereum,70784732265
2025-07-12,Ethereum,70901443762
2025-07-13,Ethereum,70793997408
2025-07-14,Ethereum,71646338802
2025-07-15,Ethereum,71855162313
2025-07-16,Ethereum,73558854251
2025-07-17,Ethereum,75962942887
2025-07-18,Ethereum,77482279944
2025-07-19,Ethereum,78964397322
2025-07-20,Ethereum,79681216808
2025-07-21,Ethereum,82413156605
2025-07-22,Ethereum,83151655458
2025-07-23,Ethereum,82814909339
2025-07-24,Ethereum,81224997175
2025-07-25,Ethereum,81233107823
2025-07-26,Ethereum,82411818895
2025-07-27,Ethereum,82976150259
2025-07-28,Ethereum,85655337627
2025-07-29,Ethereum,83713571197
2025-07-30,Ethereum,83505817072
2025-07-31,Ethereum,83601425676
2025-08-01,Ethereum,81584406730
2025-08-02,Ethereum,77883363100
2025-08-03,Ethereum,76303687834
2025-08-04,Ethereum,78614293001
2025-08-05,Ethereum,81896792662
2025-08-06,Ethereum,81478714721
2025-08-07,Ethereum,82684211624
2025-08-08,Ethereum,87139693518
2025-08-09,Ethereum,87878946247
2025-08-10,Ethereum,91524165162
2025-08-11,Ethereum,91081220848
2025-08-12,Ethereum,90625764354
2025-08-13,Ethereum,95573101464
2025-08-14,Ethereum,97042671909
2025-08-15,Ethereum,93588620218
2025-08-16,Ethereum,91630113275
2025-08-17,Ethereum,91310808008
2025-08-18,Ethereum,91465910911
2025-08-19,Ethereum,89650348154
2025-08-20,Ethereum,85657217674
2025-08-21,Ethereum,88805881921
2025-08-22,Ethereum,88217152572
2025-08-23,Ethereum,95824801285
2025-08-24,Ethereum,97073760313
2025-08-25,Ethereum,94915990176
2025-08-26,Ethereum,91008265106
2025-08-27,Ethereum,93986304766
2025-08-28,Ethereum,92917102453
2025-08-29,Ethereum,93247794200
2025-08-30,Ethereum,91005536639
2025-08-31,Ethereum,90928340493
2025-09-01,Ethereum,90852871078
2025-09-02,Ethereum,89361271180
2025-09-03,Ethereum,89243638127
2025-09-04,Ethereum,92043246850
2025-09-05,Ethereum,89954819368
2025-09-06,Ethereum,90379652239
2025-09-07,Ethereum,89870782307
2025-09-08,Ethereum,90922060525
2025-09-09,Ethereum,90668743553
2025-09-10,Ethereum,90493243484
2025-09-11,Ethereum,91455468930
2025-09-12,Ethereum,92793048059
2025-09-13,Ethereum,96618576808
2025-09-14,Ethereum,95915029178
2025-09-15,Ethereum,94686867897
2025-09-16,Ethereum,93879931384
2025-09-17,Ethereum,93361836382
2025-09-18,Ethereum,94985170813
2025-09-19,Ethereum,95647003622
2025-09-20,Ethereum,94060585802
2025-09-21,Ethereum,95166280042
2025-09-22,Ethereum,94133045999
2025-09-23,Ethereum,90284960864
2025-09-24,Ethereum,89055914766
2025-09-25,Ethereum,89056942904
2025-09-26,Ethereum,84545412922
2025-09-27,Ethereum,85664358501
2025-09-28,Ethereum,85527283984
2025-09-29,Ethereum,87456780176
2025-09-30,Ethereum,88409242008
2025-10-01,Ethereum,87986519121
2025-10-02,Ethereum,91232100660
2025-10-03,Ethereum,93349268228
2025-10-04,Ethereum,94008169225
2025-10-05,Ethereum,93822880024
2025-10-06,Ethereum,94276297716
2025-10-07,Ethereum,97257572689
2025-10-08,Ethereum,94499768964
2025-10-09,Ethereum,94549465039
2025-10-10,Ethereum,92571549255
2025-10-11,Ethereum,82671952028
2025-10-12,Ethereum,81943664551
2025-10-13,Ethereum,88152910753
2025-10-14,Ethereum,89720348192
2025-10-15,Ethereum,88455673008
2025-10-16,Ethereum,86067851123
2025-10-17,Ethereum,84322567888
2025-10-18,Ethereum,83044893141
2025-10-19,Ethereum,83936876899
2025-10-20,Ethereum,84834128630
2025-10-21,Ethereum,85460523993
2025-10-22,Ethereum,84565818697
2025-10-23,Ethereum,82283891583
2025-10-24,Ethereum,82948099684
2025-10-25,Ethereum,84876936032
2025-10-26,Ethereum,85468771309
2025-10-27,Ethereum,88974348487
2025-10-28,Ethereum,88200181550
2025-10-29,Ethereum,86402794501
2025-10-30,Ethereum,86049752940
2025-10-31,Ethereum,84261788360
2025-11-01,Ethereum,84912126727
2025-11-02,Ethereum,84712777949
2025-11-03,Ethereum,84918790977
2025-11-04,Ethereum,80191810984
2025-11-05,Ethereum,73960595231
2025-11-06,Ethereum,74420416485
2025-11-07,Ethereum,73055806372
2025-11-08,Ethereum,74313411907
2025-11-09,Ethereum,73591877317
2025-11-10,Ethereum,76611460083
2025-11-11,Ethereum,76546478130
2025-11-12,Ethereum,74673444459
2025-11-13,Ethereum,74810461208
2025-11-14,Ethereum,73362207315
2025-11-15,Ethereum,72084952557
2025-11-16,Ethereum,71908556817
2025-11-17,Ethereum,69864355788
2025-11-18,Ethereum,68982847432
2025-11-19,Ethereum,70680406637
2025-11-20,Ethereum,69229646116
2025-11-21,Ethereum,66855940591
2025-11-22,Ethereum,64593040169
2025-11-23,Ethereum,64391785491
2025-11-24,Ethereum,64733223991
2025-11-25,Ethereum,67249300254
2025-11-26,Ethereum,67331392847
2025-11-27,Ethereum,68661000914
2025-11-28,Ethereum,68465057752
2025-11-29,Ethereum,68839466795
2025-11-30,Ethereum,67884802264
2025-12-01,Ethereum,67550005340
2025-12-02,Ethereum,65312021517
2025-12-03,Ethereum,67389155679
2025-12-04,Ethereum,70749363884
2025-12-05,Ethereum,69564135743
2025-12-06,Ethereum,68718734636
2025-12-07,Ethereum,68843467143
2025-12-08,Ethereum,69177319635
2025-12-09,Ethereum,69234894743
2025-12-10,Ethereum,71951410231
2025-12-11,Ethereum,71579434159
2025-12-12,Ethereum,71150118052
2025-12-13,Ethereum,69594147009
2025-12-14,Ethereum,70208314540
2025-12-15,Ethereum,70474271355
2025-12-16,Ethereum,68539642896
2025-12-17,Ethereum,68991667801
2025-12-18,Ethereum,67172973380
2025-12-19,Ethereum,67163064454
2025-12-20,Ethereum,69140804891
2025-12-21,Ethereum,69372508331
2025-12-22,Ethereum,70031220487
2025-12-23,Ethereum,69615477243
2025-12-24,Ethereum,67987788758
2025-12-25,Ethereum,68470756530
2025-12-26,Ethereum,67969823289
2025-12-27,Ethereum,68003146082
2025-12-28,Ethereum,68301154524
2025-12-29,Ethereum,68542882926
2025-12-30,Ethereum,67305821529
2025-12-31,Ethereum,67126124030
2026-01-01,Ethereum,67917587134
2026-01-02,Ethereum,69225190389
2026-01-03,Ethereum,71286941120
2026-01-04,Ethereum,72244334817
2026-01-05,Ethereum,72577154340
2026-01-06,Ethereum,74248551602
2026-01-07,Ethereum,74910292796
2026-01-08,Ethereum,72757849357
2026-01-09,Ethereum,71120599480
2026-01-10,Ethereum,70187228961
2026-01-11,Ethereum,71131880259
2026-01-12,Ethereum,71678228413
2026-01-13,Ethereum,70595084599
2026-01-14,Ethereum,74959714095
2026-01-15,Ethereum,75464574871
2026-01-16,Ethereum,74641697299
2026-01-17,Ethereum,74751221101
2026-01-18,Ethereum,75029564824
2026-01-19,Ethereum,73642353745
2026-01-20,Ethereum,73404066494
2026-01-21,Ethereum,68554236705
2026-01-22,Ethereum,69265854219
2026-01-23,Ethereum,69118196765
2026-01-24,Ethereum,68959395060
2026-01-25,Ethereum,69660602079
2026-01-26,Ethereum,67343585492
2026-01-27,Ethereum,69220217945
2026-01-28,Ethereum,70620938995
2026-01-29,Ethereum,70817689820
2026-01-30,Ethereum,67533815560
2026-01-31,Ethereum,65747617806
2026-02-01,Ethereum,61782184140
2026-02-02,Ethereum,58993348687
2026-02-03,Ethereum,59900811362
2026-02-04,Ethereum,59073809669
2026-02-05,Ethereum,57527729830
2026-02-06,Ethereum,51619588801
2026-02-07,Ethereum,54805611695
2026-02-08,Ethereum,56242953194
2026-02-09,Ethereum,56708553170
2026-02-10,Ethereum,56701743496
2026-02-11,Ethereum,55516690488
2026-02-12,Ethereum,54723473443
2026-02-13,Ethereum,54227649074
2026-02-14,Ethereum,55702561496
2026-02-15,Ethereum,55905290714
2026-02-16,Ethereum,54564063705
2026-02-17,Ethereum,54697969816
2026-02-18,Ethereum,54732930585
2026-02-19,Ethereum,53213594585
2026-02-20,Ethereum,53354665751
2026-02-21,Ethereum,52851199396
2026-02-22,Ethereum,53102191679
2026-02-23,Ethereum,53137118159
2026-02-24,Ethereum,51374046929
2026-02-25,Ethereum,51209648877
2026-02-26,Ethereum,54039201206
2026-02-27,Ethereum,53767206800
2026-02-28,Ethereum,52294985213
2026-03-01,Ethereum,52531447066
2026-03-02,Ethereum,52013597191
2026-03-03,Ethereum,53516918126
2026-03-04,Ethereum,52426262090
2026-03-05,Ethereum,54936941764
2026-03-06,Ethereum,55083524718
2026-03-07,Ethereum,53567436874
2026-03-08,Ethereum,53862126619
2026-03-09,Ethereum,53567704938
2026-03-10,Ethereum,54580264745
2026-03-11,Ethereum,54564363216
2026-03-12,Ethereum,55420142494
2026-03-13,Ethereum,56337225644
2026-03-14,Ethereum,56124944843
2026-03-15,Ethereum,56500633989
2026-03-16,Ethereum,57697213054
2026-03-17,Ethereum,59497615249
2026-03-18,Ethereum,59331582495
2026-03-19,Ethereum,56741341502
2026-03-20,Ethereum,55409815267
2026-03-21,Ethereum,56167077021
2026-03-22,Ethereum,55688306431
2026-03-23,Ethereum,54188026948
2026-03-24,Ethereum,55613250914
2026-03-25,Ethereum,55003524424
2026-03-26,Ethereum,55371738779
2026-03-27,Ethereum,53342686633
2026-03-28,Ethereum,52390964641
2026-03-29,Ethereum,52378220439
2026-03-30,Ethereum,52290822631
2026-03-31,Ethereum,52188059983
2026-04-01,Ethereum,53663997384
2026-04-02,Ethereum,53784807555
2026-04-03,Ethereum,52702927101
2026-04-04,Ethereum,52173529594
2026-04-05,Ethereum,52470223906
2026-04-06,Ethereum,53471726292
2026-04-07,Ethereum,51775698158
2026-04-08,Ethereum,54105882443
2026-04-09,Ethereum,53428362996
2026-04-10,Ethereum,53663401557
2026-04-11,Ethereum,54399610081
2026-04-12,Ethereum,55002101682
2026-04-13,Ethereum,53347903381
2026-04-14,Ethereum,55887971255
2026-04-15,Ethereum,55628923518
2026-04-16,Ethereum,55679279168
2026-04-17,Ethereum,55584621552
2026-04-18,Ethereum,56417095240
2026-04-19,Ethereum,51701959916
2026-04-20,Ethereum,46540222366
2026-04-21,Ethereum,46204916019
2026-04-22,Ethereum,45749680550
2026-04-23,Ethereum,46369817507
2026-04-24,Ethereum,45570096442
2026-04-25,Ethereum,44717824325
2026-04-26,Ethereum,45183374589
2026-04-27,Ethereum,45938105217
2026-04-28,Ethereum,44847477922
2026-04-29,Ethereum,44571867658
2026-04-30,Ethereum,44819728174
2026-05-01,Ethereum,44918977450
2026-05-02,Ethereum,45060076272
2026-05-03,Ethereum,45617091502
2026-05-04,Ethereum,45645066456
2026-05-05,Ethereum,45514783131
2026-05-06,Ethereum,45778368340
2026-05-07,Ethereum,45614705278
2026-05-08,Ethereum,45246374194
2026-05-09,Ethereum,45322660412
2026-05-10,Ethereum,45383522669
2026-05-11,Ethereum,45954569916
2026-05-12,Ethereum,45644355362
2026-05-13,Ethereum,45027517717
2026-05-14,Ethereum,44738338432
2026-05-15,Ethereum,45169605845
2026-05-16,Ethereum,44417392198
2026-05-17,Ethereum,43912150415
2026-05-18,Ethereum,43184306987
2026-05-19,Ethereum,43241652215
2026-05-20,Ethereum,42626496090
2026-05-21,Ethereum,42890738422
2026-05-22,Ethereum,43022847760
2026-05-23,Ethereum,42146387308
2026-05-24,Ethereum,42872848576
2026-05-25,Ethereum,42543096828
2026-05-26,Ethereum,42938960797
2026-05-27,Ethereum,42047915341
2026-05-28,Ethereum,42197696206
2026-05-29,Ethereum,42286671217
2026-05-30,Ethereum,41651153999
2026-05-31,Ethereum,41892777017
2026-06-01,Ethereum,41766106155
2026-06-02,Ethereum,41545752909
2026-06-03,Ethereum,39202342296
2026-06-04,Ethereum,38804406855
2026-06-05,Ethereum,38663647638
2026-06-06,Ethereum,36163125600
2026-06-07,Ethereum,36091327410
2026-06-08,Ethereum,37597551428
2026-06-09,Ethereum,37415080080
2026-06-10,Ethereum,36771281989
2026-06-11,Ethereum,36460234647
2026-06-12,Ethereum,37169204318
2026-06-13,Ethereum,37431359765
2026-06-14,Ethereum,37785755847
2026-06-15,Ethereum,38407838647
2026-06-16,Ethereum,38766601004
2026-06-17,Ethereum,39595949569
2026-06-18,Ethereum,38940774176
2026-06-19,Ethereum,38398780279
2026-06-20,Ethereum,38519325973
2026-06-21,Ethereum,38882419108
2026-06-22,Ethereum,38150158585
2026-06-23,Ethereum,38799198724
2026-06-24,Ethereum,37952678359
2026-06-25,Ethereum,36931297009
2026-06-26,Ethereum,36765744893
2026-06-27,Ethereum,36953803660
2026-06-28,Ethereum,37258589860
2026-06-29,Ethereum,37021877235
2026-06-30,Ethereum,37034387569
2026-07-01,Ethereum,36353217920
2026-07-02,Ethereum,36995192559
2026-07-03,Ethereum,38619422989
2026-07-04,Ethereum,39473059793
2026-07-05,Ethereum,39628922109
2026-07-06,Ethereum,39731152127
2026-07-07,Ethereum,39899215934
2026-07-08,Ethereum,39135286744
2026-07-09,Ethereum,38807606528
2026-07-10,Ethereum,38439468823
2026-07-11,Ethereum,40005435744
2026-07-12,Ethereum,39445941220
2026-07-13,Ethereum,39629252429
2026-07-14,Ethereum,39351012072
2026-07-15,Ethereum,40868313765
2026-07-16,Ethereum,41108921411
2026-07-17,Ethereum,40611829272
2026-07-18,Ethereum,40623589215
2026-07-19,Ethereum,40957980598
2026-07-20,Ethereum,41029331156
2026-07-21,Ethereum,41525720751
2026-07-22,Ethereum,41982171184
2026-07-23,Ethereum,41929139968
2026-07-24,Ethereum,41239337869
2026-07-25,Ethereum,41115523381
2026-07-26,Ethereum,41253265055
2026-07-27,Ethereum,42063747032
2026-07-28,Ethereum,41020621476
2026-07-29,Ethereum,41384473449
2026-07-30,Ethereum,41112738411
2026-07-31,Ethereum,41399687326
2026-08-01,Ethereum,40735429704
2026-08-02,Ethereum,40356684091
2026-08-03,Ethereum,40893075426
2026-08-04,Ethereum,40255913814
2026-08-05,Ethereum,40894103788
2026-08-06,Ethereum,41391237857
2026-08-07,Ethereum,41429882836
2026-08-08,Ethereum,41706466727
2026-08-09,Ethereum,41772093104
2026-08-10,Ethereum,41741889512
2026-08-11,Ethereum,41354657366
2026-08-12,Ethereum,40948807346
2026-08-13,Ethereum,41024142407
2026-08-14,Ethereum,40874762893
2026-08-15,Ethereum,40712004425
2026-08-16,Ethereum,41027370801
2021-03-17,Solana,148988798
2021-03-18,Solana,153204289
2021-03-19,Solana,147690914
2021-03-20,Solana,151935325
2021-03-21,Solana,152981122
2021-03-22,Solana,162065403
2021-03-23,Solana,156101311
2021-03-24,Solana,144439504
2021-03-25,Solana,135610450
2021-03-26,Solana,147786656
2021-03-27,Solana,172583244
2021-03-28,Solana,189014228
2021-03-29,Solana,202157669
2021-03-30,Solana,209794033
2021-03-31,Solana,216074736
2021-04-01,Solana,236083655
2021-04-02,Solana,236307232
2021-04-03,Solana,236512420
2021-04-04,Solana,236284645
2021-04-05,Solana,272660066
2021-04-06,Solana,272946157
2021-04-07,Solana,268548272
2021-04-08,Solana,279360808
2021-04-09,Solana,295059875
2021-04-10,Solana,331615408
2021-04-11,Solana,647663929
2021-04-12,Solana,739231459
2021-04-13,Solana,725758618
2021-04-14,Solana,789910959
2021-04-15,Solana,845558717
2021-04-16,Solana,832102238
2021-04-17,Solana,824749593
2021-04-18,Solana,729827260
2021-04-19,Solana,753461958
2021-04-20,Solana,678987265
2021-04-21,Solana,829807234
2021-04-22,Solana,857179023
2021-04-23,Solana,942962155
2021-04-24,Solana,901520179
2021-04-25,Solana,916232747
2021-04-26,Solana,1071510889
2021-04-27,Solana,1276876824
2021-04-28,Solana,1329907800
2021-04-29,Solana,1324521673
2021-04-30,Solana,1251992491
2021-05-01,Solana,1355545854
2021-05-02,Solana,1490183131
2021-05-03,Solana,1561282761
2021-05-04,Solana,1575814658
2021-05-05,Solana,1527816049
2021-05-06,Solana,1559507954
2021-05-07,Solana,1557256030
2021-05-08,Solana,1567358430
2021-05-09,Solana,1619266143
2021-05-10,Solana,1634582566
2021-05-11,Solana,1582705608
2021-05-12,Solana,1596631428
2021-05-13,Solana,1435048916
2021-05-14,Solana,1496478540
2021-05-15,Solana,1382212605
2021-05-16,Solana,1549574579
2021-05-17,Solana,1125804868
2021-05-18,Solana,1296947874
2021-05-19,Solana,875150588
2021-05-20,Solana,973602542
2021-05-21,Solana,715568965
2021-05-22,Solana,790006618
2021-05-23,Solana,658552593
2021-05-24,Solana,768757432
2021-05-25,Solana,612657114
2021-05-26,Solana,857310002
2021-05-27,Solana,850953177
2021-05-28,Solana,791685442
2021-05-29,Solana,736826756
2021-05-30,Solana,813407821
2021-05-31,Solana,880378004
2021-06-01,Solana,670808190
2021-06-02,Solana,848207713
2021-06-03,Solana,760054301
2021-06-04,Solana,740082595
2021-06-05,Solana,725056470
2021-06-06,Solana,742389346
2021-06-07,Solana,735811188
2021-06-08,Solana,691338751
2021-06-09,Solana,661518860
2021-06-10,Solana,562607615
2021-06-11,Solana,556162146
2021-06-12,Solana,534624148
2021-06-13,Solana,541039253
2021-06-14,Solana,556519807
2021-06-15,Solana,584211544
2021-06-16,Solana,547748099
2021-06-17,Solana,540478965
2021-06-18,Solana,516185477
2021-06-19,Solana,502604659
2021-06-20,Solana,506128155
2021-06-21,Solana,466164686
2021-06-22,Solana,447502806
2021-06-23,Solana,444512249
2021-06-24,Solana,448430968
2021-06-25,Solana,451721654
2021-06-26,Solana,423082407
2021-06-27,Solana,449526718
2021-06-28,Solana,463489716
2021-06-29,Solana,479139300
2021-06-30,Solana,491278563
2021-07-01,Solana,507472546
2021-07-02,Solana,790560134
2021-07-03,Solana,869787883
2021-07-04,Solana,873447775
2021-07-05,Solana,853035678
2021-07-06,Solana,885504288
2021-07-07,Solana,898078492
2021-07-08,Solana,855072856
2021-07-09,Solana,858662277
2021-07-10,Solana,848788419
2021-07-11,Solana,855127871
2021-07-12,Solana,832663878
2021-07-13,Solana,822681126
2021-07-14,Solana,831885719
2021-07-15,Solana,785680901
2021-07-16,Solana,781718509
2021-07-17,Solana,876082630
2021-07-18,Solana,886311874
2021-07-19,Solana,861778925
2021-07-20,Solana,854373926
2021-07-21,Solana,891610557
2021-07-22,Solana,919195017
2021-07-23,Solana,949581083
2021-07-24,Solana,970500585
2021-07-25,Solana,986521609
2021-07-26,Solana,997549981
2021-07-27,Solana,1023543513
2021-07-28,Solana,1066854851
2021-07-29,Solana,1135937952
2021-07-30,Solana,1192566473
2021-07-31,Solana,1244169934
2021-08-01,Solana,1204468607
2021-08-02,Solana,1235666585
2021-08-03,Solana,1245829134
2021-08-04,Solana,1290175469
2021-08-05,Solana,1364332725
2021-08-06,Solana,1314146303
2021-08-07,Solana,1327362329
2021-08-08,Solana,1304155428
2021-08-09,Solana,1361913466
2021-08-10,Solana,1343991879
2021-08-11,Solana,1343516825
2021-08-12,Solana,1403995543
2021-08-13,Solana,1463836340
2021-08-14,Solana,1508051128
2021-08-15,Solana,1631699574
2021-08-16,Solana,1729658494
2021-08-17,Solana,1786087699
2021-08-18,Solana,1997161281
2021-08-19,Solana,2103736573
2021-08-20,Solana,2274158627
2021-08-21,Solana,2275112735
2021-08-22,Solana,2218000709
2021-08-23,Solana,2250117206
2021-08-24,Solana,2204595033
2021-08-25,Solana,2193191447
2021-08-26,Solana,2253275462
2021-08-27,Solana,2439598288
2021-08-28,Solana,2567798841
2021-08-29,Solana,2593429466
2021-08-30,Solana,2709652837
2021-08-31,Solana,2735864216
2021-09-01,Solana,2877963189
2021-09-02,Solana,3029584099
2021-09-03,Solana,3191574878
2021-09-04,Solana,3328505721
2021-09-05,Solana,3546418518
2021-09-06,Solana,4208649902
2021-09-07,Solana,3966327656
2021-09-08,Solana,4816807931
2021-09-09,Solana,5658526091
2021-09-10,Solana,6350729997
2021-09-11,Solana,6694664395
2021-09-12,Solana,7604633492
2021-09-13,Solana,7326415290
2021-09-14,Solana,7151040149
2021-09-15,Solana,7131258837
2021-09-16,Solana,6704300350
2021-09-17,Solana,6483722696
2021-09-18,Solana,7201356137
2021-09-19,Solana,6882391944
2021-09-20,Solana,5953651385
2021-09-21,Solana,5543049946
2021-09-22,Solana,6276025425
2021-09-23,Solana,6556372861
2021-09-24,Solana,6268148421
2021-09-25,Solana,6353408537
2021-09-26,Solana,6342540190
2021-09-27,Solana,6323728768
2021-09-28,Solana,6147041840
2021-09-29,Solana,6277367087
2021-09-30,Solana,6617236505
2021-10-01,Solana,7114242817
2021-10-02,Solana,7220803330
2021-10-03,Solana,7441217915
2021-10-04,Solana,7300749820
2021-10-05,Solana,7270422667
2021-10-06,Solana,6900156538
2021-10-07,Solana,6649879818
2021-10-08,Solana,6650989615
2021-10-09,Solana,6668108737
2021-10-10,Solana,6535290908
2021-10-11,Solana,6552348938
2021-10-12,Solana,6623123168
2021-10-13,Solana,7787820635
2021-10-14,Solana,7865264964
2021-10-15,Solana,7534917475
2021-10-16,Solana,7621040592
2021-10-17,Solana,7925872554
2021-10-18,Solana,7640107857
2021-10-19,Solana,7461956613
2021-10-20,Solana,7466363059
2021-10-21,Solana,7933436821
2021-10-22,Solana,7868042413
2021-10-23,Solana,7707026730
2021-10-24,Solana,8115070507
2021-10-25,Solana,8183788321
2021-10-26,Solana,8449789045
2021-10-27,Solana,8219139877
2021-10-28,Solana,7726205440
2021-10-29,Solana,8027081125
2021-10-30,Solana,7920353255
2021-10-31,Solana,7853513235
2021-11-01,Solana,8115703748
2021-11-02,Solana,8115212180
2021-11-03,Solana,8526959834
2021-11-04,Solana,9794133173
2021-11-05,Solana,9804364557
2021-11-06,Solana,9659963037
2021-11-07,Solana,9961743713
2021-11-08,Solana,9933530531
2021-11-09,Solana,10027276058
2021-11-10,Solana,9708705937
2021-11-11,Solana,9305929286
2021-11-12,Solana,9610132340
2021-11-13,Solana,9509495458
2021-11-14,Solana,9676660601
2021-11-15,Solana,9597029012
2021-11-16,Solana,9400644816
2021-11-17,Solana,8934429975
2021-11-18,Solana,8963456377
2021-11-19,Solana,8284863411
2021-11-20,Solana,8734078017
2021-11-21,Solana,8721983483
2021-11-22,Solana,8701078197
2021-11-23,Solana,8333533673
2021-11-24,Solana,8436786678
2021-11-25,Solana,8548154789
2021-11-26,Solana,8558940009
2021-11-27,Solana,7975727436
2021-11-28,Solana,7977267278
2021-11-29,Solana,8213629197
2021-11-30,Solana,8423492804
2021-12-01,Solana,8477726900
2021-12-02,Solana,8690625487
2021-12-03,Solana,8573321674
2021-12-04,Solana,8217718286
2021-12-05,Solana,7228674575
2021-12-06,Solana,7090293935
2021-12-07,Solana,7090818319
2021-12-08,Solana,7024538846
2021-12-09,Solana,7232216943
2021-12-10,Solana,6951538211
2021-12-11,Solana,6358872890
2021-12-12,Solana,6478340403
2021-12-13,Solana,6562382733
2021-12-14,Solana,6368195884
2021-12-15,Solana,6448505134
2021-12-16,Solana,6774841742
2021-12-17,Solana,6736445335
2021-12-18,Solana,6598505688
2021-12-19,Solana,6914154542
2021-12-20,Solana,6833148072
2021-12-21,Solana,6626928722
2021-12-22,Solana,6822615143
2021-12-23,Solana,6777634406
2021-12-24,Solana,7089737850
2021-12-25,Solana,7064679087
2021-12-26,Solana,7023307330
2021-12-27,Solana,7140271136
2021-12-28,Solana,7050882480
2021-12-29,Solana,6732377650
2021-12-30,Solana,6561190253
2021-12-31,Solana,6432190593
2022-01-01,Solana,6559829856
2022-01-02,Solana,6700501937
2022-01-03,Solana,6704021952
2022-01-04,Solana,6517690974
2022-01-05,Solana,6593987447
2022-01-06,Solana,6238078126
2022-01-07,Solana,6002713804
2022-01-08,Solana,5518693723
2022-01-09,Solana,5382213690
2022-01-10,Solana,5476959880
2022-01-11,Solana,5223230801
2022-01-12,Solana,5341695413
2022-01-13,Solana,5472717669
2022-01-14,Solana,5311961489
2022-01-15,Solana,5392655938
2022-01-16,Solana,5518692262
2022-01-17,Solana,5559393537
2022-01-18,Solana,5491635457
2022-01-19,Solana,5487748614
2022-01-20,Solana,5613992223
2022-01-21,Solana,5399515576
2022-01-22,Solana,4843182721
2022-01-23,Solana,4514168198
2022-01-24,Solana,4466301676
2022-01-25,Solana,4376219740
2022-01-26,Solana,4467853090
2022-01-27,Solana,4485182525
2022-01-28,Solana,4429324066
2022-01-29,Solana,4590744235
2022-01-30,Solana,4730291107
2022-01-31,Solana,4600023965
2022-02-01,Solana,4751626794
2022-02-02,Solana,4929584825
2022-02-03,Solana,4223013963
2022-02-04,Solana,4410536014
2022-02-05,Solana,4785167923
2022-02-06,Solana,4875181830
2022-02-07,Solana,4840454317
2022-02-08,Solana,4915969584
2022-02-09,Solana,4860926395
2022-02-10,Solana,5090786283
2022-02-11,Solana,4895276509
2022-02-12,Solana,4686624486
2022-02-13,Solana,4623671635
2022-02-14,Solana,4587772050
2022-02-15,Solana,4634247200
2022-02-16,Solana,4777078817
2022-02-17,Solana,4706100610
2022-02-18,Solana,4573603903
2022-02-19,Solana,4494109740
2022-02-20,Solana,4441454304
2022-02-21,Solana,4452219037
2022-02-22,Solana,4327820079
2022-02-23,Solana,4319769339
2022-02-24,Solana,4170613845
2022-02-25,Solana,4254827322
2022-02-26,Solana,4295698123
2022-02-27,Solana,4272832360
2022-02-28,Solana,4085776340
2022-03-01,Solana,4409302548
2022-03-02,Solana,4358228042
2022-03-03,Solana,4297796873
2022-03-04,Solana,4184239542
2022-03-05,Solana,4085354776
2022-03-06,Solana,4054125002
2022-03-07,Solana,4052971283
2022-03-08,Solana,3965703556
2022-03-09,Solana,3928900001
2022-03-10,Solana,4137838843
2022-03-11,Solana,3951124719
2022-03-12,Solana,4155248962
2022-03-13,Solana,4249152047
2022-03-14,Solana,3989486056
2022-03-15,Solana,4221273115
2022-03-16,Solana,4170711031
2022-03-17,Solana,4205653757
2022-03-18,Solana,4109065053
2022-03-19,Solana,4387202498
2022-03-20,Solana,4324845347
2022-03-21,Solana,4223037741
2022-03-22,Solana,4241576802
2022-03-23,Solana,4091108110
2022-03-24,Solana,4121617332
2022-03-25,Solana,4148626289
2022-03-26,Solana,4068416159
2022-03-27,Solana,4302593105
2022-03-28,Solana,4249579831
2022-03-29,Solana,4337223936
2022-03-30,Solana,4273232601
2022-03-31,Solana,4447464439
2022-04-01,Solana,4481773935
2022-04-02,Solana,4731102037
2022-04-03,Solana,4731619939
2022-04-04,Solana,4808549261
2022-04-05,Solana,4825021968
2022-04-06,Solana,4596447269
2022-04-07,Solana,4381090584
2022-04-08,Solana,4024894118
2022-04-09,Solana,4053305493
2022-04-10,Solana,4106559764
2022-04-11,Solana,4075997437
2022-04-12,Solana,3850908985
2022-04-13,Solana,3860577821
2022-04-14,Solana,4089541250
2022-04-15,Solana,3971780747
2022-04-16,Solana,4027227902
2022-04-17,Solana,3975970069
2022-04-18,Solana,3890719398
2022-04-19,Solana,4059997833
2022-04-20,Solana,4103747231
2022-04-21,Solana,4016856795
2022-04-22,Solana,3952371780
2022-04-23,Solana,3842766127
2022-04-24,Solana,3965697713
2022-04-25,Solana,3806204017
2022-04-26,Solana,3948776649
2022-04-27,Solana,3767772455
2022-04-28,Solana,3899913937
2022-04-29,Solana,3882353190
2022-04-30,Solana,3838258579
2022-05-01,Solana,3555628093
2022-05-02,Solana,3632275189
2022-05-03,Solana,3644027511
2022-05-04,Solana,3654803356
2022-05-05,Solana,3775014567
2022-05-06,Solana,3607987045
2022-05-07,Solana,3575335096
2022-05-08,Solana,3531183252
2022-05-09,Solana,3406626647
2022-05-10,Solana,2977807176
2022-05-11,Solana,3013958516
2022-05-12,Solana,2646294386
2022-05-13,Solana,2504459607
2022-05-14,Solana,2507642131
2022-05-15,Solana,2573223090
2022-05-16,Solana,2736899436
2022-05-17,Solana,2709082290
2022-05-18,Solana,2760557698
2022-05-19,Solana,2689164260
2022-05-20,Solana,2752041452
2022-05-21,Solana,2611117390
2022-05-22,Solana,2646259317
2022-05-23,Solana,2701752751
2022-05-24,Solana,2690204545
2022-05-25,Solana,2645229346
2022-05-26,Solana,2627012059
2022-05-27,Solana,2544374976
2022-05-28,Solana,2435185793
2022-05-29,Solana,2476559893
2022-05-30,Solana,2512781627
2022-05-31,Solana,2520917517
2022-06-01,Solana,2511483227
2022-06-02,Solana,2440606912
2022-06-03,Solana,2372493131
2022-06-04,Solana,2399596224
2022-06-05,Solana,2395477474
2022-06-06,Solana,2339879041
2022-06-07,Solana,2366949034
2022-06-08,Solana,2356903833
2022-06-09,Solana,2487731837
2022-06-10,Solana,2461343569
2022-06-11,Solana,2409347919
2022-06-12,Solana,2276101238
2022-06-13,Solana,2094418261
2022-06-14,Solana,1899145885
2022-06-15,Solana,1898304377
2022-06-16,Solana,1791545957
2022-06-17,Solana,1601845745
2022-06-18,Solana,1690729234
2022-06-19,Solana,1606205418
2022-06-20,Solana,1647931629
2022-06-21,Solana,1630951494
2022-06-22,Solana,1646436945
2022-06-23,Solana,1632932359
2022-06-24,Solana,1658645227
2022-06-25,Solana,1714779635
2022-06-26,Solana,1717098543
2022-06-27,Solana,1664372611
2022-06-28,Solana,1673138874
2022-06-29,Solana,1656030879
2022-06-30,Solana,1607607784
2022-07-01,Solana,1558848755
2022-07-02,Solana,1532175498
2022-07-03,Solana,1571752658
2022-07-04,Solana,1579477582
2022-07-05,Solana,1599575859
2022-07-06,Solana,1580541536
2022-07-07,Solana,1652542224
2022-07-08,Solana,1729678199
2022-07-09,Solana,1717467234
2022-07-10,Solana,1708185958
2022-07-11,Solana,1635696116
2022-07-12,Solana,1559041270
2022-07-13,Solana,1586717731
2022-07-14,Solana,1606591440
2022-07-15,Solana,1580509699
2022-07-16,Solana,1605350608
2022-07-17,Solana,1691261715
2022-07-18,Solana,1671971281
2022-07-19,Solana,1776919065
2022-07-20,Solana,1774892826
2022-07-21,Solana,1732487796
2022-07-22,Solana,1733323158
2022-07-23,Solana,1686025152
2022-07-24,Solana,1670639037
2022-07-25,Solana,1680230556
2022-07-26,Solana,1644083270
2022-07-27,Solana,1600516566
2022-07-28,Solana,1678542821
2022-07-29,Solana,1702124911
2022-07-30,Solana,1692142371
2022-07-31,Solana,1713590610
2022-08-01,Solana,1697453858
2022-08-02,Solana,1693096347
2022-08-03,Solana,1606737909
2022-08-04,Solana,1569868450
2022-08-05,Solana,1574929416
2022-08-06,Solana,1605909437
2022-08-07,Solana,1606807421
2022-08-08,Solana,1622775491
2022-08-09,Solana,1642443658
2022-08-10,Solana,1506741801
2022-08-11,Solana,1541137495
2022-08-12,Solana,1523879038
2022-08-13,Solana,1565506395
2022-08-14,Solana,1588639972
2022-08-15,Solana,1561108660
2022-08-16,Solana,1558492667
2022-08-17,Solana,1648984182
2022-08-18,Solana,1576367092
2022-08-19,Solana,1560502838
2022-08-20,Solana,1487288128
2022-08-21,Solana,1506411742
2022-08-22,Solana,1515109802
2022-08-23,Solana,1493698764
2022-08-24,Solana,1473695584
2022-08-25,Solana,1462921029
2022-08-26,Solana,1501106781
2022-08-27,Solana,1420839823
2022-08-28,Solana,1450843963
2022-08-29,Solana,1382588994
2022-08-30,Solana,1414620091
2022-08-31,Solana,1401972084
2022-09-01,Solana,1371489615
2022-09-02,Solana,1452465726
2022-09-03,Solana,1369991705
2022-09-04,Solana,1415908447
2022-09-05,Solana,1407165041
2022-09-06,Solana,1418234940
2022-09-07,Solana,1377692013
2022-09-08,Solana,1389364491
2022-09-09,Solana,1403517185
2022-09-10,Solana,1338159887
2022-09-11,Solana,1344041371
2022-09-12,Solana,1305556799
2022-09-13,Solana,1384822263
2022-09-14,Solana,1286336770
2022-09-15,Solana,1299645601
2022-09-16,Solana,1251295619
2022-09-17,Solana,1276576438
2022-09-18,Solana,1298551001
2022-09-19,Solana,1242792293
2022-09-20,Solana,1273962279
2022-09-21,Solana,1255042992
2022-09-22,Solana,1230721169
2022-09-23,Solana,1269175264
2022-09-24,Solana,1275982289
2022-09-25,Solana,1256333713
2022-09-26,Solana,1270032081
2022-09-27,Solana,1286929221
2022-09-28,Solana,1285093809
2022-09-29,Solana,1289996404
2022-09-30,Solana,1298503484
2022-10-01,Solana,1280404320
2022-10-02,Solana,1279312645
2022-10-03,Solana,1270382348
2022-10-04,Solana,1286867525
2022-10-05,Solana,1301808459
2022-10-06,Solana,1282079205
2022-10-07,Solana,1289478239
2022-10-08,Solana,1278491999
2022-10-09,Solana,1275999676
2022-10-10,Solana,1285395957
2022-10-11,Solana,1260822439
2022-10-12,Solana,1097987578
2022-10-13,Solana,939327583
2022-10-14,Solana,885341857
2022-10-15,Solana,878853071
2022-10-16,Solana,876726168
2022-10-17,Solana,935299998
2022-10-18,Solana,890560705
2022-10-19,Solana,883295441
2022-10-20,Solana,876381631
2022-10-21,Solana,870019800
2022-10-22,Solana,878794513
2022-10-23,Solana,882953698
2022-10-24,Solana,908287367
2022-10-25,Solana,897639211
2022-10-26,Solana,936027994
2022-10-27,Solana,959491837
2022-10-28,Solana,959600319
2022-10-29,Solana,967645557
2022-10-30,Solana,985235496
2022-10-31,Solana,974475788
2022-11-01,Solana,964956150
2022-11-02,Solana,961633287
2022-11-03,Solana,982030188
2022-11-04,Solana,943510594
2022-11-05,Solana,966892803
2022-11-06,Solana,1004248611
2022-11-07,Solana,940593129
2022-11-08,Solana,859226292
2022-11-09,Solana,629377056
2022-11-10,Solana,426594603
2022-11-11,Solana,461964842
2022-11-12,Solana,392982139
2022-11-13,Solana,343984997
2022-11-14,Solana,325945087
2022-11-15,Solana,324799577
2022-11-16,Solana,331352723
2022-11-17,Solana,339352328
2022-11-18,Solana,314943577
2022-11-19,Solana,296452297
2022-11-20,Solana,294605301
2022-11-21,Solana,293192137
2022-11-22,Solana,287991520
2022-11-23,Solana,288594259
2022-11-24,Solana,286240112
2022-11-25,Solana,285847100
2022-11-26,Solana,286210404
2022-11-27,Solana,284798018
2022-11-28,Solana,285049308
2022-11-29,Solana,283014542
2022-11-30,Solana,284789709
2022-12-01,Solana,286326331
2022-12-02,Solana,305971283
2022-12-03,Solana,304861868
2022-12-04,Solana,294281911
2022-12-05,Solana,294963352
2022-12-06,Solana,296608247
2022-12-07,Solana,296120617
2022-12-08,Solana,296576602
2022-12-09,Solana,294224639
2022-12-10,Solana,295102439
2022-12-11,Solana,294852840
2022-12-12,Solana,293011161
2022-12-13,Solana,291961905
2022-12-14,Solana,294356351
2022-12-15,Solana,294430993
2022-12-16,Solana,294257635
2022-12-17,Solana,263482687
2022-12-18,Solana,262059709
2022-12-19,Solana,259387456
2022-12-20,Solana,258230899
2022-12-21,Solana,245493859
2022-12-22,Solana,245092130
2022-12-23,Solana,233793683
2022-12-24,Solana,223161058
2022-12-25,Solana,222585745
2022-12-26,Solana,222095244
2022-12-27,Solana,219605426
2022-12-28,Solana,217914558
2022-12-29,Solana,232157758
2022-12-30,Solana,211046695
2022-12-31,Solana,210349576
2023-01-01,Solana,210474937
2023-01-02,Solana,210076888
2023-01-03,Solana,217225786
2023-01-04,Solana,230793963
2023-01-05,Solana,232996701
2023-01-06,Solana,233888868
2023-01-07,Solana,233644901
2023-01-08,Solana,232866188
2023-01-09,Solana,247500415
2023-01-10,Solana,248508121
2023-01-11,Solana,246248696
2023-01-12,Solana,251287156
2023-01-13,Solana,250297875
2023-01-14,Solana,265348961
2023-01-15,Solana,283929539
2023-01-16,Solana,282770642
2023-01-17,Solana,278088563
2023-01-18,Solana,276355209
2023-01-19,Solana,256877714
2023-01-20,Solana,258352149
2023-01-21,Solana,275932479
2023-01-22,Solana,273394058
2023-01-23,Solana,271944752
2023-01-24,Solana,270234215
2023-01-25,Solana,264691879
2023-01-26,Solana,283305455
2023-01-27,Solana,253001157
2023-01-28,Solana,269074964
2023-01-29,Solana,266407540
2023-01-30,Solana,274436767
2023-01-31,Solana,262694671
2023-02-01,Solana,262638638
2023-02-02,Solana,269655191
2023-02-03,Solana,264221742
2023-02-04,Solana,266719447
2023-02-05,Solana,263572547
2023-02-06,Solana,262677929
2023-02-07,Solana,257706363
2023-02-08,Solana,262292967
2023-02-09,Solana,258288831
2023-02-10,Solana,245130116
2023-02-11,Solana,243878725
2023-02-12,Solana,244329991
2023-02-13,Solana,245851964
2023-02-14,Solana,244594225
2023-02-15,Solana,246291398
2023-02-16,Solana,256036512
2023-02-17,Solana,251607149
2023-02-18,Solana,257759057
2023-02-19,Solana,262109985
2023-02-20,Solana,264874777
2023-02-21,Solana,272330147
2023-02-22,Solana,269121963
2023-02-23,Solana,281951226
2023-02-24,Solana,252504137
2023-02-25,Solana,260760338
2023-02-26,Solana,258399655
2023-02-27,Solana,261344629
2023-02-28,Solana,259770178
2023-03-01,Solana,254358211
2023-03-02,Solana,257529711
2023-03-03,Solana,258060140
2023-03-04,Solana,255547984
2023-03-05,Solana,253713227
2023-03-06,Solana,252663573
2023-03-07,Solana,250601540
2023-03-08,Solana,247808351
2023-03-09,Solana,237498765
2023-03-10,Solana,232364537
2023-03-11,Solana,231311355
2023-03-12,Solana,224333797
2023-03-13,Solana,237218716
2023-03-14,Solana,239691350
2023-03-15,Solana,242327098
2023-03-16,Solana,239285612
2023-03-17,Solana,241522677
2023-03-18,Solana,251677090
2023-03-19,Solana,250391362
2023-03-20,Solana,251590404
2023-03-21,Solana,286070292
2023-03-22,Solana,284817521
2023-03-23,Solana,278879852
2023-03-24,Solana,276741416
2023-03-25,Solana,271851189
2023-03-26,Solana,271976710
2023-03-27,Solana,272116612
2023-03-28,Solana,267793331
2023-03-29,Solana,269585593
2023-03-30,Solana,272507029
2023-03-31,Solana,261096401
2023-04-01,Solana,280787892
2023-04-02,Solana,280095373
2023-04-03,Solana,278515899
2023-04-04,Solana,282105543
2023-04-05,Solana,286187753
2023-04-06,Solana,286484840
2023-04-07,Solana,283526677
2023-04-08,Solana,282774866
2023-04-09,Solana,282666214
2023-04-10,Solana,282685634
2023-04-11,Solana,283837309
2023-04-12,Solana,291434273
2023-04-13,Solana,293597999
2023-04-14,Solana,297455751
2023-04-15,Solana,297392428
2023-04-16,Solana,294448128
2023-04-17,Solana,297078918
2023-04-18,Solana,295641141
2023-04-19,Solana,295650993
2023-04-20,Solana,288372173
2023-04-21,Solana,280338325
2023-04-22,Solana,274835067
2023-04-23,Solana,276752859
2023-04-24,Solana,273979683
2023-04-25,Solana,273723414
2023-04-26,Solana,276603496
2023-04-27,Solana,276894249
2023-04-28,Solana,276521775
2023-04-29,Solana,278382920
2023-04-30,Solana,277815361
2023-05-01,Solana,276210934
2023-05-02,Solana,272810610
2023-05-03,Solana,271896336
2023-05-04,Solana,273901133
2023-05-05,Solana,271187388
2023-05-06,Solana,279132707
2023-05-07,Solana,273541818
2023-05-08,Solana,272443692
2023-05-09,Solana,267597883
2023-05-10,Solana,268194049
2023-05-11,Solana,267661799
2023-05-12,Solana,265743665
2023-05-13,Solana,269851475
2023-05-14,Solana,269947941
2023-05-15,Solana,270280253
2023-05-16,Solana,271830868
2023-05-17,Solana,270896119
2023-05-18,Solana,271130295
2023-05-19,Solana,269894384
2023-05-20,Solana,269200620
2023-05-21,Solana,269692389
2023-05-22,Solana,266997901
2023-05-23,Solana,266439302
2023-05-24,Solana,269675134
2023-05-25,Solana,266423781
2023-05-26,Solana,266104217
2023-05-27,Solana,266656375
2023-05-28,Solana,271250745
2023-05-29,Solana,272477034
2023-05-30,Solana,271083234
2023-05-31,Solana,273595910
2023-06-01,Solana,269167294
2023-06-02,Solana,265881722
2023-06-03,Solana,268463977
2023-06-04,Solana,269170303
2023-06-05,Solana,284493661
2023-06-06,Solana,277421670
2023-06-07,Solana,280503550
2023-06-08,Solana,271704983
2023-06-09,Solana,272964301
2023-06-10,Solana,264394127
2023-06-11,Solana,254570708
2023-06-12,Solana,252855825
2023-06-13,Solana,252347542
2023-06-14,Solana,251470823
2023-06-15,Solana,248922416
2023-06-16,Solana,247472215
2023-06-17,Solana,249692859
2023-06-18,Solana,251797642
2023-06-19,Solana,254803995
2023-06-20,Solana,254907732
2023-06-21,Solana,257890105
2023-06-22,Solana,261967220
2023-06-23,Solana,256644388
2023-06-24,Solana,261089578
2023-06-25,Solana,256756369
2023-06-26,Solana,258135509
2023-06-27,Solana,255489470
2023-06-28,Solana,254558885
2023-06-29,Solana,253888742
2023-06-30,Solana,263911581
2023-07-01,Solana,268673568
2023-07-02,Solana,270398301
2023-07-03,Solana,272581694
2023-07-04,Solana,274854417
2023-07-05,Solana,274474368
2023-07-06,Solana,276083170
2023-07-07,Solana,279527516
2023-07-08,Solana,286934886
2023-07-09,Solana,292032720
2023-07-10,Solana,289132370
2023-07-11,Solana,287267371
2023-07-12,Solana,291984923
2023-07-13,Solana,292446057
2023-07-14,Solana,325189730
2023-07-15,Solana,316155786
2023-07-16,Solana,315312252
2023-07-17,Solana,318827480
2023-07-18,Solana,320447252
2023-07-19,Solana,317326786
2023-07-20,Solana,320496581
2023-07-21,Solana,315525622
2023-07-22,Solana,315818280
2023-07-23,Solana,308240864
2023-07-24,Solana,310747628
2023-07-25,Solana,304737943
2023-07-26,Solana,305463199
2023-07-27,Solana,316580042
2023-07-28,Solana,316530093
2023-07-29,Solana,316573265
2023-07-30,Solana,318209131
2023-07-31,Solana,314926518
2023-08-01,Solana,315344339
2023-08-02,Solana,308868619
2023-08-03,Solana,306779224
2023-08-04,Solana,307633001
2023-08-05,Solana,303664865
2023-08-06,Solana,304468642
2023-08-07,Solana,310493415
2023-08-08,Solana,310412566
2023-08-09,Solana,320625754
2023-08-10,Solana,321425341
2023-08-11,Solana,324943495
2023-08-12,Solana,324852999
2023-08-13,Solana,327882474
2023-08-14,Solana,324068496
2023-08-15,Solana,328208259
2023-08-16,Solana,320380092
2023-08-17,Solana,315611718
2023-08-18,Solana,309450128
2023-08-19,Solana,307405695
2023-08-20,Solana,310735305
2023-08-21,Solana,309882199
2023-08-22,Solana,306962861
2023-08-23,Solana,304352842
2023-08-24,Solana,314816852
2023-08-25,Solana,309967594
2023-08-26,Solana,309429595
2023-08-27,Solana,308501562
2023-08-28,Solana,312129664
2023-08-29,Solana,311026936
2023-08-30,Solana,318463769
2023-08-31,Solana,315085925
2023-09-01,Solana,308996866
2023-09-02,Solana,306252445
2023-09-03,Solana,307394978
2023-09-04,Solana,306952425
2023-09-05,Solana,306360068
2023-09-06,Solana,310852598
2023-09-07,Solana,307835627
2023-09-08,Solana,310643551
2023-09-09,Solana,307053091
2023-09-10,Solana,306151944
2023-09-11,Solana,298402094
2023-09-12,Solana,295234442
2023-09-13,Solana,298783953
2023-09-14,Solana,302287669
2023-09-15,Solana,303267492
2023-09-16,Solana,306531807
2023-09-17,Solana,304619638
2023-09-18,Solana,302956731
2023-09-19,Solana,308245266
2023-09-20,Solana,309043433
2023-09-21,Solana,313747807
2023-09-22,Solana,310242207
2023-09-23,Solana,311642573
2023-09-24,Solana,311725985
2023-09-25,Solana,310613096
2023-09-26,Solana,311821800
2023-09-27,Solana,310568262
2023-09-28,Solana,311520065
2023-09-29,Solana,318138324
2023-09-30,Solana,319249502
2023-10-01,Solana,322888458
2023-10-02,Solana,333822920
2023-10-03,Solana,332883859
2023-10-04,Solana,331283941
2023-10-05,Solana,327601429
2023-10-06,Solana,325482166
2023-10-07,Solana,325756823
2023-10-08,Solana,325041190
2023-10-09,Solana,314418913
2023-10-10,Solana,310500507
2023-10-11,Solana,310798264
2023-10-12,Solana,311899408
2023-10-13,Solana,308120985
2023-10-14,Solana,312727158
2023-10-15,Solana,312258250
2023-10-16,Solana,313167885
2023-10-17,Solana,326922235
2023-10-18,Solana,325198997
2023-10-19,Solana,322252785
2023-10-20,Solana,329254904
2023-10-21,Solana,331434068
2023-10-22,Solana,353760859
2023-10-23,Solana,351342249
2023-10-24,Solana,371082632
2023-10-25,Solana,362051282
2023-10-26,Solana,376865017
2023-10-27,Solana,379699781
2023-10-28,Solana,376767185
2023-10-29,Solana,376391144
2023-10-30,Solana,382350710
2023-10-31,Solana,415008313
2023-11-01,Solana,409813878
2023-11-02,Solana,424924596
2023-11-03,Solana,421368548
2023-11-04,Solana,433447939
2023-11-05,Solana,432762934
2023-11-06,Solana,423914697
2023-11-07,Solana,434207838
2023-11-08,Solana,443094992
2023-11-09,Solana,446577207
2023-11-10,Solana,470039052
2023-11-11,Solana,547162293
2023-11-12,Solana,537395517
2023-11-13,Solana,537117125
2023-11-14,Solana,516713833
2023-11-15,Solana,544052885
2023-11-16,Solana,602103717
2023-11-17,Solana,558536535
2023-11-18,Solana,563698917
2023-11-19,Solana,570406376
2023-11-20,Solana,588989150
2023-11-21,Solana,571051735
2023-11-22,Solana,549572285
2023-11-23,Solana,594442328
2023-11-24,Solana,595021123
2023-11-25,Solana,596198066
2023-11-26,Solana,614479362
2023-11-27,Solana,611124377
2023-11-28,Solana,596732588
2023-11-29,Solana,630180805
2023-11-30,Solana,645890063
2023-12-01,Solana,650515316
2023-12-02,Solana,663746082
2023-12-03,Solana,690178235
2023-12-04,Solana,688967503
2023-12-05,Solana,672526547
2023-12-06,Solana,677514480
2023-12-07,Solana,683634331
2023-12-08,Solana,780384877
2023-12-09,Solana,894730702
2023-12-10,Solana,889132574
2023-12-11,Solana,940569064
2023-12-12,Solana,914309665
2023-12-13,Solana,885476293
2023-12-14,Solana,908897403
2023-12-15,Solana,973902523
2023-12-16,Solana,1036618026
2023-12-17,Solana,1046874014
2023-12-18,Solana,1038834078
2023-12-19,Solana,1074804858
2023-12-20,Solana,1069715765
2023-12-21,Solana,1164737849
2023-12-22,Solana,1302113486
2023-12-23,Solana,1327500975
2023-12-24,Solana,1430558663
2023-12-25,Solana,1461486454
2023-12-26,Solana,1557274884
2023-12-27,Solana,1468001393
2023-12-28,Solana,1424593248
2023-12-29,Solana,1387315039
2023-12-30,Solana,1427882338
2023-12-31,Solana,1401807297
2024-01-01,Solana,1386507103
2024-01-02,Solana,1473711882
2024-01-03,Solana,1444589367
2024-01-04,Solana,1353477455
2024-01-05,Solana,1405859790
2024-01-06,Solana,1353502561
2024-01-07,Solana,1311034174
2024-01-08,Solana,1245245603
2024-01-09,Solana,1335094900
2024-01-10,Solana,1346040958
2024-01-11,Solana,1402503521
2024-01-12,Solana,1378725863
2024-01-13,Solana,1295473658
2024-01-14,Solana,1363838216
2024-01-15,Solana,1361975795
2024-01-16,Solana,1348461730
2024-01-17,Solana,1384963942
2024-01-18,Solana,1426753029
2024-01-19,Solana,1350849007
2024-01-20,Solana,1352046910
2024-01-21,Solana,1359345013
2024-01-22,Solana,1345563597
2024-01-23,Solana,1276799912
2024-01-24,Solana,1278723260
2024-01-25,Solana,1322968909
2024-01-26,Solana,1311621404
2024-01-27,Solana,1376068203
2024-01-28,Solana,1419365065
2024-01-29,Solana,1539548330
2024-01-30,Solana,1601999186
2024-01-31,Solana,1604132793
2024-02-01,Solana,1596724742
2024-02-02,Solana,1628397463
2024-02-03,Solana,1642890164
2024-02-04,Solana,1623844887
2024-02-05,Solana,1632247289
2024-02-06,Solana,1657656038
2024-02-07,Solana,1669486555
2024-02-08,Solana,1733232356
2024-02-09,Solana,1745579942
2024-02-10,Solana,1815339271
2024-02-11,Solana,1855001067
2024-02-12,Solana,1852417978
2024-02-13,Solana,1925937882
2024-02-14,Solana,1901005956
2024-02-15,Solana,1964541031
2024-02-16,Solana,1943552592
2024-02-17,Solana,1928850944
2024-02-18,Solana,1924222522
2024-02-19,Solana,1979797854
2024-02-20,Solana,2073689013
2024-02-21,Solana,2028103112
2024-02-22,Solana,2005541138
2024-02-23,Solana,1981314292
2024-02-24,Solana,1950464021
2024-02-25,Solana,2015345651
2024-02-26,Solana,2009769840
2024-02-27,Solana,2120963290
2024-02-28,Solana,2144502181
2024-02-29,Solana,2301826901
2024-03-01,Solana,2423027537
2024-03-02,Solana,2515676415
2024-03-03,Solana,2530637347
2024-03-04,Solana,2591262415
2024-03-05,Solana,2644829513
2024-03-06,Solana,2553977578
2024-03-07,Solana,2828976305
2024-03-08,Solana,3008546861
2024-03-09,Solana,3133963228
2024-03-10,Solana,3182360610
2024-03-11,Solana,3172984559
2024-03-12,Solana,3254324793
2024-03-13,Solana,3261390302
2024-03-14,Solana,3631156519
2024-03-15,Solana,3811795094
2024-03-16,Solana,3915872761
2024-03-17,Solana,3795200232
2024-03-18,Solana,4195903616
2024-03-19,Solana,4098443240
2024-03-20,Solana,3714326616
2024-03-21,Solana,4206198031
2024-03-22,Solana,4002274576
2024-03-23,Solana,3924650378
2024-03-24,Solana,4091823209
2024-03-25,Solana,4408508090
2024-03-26,Solana,4581580893
2024-03-27,Solana,4650133379
2024-03-28,Solana,4565577542
2024-03-29,Solana,4670664597
2024-03-30,Solana,4772318026
2024-03-31,Solana,4786840322
2024-04-01,Solana,4869002041
2024-04-02,Solana,4766490354
2024-04-03,Solana,4679587527
2024-04-04,Solana,4693186593
2024-04-05,Solana,4542766802
2024-04-06,Solana,4443898160
2024-04-07,Solana,4505658196
2024-04-08,Solana,4536641173
2024-04-09,Solana,4600451158
2024-04-10,Solana,4438418967
2024-04-11,Solana,4467367779
2024-04-12,Solana,4330754323
2024-04-13,Solana,3864185981
2024-04-14,Solana,3429300409
2024-04-15,Solana,3772216324
2024-04-16,Solana,3535168798
2024-04-17,Solana,3539974764
2024-04-18,Solana,3464165282
2024-04-19,Solana,3632310826
2024-04-20,Solana,3727503293
2024-04-21,Solana,3903942364
2024-04-22,Solana,3918440819
2024-04-23,Solana,4022024683
2024-04-24,Solana,4044384786
2024-04-25,Solana,3853000229
2024-04-26,Solana,3878397046
2024-04-27,Solana,3727721183
2024-04-28,Solana,3888056622
2024-04-29,Solana,3916489206
2024-04-30,Solana,3885347808
2024-05-01,Solana,3704073387
2024-05-02,Solana,3836786803
2024-05-03,Solana,3936916416
2024-05-04,Solana,4067944971
2024-05-05,Solana,4153926951
2024-05-06,Solana,4121560534
2024-05-07,Solana,4269095749
2024-05-08,Solana,4190940959
2024-05-09,Solana,4061704417
2024-05-10,Solana,4261501892
2024-05-11,Solana,4184959769
2024-05-12,Solana,4182438656
2024-05-13,Solana,4134418250
2024-05-14,Solana,4167004126
2024-05-15,Solana,4042814768
2024-05-16,Solana,4415955592
2024-05-17,Solana,4456997102
2024-05-18,Solana,4638942333
2024-05-19,Solana,4689823454
2024-05-20,Solana,4689618950
2024-05-21,Solana,4992484962
2024-05-22,Solana,4869403447
2024-05-23,Solana,4885756632
2024-05-24,Solana,4851986932
2024-05-25,Solana,4753783857
2024-05-26,Solana,4763669230
2024-05-27,Solana,4688970391
2024-05-28,Solana,4868132650
2024-05-29,Solana,4884068509
2024-05-30,Solana,4864941919
2024-05-31,Solana,4823159306
2024-06-01,Solana,4817494611
2024-06-02,Solana,4837661654
2024-06-03,Solana,4784706820
2024-06-04,Solana,4809534599
2024-06-05,Solana,4890868915
2024-06-06,Solana,4877124826
2024-06-07,Solana,4801157121
2024-06-08,Solana,4628858013
2024-06-09,Solana,4580257861
2024-06-10,Solana,4621987236
2024-06-11,Solana,4579177987
2024-06-12,Solana,4373039690
2024-06-13,Solana,4527781823
2024-06-14,Solana,4336807764
2024-06-15,Solana,4274671802
2024-06-16,Solana,4313994854
2024-06-17,Solana,4396067792
2024-06-18,Solana,4269065549
2024-06-19,Solana,4148461756
2024-06-20,Solana,4136321655
2024-06-21,Solana,4118832789
2024-06-22,Solana,4103201037
2024-06-23,Solana,4117810800
2024-06-24,Solana,4037042904
2024-06-25,Solana,4067594784
2024-06-26,Solana,4207105359
2024-06-27,Solana,4216378991
2024-06-28,Solana,4429295058
2024-06-29,Solana,4248607574
2024-06-30,Solana,4277088700
2024-07-01,Solana,4416629144
2024-07-02,Solana,4419055858
2024-07-03,Solana,4538843969
2024-07-04,Solana,4228394749
2024-07-05,Solana,4030942478
2024-07-06,Solana,4121763262
2024-07-07,Solana,4301961412
2024-07-08,Solana,4083123784
2024-07-09,Solana,4199884288
2024-07-10,Solana,4291739156
2024-07-11,Solana,4282750794
2024-07-12,Solana,4178070260
2024-07-13,Solana,4225298263
2024-07-14,Solana,4289099440
2024-07-15,Solana,4458228880
2024-07-16,Solana,4710811099
2024-07-17,Solana,4705342172
2024-07-18,Solana,4613011600
2024-07-19,Solana,4715956666
2024-07-20,Solana,5040869657
2024-07-21,Solana,5113550909
2024-07-22,Solana,5293525544
2024-07-23,Solana,5192995037
2024-07-24,Solana,5041056345
2024-07-25,Solana,5139865511
2024-07-26,Solana,5009068831
2024-07-27,Solana,5276251520
2024-07-28,Solana,5358618446
2024-07-29,Solana,5315370850
2024-07-30,Solana,5311594655
2024-07-31,Solana,5232327067
2024-08-01,Solana,5093560964
2024-08-02,Solana,4989080786
2024-08-03,Solana,4702368400
2024-08-04,Solana,4475691927
2024-08-05,Solana,4386500058
2024-08-06,Solana,4131063868
2024-08-07,Solana,4490172614
2024-08-08,Solana,4485326899
2024-08-09,Solana,4824056397
2024-08-10,Solana,4760798759
2024-08-11,Solana,4798545413
2024-08-12,Solana,4561806429
2024-08-13,Solana,4619613825
2024-08-14,Solana,4695380357
2024-08-15,Solana,4653920864
2024-08-16,Solana,4611127600
2024-08-17,Solana,4570123608
2024-08-18,Solana,4625000696
2024-08-19,Solana,4692455891
2024-08-20,Solana,4698395822
2024-08-21,Solana,4747270483
2024-08-22,Solana,4765841937
2024-08-23,Solana,4794668764
2024-08-24,Solana,5051448392
2024-08-25,Solana,5202358175
2024-08-26,Solana,5257917940
2024-08-27,Solana,5244763330
2024-08-28,Solana,4948021450
2024-08-29,Solana,4849465135
2024-08-30,Solana,4786433319
2024-08-31,Solana,4726237175
2024-09-01,Solana,4691290467
2024-09-02,Solana,4608080901
2024-09-03,Solana,4647036075
2024-09-04,Solana,4529853940
2024-09-05,Solana,4633157999
2024-09-06,Solana,4501574549
2024-09-07,Solana,4352634583
2024-09-08,Solana,4423054781
2024-09-09,Solana,4477556089
2024-09-10,Solana,4628018412
2024-09-11,Solana,4639058109
2024-09-12,Solana,4557717603
2024-09-13,Solana,4685408727
2024-09-14,Solana,4763766563
2024-09-15,Solana,4703659157
2024-09-16,Solana,4558866437
2024-09-17,Solana,4532118236
2024-09-18,Solana,4564939793
2024-09-19,Solana,4574687096
2024-09-20,Solana,4845517901
2024-09-21,Solana,4954247038
2024-09-22,Solana,4975616173
2024-09-23,Solana,4831734070
2024-09-24,Solana,4895619087
2024-09-25,Solana,5038368948
2024-09-26,Solana,5031148407
2024-09-27,Solana,5200399401
2024-09-28,Solana,5278255109
2024-09-29,Solana,5284598845
2024-09-30,Solana,5358640686
2024-10-01,Solana,5276698442
2024-10-02,Solana,5227723139
2024-10-03,Solana,4956061760
2024-10-04,Solana,4859290966
2024-10-05,Solana,5234791002
2024-10-06,Solana,5364628143
2024-10-07,Solana,5291080085
2024-10-08,Solana,5323216176
2024-10-09,Solana,5248011414
2024-10-10,Solana,5102038174
2024-10-11,Solana,5295491980
2024-10-12,Solana,5529771903
2024-10-13,Solana,5493752087
2024-10-14,Solana,5693049728
2024-10-15,Solana,5916019534
2024-10-16,Solana,5934545659
2024-10-17,Solana,5776897468
2024-10-18,Solana,5839993085
2024-10-19,Solana,5863630915
2024-10-20,Solana,5922565499
2024-10-21,Solana,6161252769
2024-10-22,Solana,5981780581
2024-10-23,Solana,6004590597
2024-10-24,Solana,6342905468
2024-10-25,Solana,6679281273
2024-10-26,Solana,6008821368
2024-10-27,Solana,6179673052
2024-10-28,Solana,5993353660
2024-10-29,Solana,6040170853
2024-10-30,Solana,6080669930
2024-10-31,Solana,5988479633
2024-11-01,Solana,5802647315
2024-11-02,Solana,5782464093
2024-11-03,Solana,5721851418
2024-11-04,Solana,5679521941
2024-11-05,Solana,5545928574
2024-11-06,Solana,5867375256
2024-11-07,Solana,6502486268
2024-11-08,Solana,6630393727
2024-11-09,Solana,6715622291
2024-11-10,Solana,6771924689
2024-11-11,Solana,7087692135
2024-11-12,Solana,7487029676
2024-11-13,Solana,7372353496
2024-11-14,Solana,7509790060
2024-11-15,Solana,7571126114
2024-11-16,Solana,7913701504
2024-11-17,Solana,8118576747
2024-11-18,Solana,8434201201
2024-11-19,Solana,8601803955
2024-11-20,Solana,8630055248
2024-11-21,Solana,8603007242
2024-11-22,Solana,9101407271
2024-11-23,Solana,8996920014
2024-11-24,Solana,9003515349
2024-11-25,Solana,8980559327
2024-11-26,Solana,8695242261
2024-11-27,Solana,8711224299
2024-11-28,Solana,9071885136
2024-11-29,Solana,8966168235
2024-11-30,Solana,9225501824
2024-12-01,Solana,9124696980
2024-12-02,Solana,9043394263
2024-12-03,Solana,8761059941
2024-12-04,Solana,9105643391
2024-12-05,Solana,9008452696
2024-12-06,Solana,9284194737
2024-12-07,Solana,9425337179
2024-12-08,Solana,9521826752
2024-12-09,Solana,9397480988
2024-12-10,Solana,8848650906
2024-12-11,Solana,8773242222
2024-12-12,Solana,9290486888
2024-12-13,Solana,9281843412
2024-12-14,Solana,9219828440
2024-12-15,Solana,9124462941
2024-12-16,Solana,9195610846
2024-12-17,Solana,9072764428
2024-12-18,Solana,9259537137
2024-12-19,Solana,8829556435
2024-12-20,Solana,8401020878
2024-12-21,Solana,8325108166
2024-12-22,Solana,8034331293
2024-12-23,Solana,8018627108
2024-12-24,Solana,8361869913
2024-12-25,Solana,8631480282
2024-12-26,Solana,8654074302
2024-12-27,Solana,8375119179
2024-12-28,Solana,8280408303
2024-12-29,Solana,8643164131
2024-12-30,Solana,8498205520
2024-12-31,Solana,8521024392
2025-01-01,Solana,8525825609
2025-01-02,Solana,8719434684
2025-01-03,Solana,9146151342
2025-01-04,Solana,9468639468
2025-01-05,Solana,9535529946
2025-01-06,Solana,9419385506
2025-01-07,Solana,9599832042
2025-01-08,Solana,8991687754
2025-01-09,Solana,8872063940
2025-01-10,Solana,8511927977
2025-01-11,Solana,8623361625
2025-01-12,Solana,8623722409
2025-01-13,Solana,8590476124
2025-01-14,Solana,8421089186
2025-01-15,Solana,8677466235
2025-01-16,Solana,9337739916
2025-01-17,Solana,9463509973
2025-01-18,Solana,10385490885
2025-01-19,Solana,11303167433
2025-01-20,Solana,11479902110
2025-01-21,Solana,11155926343
2025-01-22,Solana,11736045453
2025-01-23,Solana,11973290461
2025-01-24,Solana,11721219555
2025-01-25,Solana,11650659255
2025-01-26,Solana,11810565435
2025-01-27,Solana,11333455199
2025-01-28,Solana,11181458069
2025-01-29,Solana,10837267246
2025-01-30,Solana,10952675915
2025-01-31,Solana,11281462572
2025-02-01,Solana,10994017835
2025-02-02,Solana,10308113503
2025-02-03,Solana,9772114545
2025-02-04,Solana,10488309110
2025-02-05,Solana,9506100200
2025-02-06,Solana,9220897365
2025-02-07,Solana,9001402538
2025-02-08,Solana,9001848234
2025-02-09,Solana,9245495335
2025-02-10,Solana,9208644145
2025-02-11,Solana,9243812265
2025-02-12,Solana,9107638351
2025-02-13,Solana,9110210157
2025-02-14,Solana,9046341960
2025-02-15,Solana,9283938294
2025-02-16,Solana,9137796929
2025-02-17,Solana,8933053155
2025-02-18,Solana,8562900834
2025-02-19,Solana,8267636501
2025-02-20,Solana,8303985176
2025-02-21,Solana,8499859730
2025-02-22,Solana,8285639133
2025-02-23,Solana,8373745438
2025-02-24,Solana,8249930050
2025-02-25,Solana,7318700098
2025-02-26,Solana,7391160322
2025-02-27,Solana,7167019542
2025-02-28,Solana,7174101198
2025-03-01,Solana,7504098465
2025-03-02,Solana,7378006777
2025-03-03,Solana,8396303793
2025-03-04,Solana,7214571754
2025-03-05,Solana,7346021839
2025-03-06,Solana,7439547061
2025-03-07,Solana,7292811425
2025-03-08,Solana,7194512708
2025-03-09,Solana,7126339502
2025-03-10,Solana,6715189607
2025-03-11,Solana,6393516830
2025-03-12,Solana,6710021219
2025-03-13,Solana,6744854129
2025-03-14,Solana,6657833462
2025-03-15,Solana,7004063211
2025-03-16,Solana,7098394994
2025-03-17,Solana,6784366254
2025-03-18,Solana,6850659995
2025-03-19,Solana,6756314673
2025-03-20,Solana,7110971535
2025-03-21,Solana,6861386959
2025-03-22,Solana,6876584608
2025-03-23,Solana,6877997958
2025-03-24,Solana,7070873702
2025-03-25,Solana,7275407314
2025-03-26,Solana,7354616612
2025-03-27,Solana,7134294590
2025-03-28,Solana,7149867820
2025-03-29,Solana,6792647699
2025-03-30,Solana,6756029767
2025-03-31,Solana,6637257186
2025-04-01,Solana,6626657754
2025-04-02,Solana,6694471118
2025-04-03,Solana,6364093952
2025-04-04,Solana,6608936165
2025-04-05,Solana,6733325622
2025-04-06,Solana,6680303841
2025-04-07,Solana,6128839362
2025-04-08,Solana,6204081829
2025-04-09,Solana,6099923066
2025-04-10,Solana,6586879473
2025-04-11,Solana,6405956580
2025-04-12,Solana,6687928243
2025-04-13,Solana,7046882763
2025-04-14,Solana,6943580509
2025-04-15,Solana,6972247592
2025-04-16,Solana,6912961855
2025-04-17,Solana,7078014856
2025-04-18,Solana,7161559962
2025-04-19,Solana,7138108481
2025-04-20,Solana,7373183365
2025-04-21,Solana,7316528866
2025-04-22,Solana,7294936174
2025-04-23,Solana,7780973180
2025-04-24,Solana,7932323705
2025-04-25,Solana,7998723696
2025-04-26,Solana,8046082024
2025-04-27,Solana,7988665780
2025-04-28,Solana,7921064793
2025-04-29,Solana,7992541743
2025-04-30,Solana,7878971036
2025-05-01,Solana,7942821657
2025-05-02,Solana,8053710117
2025-05-03,Solana,7965344811
2025-05-04,Solana,7842258721
2025-05-05,Solana,7739391271
2025-05-06,Solana,7796093942
2025-05-07,Solana,7827463690
2025-05-08,Solana,7864950111
2025-05-09,Solana,8455138602
2025-05-10,Solana,8794640308
2025-05-11,Solana,9498585020
2025-05-12,Solana,9324775846
2025-05-13,Solana,9261304946
2025-05-14,Solana,9658098084
2025-05-15,Solana,9455620366
2025-05-16,Solana,9150602243
2025-05-17,Solana,9062774547
2025-05-18,Solana,9027164021
2025-05-19,Solana,9182661348
2025-05-20,Solana,9070783778
2025-05-21,Solana,9159213000
2025-05-22,Solana,9453619021
2025-05-23,Solana,9695939020
2025-05-24,Solana,9329271647
2025-05-25,Solana,9319220186
2025-05-26,Solana,9413177286
2025-05-27,Solana,9372077249
2025-05-28,Solana,9441521756
2025-05-29,Solana,9242761884
2025-05-30,Solana,8970494053
2025-05-31,Solana,8547803518
2025-06-01,Solana,8588094363
2025-06-02,Solana,8616536307
2025-06-03,Solana,8771201356
2025-06-04,Solana,8677156460
2025-06-05,Solana,8565804866
2025-06-06,Solana,8169868799
2025-06-07,Solana,8341362881
2025-06-08,Solana,8390097792
2025-06-09,Solana,8504671695
2025-06-10,Solana,8869247276
2025-06-11,Solana,9036026892
2025-06-12,Solana,8913400657
2025-06-13,Solana,8462259035
2025-06-14,Solana,8472230644
2025-06-15,Solana,8353795049
2025-06-16,Solana,8632762827
2025-06-17,Solana,8621567522
2025-06-18,Solana,8443288363
2025-06-19,Solana,8383964380
2025-06-20,Solana,8390009114
2025-06-21,Solana,8112673964
2025-06-22,Solana,7905624236
2025-06-23,Solana,7796368413
2025-06-24,Solana,8260921947
2025-06-25,Solana,8404546686
2025-06-26,Solana,8345996546
2025-06-27,Solana,8146462369
2025-06-28,Solana,8249834588
2025-06-29,Solana,8556786475
2025-06-30,Solana,8625370409
2025-07-01,Solana,8681017310
2025-07-02,Solana,8389226147
2025-07-03,Solana,8582647796
2025-07-04,Solana,8687200538
2025-07-05,Solana,8514505272
2025-07-06,Solana,8513443052
2025-07-07,Solana,8670845238
2025-07-08,Solana,8579055119
2025-07-09,Solana,8701032303
2025-07-10,Solana,8883647018
2025-07-11,Solana,9259059481
2025-07-12,Solana,9172333741
2025-07-13,Solana,9131612545
2025-07-14,Solana,9171516058
2025-07-15,Solana,9184933020
2025-07-16,Solana,9216090783
2025-07-17,Solana,9646347074
2025-07-18,Solana,9769967209
2025-07-19,Solana,9684705608
2025-07-20,Solana,9687175462
2025-07-21,Solana,9931495660
2025-07-22,Solana,9162330256
2025-07-23,Solana,10763268565
2025-07-24,Solana,10169302003
2025-07-25,Solana,9876822525
2025-07-26,Solana,10064499985
2025-07-27,Solana,10004204493
2025-07-28,Solana,10204369667
2025-07-29,Solana,9882939849
2025-07-30,Solana,9821383420
2025-07-31,Solana,9757571007
2025-08-01,Solana,9622889995
2025-08-02,Solana,9438188113
2025-08-03,Solana,9311759787
2025-08-04,Solana,9517831926
2025-08-05,Solana,9855294359
2025-08-06,Solana,9612499629
2025-08-07,Solana,9828921031
2025-08-08,Solana,10204240849
2025-08-09,Solana,10357969095
2025-08-10,Solana,10551179072
2025-08-11,Solana,10609691511
2025-08-12,Solana,10242032392
2025-08-13,Solana,10913291629
2025-08-14,Solana,11124791538
2025-08-15,Solana,10770667129
2025-08-16,Solana,10419523510
2025-08-17,Solana,10670891956
2025-08-18,Solana,10681814014
2025-08-19,Solana,10444698443
2025-08-20,Solana,10162182092
2025-08-21,Solana,10982259640
2025-08-22,Solana,10438209951
2025-08-23,Solana,11163404000
2025-08-24,Solana,11399965590
2025-08-25,Solana,11332954640
2025-08-26,Solana,10585897801
2025-08-27,Solana,10960945716
2025-08-28,Solana,11322949550
2025-08-29,Solana,11782241375
2025-08-30,Solana,11415729093
2025-08-31,Solana,11426537673
2025-09-01,Solana,11249511455
2025-09-02,Solana,11138373147
2025-09-03,Solana,11692181761
2025-09-04,Solana,11639528000
2025-09-05,Solana,11377243281
2025-09-06,Solana,11412573263
2025-09-07,Solana,11377028380
2025-09-08,Solana,11526052714
2025-09-09,Solana,12139410102
2025-09-10,Solana,12194867592
2025-09-11,Solana,12357957113
2025-09-12,Solana,12703493309
2025-09-13,Solana,13219199688
2025-09-14,Solana,13238348377
2025-09-15,Solana,13034725897
2025-09-16,Solana,12772197223
2025-09-17,Solana,12586568020
2025-09-18,Solana,12923611251
2025-09-19,Solana,12774145184
2025-09-20,Solana,12489278449
2025-09-21,Solana,12499845811
2025-09-22,Solana,12332743178
2025-09-23,Solana,11981954735
2025-09-24,Solana,11457205368
2025-09-25,Solana,11364121695
2025-09-26,Solana,10799660151
2025-09-27,Solana,11140257319
2025-09-28,Solana,11107591058
2025-09-29,Solana,11365676278
2025-09-30,Solana,11482929788
2025-10-01,Solana,11540780159
2025-10-02,Solana,12189867632
2025-10-03,Solana,12606060952
2025-10-04,Solana,12504207064
2025-10-05,Solana,12628312763
2025-10-06,Solana,12740893122
2025-10-07,Solana,12941139149
2025-10-08,Solana,12517816181
2025-10-09,Solana,12776511911
2025-10-10,Solana,12558655200
2025-10-11,Solana,10961489039
2025-10-12,Solana,10451533962
2025-10-13,Solana,11317199749
2025-10-14,Solana,11861432989
2025-10-15,Solana,11609719692
2025-10-16,Solana,11319362050
2025-10-17,Solana,10986013078
2025-10-18,Solana,10870762639
2025-10-19,Solana,11060611636
2025-10-20,Solana,11118798570
2025-10-21,Solana,11179496646
2025-10-22,Solana,11078988336
2025-10-23,Solana,10828047009
2025-10-24,Solana,11326794288
2025-10-25,Solana,11489961310
2025-10-26,Solana,11336889742
2025-10-27,Solana,11907140636
2025-10-28,Solana,11821937370
2025-10-29,Solana,11646281661
2025-10-30,Solana,11588815899
2025-10-31,Solana,11376137987
2025-11-01,Solana,11362261261
2025-11-02,Solana,11269753343
2025-11-03,Solana,11247365591
2025-11-04,Solana,10537294878
2025-11-05,Solana,10009509863
2025-11-06,Solana,10062142765
2025-11-07,Solana,9964469516
2025-11-08,Solana,10242714247
2025-11-09,Solana,10023571383
2025-11-10,Solana,10427055784
2025-11-11,Solana,10495681140
2025-11-12,Solana,9992342118
2025-11-13,Solana,9946402665
2025-11-14,Solana,9546130384
2025-11-15,Solana,9440171409
2025-11-16,Solana,9411641337
2025-11-17,Solana,9346331939
2025-11-18,Solana,8817257300
2025-11-19,Solana,9481181753
2025-11-20,Solana,9246901856
2025-11-21,Solana,9023505737
2025-11-22,Solana,8838562370
2025-11-23,Solana,8825131760
2025-11-24,Solana,8546410951
2025-11-25,Solana,9107664234
2025-11-26,Solana,9090937287
2025-11-27,Solana,9273109424
2025-11-28,Solana,9086508558
2025-11-29,Solana,8841322186
2025-11-30,Solana,8880511180
2025-12-01,Solana,8755585602
2025-12-02,Solana,8266227798
2025-12-03,Solana,9056312806
2025-12-04,Solana,9297959136
2025-12-05,Solana,9100065758
2025-12-06,Solana,8859101372
2025-12-07,Solana,8567725242
2025-12-08,Solana,8459295445
2025-12-09,Solana,8844482327
2025-12-10,Solana,9030515034
2025-12-11,Solana,8959302978
2025-12-12,Solana,8991611152
2025-12-13,Solana,8807218621
2025-12-14,Solana,8863705946
2025-12-15,Solana,8730917956
2025-12-16,Solana,8626443526
2025-12-17,Solana,8821697875
2025-12-18,Solana,8564526526
2025-12-19,Solana,8350958993
2025-12-20,Solana,8529218948
2025-12-21,Solana,8579314068
2025-12-22,Solana,8545296175
2025-12-23,Solana,8551372204
2025-12-24,Solana,8408837309
2025-12-25,Solana,8374162632
2025-12-26,Solana,8228643989
2025-12-27,Solana,8264529543
2025-12-28,Solana,8293781141
2025-12-29,Solana,8423422807
2025-12-30,Solana,8248599397
2025-12-31,Solana,7935106224
2026-01-01,Solana,8197905506
2026-01-02,Solana,9119837954
2026-01-03,Solana,8539892934
2026-01-04,Solana,8617695587
2026-01-05,Solana,8699424296
2026-01-06,Solana,8906167230
2026-01-07,Solana,8999903382
2026-01-08,Solana,8787498164
2026-01-09,Solana,8854122246
2026-01-10,Solana,8759690854
2026-01-11,Solana,8768545403
2026-01-12,Solana,8914514102
2026-01-13,Solana,8762751719
2026-01-14,Solana,9114492339
2026-01-15,Solana,9141942649
2026-01-16,Solana,8959571302
2026-01-17,Solana,9080154668
2026-01-18,Solana,9038772927
2026-01-19,Solana,8728140395
2026-01-20,Solana,8666496917
2026-01-21,Solana,8346279050
2026-01-22,Solana,8442912073
2026-01-23,Solana,8257320658
2026-01-24,Solana,8231706010
2026-01-25,Solana,8221070262
2026-01-26,Solana,7819306193
2026-01-27,Solana,8180447640
2026-01-28,Solana,8273386031
2026-01-29,Solana,8371731383
2026-01-30,Solana,8092945973
2026-01-31,Solana,8114946151
2026-02-01,Solana,7594597489
2026-02-02,Solana,7431020724
2026-02-03,Solana,7510400223
2026-02-04,Solana,7267857011
2026-02-05,Solana,6990976442
2026-02-06,Solana,6136550263
2026-02-07,Solana,6439347601
2026-02-08,Solana,6486595948
2026-02-09,Solana,6512255286
2026-02-10,Solana,6488664402
2026-02-11,Solana,6363016964
2026-02-12,Solana,6356438938
2026-02-13,Solana,6314865078
2026-02-14,Solana,6612360752
2026-02-15,Solana,6649522579
2026-02-16,Solana,6633775257
2026-02-17,Solana,6651248370
2026-02-18,Solana,6593770252
2026-02-19,Solana,6446003001
2026-02-20,Solana,6463301881
2026-02-21,Solana,6557108429
2026-02-22,Solana,6551369704
2026-02-23,Solana,6402206657
2026-02-24,Solana,6338817454
2026-02-25,Solana,6278707035
2026-02-26,Solana,6609304926
2026-02-27,Solana,6601410154
2026-02-28,Solana,6475937655
2026-03-01,Solana,6656407434
2026-03-02,Solana,6557881446
2026-03-03,Solana,6718885820
2026-03-04,Solana,6612387883
2026-03-05,Solana,6906048820
2026-03-06,Solana,6783246701
2026-03-07,Solana,6622088566
2026-03-08,Solana,6565013458
2026-03-09,Solana,6410263808
2026-03-10,Solana,6657478896
2026-03-11,Solana,6609814297
2026-03-12,Solana,6691063217
2026-03-13,Solana,6929654895
2026-03-14,Solana,6864648078
2026-03-15,Solana,6980801704
2026-03-16,Solana,7158405388
2026-03-17,Solana,7283779374
2026-03-18,Solana,7031071552
2026-03-19,Solana,6951312486
2026-03-20,Solana,6876012890
2026-03-21,Solana,6909984503
2026-03-22,Solana,6787915447
2026-03-23,Solana,6684368177
2026-03-24,Solana,6779071063
2026-03-25,Solana,6673185627
2026-03-26,Solana,6690585144
2026-03-27,Solana,6565201469
2026-03-28,Solana,6419640923
2026-03-29,Solana,6379714610
2026-03-30,Solana,6209518370
2026-03-31,Solana,6181359326
2026-04-01,Solana,6357751003
2026-04-02,Solana,5393929685
2026-04-03,Solana,5408899226
2026-04-04,Solana,5371898393
2026-04-05,Solana,5531803431
2026-04-06,Solana,5548154045
2026-04-07,Solana,5405262014
2026-04-08,Solana,5702955593
2026-04-09,Solana,5718905732
2026-04-10,Solana,5743374056
2026-04-11,Solana,5807897617
2026-04-12,Solana,5828633805
2026-04-13,Solana,5586407602
2026-04-14,Solana,5923964241
2026-04-15,Solana,5807082993
2026-04-16,Solana,5902422003
2026-04-17,Solana,5931725679
2026-04-18,Solana,6045540608
2026-04-19,Solana,5829202621
2026-04-20,Solana,5586573995
2026-04-21,Solana,5556691509
2026-04-22,Solana,5611462973
2026-04-23,Solana,5615312774
2026-04-24,Solana,5574710571
2026-04-25,Solana,5533784734
2026-04-26,Solana,5565268011
2026-04-27,Solana,5597429255
2026-04-28,Solana,5524960811
2026-04-29,Solana,5476440865
2026-04-30,Solana,5432322474
2026-05-01,Solana,5440314395
2026-05-02,Solana,5438694343
2026-05-03,Solana,5468379031
2026-05-04,Solana,5515916647
2026-05-05,Solana,5471450752
2026-05-06,Solana,5547864668
2026-05-07,Solana,5628423377
2026-05-08,Solana,5603491909
2026-05-09,Solana,5756139842
2026-05-10,Solana,5800635528
2026-05-11,Solana,5884726318
2026-05-12,Solana,5758977874
2026-05-13,Solana,5656982819
2026-05-14,Solana,5535668784
2026-05-15,Solana,5585527607
2026-05-16,Solana,5561523899
2026-05-17,Solana,5449060240
2026-05-18,Solana,5399086139
2026-05-19,Solana,5393536412
2026-05-20,Solana,5409385124
2026-05-21,Solana,5466937831
2026-05-22,Solana,5548345742
2026-05-23,Solana,5451282961
2026-05-24,Solana,5500478410
2026-05-25,Solana,5467408566
2026-05-26,Solana,5459551184
2026-05-27,Solana,5406168479
2026-05-28,Solana,5308496859
2026-05-29,Solana,5244620911
2026-05-30,Solana,5363985410
2026-05-31,Solana,5412215728
2026-06-01,Solana,5400842678
2026-06-02,Solana,5299713435
2026-06-03,Solana,5032148178
2026-06-04,Solana,5001108330
2026-06-05,Solana,4945372383
2026-06-06,Solana,4725940957
2026-06-07,Solana,4713797179
2026-06-08,Solana,4938746241
2026-06-09,Solana,4891072853
2026-06-10,Solana,4795598574
2026-06-11,Solana,4450273497
2026-06-12,Solana,4603183963
2026-06-13,Solana,4712412920
2026-06-14,Solana,4782091132
2026-06-15,Solana,4896400022
2026-06-16,Solana,4928429806
2026-06-17,Solana,4938436909
2026-06-18,Solana,4820913336
2026-06-19,Solana,4790601234
2026-06-20,Solana,4785036991
2026-06-21,Solana,4921745337
2026-06-22,Solana,4922406565
2026-06-23,Solana,4854293604
2026-06-24,Solana,4802332429
2026-06-25,Solana,4720009605
2026-06-26,Solana,4669846588
2026-06-27,Solana,4838498187
2026-06-28,Solana,4764775426
2026-06-29,Solana,4828024459
2026-06-30,Solana,4916050730
2026-07-01,Solana,4791925316
2026-07-02,Solana,4928120723
2026-07-03,Solana,5058374873
2026-07-04,Solana,5136268599
2026-07-05,Solana,5131551358
2026-07-06,Solana,5124243309
2026-07-07,Solana,5154304333
2026-07-08,Solana,5022927835
2026-07-09,Solana,4955720332
2026-07-10,Solana,4974556460
2026-07-11,Solana,4946117757
2026-07-12,Solana,4861370972
2026-07-13,Solana,4860991286
2026-07-14,Solana,4816103530
2026-07-15,Solana,4928010539
2026-07-16,Solana,4934490239
2026-07-17,Solana,4854260936
2026-07-18,Solana,4832019773
2026-07-19,Solana,4876741454
2026-07-20,Solana,4879701617
2026-07-21,Solana,4982114728
2026-07-22,Solana,5001937565
2026-07-23,Solana,4970169058
2026-07-24,Solana,4926520028
2026-07-25,Solana,4791607647
2026-07-26,Solana,4842120784
2026-07-27,Solana,4921326728
2026-07-28,Solana,4817990142
2026-07-29,Solana,4793588603
2026-07-30,Solana,4797322691
2026-07-31,Solana,4828334694
2026-08-01,Solana,4751416128
2026-08-02,Solana,4719238086
2026-08-03,Solana,4742273413
2026-08-04,Solana,4764777445
2026-08-05,Solana,4805262930
2026-08-06,Solana,4805431342
2026-08-07,Solana,4722472968
2026-08-08,Solana,4749100555
2026-08-09,Solana,4808300364
2026-08-10,Solana,4854015088
2026-08-11,Solana,4839226649
2026-08-12,Solana,4863310139
2026-08-13,Solana,4823175760
2026-08-14,Solana,4837139574
2026-08-15,Solana,4816712953
2026-08-16,Solana,4809166235
